{"type":"FeatureCollection","crs":{"type":"name","properties":{"name":"EPSG:3857"}},"features":[{"type":"Feature","id":1,"geometry":{"type":"LineString","coordinates":[[751479.77320000157,6911577.9099999964],[751528.9076000005,6911576.2371999994],[751611.4422999993,6911544.4598999992],[751657.34090000018,6911509.1489000022],[751688.73360000178,6911462.3585999981]]},"properties":{"OBJECTID":1,"Massn_ID":50,"GEW":"VEC","stat_von":76160,"stat_bis":76280,"gew_seite":"R","UMnArtBez":"Gehölzneuanpflanzungen","UMNGrBez":"Gehölzpflege, Gehölzentwicklung","Von_km":"76+160","Bis_km":"76+280","IDUabschn":"VEC_1","KTR":"MABVE00100","Versatz_RE":20,"Akz":"62024-04","UMn_Bemerk":"bis Grabeneinmündung","versatz":35,"Shape_Length":251.85914988350964}},{"type":"Feature","id":2,"geometry":{"type":"LineString","coordinates":[[801890.372299999,6861413.2813000008],[801988.13259999827,6861404.875],[802040.51110000163,6861395.0932999998],[802076.03950000182,6861382.6325000003],[802113.74159999937,6861364.7129999995],[802154.01880000159,6861340.2842999995],[802257.84820000082,6861265.8910000026],[802279.1446999982,6861259.808799997]]},"properties":{"OBJECTID":2,"Massn_ID":24,"GEW":"VEC","stat_von":132980,"stat_bis":133240,"gew_seite":"R","UMnArtBez":"(Vechte), Keine Mahd des unteren Gewässersaumes (2,00m) in den Pralluferbereichen","UMNGrBez":"Mäh- und Beweidungsarbeiten","Von_km":"132+980","Bis_km":"133+240","IDUabschn":"VEC_15","KTR":"MABVE00200","Versatz_RE":20,"Akz":"62024-04","UMn_Bemerk":null,"versatz":10,"Shape_Length":427.78349724064356}},{"type":"Feature","id":3,"geometry":{"type":"LineString","coordinates":[[769593.98070000112,6907480.0147999972],[769679.92009999976,6907403.9482999966]]},"properties":{"OBJECTID":3,"Massn_ID":50,"GEW":"VEC","stat_von":89180,"stat_bis":89250,"gew_seite":"R","UMnArtBez":"Gehölzneuanpflanzungen","UMNGrBez":"Gehölzpflege, Gehölzentwicklung","Von_km":"89+180","Bis_km":"89+250","IDUabschn":"VEC_3","KTR":"MABVE00100","Versatz_RE":20,"Akz":"62024-04","UMn_Bemerk":null,"versatz":35,"Shape_Length":114.76799595041791}},{"type":"Feature","id":4,"geometry":{"type":"LineString","coordinates":[[768595.04329999909,6908017.2241000012],[768714.65190000087,6907877.0830999985],[768762.19060000032,6907835.4513999969],[768830.83769999817,6907796.0843999982],[769465.17229999974,6907527.4408000037],[769595.47920000181,6907450.7536000013],[769709.20630000159,6907338.688000001],[769754.27789999917,6907273.0593999997],[769859.98449999839,6907047.3867999986],[769917.02050000057,6906948.4558999985],[769999.02820000052,6906847.1472999975],[770062.67069999874,6906785.9535999969],[770126.0064000003,6906741.6283000037],[770192.42749999836,6906702.2660000026],[770635.50600000098,6906516.5490000024],[770694.21189999953,6906497.4930000007],[770747.8385999985,6906489.3083000034],[770940.79740000144,6906480.8444000036]]},"properties":{"OBJECTID":4,"Massn_ID":14,"GEW":"VEC","stat_von":88480,"stat_bis":90280,"gew_seite":"R","UMnArtBez":"(Vechte) Mahd, einmalig, drei- bis fünfjährlich, zw. 01.09  und 28.02","UMNGrBez":"Mäh- und Beweidungsarbeiten","Von_km":"88+480","Bis_km":"90+280","IDUabschn":"VEC_3","KTR":"MABVE00100","Versatz_RE":20,"Akz":"62024-04","UMn_Bemerk":null,"versatz":20,"Shape_Length":2932.002591629061}},{"type":"Feature","id":5,"geometry":{"type":"LineString","coordinates":[[766753.5903000012,6913033.988499999],[766777.58280000091,6912596.932599999],[766777.38929999992,6912587.0289999992],[766763.53579999879,6912556.8091000021],[766463.74450000003,6912196.7699000016],[766371.31639999896,6912064.2916999981],[766099.68589999899,6911822.1040999964],[766038.80700000003,6911754.2518000007],[765970.46860000119,6911614.7210000008],[765940.07409999892,6911510.4642999992],[765923.05359999835,6911471.7885999978],[765682.85720000044,6911321.3378999978],[765524.59789999947,6911158.0791999996],[765355.62590000033,6910796.3224000037],[765290.50129999965,6910752.3350000009],[765084.38219999894,6910476.6291000023],[765063.34789999947,6910425.6561999992],[765027.16209999844,6910283.4450000003],[765025.52270000055,6910253.5538000017]]},"properties":{"OBJECTID":5,"Massn_ID":3,"GEW":"ELK","stat_von":0,"stat_bis":2092,"gew_seite":"L","UMnArtBez":"Beobachtende Unterhaltung (keine Mahd, Gehölzaufwuchs wird zugelassen, Gehölzeinstürze nach Einzelfallentscheidung in Abstimmung mit UNB sichern oder entfernen, z.B. in Projektgebieten)","UMNGrBez":"keine/beobachtende Unterhaltung","Von_km":"0+000","Bis_km":"2+092","IDUabschn":"ELK_1","KTR":"MABVE40100","Versatz_RE":-20,"Akz":"62024-17","UMn_Bemerk":null,"versatz":-20,"Shape_Length":3436.9291490851247}},{"type":"Feature","id":6,"geometry":{"type":"LineString","coordinates":[[810230.02519999817,6850858.0053000003],[810242.92469999939,6850806.5108999982],[810279.53069999814,6850730.2286999971],[810356.07129999995,6850624.9910999984]]},"properties":{"OBJECTID":6,"Massn_ID":24,"GEW":"VEC","stat_von":142320,"stat_bis":142480,"gew_seite":"L","UMnArtBez":"(Vechte), Keine Mahd des unteren Gewässersaumes (2,00m) in den Pralluferbereichen","UMNGrBez":"Mäh- und Beweidungsarbeiten","Von_km":"142+320","Bis_km":"142+480","IDUabschn":"VEC_18","KTR":"MABVE00200","Versatz_RE":-20,"Akz":"62024-04","UMn_Bemerk":null,"versatz":-10,"Shape_Length":267.8246754999933}},{"type":"Feature","id":7,"geometry":{"type":"LineString","coordinates":[[839369.49430000037,6925161.0921000019],[839428.53189999983,6925153.8752000034],[839613.39689999819,6925078.5231000036],[840110.29690000042,6924828.117899999],[840200.13639999926,6924794.1819000021],[840341.28409999982,6924772.183799997],[840503.75780000165,6924756.8169],[841496.87550000101,6924704.0267999992],[841565.1436999999,6924715.9601000026],[841587.7265000008,6924729.3693000004],[841635.57580000162,6924775.0212000012],[841903.17080000043,6925138.0938000008],[841956.25230000168,6925202.7485999987],[842009.58960000053,6925246.6316],[842083.53929999843,6925281.3237999976],[842175.32770000026,6925312.0904000029],[842508.25910000131,6925387.6972000003],[842678.91660000011,6925404.8575000018],[842762.38659999892,6925399.9453999996]]},"properties":{"OBJECTID":7,"Massn_ID":9,"GEW":"HAS","stat_von":41100,"stat_bis":43380,"gew_seite":"R","UMnArtBez":"(Hase, Variante 2) Mahd,  zweimalig, ab dem 01.07 (Unterhaltungsweg und obere Hälfte der Böschung) und ab dem 01.10 (Unterhaltunsweg und ganze Böschung)","UMNGrBez":"Mäh- und Beweidungsarbeiten","Von_km":"41+100","Bis_km":"43+380","IDUabschn":"HAS_12","KTR":"MAAHA00100","Versatz_RE":20,"Akz":"62024-03","UMn_Bemerk":null,"versatz":20,"Shape_Length":3752.6287941283695}},{"type":"Feature","id":8,"geometry":{"type":"LineString","coordinates":[[800656.50549999997,6865571.1140000001],[800673.32019999996,6865522.5305000022],[800679.75789999962,6865478.3838],[800675.30209999904,6865440.1424999982],[800665.19299999997,6865417.1626000032]]},"properties":{"OBJECTID":8,"Massn_ID":24,"GEW":"VEC","stat_von":129180,"stat_bis":129270,"gew_seite":"R","UMnArtBez":"(Vechte), Keine Mahd des unteren Gewässersaumes (2,00m) in den Pralluferbereichen","UMNGrBez":"Mäh- und Beweidungsarbeiten","Von_km":"129+180","Bis_km":"129+270","IDUabschn":"VEC_13","KTR":"MABVE00200","Versatz_RE":20,"Akz":"62024-04","UMn_Bemerk":null,"versatz":10,"Shape_Length":159.62980532384336}},{"type":"Feature","id":9,"geometry":{"type":"LineString","coordinates":[[805076.1715000011,6858039.5358000025],[805094.2974999994,6857996.6356000006],[805121.04390000179,6857887.7430000007],[805152.50470000133,6857804.3941999972],[805234.08740000054,6857721.6340999976],[805376.55660000071,6857633.6163000017],[805432.30380000174,6857589.4739999995],[805459.95149999857,6857550.4605000019],[805470.27939999849,6857510.3916999996],[805476.58069999889,6857449.7616999969],[805490.6521999985,6857235.9814999998],[805475.91930000111,6857092.3369000033]]},"properties":{"OBJECTID":9,"Massn_ID":14,"GEW":"VEC","stat_von":136080,"stat_bis":136770,"gew_seite":"L","UMnArtBez":"(Vechte) Mahd, einmalig, drei- bis fünfjährlich, zw. 01.09  und 28.02","UMNGrBez":"Mäh- und Beweidungsarbeiten","Von_km":"136+080","Bis_km":"136+770","IDUabschn":"VEC_17","KTR":"MABVE00200","Versatz_RE":-20,"Akz":"62024-04","UMn_Bemerk":null,"versatz":-20,"Shape_Length":1111.3668257734787}},{"type":"Feature","id":10,"geometry":{"type":"LineString","coordinates":[[792604.93360000104,6949372.3986999989],[792910.58410000056,6949912.1829999983],[793089.09800000116,6950243.1482999995],[793136.1400000006,6950371.7956999987],[793171.0401000008,6950511.9738999978],[793183.02070000023,6950653.8985999972],[793178.2928000018,6950795.3950000033],[793161.30900000036,6950913.8385000005],[793120.95430000126,6951095.1024999991],[792966.24410000071,6951682.9954999983]]},"properties":{"OBJECTID":10,"Massn_ID":5,"GEW":"SNK","stat_von":43120,"stat_bis":44600,"gew_seite":"R","UMnArtBez":"keine Mahd","UMNGrBez":"Mäh- und Beweidungsarbeiten","Von_km":"43+120","Bis_km":"44+600","IDUabschn":"SNK_10","KTR":"MAAEN10100","Versatz_RE":20,"Akz":"62024-12","UMn_Bemerk":null,"versatz":-20,"Shape_Length":2475.0592845458004}},{"type":"Feature","id":11,"geometry":{"type":"LineString","coordinates":[[790059.20630000159,6892002.3254999965],[790119.97740000114,6892204.7118000016],[790118.28400000185,6892252.6411999986],[790103.33370000124,6892297.7396000028],[790012.43219999969,6892492.3554000035],[789899.40210000053,6892765.7075999975],[789664.83139999956,6893921.7564999983]]},"properties":{"OBJECTID":11,"Massn_ID":6,"GEW":"SNK","stat_von":6130,"stat_bis":7355,"gew_seite":"L","UMnArtBez":"(Kanäle) Mahd, zweimalig, ab dem 15.06 und ab dem ???, Einseitig sind Röhrtricht- und Schilfbestände vor dem 01.09 von der Mahd auszuschließen","UMNGrBez":"Mäh- und Beweidungsarbeiten","Von_km":"6+130","Bis_km":"7+355","IDUabschn":"SNK_3","KTR":"MAAVE10100","Versatz_RE":-20,"Akz":"62024-12","UMn_Bemerk":null,"versatz":20,"Shape_Length":1996.9892520282147}},{"type":"Feature","id":12,"geometry":{"type":"LineString","coordinates":[[788217.46130000055,6880107.9016000032],[788100.77149999887,6879663.6476999968],[788014.90790000185,6879382.4597999975],[787968.79670000076,6879297.0490999967],[787775.43699999899,6879034.0530999973]]},"properties":{"OBJECTID":12,"Massn_ID":6,"GEW":"VBK","stat_von":15,"stat_bis":725,"gew_seite":"L","UMnArtBez":"(Kanäle) Mahd, zweimalig, ab dem 15.06 und ab dem ???, Einseitig sind Röhrtricht- und Schilfbestände vor dem 01.09 von der Mahd auszuschließen","UMNGrBez":"Mäh- und Beweidungsarbeiten","Von_km":"0+015","Bis_km":"0+725","IDUabschn":"VBK_1","KTR":"MAAVE20300","Versatz_RE":-20,"Akz":"62024-15","UMn_Bemerk":null,"versatz":20,"Shape_Length":1176.8193428502682}},{"type":"Feature","id":13,"geometry":{"type":"LineString","coordinates":[[799805.20169999823,6862565.4275999963],[799852.55779999867,6862520.2788999975]]},"properties":{"OBJECTID":13,"Massn_ID":24,"GEW":"VEC","stat_von":131440,"stat_bis":131480,"gew_seite":"L","UMnArtBez":"(Vechte), Keine Mahd des unteren Gewässersaumes (2,00m) in den Pralluferbereichen","UMNGrBez":"Mäh- und Beweidungsarbeiten","Von_km":"131+440","Bis_km":"131+480","IDUabschn":"VEC_15","KTR":"MABVE00200","Versatz_RE":-20,"Akz":"62024-04","UMn_Bemerk":null,"versatz":-10,"Shape_Length":65.429391857470577}},{"type":"Feature","id":14,"geometry":{"type":"LineString","coordinates":[[786429.87240000069,6879567.8410999998],[786446.01469999924,6879544.3112000003],[786484.4226000011,6879510.6435000002],[786529.13760000095,6879485.5697999969],[786574.84569999948,6879472.9935000017],[786616.95270000026,6879466.2311000004],[786701.0987999998,6879458.9998999983],[786765.7826000005,6879448.5508000031],[786811.2846999988,6879447.0077999979],[786826.57979999855,6879455.6573999971]]},"properties":{"OBJECTID":14,"Massn_ID":24,"GEW":"VEC","stat_von":114580,"stat_bis":114830,"gew_seite":"L","UMnArtBez":"(Vechte), Keine Mahd des unteren Gewässersaumes (2,00m) in den Pralluferbereichen","UMNGrBez":"Mäh- und Beweidungsarbeiten","Von_km":"114+580","Bis_km":"114+830","IDUabschn":"VEC_8","KTR":"MABVE00400","Versatz_RE":-20,"Akz":"62024-04","UMn_Bemerk":null,"versatz":-10,"Shape_Length":434.00670477002262}},{"type":"Feature","id":15,"geometry":{"type":"LineString","coordinates":[[792149.75759999827,6873122.6022000015],[792238.67500000075,6873119.6403999999],[792293.4012000002,6873121.8997000009],[792335.55669999868,6873135.7863000035],[792389.36270000041,6873161.6449000016],[792437.22069999948,6873191.4953999966]]},"properties":{"OBJECTID":15,"Massn_ID":24,"GEW":"VEC","stat_von":120800,"stat_bis":120980,"gew_seite":"L","UMnArtBez":"(Vechte), Keine Mahd des unteren Gewässersaumes (2,00m) in den Pralluferbereichen","UMNGrBez":"Mäh- und Beweidungsarbeiten","Von_km":"120+800","Bis_km":"120+980","IDUabschn":"VEC_12","KTR":"MABVE00200","Versatz_RE":-20,"Akz":"62024-04","UMn_Bemerk":null,"versatz":-10,"Shape_Length":304.22479059598163}},{"type":"Feature","id":16,"geometry":{"type":"LineString","coordinates":[[770610.42689999938,6906473.7045999989],[770682.74139999971,6906449.2732999995],[770743.03950000182,6906440.0703999996],[770938.6427000016,6906431.4905999973]]},"properties":{"OBJECTID":16,"Massn_ID":24,"GEW":"VEC","stat_von":90080,"stat_bis":90280,"gew_seite":"L","UMnArtBez":"(Vechte), Keine Mahd des unteren Gewässersaumes (2,00m) in den Pralluferbereichen","UMNGrBez":"Mäh- und Beweidungsarbeiten","Von_km":"90+080","Bis_km":"90+280","IDUabschn":"VEC_3","KTR":"MABVE00100","Versatz_RE":-20,"Akz":"62024-04","UMn_Bemerk":null,"versatz":-10,"Shape_Length":333.11766688448176}},{"type":"Feature","id":17,"geometry":{"type":"LineString","coordinates":[[786615.46570000052,6876123.0816000029],[787216.60080000013,6876837.8153000027],[787692.37579999864,6877494.188699998],[787769.26639999822,6877620.4966999963],[787814.37829999998,6877718.0417999998],[787838.21889999881,6877806.4063000008],[787846.70859999955,6877902.8694000021],[787835.35770000145,6878031.9183999971],[787816.9664000012,6878587.4425000027],[787801.47199999914,6878693.6409000009],[787781.28150000051,6878761.3925999999],[787753.44579999894,6878816.8960999995],[787690.72230000049,6878908.112999998],[787667.02369999886,6878959.2185999975]]},"properties":{"OBJECTID":17,"Massn_ID":5,"GEW":"NAK","stat_von":2290,"stat_bis":4314,"gew_seite":"L","UMnArtBez":"keine Mahd","UMNGrBez":"Mäh- und Beweidungsarbeiten","Von_km":"2+290","Bis_km":"4+314","IDUabschn":"NAK_2","KTR":"MAAVE30400","Versatz_RE":-20,"Akz":"62024-11","UMn_Bemerk":null,"versatz":20,"Shape_Length":3280.8158178984063}},{"type":"Feature","id":18,"geometry":{"type":"LineString","coordinates":[[789905.63830000162,6875748.3742000014],[790004.67720000073,6875591.1525999978],[790092.36710000038,6875489.5810000002]]},"properties":{"OBJECTID":18,"Massn_ID":50,"GEW":"VEC","stat_von":118510,"stat_bis":118700,"gew_seite":"L","UMnArtBez":"Gehölzneuanpflanzungen","UMNGrBez":"Gehölzpflege, Gehölzentwicklung","Von_km":"118+510","Bis_km":"118+700","IDUabschn":"VEC_11","KTR":"MABVE00200","Versatz_RE":-20,"Akz":"62024-04","UMn_Bemerk":"oh. Mündung Brandlechter Bruchgraben (evtl. durch Dritte (Oppel)","versatz":-35,"Shape_Length":320.0029125179791}},{"type":"Feature","id":19,"geometry":{"type":"LineString","coordinates":[[749622.68200000003,6911582.9156000018],[749927.16429999843,6911519.3621999994],[749993.59380000085,6911500.6545000002],[750154.1699000001,6911434.8649000004],[750212.50710000098,6911427.5612000003],[750294.6053000018,6911446.7224999964],[750424.80909999833,6911539.4497999996],[750453.30449999869,6911549.0036000013],[750480.11100000143,6911550.5935999975],[750508.02210000157,6911547.7013000026],[750551.96070000157,6911530.6705000028],[750692.35550000146,6911459.6903999969],[750765.48559999838,6911430.2496000007],[750843.59499999881,6911411.503899999],[750916.63749999925,6911406.7871000022],[751004.46700000018,6911408.559799999],[751083.94759999961,6911418.8541999981],[751390.28869999945,6911474.7229999974],[751475.81340000033,6911487.3709999993],[751510.66849999875,6911486.1843999997],[751566.80200000107,6911464.5722000003],[751590.63819999993,6911446.2347000018],[751611.90709999949,6911414.822300002],[751663.09349999949,6911307.0847999975],[751713.85009999946,6911248.1462000012],[751765.81430000067,6911206.3840000033],[752262.34270000085,6910983.1542999968],[752315.83269999921,6910967.4956],[752404.75580000132,6910984.6585000008],[752443.51469999924,6911006.8012999967],[752526.34690000117,6911076.5997999981],[752558.01880000159,6911095.6372999996],[752619.82129999995,6911103.9420000017],[752646.79569999874,6911099.9509000033],[752686.59620000049,6911079.629900001],[752721.43930000067,6911046.8047000021],[752804.5615000017,6910946.2638999969],[752844.43019999936,6910915.1850999966],[752900.93340000138,6910890.5834999979],[753292.48169999942,6910782.5626000017],[753335.98009999841,6910776.3166000023],[753383.77959999815,6910780.1427000016],[753424.41569999978,6910798.4104999974],[753457.31340000033,6910825.0768999979],[753488.41349999979,6910865.1648000032],[753508.03350000083,6910910.1106000021],[753541.89909999818,6911061.9852000028],[753553.56610000134,6911088.0888999999],[753576.46070000157,6911114.8805000037],[753611.20910000056,6911141.8995999992],[753682.40659999847,6911174.2629999965],[753732.56320000067,6911184.9441],[753786.14699999988,6911184.8994999975],[754025.88800000027,6911151.6687000021],[754070.22470000014,6911137.325000003],[754129.56230000034,6911087.1044000015],[754245.72470000014,6910942.9299999997],[754288.61529999971,6910904.5354999974],[754333.13159999996,6910877.0791999996],[754387.73490000144,6910856.4892000034],[754504.61690000072,6910837.5661000013],[755121.74799999967,6910779.1445000023],[755496.24309999868,6910736.1533999965]]},"properties":{"OBJECTID":19,"Massn_ID":10,"GEW":"VEC","stat_von":74980,"stat_bis":79020,"gew_seite":"L","UMnArtBez":"(Vechte) Mahd, zweimalig, ab dem 15.07 und ab dem 01.09","UMNGrBez":"Mäh- und Beweidungsarbeiten","Von_km":"74+980","Bis_km":"79+020","IDUabschn":"VEC_1","KTR":"MABVE00100","Versatz_RE":-20,"Akz":"62024-04","UMn_Bemerk":null,"versatz":-20,"Shape_Length":6642.5966281992987}},{"type":"Feature","id":20,"geometry":{"type":"LineString","coordinates":[[799911.92949999869,6864627.8368000016],[799932.59670000151,6864573.4803000018],[799943.45230000094,6864533.2509000003],[799951.53429999948,6864484.4343999997],[799955.55380000174,6864434.9636999965],[799953.69350000098,6864399.4720999971],[799926.45470000058,6864299.6757000014]]},"properties":{"OBJECTID":20,"Massn_ID":24,"GEW":"VEC","stat_von":130080,"stat_bis":130280,"gew_seite":"R","UMnArtBez":"(Vechte), Keine Mahd des unteren Gewässersaumes (2,00m) in den Pralluferbereichen","UMNGrBez":"Mäh- und Beweidungsarbeiten","Von_km":"130+080","Bis_km":"130+280","IDUabschn":"VEC_14","KTR":"MABVE00200","Versatz_RE":20,"Akz":"62024-04","UMn_Bemerk":null,"versatz":10,"Shape_Length":337.92324408358763}},{"type":"Feature","id":21,"geometry":{"type":"LineString","coordinates":[[774678.7153000012,6893303.3787999973],[774723.07070000097,6893248.1991999969],[774754.82710000128,6893188.6992999986],[774773.4411999993,6893141.6801000014],[774778.03409999982,6893082.5379000008],[774778.49670000002,6893008.4283000007],[774775.62889999896,6892988.6259000003]]},"properties":{"OBJECTID":21,"Massn_ID":24,"GEW":"VEC","stat_von":101080,"stat_bis":101280,"gew_seite":"R","UMnArtBez":"(Vechte), Keine Mahd des unteren Gewässersaumes (2,00m) in den Pralluferbereichen","UMNGrBez":"Mäh- und Beweidungsarbeiten","Von_km":"101+080","Bis_km":"101+280","IDUabschn":"VEC_5","KTR":"MABVE00100","Versatz_RE":20,"Akz":"62024-04","UMn_Bemerk":null,"versatz":10,"Shape_Length":342.25087303825575}},{"type":"Feature","id":22,"geometry":{"type":"LineString","coordinates":[[787315.24320000038,6879510.1133000031],[787347.94929999858,6879475.5785999969],[787398.17370000109,6879392.3636000007],[787457.17069999874,6879229.5248999968],[787476.76639999822,6879191.6780000031],[787525.30750000104,6879123.259800002],[787665.06819999963,6879041.0713],[787702.27360000089,6879031.0544999987],[787752.41059999913,6879029.006099999]]},"properties":{"OBJECTID":22,"Massn_ID":10,"GEW":"VEC","stat_von":115260,"stat_bis":115700,"gew_seite":"R","UMnArtBez":"(Vechte) Mahd, zweimalig, ab dem 15.07 und ab dem 01.09","UMNGrBez":"Mäh- und Beweidungsarbeiten","Von_km":"115+260","Bis_km":"115+700","IDUabschn":"VEC_8","KTR":"MABVE00400","Versatz_RE":20,"Akz":"62024-04","UMn_Bemerk":null,"versatz":20,"Shape_Length":695.30987748939481}},{"type":"Feature","id":23,"geometry":{"type":"LineString","coordinates":[[851262.54190000147,6926127.2160999998],[851246.12110000104,6926435.2484000027],[851254.53000000119,6926521.2397999987],[851292.19990000129,6926614.1313999966],[851442.26269999892,6926924.4582000002],[851541.04789999872,6927098.4377999976],[851732.07479999959,6927322.5547999963],[851786.20809999853,6927380.8382999972],[851816.85289999843,6927403.7761999965],[851889.63919999823,6927429.0515000001],[852095.75290000066,6927422.0423000008],[852175.43840000033,6927431.5394999981],[852203.24069999903,6927444.0037999973]]},"properties":{"OBJECTID":23,"Massn_ID":400,"GEW":"HAS","stat_von":50050,"stat_bis":51200,"gew_seite":"L","UMnArtBez":"(Dinkel, A) \tBauwerke und Anlagen instand halten","UMNGrBez":"Bauwerkunterhaltung","Von_km":"50+050","Bis_km":"51+200","IDUabschn":"HAS_16","KTR":"MABHA00200","Versatz_RE":-20,"Akz":"62024-03","UMn_Bemerk":"Verwallung bei Bedarf instand halten (wasserseitig) für den Hochwasserschutz","versatz":-25,"Shape_Length":1846.1900633306595}},{"type":"Feature","id":24,"geometry":{"type":"LineString","coordinates":[[808479.191300001,6852584.4571999982],[808488.68519999832,6852577.9890000001],[808535.36309999973,6852510.0970000029],[808551.74850000069,6852491.8308999985]]},"properties":{"OBJECTID":24,"Massn_ID":24,"GEW":"VEC","stat_von":140680,"stat_bis":140750,"gew_seite":"R","UMnArtBez":"(Vechte), Keine Mahd des unteren Gewässersaumes (2,00m) in den Pralluferbereichen","UMNGrBez":"Mäh- und Beweidungsarbeiten","Von_km":"140+680","Bis_km":"140+750","IDUabschn":"VEC_18","KTR":"MABVE00200","Versatz_RE":20,"Akz":"62024-04","UMn_Bemerk":null,"versatz":10,"Shape_Length":118.41649866907763}},{"type":"Feature","id":25,"geometry":{"type":"LineString","coordinates":[[749104.23449999839,6911152.690200001],[749140.01000000164,6911154.8466999978],[749224.96440000087,6911204.1228],[749281.79740000144,6911287.0495999977],[749291.31679999828,6911343.1965999976]]},"properties":{"OBJECTID":25,"Massn_ID":50,"GEW":"VEC","stat_von":74470,"stat_bis":74600,"gew_seite":"L","UMnArtBez":"Gehölzneuanpflanzungen","UMNGrBez":"Gehölzpflege, Gehölzentwicklung","Von_km":"74+470","Bis_km":"74+600","IDUabschn":"VEC_1","KTR":"MABVE00100","Versatz_RE":-20,"Akz":"62024-04","UMn_Bemerk":"Anpflanzungen in Pralluferbereichen (insbesondere an der unteren Böschung in der Wasserwechselzone), Weiden setzen, Erlen pflanzen (Siehe S. 90 URPL)","versatz":-35,"Shape_Length":291.53241621847781}},{"type":"Feature","id":26,"geometry":{"type":"LineString","coordinates":[[804486.19640000165,6858591.3294999972],[804578.55260000005,6858440.4021999985],[804655.64889999852,6858359.451700002],[804693.72590000182,6858328.3207999989],[804918.48319999874,6858200.1080000028]]},"properties":{"OBJECTID":26,"Massn_ID":24,"GEW":"VEC","stat_von":135570,"stat_bis":135930,"gew_seite":"L","UMnArtBez":"(Vechte), Keine Mahd des unteren Gewässersaumes (2,00m) in den Pralluferbereichen","UMNGrBez":"Mäh- und Beweidungsarbeiten","Von_km":"135+570","Bis_km":"135+930","IDUabschn":"VEC_17","KTR":"MABVE00200","Versatz_RE":-20,"Akz":"62024-04","UMn_Bemerk":null,"versatz":-10,"Shape_Length":596.67054029655742}},{"type":"Feature","id":27,"geometry":{"type":"LineString","coordinates":[[773610.06659999862,6901886.4988999963],[773614.37249999866,6901858.4588999972],[773614.52459999919,6901813.9029999971],[773607.07420000061,6901763.6560000032],[773591.40920000151,6901717.4765999988]]},"properties":{"OBJECTID":27,"Massn_ID":24,"GEW":"VEC","stat_von":94280,"stat_bis":94380,"gew_seite":"R","UMnArtBez":"(Vechte), Keine Mahd des unteren Gewässersaumes (2,00m) in den Pralluferbereichen","UMNGrBez":"Mäh- und Beweidungsarbeiten","Von_km":"94+280","Bis_km":"94+380","IDUabschn":"VEC_5","KTR":"MABVE00100","Versatz_RE":20,"Akz":"62024-04","UMn_Bemerk":null,"versatz":10,"Shape_Length":172.48521455529644}},{"type":"Feature","id":28,"geometry":{"type":"LineString","coordinates":[[773875.13320000097,6896727.4139000028],[773840.10179999843,6896734.5490000024],[773786.24379999936,6896733.6992999986],[773753.28249999881,6896721.070600003],[773728.34270000085,6896705.0878999978],[773706.17289999872,6896682.4355000034],[773690.04199999943,6896655.3568999991],[773683.61800000072,6896623.322800003],[773684.24670000002,6896601.1242000014],[773734.71550000086,6896438.6209999993],[773736.0513000004,6896402.110799998],[773731.01700000092,6896363.9704999998],[773678.44359999895,6896190.6457000002],[773672.12350000069,6896123.1105000004],[773681.7789000012,6896088.5802000016],[773712.03429999948,6896042.1099999994],[773754.75919999927,6896004.6726000011],[773790.74370000139,6895989.0128000006],[773915.14660000056,6895980.2849000022],[773963.07310000062,6895969.0590000004],[774016.35179999843,6895934.8469000012],[774055.21290000156,6895881.6511999965],[774075.72120000049,6895811.6740000024],[774097.30579999834,6895644.2236000001],[774098.15650000051,6895575.0261000022],[774090.47549999878,6895528.3751000017],[774055.25979999825,6895459.9629999995],[773941.79960000142,6895301.8944000006],[773925.81219999865,6895265.9974000007]]},"properties":{"OBJECTID":28,"Massn_ID":10,"GEW":"VEC","stat_von":98480,"stat_bis":99680,"gew_seite":"R","UMnArtBez":"(Vechte) Mahd, zweimalig, ab dem 15.07 und ab dem 01.09","UMNGrBez":"Mäh- und Beweidungsarbeiten","Von_km":"98+480","Bis_km":"99+680","IDUabschn":"VEC_5","KTR":"MABVE00100","Versatz_RE":20,"Akz":"62024-04","UMn_Bemerk":null,"versatz":20,"Shape_Length":1926.2849171463383}},{"type":"Feature","id":29,"geometry":{"type":"LineString","coordinates":[[784133.03610000014,6883015.6920000017],[784082.36919999868,6882951.9123999998],[784068.32479999959,6882918.8586999997],[784049.46420000121,6882857.6340000033],[784045.37310000136,6882799.2859999985],[784053.73620000109,6882737.6420999989],[784061.86890000105,6882714.4491000026],[784106.38690000027,6882639.9562999979],[784171.2846999988,6882555.2747000009],[784204.16279999912,6882454.766900003],[784203.41470000148,6882350.8985000029],[784152.57140000165,6882205.8207999989],[784145.0465000011,6882144.6001999974],[784156.45179999992,6881722.0595000014],[784184.49700000137,6881530.0808999985],[784219.50789999962,6881400.5107000023],[784279.35339999944,6881239.9038000032],[784444.08639999852,6880839.3508000001],[784457.16270000115,6880819.8192000017],[784479.46020000055,6880799.4729000032],[784505.87730000168,6880783.7959999964],[784537.40670000017,6880775.8606000021],[784566.12829999998,6880775.7779999971],[784732.97769999877,6880803.9975000024],[784827.13300000131,6880812.2440000027],[784906.22289999947,6880794.3859999999],[784997.58669999987,6880756.9561000019]]},"properties":{"OBJECTID":29,"Massn_ID":10,"GEW":"VEC","stat_von":111540,"stat_bis":113340,"gew_seite":"R","UMnArtBez":"(Vechte) Mahd, zweimalig, ab dem 15.07 und ab dem 01.09","UMNGrBez":"Mäh- und Beweidungsarbeiten","Von_km":"111+540","Bis_km":"113+340","IDUabschn":"VEC_7","KTR":"MABVE00100","Versatz_RE":20,"Akz":"62024-04","UMn_Bemerk":"Zeitliche Durchführung der Böschungsmahd zwischen Ende Juli und Ende März. Brut- und Laichzeit von Anfang April bis Mitte/Ende Juli soweit wie möglich ausnehmen; in unvermeidlichen Fällen nur abschnittsweise mähen.","versatz":20,"Shape_Length":2889.830922821277}},{"type":"Feature","id":30,"geometry":{"type":"LineString","coordinates":[[775386.93149999902,6887691.4892999977],[775456.98849999905,6887515.8254999965],[775455.75879999995,6887504.0621000007],[775426.28590000048,6887460.4117999971],[775411.18829999864,6887404.2681000009],[775446.76350000128,6887296.5075000003],[775475.44350000098,6887238.2158000022],[775672.86290000007,6886960.1926999986]]},"properties":{"OBJECTID":30,"Massn_ID":21,"GEW":"DIN","stat_von":3270,"stat_bis":3770,"gew_seite":"L","UMnArtBez":"(Vechte) Röhriricht-, Schilfsaum belassen","UMNGrBez":"Mäh- und Beweidungsarbeiten","Von_km":"3+270","Bis_km":"3+770","IDUabschn":"DIN_3","KTR":"MABVE00300","Versatz_RE":null,"Akz":"62024-05","UMn_Bemerk":"3-B-1","versatz":-30,"Shape_Length":831.18470624850033}},{"type":"Feature","id":31,"geometry":{"type":"MultiLineString","coordinates":[[[820764.21480000019,6926168.1308000013],[820757.47190000117,6926034.3479000032],[820710.14149999991,6925934.4918000028],[820493.0989000015,6925805.389200002],[820438.816300001,6925698.2282999977],[820398.85979999974,6925502.7766000032],[820364.36780000106,6925392.5754000023],[820272.59070000052,6925278.9774999991],[820137.24740000069,6925220.3567000031],[820012.50259999931,6925229.6533999965],[819996.84650000185,6925215.7128000036],[820001.48090000078,6925191.8836999983],[820055.03590000048,6925135.8134000003],[820127.39539999887,6925106.0803000033],[820267.06870000064,6925087.445100002],[820443.36259999871,6925101.2646000013],[820786.0449000001,6925165.7502000034],[820848.94629999995,6925146.1673000008],[820904.53500000015,6925090.4658000022],[820928.24650000036,6924997.6278999969],[820931.10310000181,6924936.3796999976],[820881.41310000047,6924808.5218999982],[820812.04399999976,6924591.7255999967],[820814.51449999958,6924458.883100003],[820833.04659999907,6924352.2823000029],[820871.96229999885,6924237.3753999993],[820909.4039000012,6924171.6837000027],[820959.79129999876,6924122.7802999988],[821005.90579999983,6924051.6120000035],[821030.88639999926,6923997.7115999982],[821054.36870000139,6923855.8421000019],[821064.27659999952,6923834.3601000011],[821086.82200000063,6923814.0297000036],[821092.91110000014,6923811.9538000003],[821112.52820000052,6923814.4518000036],[821153.03480000049,6923845.4917000011],[821244.7089000009,6923935.0412999988],[821283.57959999889,6923962.3057999983],[821363.68840000033,6923985.383100003],[821434.25409999862,6923987.8229999989],[821510.4523999989,6923972.6407999992],[821567.84149999917,6923943.076700002],[821617.24659999833,6923895.7260000035],[821661.71389999986,6923829.6032999977],[821697.38879999891,6923737.3554999977],[821801.31049999967,6923290.3968999982],[821794.96559999883,6923199.5388000011],[821753.89930000156,6923082.0455000028],[821755.12429999933,6923048.2503999993]],[[821755.12429999933,6923048.2503999993],[821790.73330000043,6923048.5385000035]]]},"properties":{"OBJECTID":31,"Massn_ID":4,"GEW":"HAS","stat_von":11900,"stat_bis":15140,"gew_seite":"R","UMnArtBez":"(Hase, Variante 3) keine Mahd (Gehölzpflege und -entwicklung)","UMNGrBez":"Mäh- und Beweidungsarbeiten","Von_km":"11+900","Bis_km":"15+140","IDUabschn":"HAS_4","KTR":"MAAHA00100","Versatz_RE":20,"Akz":"62024-03","UMn_Bemerk":null,"versatz":20,"Shape_Length":5274.8746564459479}},{"type":"Feature","id":32,"geometry":{"type":"LineString","coordinates":[[797838.4840000011,6870349.5882999972],[797940.24300000072,6870352.4112000018],[797972.58630000055,6870356.5354000032],[798046.26359999925,6870343.6897]]},"properties":{"OBJECTID":32,"Massn_ID":24,"GEW":"VEC","stat_von":125080,"stat_bis":125210,"gew_seite":"L","UMnArtBez":"(Vechte), Keine Mahd des unteren Gewässersaumes (2,00m) in den Pralluferbereichen","UMNGrBez":"Mäh- und Beweidungsarbeiten","Von_km":"125+080","Bis_km":"125+210","IDUabschn":"VEC_13","KTR":"MABVE00200","Versatz_RE":-20,"Akz":"62024-04","UMn_Bemerk":null,"versatz":-10,"Shape_Length":209.19207852863838}},{"type":"Feature","id":33,"geometry":{"type":"LineString","coordinates":[[791611.7435999997,6873374.5659999996],[791619.42069999874,6873353.3413000032],[791648.65810000151,6873310.4131999984],[791682.96719999984,6873271.4038999975],[791712.28920000046,6873246.761500001],[791808.10379999876,6873202.5478999987],[791879.61270000041,6873189.1322999969],[792152.37959999964,6873171.7272000015]]},"properties":{"OBJECTID":33,"Massn_ID":5,"GEW":"VEC","stat_von":120400,"stat_bis":120800,"gew_seite":"R","UMnArtBez":"keine Mahd","UMNGrBez":"Mäh- und Beweidungsarbeiten","Von_km":"120+400","Bis_km":"120+800","IDUabschn":"VEC_11","KTR":"MABVE00200","Versatz_RE":20,"Akz":"62024-04","UMn_Bemerk":"Gehölze","versatz":20,"Shape_Length":616.36342516515549}},{"type":"Feature","id":34,"geometry":{"type":"LineString","coordinates":[[827895.05759999901,6920302.6903999969],[827911.31320000067,6920285.9277999997],[827928.0848999992,6920181.6497000009],[827915.78060000017,6919913.8325000033],[827928.74480000138,6919782.2419999987],[827952.1708999984,6919696.2643999979],[828025.95279999822,6919486.5839999989],[828090.05029999837,6919219.5935000032],[828134.01220000163,6919118.0332999974],[828232.33170000091,6918947.003899999],[828253.03069999814,6918899.0675000027],[828254.82440000027,6918815.942900002],[828206.73939999938,6918623.3753999993],[828211.59329999983,6918572.1349999979],[828219.20919999853,6918553.0407000035],[828301.35669999942,6918471.3593999967],[828349.80719999969,6918413.6629000008],[828365.33320000023,6918380.3515999988],[828375.88100000098,6918318.4553999975],[828377.58029999956,6918280.9494000003],[828359.49859999865,6918186.1335999966],[828345.2714000009,6918146.7018000036],[828320.70230000094,6918108.9083999991],[828292.01909999922,6918081.7864999995],[828254.36070000008,6918060.9134000018],[828211.24500000104,6918051.9003999978],[828046.997299999,6918080.0864999965],[827992.8359999992,6918071.1265999973],[827962.36089999974,6918046.7322999984],[827943.09290000051,6918020.4011000022],[827928.09589999914,6917985.4531999975],[827922.36740000173,6917917.8460000008],[827932.40320000052,6917868.6011999995],[827951.12099999934,6917828.2908999994],[827990.03779999912,6917789.6435000002],[828073.1501000002,6917724.8444999978],[828136.37730000168,6917647.0089000016],[828165.35249999911,6917560.1868999973],[828171.30849999934,6917459.0037999973],[828175.5150000006,6917445.1648000032],[828185.9123999998,6917432.5908000022],[828208.51130000129,6917417.621299997],[828255.26880000159,6917399.7718999982],[828318.816300001,6917384.9496000037],[828372.79540000111,6917379.9675000012],[828513.31769999862,6917394.5961999968],[828546.24100000039,6917402.9131999984],[828621.91169999912,6917425.2410999984],[828652.20309999958,6917442.2039000019],[828772.60220000148,6917545.2436000034],[828803.56089999899,6917564.2547999993],[828849.25589999929,6917583.7340999991],[829098.08729999885,6917643.4199000001],[829153.77560000122,6917680.0051999986],[829197.6314000003,6917737.2832999974],[829203.11670000106,6917752.6488000005],[829202.53240000084,6917808.3881999999],[829184.96029999852,6917847.8997000009],[829165.88819999993,6917866.7520999983],[828851.24460000172,6918063.7098999992],[828711.97690000013,6918126.0776000023],[828669.29140000045,6918151.873999998],[828643.47740000114,6918178.6401999965],[828615.6165000014,6918235.8728],[828608.93030000106,6918273.0917000026],[828618.00149999931,6918386.1543999985],[828649.10709999874,6918457.7399000004],[828707.17559999973,6918505.6142000034],[828787.40210000053,6918518.1084000021],[828877.26830000058,6918510.0596000031],[829113.10300000012,6918418.7915000021],[829216.0111999996,6918396.9305000007],[829276.97269999981,6918398.889200002],[829332.94319999963,6918423.4887999967],[829385.16759999841,6918482.822300002],[829402.9765000008,6918520.5328999981],[829433.28759999946,6918620.2150999978],[829454.79369999841,6918738.1235999987],[829475.058699999,6918804.5957999974],[829522.15940000117,6918901.0600999966],[829555.62680000067,6918956.7267000005],[829646.73570000008,6919060.0354999974],[829688.28649999946,6919098.2009999976],[829764.11430000141,6919130.3390000015],[829824.06109999865,6919134.3211999983],[829900.53049999848,6919119.8466000035],[829937.12609999999,6919101.5292000026],[830009.63560000062,6919039.0335000008],[830076.12680000067,6918958.8893999979],[830244.20839999989,6918683.4253999963]]},"properties":{"OBJECTID":34,"Massn_ID":9,"GEW":"HAS","stat_von":24880,"stat_bis":29680,"gew_seite":"R","UMnArtBez":"(Hase, Variante 2) Mahd,  zweimalig, ab dem 01.07 (Unterhaltungsweg und obere Hälfte der Böschung) und ab dem 01.10 (Unterhaltunsweg und ganze Böschung)","UMNGrBez":"Mäh- und Beweidungsarbeiten","Von_km":"24+880","Bis_km":"29+680","IDUabschn":"HAS_8","KTR":"MAAHA00100","Versatz_RE":20,"Akz":"62024-03","UMn_Bemerk":null,"versatz":20,"Shape_Length":7907.332813359284}},{"type":"Feature","id":35,"geometry":{"type":"LineString","coordinates":[[792966.30070000142,6951682.7771999985],[792953.98589999974,6951730.8969999999]]},"properties":{"OBJECTID":35,"Massn_ID":11,"GEW":"SNK","stat_von":44600,"stat_bis":44630,"gew_seite":"R","UMnArtBez":"(Kanäle) Mahd, einmalig, ab dem 15.06, Einseitig sind Röhrtricht- und Schilfbestände vor dem 01.09 von der Mahd auszuschließen","UMNGrBez":"Mäh- und Beweidungsarbeiten","Von_km":"44+600","Bis_km":"44+630","IDUabschn":"SNK_10","KTR":"MAAEN10100","Versatz_RE":20,"Akz":"62024-12","UMn_Bemerk":null,"versatz":-20,"Shape_Length":49.670609531739004}},{"type":"Feature","id":36,"geometry":{"type":"LineString","coordinates":[[775157.01029999927,6890069.2646000013],[775237.73719999939,6890055.4289000034]]},"properties":{"OBJECTID":36,"Massn_ID":201,"GEW":"DIN","stat_von":1650,"stat_bis":1700,"gew_seite":"R","UMnArtBez":"Mahd im Bereich der Bauwerke z.B. Schleusen, Wehranlagen, etc. Abflusshindernisse im Bereich der Bauwerke entfernen","UMNGrBez":"Bauwerke instandhalten bzw. Abfluss im Bereich von Bauwerken sicherstellen","Von_km":"1+650","Bis_km":"1+700","IDUabschn":"DIN_2","KTR":"MABVE00300","Versatz_RE":20,"Akz":"62024-05","UMn_Bemerk":null,"versatz":25,"Shape_Length":81.903961919192298}},{"type":"Feature","id":37,"geometry":{"type":"LineString","coordinates":[[758047.89090000093,6909008.3052999973],[758098.73730000108,6908974.8247999996],[758134.7201000005,6908955.3577999994],[758223.78920000046,6908922.5212000012],[758272.88610000163,6908915.9143000022],[758367.0588000007,6908915.8200000003],[758432.51249999925,6908931.0252000019]]},"properties":{"OBJECTID":37,"Massn_ID":24,"GEW":"VEC","stat_von":80980,"stat_bis":81220,"gew_seite":"L","UMnArtBez":"(Vechte), Keine Mahd des unteren Gewässersaumes (2,00m) in den Pralluferbereichen","UMNGrBez":"Mäh- und Beweidungsarbeiten","Von_km":"80+980","Bis_km":"81+220","IDUabschn":"VEC_2","KTR":"MABVE00100","Versatz_RE":-20,"Akz":"62024-04","UMn_Bemerk":null,"versatz":-10,"Shape_Length":407.62856261311191}},{"type":"Feature","id":38,"geometry":{"type":"LineString","coordinates":[[799880.88049999997,6864411.3540999964],[799840.03929999843,6864229.8677999973],[799866.74109999835,6864099.932599999]]},"properties":{"OBJECTID":38,"Massn_ID":50,"GEW":"VEC","stat_von":130220,"stat_bis":130400,"gew_seite":"L","UMnArtBez":"Gehölzneuanpflanzungen","UMNGrBez":"Gehölzpflege, Gehölzentwicklung","Von_km":"130+220","Bis_km":"130+400","IDUabschn":"VEC_14","KTR":"MABVE00200","Versatz_RE":-20,"Akz":"62024-04","UMn_Bemerk":null,"versatz":-35,"Shape_Length":318.6753981043862}},{"type":"Feature","id":39,"geometry":{"type":"LineString","coordinates":[[784156.61430000141,6882546.4411000013],[784177.47370000184,6882493.7044999972],[784187.54340000078,6882452.4509000033],[784191.34149999917,6882415.9162999988],[784190.73189999908,6882375.6591999978],[784179.37139999866,6882319.8263000026],[784139.79289999977,6882219.9569000006]]},"properties":{"OBJECTID":39,"Massn_ID":24,"GEW":"VEC","stat_von":111880,"stat_bis":112080,"gew_seite":"R","UMnArtBez":"(Vechte), Keine Mahd des unteren Gewässersaumes (2,00m) in den Pralluferbereichen","UMNGrBez":"Mäh- und Beweidungsarbeiten","Von_km":"111+880","Bis_km":"112+080","IDUabschn":"VEC_7","KTR":"MABVE00100","Versatz_RE":20,"Akz":"62024-04","UMn_Bemerk":null,"versatz":10,"Shape_Length":340.57310937823593}},{"type":"Feature","id":40,"geometry":{"type":"LineString","coordinates":[[788844.47870000079,6877688.2164999992],[788997.13049999997,6877672.3588000014],[789086.41440000013,6877658.8074999973],[789168.7686999999,6877641.8563999981],[789280.91180000082,6877612.1327000037],[789375.2547999993,6877577.0086999983],[789450.08920000121,6877541.9408000037],[789560.53810000047,6877472.0082999989],[789602.14790000021,6877438.8046000004],[789706.68569999933,6877333.9527999982],[789757.50499999896,6877274.5807999969],[789836.77879999951,6877142.2969999984],[789863.41349999979,6877086.8211999983],[789893.18620000035,6876992.6291999966],[789907.04230000079,6876926.5692000017],[789912.73710000142,6876863.5342999995],[789913.05510000139,6876790.4487000033],[789904.31610000134,6876666.3035999984]]},"properties":{"OBJECTID":40,"Massn_ID":24,"GEW":"VEC","stat_von":116950,"stat_bis":117960,"gew_seite":"R","UMnArtBez":"(Vechte), Keine Mahd des unteren Gewässersaumes (2,00m) in den Pralluferbereichen","UMNGrBez":"Mäh- und Beweidungsarbeiten","Von_km":"116+950","Bis_km":"117+960","IDUabschn":"VEC_10","KTR":"MABVE00200","Versatz_RE":20,"Akz":"62024-04","UMn_Bemerk":"bis Wehrwegbrücke","versatz":10,"Shape_Length":1680.2317267673491}},{"type":"Feature","id":41,"geometry":{"type":"LineString","coordinates":[[761156.50609999895,6909807.238499999],[761232.86340000108,6909818.6533999965],[761348.93340000138,6909809.3466000035]]},"properties":{"OBJECTID":41,"Massn_ID":50,"GEW":"VEC","stat_von":82970,"stat_bis":83080,"gew_seite":"R","UMnArtBez":"Gehölzneuanpflanzungen","UMNGrBez":"Gehölzpflege, Gehölzentwicklung","Von_km":"82+970","Bis_km":"83+080","IDUabschn":"VEC_3","KTR":"MABVE00100","Versatz_RE":20,"Akz":"62024-04","UMn_Bemerk":"oh. u. uh. Einmündung Wildegraben","versatz":35,"Shape_Length":193.64833482996551}},{"type":"Feature","id":42,"geometry":{"type":"LineString","coordinates":[[808441.44579999894,6884547.4381999969],[804133.12629999965,6882563.2221999988],[801319.82339999825,6881278.1035000011],[798224.11389999837,6880537.7497999966],[794639.07009999827,6879696.5066],[791289.11140000075,6878706.3977999985],[791105.48889999837,6878654.3436999992],[791070.30759999901,6878649.931400001]]},"properties":{"OBJECTID":42,"Massn_ID":11,"GEW":"EVK","stat_von":3500,"stat_bis":14740,"gew_seite":"L","UMnArtBez":"(Kanäle) Mahd, einmalig, ab dem 15.06, Einseitig sind Röhrtricht- und Schilfbestände vor dem 01.09 von der Mahd auszuschließen","UMNGrBez":"Mäh- und Beweidungsarbeiten","Von_km":"3+500","Bis_km":"14+740","IDUabschn":"EVK_1","KTR":"MAAVE20200","Versatz_RE":-20,"Akz":"62024-10","UMn_Bemerk":null,"versatz":20,"Shape_Length":18421.168712336421}},{"type":"Feature","id":43,"geometry":{"type":"LineString","coordinates":[[789249.11100000143,6911403.6647000015],[789545.31120000035,6911809.4503000006],[789998.41169999912,6912451.1215000004],[790019.0971999988,6912491.8672000021],[790094.50959999859,6912741.7063999996],[790118.66899999976,6914844.3773000017],[790123.97619999945,6915912.4985999987],[790148.54580000043,6917534.3087000027],[790142.40790000185,6917582.1425999999],[790151.2424999997,6917628.0971999988],[790152.12280000001,6917811.7078000009],[790146.59290000051,6917891.617899999],[790119.02969999984,6918051.2016000003],[789978.33790000156,6918848.3863999993],[789904.60310000181,6919227.0647],[789670.84840000048,6920588.5670000017],[789662.36190000176,6920711.9120000005],[789999.87759999931,6925445.6393000036],[790056.68690000102,6926351.5407999977],[790237.22019999847,6928976.5502000004]]},"properties":{"OBJECTID":43,"Massn_ID":11,"GEW":"SNK","stat_von":19570,"stat_bis":30430,"gew_seite":"L","UMnArtBez":"(Kanäle) Mahd, einmalig, ab dem 15.06, Einseitig sind Röhrtricht- und Schilfbestände vor dem 01.09 von der Mahd auszuschließen","UMNGrBez":"Mäh- und Beweidungsarbeiten","Von_km":"19+570","Bis_km":"30+430","IDUabschn":"SNK_7","KTR":"MAAEN10100","Versatz_RE":-20,"Akz":"62024-12","UMn_Bemerk":null,"versatz":20,"Shape_Length":17893.192507299635}},{"type":"Feature","id":44,"geometry":{"type":"LineString","coordinates":[[756762.09820000082,6909904.1305999979],[756882.13940000162,6909896.0266999975],[757001.59490000084,6909830.809799999],[757071.6697999984,6909758.0393999964]]},"properties":{"OBJECTID":44,"Massn_ID":24,"GEW":"VEC","stat_von":79970,"stat_bis":80180,"gew_seite":"R","UMnArtBez":"(Vechte), Keine Mahd des unteren Gewässersaumes (2,00m) in den Pralluferbereichen","UMNGrBez":"Mäh- und Beweidungsarbeiten","Von_km":"79+970","Bis_km":"80+180","IDUabschn":"VEC_2","KTR":"MABVE00100","Versatz_RE":20,"Akz":"62024-04","UMn_Bemerk":null,"versatz":10,"Shape_Length":357.43801146168136}},{"type":"Feature","id":45,"geometry":{"type":"LineString","coordinates":[[803650.66550000012,6859941.9658999965],[803625.08650000021,6859875.7047000006],[803621.5689000003,6859838.8298999965],[803644.75310000032,6859778.9919999987],[803702.31010000035,6859690.9670000002]]},"properties":{"OBJECTID":45,"Massn_ID":24,"GEW":"VEC","stat_von":134580,"stat_bis":134740,"gew_seite":"L","UMnArtBez":"(Vechte), Keine Mahd des unteren Gewässersaumes (2,00m) in den Pralluferbereichen","UMNGrBez":"Mäh- und Beweidungsarbeiten","Von_km":"134+580","Bis_km":"134+740","IDUabschn":"VEC_15","KTR":"MABVE00200","Versatz_RE":-20,"Akz":"62024-04","UMn_Bemerk":null,"versatz":-10,"Shape_Length":277.41373817980042}},{"type":"Feature","id":46,"geometry":{"type":"LineString","coordinates":[[780060.66580000147,6888511.1984999999],[780112.08779999986,6888408.5251000002]]},"properties":{"OBJECTID":46,"Massn_ID":201,"GEW":"VEC","stat_von":106330,"stat_bis":106400,"gew_seite":"L","UMnArtBez":"Mahd im Bereich der Bauwerke z.B. Schleusen, Wehranlagen, etc. Abflusshindernisse im Bereich der Bauwerke entfernen","UMNGrBez":"Bauwerke instandhalten bzw. Abfluss im Bereich von Bauwerken sicherstellen","Von_km":"106+330","Bis_km":"106+400","IDUabschn":"VEC_6","KTR":"MABVE00100","Versatz_RE":-20,"Akz":"62024-04","UMn_Bemerk":null,"versatz":-25,"Shape_Length":114.83052360474821}},{"type":"Feature","id":47,"geometry":{"type":"LineString","coordinates":[[813347.42289999872,6925446.3377000019],[813428.87640000135,6925385.6062000021],[813568.99190000072,6925332.9755000025],[813744.10970000178,6925342.8383999988],[813944.14449999854,6925390.9052999988],[814103.6660999991,6925441.1400000006],[814207.60049999878,6925487.5411000028],[814263.12409999967,6925536.3994999975],[814305.84360000119,6925606.7364000008]]},"properties":{"OBJECTID":47,"Massn_ID":23,"GEW":"HAS","stat_von":1500,"stat_bis":2100,"gew_seite":"L","UMnArtBez":"(Hase), Mahd der krautigen Ufersaumstreifen ab dem 01.10 jährlich alternierend auf 300-500 m langen Teilstrecken","UMNGrBez":"Mäh- und Beweidungsarbeiten","Von_km":"1+500","Bis_km":"2+100","IDUabschn":"HAS_1","KTR":"MAAHA00100","Versatz_RE":-20,"Akz":"62024-03","UMn_Bemerk":null,"versatz":-30,"Shape_Length":1069.7197251993459}},{"type":"Feature","id":48,"geometry":{"type":"LineString","coordinates":[[776825.66409999877,6909422.8448999971],[776741.73070000112,6909474.7045999989]]},"properties":{"OBJECTID":48,"Massn_ID":11,"GEW":"PCK","stat_von":7810,"stat_bis":7870,"gew_seite":"L","UMnArtBez":"(Kanäle) Mahd, einmalig, ab dem 15.06, Einseitig sind Röhrtricht- und Schilfbestände vor dem 01.09 von der Mahd auszuschließen","UMNGrBez":"Mäh- und Beweidungsarbeiten","Von_km":"7+810","Bis_km":"7+870","IDUabschn":"PCK_1","KTR":"MAAVE40500","Versatz_RE":-20,"Akz":"62024-13","UMn_Bemerk":null,"versatz":20,"Shape_Length":98.662273029968276}},{"type":"Feature","id":49,"geometry":{"type":"LineString","coordinates":[[813406.38450000063,6925525.8096999973],[813476.62620000169,6925473.4368999973],[813584.19779999927,6925433.0301000029],[813729.70870000124,6925441.2255000025],[813917.79390000179,6925486.4214999974],[814068.64990000054,6925533.9280000031],[814153.69999999925,6925571.8988000005],[814186.59250000119,6925600.8432999998],[814221.45450000092,6925658.2443000004]]},"properties":{"OBJECTID":49,"Massn_ID":23,"GEW":"HAS","stat_von":1500,"stat_bis":2100,"gew_seite":"R","UMnArtBez":"(Hase), Mahd der krautigen Ufersaumstreifen ab dem 01.10 jährlich alternierend auf 300-500 m langen Teilstrecken","UMNGrBez":"Mäh- und Beweidungsarbeiten","Von_km":"1+500","Bis_km":"2+100","IDUabschn":"HAS_1","KTR":"MAAHA00100","Versatz_RE":20,"Akz":"62024-03","UMn_Bemerk":null,"versatz":30,"Shape_Length":903.98167903974525}},{"type":"Feature","id":50,"geometry":{"type":"LineString","coordinates":[[799787.38780000061,6863171.0231999978],[799709.23369999975,6863082.0998999998],[799672.42289999872,6863029.5248999968]]},"properties":{"OBJECTID":50,"Massn_ID":201,"GEW":"VEC","stat_von":131040,"stat_bis":131150,"gew_seite":"L","UMnArtBez":"Mahd im Bereich der Bauwerke z.B. Schleusen, Wehranlagen, etc. Abflusshindernisse im Bereich der Bauwerke entfernen","UMNGrBez":"Bauwerke instandhalten bzw. Abfluss im Bereich von Bauwerken sicherstellen","Von_km":"131+040","Bis_km":"131+150","IDUabschn":"VEC_14","KTR":"MABVE00200","Versatz_RE":-20,"Akz":"62024-04","UMn_Bemerk":null,"versatz":-15,"Shape_Length":182.56745113746911}},{"type":"Feature","id":51,"geometry":{"type":"LineString","coordinates":[[781620.56659999862,6885998.9415000007],[781598.41440000013,6885894.3024000004],[781518.75539999828,6885733.5350999981],[781509.58659999818,6885651.9820000008],[781515.8013000004,6885605.4767000005],[781591.05999999866,6885401.5293999985],[781643.51799999923,6885293.8593000025],[781789.01339999959,6885118.4576999992]]},"properties":{"OBJECTID":51,"Massn_ID":50,"GEW":"VEC","stat_von":108300,"stat_bis":108930,"gew_seite":"R","UMnArtBez":"Gehölzneuanpflanzungen","UMNGrBez":"Gehölzpflege, Gehölzentwicklung","Von_km":"108+300","Bis_km":"108+930","IDUabschn":"VEC_6","KTR":"MABVE00100","Versatz_RE":20,"Akz":"62024-04","UMn_Bemerk":"Im Projektgebiet Gehölzsäume vervollständigen","versatz":35,"Shape_Length":980.41518129914743}},{"type":"Feature","id":52,"geometry":{"type":"LineString","coordinates":[[851344.13080000132,6924944.8351000026],[851374.24949999899,6924971.3181999996],[851451.14629999921,6925063.130400002],[851487.0709999986,6925119.9848999977],[851510.4395999983,6925199.7211999968],[851512.13179999962,6925287.940200001],[851493.15340000018,6925371.5979999974],[851302.40900000185,6925866.3233999982],[851272.17280000076,6925976.7559999973],[851253.33819999918,6926140.4222000018],[851237.83170000091,6926436.0249999985],[851240.72019999847,6926483.3975000009],[851246.19049999863,6926522.5952999964],[851284.6726000011,6926617.4899000004],[851435.10720000044,6926928.5863000005],[851498.18450000137,6927044.7378000021],[851561.86120000109,6927137.9428000003],[851725.8590000011,6927327.9777999967],[851780.68629999831,6927387.0085999966],[851812.94970000163,6927411.1581000015],[851888.57079999894,6927437.4179000035],[852129.80629999936,6927431.9457999989],[852175.44009999931,6927440.2422000021],[852259.32820000127,6927485.9856999964],[852365.78669999912,6927596.7621000037],[852414.87029999867,6927659.5991000012],[852691.34849999845,6928079.6400000006],[852731.4001000002,6928123.2088999972],[852784.03350000083,6928166.2754999995],[852829.16470000148,6928197.0364999995],[852863.72789999843,6928212.5283999965],[852954.7239000015,6928234.7924999967],[853048.29600000009,6928231.8454999998],[853099.42040000111,6928221.6550000012],[853158.47929999977,6928202.8194999993],[853372.03999999911,6928103.2014999986],[853521.12339999899,6928068.7624000013],[853635.86400000006,6928071.9732000008],[853974.1053000018,6928161.7977000028]]},"properties":{"OBJECTID":52,"Massn_ID":26,"GEW":"HAS","stat_von":49292,"stat_bis":52526,"gew_seite":"L","UMnArtBez":"Einmalige Mahd (Sommermahd) zwischen dem 16. Juli und dem 31. August jeweils auf einer Seite im jährlichen Wechsel. Bevorzugt nach dem 01 August.","UMNGrBez":"Mäh- und Beweidungsarbeiten","Von_km":"49+292","Bis_km":"52+526","IDUabschn":"HAS_16","KTR":"MABHA00200","Versatz_RE":-20,"Akz":"62024-03","UMn_Bemerk":"in Kombination mit der Herbstmahd im jährlichen Wechsel (in geraden Jahren Sommermahd in ungeraden Herbstmahd","versatz":-20,"Shape_Length":5315.6695601692618}},{"type":"Feature","id":53,"geometry":{"type":"LineString","coordinates":[[795520.58630000055,6871435.8598999977],[795583.03590000048,6871417.6538000032],[795621.74139999971,6871411.5455000028],[795669.99980000034,6871411.6767999977],[795712.64889999852,6871433.3188999966],[795810.54080000147,6871507.055399999],[795823.92929999903,6871511.3650000021]]},"properties":{"OBJECTID":53,"Massn_ID":24,"GEW":"VEC","stat_von":123380,"stat_bis":123580,"gew_seite":"L","UMnArtBez":"(Vechte), Keine Mahd des unteren Gewässersaumes (2,00m) in den Pralluferbereichen","UMNGrBez":"Mäh- und Beweidungsarbeiten","Von_km":"123+380","Bis_km":"123+580","IDUabschn":"VEC_13","KTR":"MABVE00200","Versatz_RE":-20,"Akz":"62024-04","UMn_Bemerk":null,"versatz":-10,"Shape_Length":336.93912443461164}},{"type":"Feature","id":54,"geometry":{"type":"LineString","coordinates":[[768577.97989999875,6907959.0785999969],[768679.58610000089,6907842.1846999973],[768733.45969999954,6907795.0055000037],[768808.83709999919,6907751.7792000026],[768950.04050000012,6907689.7224000022]]},"properties":{"OBJECTID":54,"Massn_ID":24,"GEW":"VEC","stat_von":88500,"stat_bis":88780,"gew_seite":"L","UMnArtBez":"(Vechte), Keine Mahd des unteren Gewässersaumes (2,00m) in den Pralluferbereichen","UMNGrBez":"Mäh- und Beweidungsarbeiten","Von_km":"88+500","Bis_km":"88+780","IDUabschn":"VEC_3","KTR":"MABVE00100","Versatz_RE":-20,"Akz":"62024-04","UMn_Bemerk":null,"versatz":-10,"Shape_Length":467.62289596986056}},{"type":"Feature","id":55,"geometry":{"type":"LineString","coordinates":[[785023.60590000078,6872849.8808000013],[785098.70360000059,6872894.5266000032],[785157.19640000165,6872943.2827000022],[785202.05099999905,6873008.1296999976],[785286.92920000106,6873172.1026000008],[786221.4822999984,6875233.7726999968],[786478.5522999987,6875909.6577999964],[786503.24949999899,6875964.3046000004],[786550.25699999928,6876042.4676000029],[786615.06610000134,6876122.5970000029]]},"properties":{"OBJECTID":55,"Massn_ID":5,"GEW":"NAK","stat_von":45,"stat_bis":2290,"gew_seite":"L","UMnArtBez":"keine Mahd","UMNGrBez":"Mäh- und Beweidungsarbeiten","Von_km":"0+045","Bis_km":"2+290","IDUabschn":"NAK_1","KTR":"MAAVE30400","Versatz_RE":-20,"Akz":"62024-11","UMn_Bemerk":null,"versatz":20,"Shape_Length":3667.9572969880419}},{"type":"Feature","id":56,"geometry":{"type":"LineString","coordinates":[[786642.64790000021,6883397.6604000032],[786776.15349999815,6883484.804899998],[787755.69700000063,6884164.9377999976],[787804.35339999944,6884202.4373999983],[788025.98840000108,6884408.3153999969]]},"properties":{"OBJECTID":56,"Massn_ID":6,"GEW":"SNK","stat_von":10,"stat_bis":1060,"gew_seite":"L","UMnArtBez":"(Kanäle) Mahd, zweimalig, ab dem 15.06 und ab dem ???, Einseitig sind Röhrtricht- und Schilfbestände vor dem 01.09 von der Mahd auszuschließen","UMNGrBez":"Mäh- und Beweidungsarbeiten","Von_km":"0+010","Bis_km":"1+060","IDUabschn":"SNK_1","KTR":"MAAVE10100","Versatz_RE":-20,"Akz":"62024-12","UMn_Bemerk":null,"versatz":20,"Shape_Length":1715.8752882169842}},{"type":"Feature","id":57,"geometry":{"type":"LineString","coordinates":[[749326.6409999989,6911690.9791999981],[749408.24089999869,6911708.3084999993],[749506.27270000055,6911698.2735999972]]},"properties":{"OBJECTID":57,"Massn_ID":50,"GEW":"VEC","stat_von":74800,"stat_bis":74900,"gew_seite":"R","UMnArtBez":"Gehölzneuanpflanzungen","UMNGrBez":"Gehölzpflege, Gehölzentwicklung","Von_km":"74+800","Bis_km":"74+900","IDUabschn":"VEC_1","KTR":"MABVE00100","Versatz_RE":20,"Akz":"62024-04","UMn_Bemerk":"Gehölzsaum vervollständigen","versatz":35,"Shape_Length":181.96377824585517}},{"type":"Feature","id":58,"geometry":{"type":"LineString","coordinates":[[800207.66220000014,6865238.1744000018],[800174.503800001,6865198.1297999993],[800101.53550000116,6865151.0939000025],[799990.39400000125,6865107.9503000006]]},"properties":{"OBJECTID":58,"Massn_ID":50,"GEW":"VEC","stat_von":129600,"stat_bis":129740,"gew_seite":"R","UMnArtBez":"Gehölzneuanpflanzungen","UMNGrBez":"Gehölzpflege, Gehölzentwicklung","Von_km":"129+600","Bis_km":"129+740","IDUabschn":"VEC_14","KTR":"MABVE00200","Versatz_RE":20,"Akz":"62024-04","UMn_Bemerk":null,"versatz":35,"Shape_Length":258.02696530866098}},{"type":"Feature","id":59,"geometry":{"type":"LineString","coordinates":[[781508.37139999866,6886022.8115999997],[781489.23550000042,6885932.4139999971],[781407.04969999939,6885766.5414000005],[781394.0353000015,6885650.7682000026],[781403.81989999861,6885577.5569000021],[781485.49100000039,6885356.2414000034],[781546.52259999886,6885230.9781000018],[781700.83669999987,6885044.949500002]]},"properties":{"OBJECTID":59,"Massn_ID":50,"GEW":"VEC","stat_von":108300,"stat_bis":108930,"gew_seite":"L","UMnArtBez":"Gehölzneuanpflanzungen","UMNGrBez":"Gehölzpflege, Gehölzentwicklung","Von_km":"108+300","Bis_km":"108+930","IDUabschn":"VEC_6","KTR":"MABVE00100","Versatz_RE":-20,"Akz":"62024-04","UMn_Bemerk":"Im Projektgebiet Gehölzsäume vervollständigen","versatz":-35,"Shape_Length":1084.827927822696}},{"type":"Feature","id":60,"geometry":{"type":"LineString","coordinates":[[814231.19280000031,6925638.0895000026],[814241.371199999,6925697.3844000027],[814240.44000000134,6925737.2930999994],[814232.9541000016,6925763.795599997],[814221.15309999883,6925792.3536000028],[814053.46150000021,6926085.612999998],[814037.08410000056,6926130.0773999989],[814036.17330000177,6926220.8096000031],[814055.12180000171,6926271.7233000025],[814104.05480000004,6926354.920599997],[814145.57770000026,6926408.9426999986],[814192.28869999945,6926453.2338000014],[814350.94090000167,6926546.2787000015],[814428.0009999983,6926576.7466000021],[814480.90069999918,6926582.9321999997],[814521.04410000145,6926578.6926999986],[814564.86360000074,6926563.0631000027],[814600.89790000021,6926537.9373999983],[814646.24780000001,6926474.2555000037],[814771.996199999,6926081.8509000018],[814796.85190000013,6926017.0879999995],[814838.64530000091,6925960.7201000005],[814923.5196999982,6925924.7471999973],[815400.96519999951,6925835.9958000034],[815558.96090000123,6925823.2514000013],[815836.60159999877,6925838.123800002],[815876.76150000095,6925835.0381999984],[815928.7677000016,6925808.7656000033],[815941.90029999986,6925742.6083000004],[815931.0175999999,6925709.2506999969],[815869.36730000004,6925644.5141000003],[815456.77760000154,6925292.4112000018],[815410.63580000028,6925257.7203999981],[815297.28689999878,6925197.0305999964],[815258.0604000017,6925169.1570999995],[815213.28649999946,6925115.6529999971],[815195.80539999902,6925053.1319999993],[815205.53240000084,6924989.1114000008],[815231.22239999846,6924903.5684999973],[815253.49650000036,6924861.3932000026],[815278.13340000063,6924830.6053000018],[815489.45100000128,6924633.4530000016],[815618.35759999976,6924538.3515999988],[815740.35830000043,6924459.8403000012],[815861.97659999877,6924401.3650999963],[815984.13459999859,6924359.2853000015],[816094.85300000012,6924335.511500001],[816179.9263000004,6924329.4725999981],[816616.003800001,6924349.998300001],[816699.96959999949,6924364.869099997],[816825.66620000079,6924410.1256000027],[816945.61939999834,6924479.3614000008],[817025.25329999998,6924548.8786000013],[817105.05730000138,6924668.3699999973],[817176.66719999909,6924848.5804999992],[817227.00989999995,6925012.4587000012],[817238.27270000055,6925134.6080000028],[817236.19159999862,6925209.4161000028],[817211.52030000091,6925386.7678000033],[817241.97019999847,6925455.7123000026],[817289.08179999888,6925490.2048000023],[817331.85170000046,6925499.3985999972],[817380.78950000182,6925497.0276999995],[817721.4646999985,6925436.2400999963],[817887.65249999985,6925419.2871999964],[817961.47639999911,6925425.1028999984],[817998.875,6925440.1507999972],[818027.30649999902,6925467.932599999],[818027.29809999838,6925513.9113999978],[818010.12469999865,6925552.4619000033],[817877.01960000023,6925778.4261000007],[817812.17430000007,6925949.2342000008],[817794.25780000165,6926030.8650000021],[817787.91459999979,6926101.7182999998],[817780.6165000014,6926217.8413000032],[817783.22309999913,6926279.2374000028]]},"properties":{"OBJECTID":60,"Massn_ID":8,"GEW":"HAS","stat_von":2100,"stat_bis":7600,"gew_seite":"R","UMnArtBez":"(Hase, Variante 1) Mahd, zweimalig, ab dem 15.06 (Unterhaltungsweg und obere Hälfte der Böschung) und am dem 15.09 (Unterhaltungsweg und ganze Böschung)","UMNGrBez":"Mäh- und Beweidungsarbeiten","Von_km":"2+100","Bis_km":"7+600","IDUabschn":"HAS_2","KTR":"MAAHA00100","Versatz_RE":20,"Akz":"62024-03","UMn_Bemerk":" insbesondere soll die Trasse des Fuß-/Radweges, der zwischen Meppen und Bokeloh auf dem Unterhaltungsstreifen verläuft, zugunsten der Befahrbarkeit frei\u0002gehalten werden","versatz":20,"Shape_Length":9057.5835599454877}},{"type":"Feature","id":61,"geometry":{"type":"LineString","coordinates":[[775692.59259999916,6888421.1661000028],[775686.67529999837,6888357.8797999993],[775575.39350000024,6888080.821800001],[775492.88589999825,6887965.2910000011],[775372.41059999913,6887890.4588000029],[775340.07939999923,6887822.571800001],[775344.20380000025,6887763.9390999973],[775448.57620000094,6887514.1644999981],[775447.63190000132,6887505.1322999969],[775404.22019999847,6887431.5885000005],[775411.934799999,6887369.4161000028],[775467.24120000005,6887235.6526999995],[775872.54769999906,6886659.4650999978],[775916.74049999937,6886616.9657000005],[776192.4979000017,6886485.6843999997],[776209.2771999985,6886472.0656000003],[776289.15019999817,6886325.4482999966],[776344.253800001,6886152.9192999974]]},"properties":{"OBJECTID":61,"Massn_ID":52,"GEW":"DIN","stat_von":2760,"stat_bis":4450,"gew_seite":"L","UMnArtBez":"(Dinkel, G) Gehölze pflegen und entwickeln","UMNGrBez":"Gehölzpflege, Gehölzentwicklung","Von_km":"2+760","Bis_km":"4+450","IDUabschn":"DIN_3","KTR":"MABVE00300","Versatz_RE":-20,"Akz":"62024-05","UMn_Bemerk":"3-G","versatz":-35,"Shape_Length":2793.3519357618425}},{"type":"Feature","id":62,"geometry":{"type":"LineString","coordinates":[[818826.76720000058,6983841.1415000036],[818438.61239999905,6984204.0631999969]]},"properties":{"OBJECTID":62,"Massn_ID":52,"GEW":"GFD","stat_von":2530,"stat_bis":2850,"gew_seite":"R","UMnArtBez":"(Dinkel, G) Gehölze pflegen und entwickeln","UMNGrBez":"Gehölzpflege, Gehölzentwicklung","Von_km":"2+530","Bis_km":"2+850","IDUabschn":"GFD_1","KTR":"MABEN00100","Versatz_RE":20,"Akz":"62024-09","UMn_Bemerk":"Bestand pflegen, Einkürzen von Ästen ist als Einzelfallentscheidung zulässig zur Verkehrssicherungspflicht","versatz":-35,"Shape_Length":531.39091927719744}},{"type":"Feature","id":63,"geometry":{"type":"LineString","coordinates":[[805061.01520000026,6855977.4567999989],[805058.65729999915,6855827.3646000028],[805090.23460000008,6855560.0557999983],[805146.53819999844,6855362.3696999997],[805238.02659999952,6855227.6860999987],[805325.38010000065,6855152.7036999986],[805386.99100000039,6855116.3889999986],[805535.7547999993,6855058.0379000008],[805965.95829999819,6854962.9528999999],[806065.82019999996,6854922.4648000002]]},"properties":{"OBJECTID":63,"Massn_ID":201,"GEW":"VEC","stat_von":138500,"stat_bis":137500,"gew_seite":"L","UMnArtBez":"Mahd im Bereich der Bauwerke z.B. Schleusen, Wehranlagen, etc. Abflusshindernisse im Bereich der Bauwerke entfernen","UMNGrBez":"Bauwerke instandhalten bzw. Abfluss im Bereich von Bauwerken sicherstellen","Von_km":"138+500","Bis_km":"137+500","IDUabschn":"VEC_17","KTR":"MABVE00200","Versatz_RE":-20,"Akz":"62024-04","UMn_Bemerk":"Wehr Samern","versatz":-25,"Shape_Length":1682.4248733403322}},{"type":"Feature","id":64,"geometry":{"type":"LineString","coordinates":[[836224.38740000129,6920863.8523999974],[836366.75589999929,6920967.4309],[836425.80469999835,6921022.6336999983],[836499.23660000041,6921111.6743000001],[836533.70980000123,6921144.806599997],[836650.62629999965,6921239.9047999978],[836764.77279999852,6921309.7265999988],[836850.59800000116,6921352.7478],[837148.43389999866,6921485.4268999994],[837270.78730000183,6921547.6155999973],[837327.05909999833,6921582.0907000005],[837386.28390000015,6921629.3567999974],[837498.05990000069,6921741.3647999987],[837601.22989999875,6921875.8206999972],[837674.59250000119,6921991.1855000034],[837712.68090000004,6922132.5731000006],[837726.4338000007,6922220.0835999995],[837746.25160000101,6922448.9689000025]]},"properties":{"OBJECTID":64,"Massn_ID":8,"GEW":"HAS","stat_von":37580,"stat_bis":38980,"gew_seite":"L","UMnArtBez":"(Hase, Variante 1) Mahd, zweimalig, ab dem 15.06 (Unterhaltungsweg und obere Hälfte der Böschung) und am dem 15.09 (Unterhaltungsweg und ganze Böschung)","UMNGrBez":"Mäh- und Beweidungsarbeiten","Von_km":"37+580","Bis_km":"38+980","IDUabschn":"HAS_11","KTR":"MAAHA00100","Versatz_RE":-20,"Akz":"62024-03","UMn_Bemerk":null,"versatz":-20,"Shape_Length":2334.8984157398654}},{"type":"Feature","id":65,"geometry":{"type":"LineString","coordinates":[[802680.28950000182,6860969.8410999998],[802692.07789999992,6860900.0326000005],[802706.10330000147,6860864.6422000006],[802721.29210000113,6860838.0582000017],[802823.27120000124,6860713.4526000023],[802868.9290000014,6860668.9927999973],[802976.13390000165,6860596.9852000028],[803145.4039000012,6860499.565200001],[803215.04129999876,6860474.1164000034],[803286.64380000159,6860456.8794]]},"properties":{"OBJECTID":65,"Massn_ID":24,"GEW":"VEC","stat_von":133580,"stat_bis":134080,"gew_seite":"L","UMnArtBez":"(Vechte), Keine Mahd des unteren Gewässersaumes (2,00m) in den Pralluferbereichen","UMNGrBez":"Mäh- und Beweidungsarbeiten","Von_km":"133+580","Bis_km":"134+080","IDUabschn":"VEC_15","KTR":"MABVE00200","Versatz_RE":-20,"Akz":"62024-04","UMn_Bemerk":null,"versatz":-10,"Shape_Length":836.46248461081245}},{"type":"Feature","id":66,"geometry":{"type":"LineString","coordinates":[[772574.23319999874,6904813.4372000024],[772630.059799999,6904756.6761000007],[772679.74329999834,6904684.5702000037]]},"properties":{"OBJECTID":66,"Massn_ID":24,"GEW":"VEC","stat_von":92080,"stat_bis":92180,"gew_seite":"R","UMnArtBez":"(Vechte), Keine Mahd des unteren Gewässersaumes (2,00m) in den Pralluferbereichen","UMNGrBez":"Mäh- und Beweidungsarbeiten","Von_km":"92+080","Bis_km":"92+180","IDUabschn":"VEC_4","KTR":"MABVE00100","Versatz_RE":20,"Akz":"62024-04","UMn_Bemerk":null,"versatz":10,"Shape_Length":167.17973531189608}},{"type":"Feature","id":67,"geometry":{"type":"LineString","coordinates":[[775079.41120000184,6892383.6184],[775138.40689999983,6892365.2223000005],[775583.50149999931,6892301.6485999972],[775701.37220000103,6892291.454400003]]},"properties":{"OBJECTID":67,"Massn_ID":10,"GEW":"VEC","stat_von":101700,"stat_bis":102080,"gew_seite":"L","UMnArtBez":"(Vechte) Mahd, zweimalig, ab dem 15.07 und ab dem 01.09","UMNGrBez":"Mäh- und Beweidungsarbeiten","Von_km":"101+700","Bis_km":"102+080","IDUabschn":"VEC_6","KTR":"MABVE00100","Versatz_RE":-20,"Akz":"62024-04","UMn_Bemerk":null,"versatz":-20,"Shape_Length":629.71988380134167}},{"type":"Feature","id":68,"geometry":{"type":"LineString","coordinates":[[764481.11529999971,6913236.8665999994],[764120.3227000013,6913125.0901999995],[763225.18140000105,6913104.674999997]]},"properties":{"OBJECTID":68,"Massn_ID":6,"GEW":"PCK","stat_von":15880,"stat_bis":16660,"gew_seite":"R","UMnArtBez":"(Kanäle) Mahd, zweimalig, ab dem 15.06 und ab dem ???, Einseitig sind Röhrtricht- und Schilfbestände vor dem 01.09 von der Mahd auszuschließen","UMNGrBez":"Mäh- und Beweidungsarbeiten","Von_km":"15+880","Bis_km":"16+660","IDUabschn":"PCK_3","KTR":"MAAVE40500","Versatz_RE":20,"Akz":"62024-13","UMn_Bemerk":null,"versatz":-20,"Shape_Length":1273.0846267873628}},{"type":"Feature","id":69,"geometry":{"type":"LineString","coordinates":[[790124.06830000132,6888227.4721999988],[790158.94700000063,6888301.8008999974]]},"properties":{"OBJECTID":69,"Massn_ID":201,"GEW":"SNK","stat_von":3740,"stat_bis":3790,"gew_seite":"R","UMnArtBez":"Mahd im Bereich der Bauwerke z.B. Schleusen, Wehranlagen, etc. Abflusshindernisse im Bereich der Bauwerke entfernen","UMNGrBez":"Bauwerke instandhalten bzw. Abfluss im Bereich von Bauwerken sicherstellen","Von_km":"3+740","Bis_km":"3+790","IDUabschn":"SNK_2","KTR":"MAAVE10100","Versatz_RE":20,"Akz":"62024-12","UMn_Bemerk":null,"versatz":-20,"Shape_Length":82.105294330615024}},{"type":"Feature","id":70,"geometry":{"type":"LineString","coordinates":[[799307.69469999894,6868815.3805999979],[799396.21799999848,6868792.8015000001],[799469.22289999947,6868782.3209000006]]},"properties":{"OBJECTID":70,"Massn_ID":24,"GEW":"VEC","stat_von":126480,"stat_bis":126580,"gew_seite":"L","UMnArtBez":"(Vechte), Keine Mahd des unteren Gewässersaumes (2,00m) in den Pralluferbereichen","UMNGrBez":"Mäh- und Beweidungsarbeiten","Von_km":"126+480","Bis_km":"126+580","IDUabschn":"VEC_13","KTR":"MABVE00200","Versatz_RE":-20,"Akz":"62024-04","UMn_Bemerk":null,"versatz":-10,"Shape_Length":165.11084878864125}},{"type":"Feature","id":71,"geometry":{"type":"LineString","coordinates":[[799794.1110999994,6862553.3994000033],[800460.40320000052,6861927.0697000027],[800532.0474999994,6861849.7149000019]]},"properties":{"OBJECTID":71,"Massn_ID":10,"GEW":"VEC","stat_von":131440,"stat_bis":132065,"gew_seite":"L","UMnArtBez":"(Vechte) Mahd, zweimalig, ab dem 15.07 und ab dem 01.09","UMNGrBez":"Mäh- und Beweidungsarbeiten","Von_km":"131+440","Bis_km":"132+065","IDUabschn":"VEC_15","KTR":"MABVE00200","Versatz_RE":-20,"Akz":"62024-04","UMn_Bemerk":null,"versatz":-20,"Shape_Length":1019.8939640038719}},{"type":"Feature","id":72,"geometry":{"type":"LineString","coordinates":[[817783.2520999983,6926279.8066999987],[817795.93530000001,6926492.1679000035],[817839.01999999955,6926702.2356000021],[817935.08909999952,6927028.186999999],[817953.13599999994,6927056.7207999974],[817983.75499999896,6927076.5953999981],[818020.13830000162,6927084.302699998],[818061.71389999986,6927076.9558999985],[818111.26099999994,6927051.7946999967],[818195.57050000131,6926991.751699999],[818235.60190000013,6926973.4554999992],[818268.21169999987,6926969.5465999991],[818286.72920000181,6926972.9143999964],[818311.46040000021,6926986.6336999983],[818632.21779999882,6927228.2646000013],[818684.95949999988,6927257.9210999981],[818760.54060000181,6927282.3861000016],[818884.1398999989,6927308.5574999973],[819101.62370000035,6927339.7151999995],[819169.43609999865,6927342.884800002],[819337.48829999939,6927324.5240999982],[819672.66099999845,6927196.4926000014],[819878.64229999855,6927110.4196000025]]},"properties":{"OBJECTID":72,"Massn_ID":9,"GEW":"HAS","stat_von":7600,"stat_bis":9325,"gew_seite":"R","UMnArtBez":"(Hase, Variante 2) Mahd,  zweimalig, ab dem 01.07 (Unterhaltungsweg und obere Hälfte der Böschung) und ab dem 01.10 (Unterhaltunsweg und ganze Böschung)","UMNGrBez":"Mäh- und Beweidungsarbeiten","Von_km":"7+600","Bis_km":"9+325","IDUabschn":"HAS_3","KTR":"MAAHA00100","Versatz_RE":20,"Akz":"62024-03","UMn_Bemerk":null,"versatz":20,"Shape_Length":2906.2586213297682}},{"type":"Feature","id":73,"geometry":{"type":"LineString","coordinates":[[791307.93430000171,6944096.360799998],[791437.7452000007,6945883.1391000003],[791444.75539999828,6946069.5080000013],[791424.2313000001,6946168.0185000002],[791362.40790000185,6946284.0459999964],[791112.53940000013,6946577.4094000012]]},"properties":{"OBJECTID":73,"Massn_ID":5,"GEW":"SNK","stat_von":39605,"stat_bis":41190,"gew_seite":"L","UMnArtBez":"keine Mahd","UMNGrBez":"Mäh- und Beweidungsarbeiten","Von_km":"39+605","Bis_km":"41+190","IDUabschn":"SNK_10","KTR":"MAAEN10100","Versatz_RE":-20,"Akz":"62024-12","UMn_Bemerk":null,"versatz":20,"Shape_Length":2595.4368769405928}},{"type":"Feature","id":74,"geometry":{"type":"LineString","coordinates":[[775144.88509999961,6889996.3193000033],[775246.09699999914,6889979.9578000009],[775281.89900000021,6889967.7422999963],[775313.33610000089,6889949.0577000007],[775340.87440000102,6889924.5511000007],[775361.48649999872,6889896.5155000016],[775381.09090000018,6889850.3497999981],[775432.17639999837,6889554.4971999973],[775546.97260000184,6889079.2488999963],[775617.61140000075,6888906.934799999],[775672.17379999906,6888698.0182999969],[775709.84450000152,6888515.5815000013],[775717.00739999861,6888413.4934]]},"properties":{"OBJECTID":74,"Massn_ID":12,"GEW":"DIN","stat_von":1650,"stat_bis":2760,"gew_seite":"L","UMnArtBez":"(Dinkel, B) einmalige Sommermahd nach dem 15. Juli, \tBöschungsmahd unter Aussparung des Röhrichtsaums und der Gehölzbereiche (! Libellen !)","UMNGrBez":"Mäh- und Beweidungsarbeiten","Von_km":"1+650","Bis_km":"2+760","IDUabschn":"DIN_2","KTR":"MABVE00300","Versatz_RE":-20,"Akz":"62024-05","UMn_Bemerk":"2-B-2","versatz":-20,"Shape_Length":1778.6682793567504}},{"type":"Feature","id":75,"geometry":{"type":"LineString","coordinates":[[757048.32149999961,6909734.8567999974],[757173.61080000177,6909611.2544],[757199.68679999933,6909600.8925999999]]},"properties":{"OBJECTID":75,"Massn_ID":24,"GEW":"VEC","stat_von":80180,"stat_bis":80300,"gew_seite":"L","UMnArtBez":"(Vechte), Keine Mahd des unteren Gewässersaumes (2,00m) in den Pralluferbereichen","UMNGrBez":"Mäh- und Beweidungsarbeiten","Von_km":"80+180","Bis_km":"80+300","IDUabschn":"VEC_2","KTR":"MABVE00100","Versatz_RE":-20,"Akz":"62024-04","UMn_Bemerk":null,"versatz":-10,"Shape_Length":204.05635744573544}},{"type":"Feature","id":76,"geometry":{"type":"LineString","coordinates":[[800777.92159999907,6866530.5952000022],[800774.0971999988,6866465.1604000032]]},"properties":{"OBJECTID":76,"Massn_ID":50,"GEW":"VEC","stat_von":128500,"stat_bis":128540,"gew_seite":"L","UMnArtBez":"Gehölzneuanpflanzungen","UMNGrBez":"Gehölzpflege, Gehölzentwicklung","Von_km":"128+500","Bis_km":"128+540","IDUabschn":"VEC_13","KTR":"MABVE00200","Versatz_RE":-20,"Akz":"62024-04","UMn_Bemerk":"Gehölzsaum vervollständigen","versatz":-35,"Shape_Length":65.546465093634538}},{"type":"Feature","id":77,"geometry":{"type":"LineString","coordinates":[[786079.74529999867,6879878.3680000007],[786151.2025000006,6879877.1670999974],[786204.4096999988,6879863.2566],[786253.34530000016,6879836.4694000036],[786281.05050000176,6879816.1350999996],[786345.64530000091,6879750.7572000027],[786390.52219999954,6879692.1635000035],[786457.21970000118,6879585.8818000033]]},"properties":{"OBJECTID":77,"Massn_ID":24,"GEW":"VEC","stat_von":114280,"stat_bis":114580,"gew_seite":"R","UMnArtBez":"(Vechte), Keine Mahd des unteren Gewässersaumes (2,00m) in den Pralluferbereichen","UMNGrBez":"Mäh- und Beweidungsarbeiten","Von_km":"114+280","Bis_km":"114+580","IDUabschn":"VEC_8","KTR":"MABVE00400","Versatz_RE":20,"Akz":"62024-04","UMn_Bemerk":null,"versatz":10,"Shape_Length":507.80454183862582}},{"type":"Feature","id":78,"geometry":{"type":"LineString","coordinates":[[757383.62810000032,6909619.2440000027],[757432.22060000151,6909599.2035999969],[757478.247299999,6909555.9909999967],[757519.79659999907,6909477.000500001]]},"properties":{"OBJECTID":78,"Massn_ID":50,"GEW":"VEC","stat_von":80400,"stat_bis":80500,"gew_seite":"R","UMnArtBez":"Gehölzneuanpflanzungen","UMNGrBez":"Gehölzpflege, Gehölzentwicklung","Von_km":"80+400","Bis_km":"80+500","IDUabschn":"VEC_2","KTR":"MABVE00100","Versatz_RE":20,"Akz":"62024-04","UMn_Bemerk":null,"versatz":35,"Shape_Length":204.9474618134559}},{"type":"Feature","id":79,"geometry":{"type":"LineString","coordinates":[[816221.47089999914,6985622.8391000032],[816132.5474999994,6985642.4447999969]]},"properties":{"OBJECTID":79,"Massn_ID":400,"GEW":"GFD","stat_von":4515,"stat_bis":4570,"gew_seite":"L","UMnArtBez":"(Dinkel, A) \tBauwerke und Anlagen instand halten","UMNGrBez":"Bauwerkunterhaltung","Von_km":"4+515","Bis_km":"4+570","IDUabschn":"GFD_3","KTR":"MABEN00100","Versatz_RE":-20,"Akz":"62024-09","UMn_Bemerk":"Verwallung bei Bedarf instand halten für den Hochwasserschutz","versatz":25,"Shape_Length":91.059071704883692}},{"type":"Feature","id":80,"geometry":{"type":"LineString","coordinates":[[795034.42550000176,6871842.314199999],[795045.75019999966,6871845.1362000033],[795086.14889999852,6871837.2987999991],[795134.93620000035,6871812.4570000023],[795189.91649999842,6871766.5967999995]]},"properties":{"OBJECTID":80,"Massn_ID":24,"GEW":"VEC","stat_von":122980,"stat_bis":123080,"gew_seite":"R","UMnArtBez":"(Vechte), Keine Mahd des unteren Gewässersaumes (2,00m) in den Pralluferbereichen","UMNGrBez":"Mäh- und Beweidungsarbeiten","Von_km":"122+980","Bis_km":"123+080","IDUabschn":"VEC_13","KTR":"MABVE00200","Versatz_RE":20,"Akz":"62024-04","UMn_Bemerk":null,"versatz":10,"Shape_Length":179.16669749034182}},{"type":"Feature","id":81,"geometry":{"type":"LineString","coordinates":[[769815.04800000042,6907027.1032000035],[769876.29019999877,6906920.3687999994],[769962.69830000028,6906813.6252999976],[770031.32200000063,6906747.6424999982],[770099.32510000095,6906700.0511000007],[770170.32110000029,6906657.9778999984],[770458.53909999877,6906539.1643999964]]},"properties":{"OBJECTID":81,"Massn_ID":24,"GEW":"VEC","stat_von":89480,"stat_bis":89980,"gew_seite":"L","UMnArtBez":"(Vechte), Keine Mahd des unteren Gewässersaumes (2,00m) in den Pralluferbereichen","UMNGrBez":"Mäh- und Beweidungsarbeiten","Von_km":"89+480","Bis_km":"89+980","IDUabschn":"VEC_3","KTR":"MABVE00100","Versatz_RE":-20,"Akz":"62024-04","UMn_Bemerk":null,"versatz":-10,"Shape_Length":832.86496772936584}},{"type":"Feature","id":82,"geometry":{"type":"LineString","coordinates":[[813788.66310000047,6885265.0323999971],[813679.76539999992,6885063.7343000025],[813634.6286999993,6884988.5468999967],[813596.08460000157,6884946.0258999988],[812998.88179999962,6884553.5917999968],[812962.61019999906,6884546.0958999991],[812404.85700000077,6884832.8260999992],[812319.04870000109,6884865.8999999985],[812203.15879999846,6884900.5323999971],[812037.72470000014,6884885.6723000035]]},"properties":{"OBJECTID":82,"Massn_ID":6,"GEW":"EVK","stat_von":0,"stat_bis":1280,"gew_seite":"L","UMnArtBez":"(Kanäle) Mahd, zweimalig, ab dem 15.06 und ab dem ???, Einseitig sind Röhrtricht- und Schilfbestände vor dem 01.09 von der Mahd auszuschließen","UMNGrBez":"Mäh- und Beweidungsarbeiten","Von_km":"0+000","Bis_km":"1+280","IDUabschn":"EVK_1","KTR":"MAAVE20200","Versatz_RE":-20,"Akz":"62024-10","UMn_Bemerk":null,"versatz":20,"Shape_Length":2131.7461810659529}},{"type":"Feature","id":83,"geometry":{"type":"LineString","coordinates":[[791237.62750000134,6942118.5813999996],[791256.55700000003,6942297.4807000011],[791273.92720000073,6942564.8598000035]]},"properties":{"OBJECTID":83,"Massn_ID":6,"GEW":"SNK","stat_von":38410,"stat_bis":38680,"gew_seite":"R","UMnArtBez":"(Kanäle) Mahd, zweimalig, ab dem 15.06 und ab dem ???, Einseitig sind Röhrtricht- und Schilfbestände vor dem 01.09 von der Mahd auszuschließen","UMNGrBez":"Mäh- und Beweidungsarbeiten","Von_km":"38+410","Bis_km":"38+680","IDUabschn":"SNK_9","KTR":"MAAEN10100","Versatz_RE":20,"Akz":"62024-12","UMn_Bemerk":null,"versatz":-20,"Shape_Length":447.84071715946106}},{"type":"Feature","id":84,"geometry":{"type":"LineString","coordinates":[[752246.33830000088,6910963.4475999996],[752310.88929999992,6910942.9425999969],[752363.58729999885,6910947.3718999997],[752417.49010000005,6910962.9985999987],[752477.50919999927,6911002.4113999978]]},"properties":{"OBJECTID":84,"Massn_ID":50,"GEW":"VEC","stat_von":76750,"stat_bis":76870,"gew_seite":"L","UMnArtBez":"Gehölzneuanpflanzungen","UMNGrBez":"Gehölzpflege, Gehölzentwicklung","Von_km":"76+750","Bis_km":"76+870","IDUabschn":"VEC_1","KTR":"MABVE00100","Versatz_RE":-20,"Akz":"62024-04","UMn_Bemerk":null,"versatz":-35,"Shape_Length":248.53849676616142}},{"type":"Feature","id":85,"geometry":{"type":"LineString","coordinates":[[806470.2285999991,6854716.7045999989],[806549.86250000075,6854650.0169999972],[806590.26289999858,6854603.2932000011],[806637.64660000056,6854537.8338000029],[806751.78180000186,6854339.4026999995],[806789.45780000091,6854291.9323000014],[806828.12689999864,6854255.5820999965]]},"properties":{"OBJECTID":85,"Massn_ID":24,"GEW":"VEC","stat_von":138780,"stat_bis":139140,"gew_seite":"R","UMnArtBez":"(Vechte), Keine Mahd des unteren Gewässersaumes (2,00m) in den Pralluferbereichen","UMNGrBez":"Mäh- und Beweidungsarbeiten","Von_km":"138+780","Bis_km":"139+140","IDUabschn":"VEC_17","KTR":"MABVE00200","Versatz_RE":20,"Akz":"62024-04","UMn_Bemerk":null,"versatz":10,"Shape_Length":589.0374991641263}},{"type":"Feature","id":86,"geometry":{"type":"LineString","coordinates":[[775325.18930000067,6892333.2052000016],[775471.29149999842,6892312.3558000028]]},"properties":{"OBJECTID":86,"Massn_ID":201,"GEW":"VEC","stat_von":101850,"stat_bis":101940,"gew_seite":"L","UMnArtBez":"Mahd im Bereich der Bauwerke z.B. Schleusen, Wehranlagen, etc. Abflusshindernisse im Bereich der Bauwerke entfernen","UMNGrBez":"Bauwerke instandhalten bzw. Abfluss im Bereich von Bauwerken sicherstellen","Von_km":"101+850","Bis_km":"101+940","IDUabschn":"VEC_6","KTR":"MABVE00100","Versatz_RE":-20,"Akz":"62024-04","UMn_Bemerk":null,"versatz":-25,"Shape_Length":147.5823509925651}},{"type":"Feature","id":87,"geometry":{"type":"LineString","coordinates":[[768545.1099999994,6907974.3935000002],[768667.8227000013,6907830.617399998],[768723.88280000165,6907781.5235000029],[768801.63219999894,6907736.9371000007],[769435.62460000068,6907468.4411000013],[769555.20740000159,6907398.0658000037],[769658.65249999985,6907296.133100003],[769697.10460000113,6907240.1438999996],[769806.50120000169,6907007.3563999981],[769862.6229000017,6906911.1948999986],[769903.59849999845,6906858.5401000008],[769950.79390000179,6906802.2536000013],[770021.32290000096,6906734.4390999973],[770162.31920000166,6906643.4902999997],[770612.67309999838,6906454.7254000008],[770679.87920000032,6906432.9104000032],[770824.70450000092,6906418.5832000002],[771151.61540000141,6906411.2105000019],[771221.11290000007,6906400.3303000033],[771305.59310000017,6906375.1022000015],[771358.03940000013,6906345.9521000013],[771403.18320000172,6906311.6406000033],[771433.6484999992,6906278.3087000027],[771482.86589999869,6906196.5077999979],[771490.32690000162,6906172.9158999994],[771501.81709999964,6906111.7287999988],[771502.55330000073,6906052.9575999975],[771484.77919999883,6905967.5091999993],[771458.79870000109,6905915.6455999985]]},"properties":{"OBJECTID":87,"Massn_ID":10,"GEW":"VEC","stat_von":88480,"stat_bis":90880,"gew_seite":"L","UMnArtBez":"(Vechte) Mahd, zweimalig, ab dem 15.07 und ab dem 01.09","UMNGrBez":"Mäh- und Beweidungsarbeiten","Von_km":"88+480","Bis_km":"90+880","IDUabschn":"VEC_3","KTR":"MABVE00100","Versatz_RE":-20,"Akz":"62024-04","UMn_Bemerk":null,"versatz":-20,"Shape_Length":3906.326774902639}},{"type":"Feature","id":88,"geometry":{"type":"LineString","coordinates":[[775747.15230000019,6884699.7933999971],[775688.11309999973,6884647.0984999985],[775644.72150000185,6884583.1268000007],[775619.15340000018,6884452.5257000029]]},"properties":{"OBJECTID":88,"Massn_ID":50,"GEW":"DIN","stat_von":5600,"stat_bis":5800,"gew_seite":"R","UMnArtBez":"Gehölzneuanpflanzungen","UMNGrBez":"Gehölzpflege, Gehölzentwicklung","Von_km":"5+600","Bis_km":"5+800","IDUabschn":"DIN_4","KTR":"MABVE00300","Versatz_RE":20,"Akz":"62024-05","UMn_Bemerk":"(4-l-1)oh. und. uh. Brücke Grenzstraße","versatz":35,"Shape_Length":289.51500981641368}},{"type":"Feature","id":89,"geometry":{"type":"LineString","coordinates":[[808124.16470000148,6852874.3074999973],[808258.02789999917,6852780.7492000014]]},"properties":{"OBJECTID":89,"Massn_ID":50,"GEW":"VEC","stat_von":140400,"stat_bis":140500,"gew_seite":"R","UMnArtBez":"Gehölzneuanpflanzungen","UMNGrBez":"Gehölzpflege, Gehölzentwicklung","Von_km":"140+400","Bis_km":"140+500","IDUabschn":"VEC_18","KTR":"MABVE00200","Versatz_RE":20,"Akz":"62024-04","UMn_Bemerk":"uh. Kolk u. Kolk","versatz":35,"Shape_Length":163.31721223360464}},{"type":"Feature","id":90,"geometry":{"type":"LineString","coordinates":[[773918.57809999958,6899181.300999999],[773945.06320000067,6899159.5782999992],[774036.04410000145,6899063.7952999994]]},"properties":{"OBJECTID":90,"Massn_ID":24,"GEW":"VEC","stat_von":96480,"stat_bis":96580,"gew_seite":"R","UMnArtBez":"(Vechte), Keine Mahd des unteren Gewässersaumes (2,00m) in den Pralluferbereichen","UMNGrBez":"Mäh- und Beweidungsarbeiten","Von_km":"96+480","Bis_km":"96+580","IDUabschn":"VEC_5","KTR":"MABVE00100","Versatz_RE":20,"Akz":"62024-04","UMn_Bemerk":null,"versatz":10,"Shape_Length":166.35966264217706}},{"type":"Feature","id":91,"geometry":{"type":"LineString","coordinates":[[805131.36870000139,6855911.7397999987],[805132.13800000027,6855831.3909000009],[805153.94579999894,6855630.5918999985],[805182.73829999939,6855489.5297000036],[805208.04780000076,6855407.9070999995],[805232.05640000105,6855360.1165999994],[805275.27199999988,6855299.3420000002],[805312.28330000117,6855258.5416999981],[805367.34149999917,6855213.5165999979],[805460.52340000123,6855163.7457000017],[805556.8236999996,6855128.7797000036],[806012.38120000064,6855026.2651999965],[806088.07759999856,6854994.2631999999],[806153.84169999883,6854954.6925000027]]},"properties":{"OBJECTID":91,"Massn_ID":14,"GEW":"VEC","stat_von":137540,"stat_bis":138540,"gew_seite":"R","UMnArtBez":"(Vechte) Mahd, einmalig, drei- bis fünfjährlich, zw. 01.09  und 28.02","UMNGrBez":"Mäh- und Beweidungsarbeiten","Von_km":"137+540","Bis_km":"138+540","IDUabschn":"VEC_17","KTR":"MABVE00200","Versatz_RE":20,"Akz":"62024-04","UMn_Bemerk":null,"versatz":20,"Shape_Length":1600.0020628409166}},{"type":"Feature","id":92,"geometry":{"type":"LineString","coordinates":[[759532.86190000176,6914280.3933999985],[757926.24929999933,6915110.5653999969],[756963.30579999834,6915414.7556999996],[755613.44469999894,6916898.4794000015]]},"properties":{"OBJECTID":92,"Massn_ID":22,"GEW":"PCK","stat_von":19095,"stat_bis":22040,"gew_seite":"R","UMnArtBez":"(Kanäle) Mahd der Röhrricht- und Schilfbestände im jährlichen Wechsel, ab dem 01.10","UMNGrBez":"Mäh- und Beweidungsarbeiten","Von_km":"19+095","Bis_km":"22+040","IDUabschn":"PCK_4","KTR":"MAAVE40500","Versatz_RE":20,"Akz":"62024-13","UMn_Bemerk":null,"versatz":-35,"Shape_Length":4824.1509308705554}},{"type":"Feature","id":93,"geometry":{"type":"LineString","coordinates":[[789664.80299999937,6893921.8981000036],[789650.97370000184,6893991.6149000004],[789634.64139999822,6894034.3781000003],[789578.34849999845,6894101.3990999982],[789534.58060000092,6894177.2915000021],[789427.24399999902,6894324.4178000018],[789315.2890000008,6894492.2695999965],[789256.47329999879,6894613.1010999978],[789241.3925999999,6894663.6696999967],[789215.43719999865,6894819.5856000036],[789152.3647999987,6895473.1897],[789081.36930000037,6895954.4302999973],[788966.13120000064,6896626.5606999993],[788847.25310000032,6897259.9583000019],[788658.60300000012,6898333.3140999973],[788495.20670000091,6899198.2765000015],[788461.60720000044,6899333.370099999],[788439.27730000019,6899374.3552000001],[788388.52549999952,6899442.704400003]]},"properties":{"OBJECTID":93,"Massn_ID":5,"GEW":"SNK","stat_von":7355,"stat_bis":10850,"gew_seite":"L","UMnArtBez":"keine Mahd","UMNGrBez":"Mäh- und Beweidungsarbeiten","Von_km":"7+355","Bis_km":"10+850","IDUabschn":"SNK_4","KTR":"MAAVE10100","Versatz_RE":-20,"Akz":"62024-12","UMn_Bemerk":null,"versatz":20,"Shape_Length":5731.6499374288196}},{"type":"Feature","id":94,"geometry":{"type":"LineString","coordinates":[[775590.48299999908,6887244.2924999967],[775971.20120000094,6886709.9671000019]]},"properties":{"OBJECTID":94,"Massn_ID":21,"GEW":"DIN","stat_von":3600,"stat_bis":4000,"gew_seite":"R","UMnArtBez":"(Vechte) Röhriricht-, Schilfsaum belassen","UMNGrBez":"Mäh- und Beweidungsarbeiten","Von_km":"3+600","Bis_km":"4+000","IDUabschn":"DIN_3","KTR":"MABVE00300","Versatz_RE":null,"Akz":"62024-05","UMn_Bemerk":"3-B-1","versatz":30,"Shape_Length":656.08686992830235}},{"type":"Feature","id":95,"geometry":{"type":"LineString","coordinates":[[774797.19849999994,6882622.9393000007],[774688.47399999946,6882500.4331]]},"properties":{"OBJECTID":95,"Massn_ID":50,"GEW":"DIN","stat_von":7050,"stat_bis":7150,"gew_seite":"L","UMnArtBez":"Gehölzneuanpflanzungen","UMNGrBez":"Gehölzpflege, Gehölzentwicklung","Von_km":"7+050","Bis_km":"7+150","IDUabschn":"DIN_5","KTR":"MABVE00300","Versatz_RE":-20,"Akz":"62024-05","UMn_Bemerk":"5-3-2","versatz":-35,"Shape_Length":163.79495089578131}},{"type":"Feature","id":96,"geometry":{"type":"LineString","coordinates":[[816238.32030000165,6985695.7414999977],[816173.79639999941,6985711.681599997],[816098.66910000145,6985718.4078999981],[816065.32869999856,6985714.9598999992],[815876.99480000138,6985652.4993999973],[815834.19779999927,6985648.2044999972],[815818.22780000046,6985651.4592000023],[815776.14139999822,6985684.7731999978],[815742.77089999989,6985751.4743999988],[815730.25030000135,6985791.8368000016]]},"properties":{"OBJECTID":96,"Massn_ID":17,"GEW":"GFD","stat_von":4515,"stat_bis":4900,"gew_seite":"R","UMnArtBez":"(Goidfischdever) 1-malige Mahd der Böschungen (Herbstmahd), ab dem 1. September","UMNGrBez":"Mäh- und Beweidungsarbeiten","Von_km":"4+515","Bis_km":"4+900","IDUabschn":"GFD_3","KTR":"MABEN00100","Versatz_RE":20,"Akz":"62024-09","UMn_Bemerk":"Herbstmahd in gehölzfreien Bereichen nahe des Wehres, ansonsten keine Mahd zwischen den lückenhaften Gehölzbeständen","versatz":-20,"Shape_Length":603.65980399594139}},{"type":"Feature","id":97,"geometry":{"type":"LineString","coordinates":[[807735.53869999945,6853186.0415999964],[807734.34259999916,6853155.1429999992],[807741.07079999894,6853105.3794],[807745.81329999864,6853087.2224999964],[807767.87449999899,6853047.5182000026],[807792.28200000152,6853013.9632000029],[807813.37449999899,6852996.2267000005],[807919.70340000093,6852923.2541000023]]},"properties":{"OBJECTID":97,"Massn_ID":24,"GEW":"VEC","stat_von":140080,"stat_bis":140280,"gew_seite":"L","UMnArtBez":"(Vechte), Keine Mahd des unteren Gewässersaumes (2,00m) in den Pralluferbereichen","UMNGrBez":"Mäh- und Beweidungsarbeiten","Von_km":"140+080","Bis_km":"140+280","IDUabschn":"VEC_18","KTR":"MABVE00200","Versatz_RE":-20,"Akz":"62024-04","UMn_Bemerk":null,"versatz":-10,"Shape_Length":343.33797620307098}},{"type":"Feature","id":98,"geometry":{"type":"LineString","coordinates":[[837661.17810000107,6922645.0901999995],[837656.44880000129,6922724.4672000036],[837665.17009999976,6922763.7911000028],[837683.52169999853,6922801.5965000018],[837712.87950000167,6922839.3043000028],[837757.72129999846,6922881.2114000022],[837817.44359999895,6922929.059799999],[837891.31100000069,6922972.7290999964],[838358.64550000057,6923223.2324000001],[838443.86620000005,6923274.8105000034],[838526.64389999956,6923338.9902999997],[838561.43789999932,6923373.1843999997],[838639.94669999927,6923471.1511999965]]},"properties":{"OBJECTID":98,"Massn_ID":3,"GEW":"HAS","stat_von":39100,"stat_bis":39900,"gew_seite":"R","UMnArtBez":"Beobachtende Unterhaltung (keine Mahd, Gehölzaufwuchs wird zugelassen, Gehölzeinstürze nach Einzelfallentscheidung in Abstimmung mit UNB sichern oder entfernen, z.B. in Projektgebieten)","UMNGrBez":"keine/beobachtende Unterhaltung","Von_km":"39+100","Bis_km":"39+900","IDUabschn":"HAS_12","KTR":"MAAHA00100","Versatz_RE":20,"Akz":"62024-03","UMn_Bemerk":"Projektgebiet Andrup","versatz":20,"Shape_Length":1342.2452697700758}},{"type":"Feature","id":99,"geometry":{"type":"LineString","coordinates":[[771892.49049999937,6905248.1096000001],[771987.78319999948,6905244.8224000037],[772071.07050000131,6905204.7923000008]]},"properties":{"OBJECTID":99,"Massn_ID":50,"GEW":"VEC","stat_von":91600,"stat_bis":91700,"gew_seite":"R","UMnArtBez":"Gehölzneuanpflanzungen","UMNGrBez":"Gehölzpflege, Gehölzentwicklung","Von_km":"91+600","Bis_km":"91+700","IDUabschn":"VEC_3","KTR":"MABVE00100","Versatz_RE":20,"Akz":"62024-04","UMn_Bemerk":null,"versatz":35,"Shape_Length":187.75708171245839}},{"type":"Feature","id":100,"geometry":{"type":"LineString","coordinates":[[772410.62920000032,6904871.8555999994],[772531.27879999951,6904785.3487000018],[772591.90960000083,6904725.068400003],[772652.97709999979,6904633.8401999995],[772718.59919999912,6904517.2611000016],[772751.33680000156,6904483.6802000031],[773395.01379999891,6904155.5736000016],[773438.40920000151,6904123.4782999977],[773460.80270000175,6904094.1862000003],[773474.41950000077,6904056.0376000032],[773475.46579999849,6904019.1524000019],[773466.26909999922,6903987.7044999972],[773406.97949999943,6903868.7480000034],[773386.0410999991,6903806.7145999968],[773375.21189999953,6903741.7269999981],[773376.7333999984,6903688.1068999991],[773395.14409999922,6903568.255900003],[773448.08520000055,6903280.1860999987],[773482.2237999998,6903203.983099997],[773556.38399999961,6903124.9871999994],[773653.13599999994,6903040.3510000035],[773670.50160000101,6903013.384300001],[773678.55389999971,6902990.5973000005],[773676.70809999853,6902936.2197000012],[773650.67179999873,6902881.0045000017],[773626.59120000154,6902858.8511999995],[773545.35099999979,6902804.5322000012],[773492.30959999934,6902716.5477000028],[773477.22879999876,6902666.4887999967],[773477.6185999997,6902532.5603]]},"properties":{"OBJECTID":100,"Massn_ID":14,"GEW":"VEC","stat_von":91980,"stat_bis":93880,"gew_seite":"L","UMnArtBez":"(Vechte) Mahd, einmalig, drei- bis fünfjährlich, zw. 01.09  und 28.02","UMNGrBez":"Mäh- und Beweidungsarbeiten","Von_km":"91+980","Bis_km":"93+880","IDUabschn":"VEC_4","KTR":"MABVE00100","Versatz_RE":-20,"Akz":"62024-04","UMn_Bemerk":null,"versatz":-20,"Shape_Length":3091.4594510403922}},{"type":"Feature","id":101,"geometry":{"type":"LineString","coordinates":[[784081.78709999844,6883056.6085999981],[784025.57979999855,6882985.8539000005],[784006.72509999946,6882941.4781000018],[783984.64039999992,6882869.7854000032],[783979.5474999994,6882797.1401000023],[783989.71950000152,6882722.1673000008],[784002.26260000095,6882686.3972000033],[784052.13269999996,6882602.9500999972],[784112.52059999853,6882524.1542999968],[784138.57649999857,6882444.5041999966],[784137.98530000076,6882362.3295999989],[784088.4199000001,6882220.8945000023],[784079.42929999903,6882147.745099999],[784091.07600000128,6881716.3933999985],[784120.25120000169,6881516.690700002],[784157.08100000024,6881380.3929999992],[784218.3786999993,6881215.8927000016],[784386.03909999877,6880808.2303000018],[784407.2034999989,6880776.6182999983],[784440.32880000025,6880746.391900003],[784480.70089999959,6880722.4337000027],[784529.21829999983,6880710.2229000032],[784571.52149999887,6880710.1013000011],[784741.2890000008,6880738.814199999],[784822.68230000138,6880745.942900002],[784886.502700001,6880731.5327000022],[784972.80970000103,6880696.1748000011]]},"properties":{"OBJECTID":101,"Massn_ID":10,"GEW":"VEC","stat_von":111540,"stat_bis":113340,"gew_seite":"L","UMnArtBez":"(Vechte) Mahd, zweimalig, ab dem 15.07 und ab dem 01.09","UMNGrBez":"Mäh- und Beweidungsarbeiten","Von_km":"111+540","Bis_km":"113+340","IDUabschn":"VEC_7","KTR":"MABVE00100","Versatz_RE":-20,"Akz":"62024-04","UMn_Bemerk":"Zeitliche Durchführung der Böschungsmahd zwischen Ende Juli und Ende März. Brut- und Laichzeit von Anfang April bis Mitte/Ende Juli soweit wie möglich ausnehmen; in unvermeidlichen Fällen nur abschnittsweise mähen.","versatz":-20,"Shape_Length":3011.626803548324}},{"type":"Feature","id":102,"geometry":{"type":"LineString","coordinates":[[775885.88069999963,6886682.113499999],[775930.62920000032,6886637.6317000017],[776209.31450000033,6886504.9340000004]]},"properties":{"OBJECTID":102,"Massn_ID":14,"GEW":"DIN","stat_von":3980,"stat_bis":4200,"gew_seite":"L","UMnArtBez":"(Dinkel, B) mehrjährlich keine Mahd, Uferstaudenfluren werden in gehölzarmen Böschungsbereichen entwickelt","UMNGrBez":"Mäh- und Beweidungsarbeiten","Von_km":"3+980","Bis_km":"4+200","IDUabschn":"DIN_3","KTR":"MABVE00300","Versatz_RE":-20,"Akz":"62024-05","UMn_Bemerk":"3-B-1 (Libellen, Eisvogel)","versatz":-20,"Shape_Length":371.76078398560924}},{"type":"Feature","id":103,"geometry":{"type":"LineString","coordinates":[[795353.58549999818,6871744.1660000011],[795450.20749999955,6871698.6555000022],[795494.71510000154,6871641.0428000018],[795516.71959999949,6871585.007600002]]},"properties":{"OBJECTID":103,"Massn_ID":50,"GEW":"VEC","stat_von":123180,"stat_bis":123300,"gew_seite":"R","UMnArtBez":"Gehölzneuanpflanzungen","UMNGrBez":"Gehölzpflege, Gehölzentwicklung","Von_km":"123+180","Bis_km":"123+300","IDUabschn":"VEC_13","KTR":"MABVE00200","Versatz_RE":20,"Akz":"62024-04","UMn_Bemerk":null,"versatz":35,"Shape_Length":239.8066063006967}},{"type":"Feature","id":104,"geometry":{"type":"LineString","coordinates":[[805066.07339999825,6855911.1111999974],[805066.87440000102,6855827.5241999999],[805089.36369999871,6855620.4654000029],[805119.42119999975,6855473.2119000033],[805147.30119999871,6855383.3017999977],[805175.9888000004,6855326.1984999999],[805224.35709999874,6855258.1785999984],[805267.24749999866,6855210.8979000002],[805331.01240000129,6855158.753200002],[805433.92199999839,6855103.7871000022],[805538.48389999941,6855065.8215000033],[805992.38729999959,6854963.680399999],[806058.44480000064,6854935.7536000013],[806120.24190000072,6854898.5702000037]]},"properties":{"OBJECTID":104,"Massn_ID":14,"GEW":"VEC","stat_von":137540,"stat_bis":138540,"gew_seite":"L","UMnArtBez":"(Vechte) Mahd, einmalig, drei- bis fünfjährlich, zw. 01.09  und 28.02","UMNGrBez":"Mäh- und Beweidungsarbeiten","Von_km":"137+540","Bis_km":"138+540","IDUabschn":"VEC_17","KTR":"MABVE00200","Versatz_RE":-20,"Akz":"62024-04","UMn_Bemerk":null,"versatz":-20,"Shape_Length":1666.8697317976271}},{"type":"Feature","id":105,"geometry":{"type":"LineString","coordinates":[[823388.81260000169,6925827.1084999964],[823481.32039999962,6925771.1338],[823603.55099999905,6925653.9297999963],[823629.71939999983,6925614.6617999971],[823637.65029999986,6925541.9796999991],[823606.44350000098,6925412.0324999988],[823606.17269999906,6925345.6963],[823646.1911999993,6925220.2976000011],[823706.63850000128,6925078.4151000008],[823767.20059999824,6924956.6252000034],[823798.41420000046,6924934.5947000012],[823844.76209999993,6924925.9579999968],[823891.03979999945,6924933.6398999989],[823956.80999999866,6924955.6765000001],[824038.43820000067,6924996.496100001],[824076.26920000091,6925031.2356000021],[824125.52329999954,6925111.8298999965],[824145.19949999824,6925130.1062000021],[824168.26920000091,6925131.7283999994],[824172.55460000038,6925129.5874999985],[824177.20369999856,6925122.6697999984],[824181.58980000019,6925081.8343999982],[824154.88100000098,6924983.7814000025],[824064.79170000181,6924781.9372000024],[823993.0588000007,6924631.324500002],[823958.36560000107,6924599.7145999968],[823848.73900000006,6924533.0367000028],[823812.61430000141,6924518.1385999992],[823761.47509999946,6924514.0068999976],[823674.20850000158,6924529.2897000015],[823576.02939999849,6924574.2735999972],[823499.32719999924,6924598.9109999985],[823418.88369999826,6924594.059799999],[823391.7760999985,6924562.4917000011],[823383.58439999819,6924527.4660999998],[823400.67210000008,6924484.9375],[823437.23690000176,6924443.0773999989],[823514.93140000105,6924383.3093999997],[823557.54399999976,6924363.0773999989],[823902.50620000064,6924274.9136999995],[824074.03489999846,6924217.7145000026],[824168.87860000134,6924192.8122999966],[824341.71200000122,6924181.8764000013],[824466.58350000158,6924147.4038999975],[824590.32449999824,6924041.2000999972],[824626.83179999888,6923998.4328000024],[824731.51830000058,6923739.6163000017],[824766.41319999844,6923682.2338000014],[824818.00739999861,6923633.5844999999],[824864.92139999941,6923607.9479999989],[825111.83170000091,6923517.0056999996],[825194.7333999984,6923471.4144999981],[825255.11290000007,6923418.3329000026],[825370.2098999992,6923294.141900003],[825428.0634999983,6923222.8647999987],[825571.70580000058,6923009.6516999975],[825731.68739999831,6922657.2681000009],[825773.03269999847,6922533.6172000021],[825839.9021999985,6922408.8153999969]]},"properties":{"OBJECTID":105,"Massn_ID":3,"GEW":"HAS","stat_von":18100,"stat_bis":21900,"gew_seite":"L","UMnArtBez":"Beobachtende Unterhaltung (keine Mahd, Gehölzaufwuchs wird zugelassen, Gehölzeinstürze nach Einzelfallentscheidung in Abstimmung mit UNB sichern oder entfernen, z.B. in Projektgebieten)","UMNGrBez":"keine/beobachtende Unterhaltung","Von_km":"18+100","Bis_km":"21+900","IDUabschn":"HAS_6","KTR":"MAAHA00100","Versatz_RE":-20,"Akz":"62024-03","UMn_Bemerk":"u.a. Projektgebiet","versatz":-20,"Shape_Length":6242.5155596138338}},{"type":"Feature","id":106,"geometry":{"type":"LineString","coordinates":[[786984.2826000005,6903858.6931999996],[787012.94000000134,6903898.6124000028],[787018.0278000012,6903936.8303000033],[786969.3040000014,6906867.1520000026],[786923.48710000142,6908921.6797000021],[786926.88639999926,6908990.0390999988],[786937.89299999923,6909029.8655999973],[786957.50400000066,6909076.750500001],[786999.39220000058,6909133.7964000031],[787802.46709999815,6909896.7426000014],[788887.92529999837,6910912.7188000008],[788930.38049999997,6910954.5495999977],[789010.70259999856,6911050.8536999971]]},"properties":{"OBJECTID":106,"Massn_ID":11,"GEW":"SNK","stat_von":14400,"stat_bis":19310,"gew_seite":"L","UMnArtBez":"(Kanäle) Mahd, einmalig, ab dem 15.06, Einseitig sind Röhrtricht- und Schilfbestände vor dem 01.09 von der Mahd auszuschließen","UMNGrBez":"Mäh- und Beweidungsarbeiten","Von_km":"14+400","Bis_km":"19+310","IDUabschn":"SNK_6","KTR":"MAAVE10100","Versatz_RE":-20,"Akz":"62024-12","UMn_Bemerk":null,"versatz":20,"Shape_Length":8084.2813346347302}},{"type":"Feature","id":107,"geometry":{"type":"LineString","coordinates":[[788154.12790000066,6880124.6207000017],[788037.77169999853,6879681.6221999973],[787954.2034999989,6879407.9438000023],[787913.35500000045,6879332.2798999995],[787701.12680000067,6879041.9726999998]]},"properties":{"OBJECTID":107,"Massn_ID":6,"GEW":"VBK","stat_von":15,"stat_bis":748,"gew_seite":"R","UMnArtBez":"(Kanäle) Mahd, zweimalig, ab dem 15.06 und ab dem ???, Einseitig sind Röhrtricht- und Schilfbestände vor dem 01.09 von der Mahd auszuschließen","UMNGrBez":"Mäh- und Beweidungsarbeiten","Von_km":"0+015","Bis_km":"0+748","IDUabschn":"VBK_1","KTR":"MAAVE20300","Versatz_RE":20,"Akz":"62024-15","UMn_Bemerk":null,"versatz":-20,"Shape_Length":1189.7732584385499}},{"type":"Feature","id":108,"geometry":{"type":"LineString","coordinates":[[758055.25690000132,6908954.4513000026],[758116.76480000094,6908918.1019999981],[758214.94170000032,6908881.9077999964],[758312.63610000163,6908872.7206000015],[758419.70540000126,6908885.3408999965]]},"properties":{"OBJECTID":108,"Massn_ID":50,"GEW":"VEC","stat_von":81000,"stat_bis":81210,"gew_seite":"L","UMnArtBez":"Gehölzneuanpflanzungen","UMNGrBez":"Gehölzpflege, Gehölzentwicklung","Von_km":"81+000","Bis_km":"81+210","IDUabschn":"VEC_2","KTR":"MABVE00100","Versatz_RE":-20,"Akz":"62024-04","UMn_Bemerk":"ab Mündung Mittelschloot Overingen","versatz":-35,"Shape_Length":382.01783324811782}},{"type":"Feature","id":109,"geometry":{"type":"LineString","coordinates":[[800681.55829999968,6865917.0459000021],[800709.21999999881,6865846.0300000012],[800695.72190000117,6865761.7946000025]]},"properties":{"OBJECTID":109,"Massn_ID":50,"GEW":"VEC","stat_von":128970,"stat_bis":129050,"gew_seite":"R","UMnArtBez":"Gehölzneuanpflanzungen","UMNGrBez":"Gehölzpflege, Gehölzentwicklung","Von_km":"128+970","Bis_km":"129+050","IDUabschn":"VEC_13","KTR":"MABVE00200","Versatz_RE":20,"Akz":"62024-04","UMn_Bemerk":null,"versatz":35,"Shape_Length":161.52307210721142}},{"type":"Feature","id":110,"geometry":{"type":"LineString","coordinates":[[784993.20259999856,6880740.8856000006],[785047.85819999874,6880710.1815000027],[785107.1110999994,6880644.7204999998],[785234.23470000178,6880465.567400001],[785253.06340000033,6880433.4294999987],[785265.47060000151,6880400.818599999],[785270.35240000114,6880375.135300003],[785270.25600000098,6880269.0219999999]]},"properties":{"OBJECTID":110,"Massn_ID":24,"GEW":"VEC","stat_von":113340,"stat_bis":113680,"gew_seite":"R","UMnArtBez":"(Vechte), Keine Mahd des unteren Gewässersaumes (2,00m) in den Pralluferbereichen","UMNGrBez":"Mäh- und Beweidungsarbeiten","Von_km":"113+340","Bis_km":"113+680","IDUabschn":"VEC_8","KTR":"MABVE00400","Versatz_RE":20,"Akz":"62024-04","UMn_Bemerk":null,"versatz":10,"Shape_Length":575.0530190875229}},{"type":"Feature","id":111,"geometry":{"type":"LineString","coordinates":[[756516.85850000009,6909964.0539000034],[756630.54910000041,6909870.629900001]]},"properties":{"OBJECTID":111,"Massn_ID":50,"GEW":"VEC","stat_von":79820,"stat_bis":79910,"gew_seite":"L","UMnArtBez":"Gehölzneuanpflanzungen","UMNGrBez":"Gehölzpflege, Gehölzentwicklung","Von_km":"79+820","Bis_km":"79+910","IDUabschn":"VEC_2","KTR":"MABVE00100","Versatz_RE":-20,"Akz":"62024-04","UMn_Bemerk":"uh. Brücke Echteler Straße","versatz":-35,"Shape_Length":147.15160992965659}},{"type":"Feature","id":112,"geometry":{"type":"LineString","coordinates":[[851300.6986999996,6924994.4741000012],[851327.03849999979,6925017.6347000003],[851397.86520000175,6925102.2004999965],[851426.4813000001,6925147.4891000018],[851444.75439999998,6925209.8408999965],[851446.12170000002,6925281.1537000015],[851429.98739999905,6925352.2722000033],[851239.76680000126,6925845.6273000017],[851207.31219999865,6925964.1586999968],[851187.66220000014,6926134.8985000029],[851171.84870000184,6926436.3061999977],[851175.12209999934,6926489.9968999997],[851182.08139999956,6926539.867899999],[851224.45369999856,6926644.3576999977],[851376.50180000067,6926958.7968999967],[851441.92850000039,6927079.2766999975],[851509.60420000181,6927178.3364999965],[851676.81980000064,6927372.1026000008],[851736.51159999892,6927436.3716000021],[851781.72340000048,6927470.2135000005],[851878.20800000057,6927503.7184000015],[852124.62070000172,6927498.1291999966],[852153.26170000061,6927503.3363000005],[852218.92489999905,6927539.1422000006],[852315.99399999902,6927640.1495999992],[852361.34730000049,6927698.2116999999],[852639.28519999981,6928120.4764999971],[852686.11369999871,6928171.4180999994],[852744.6015000008,6928219.2754999995],[852796.94209999964,6928254.9505999982],[852842.29309999943,6928275.2779999971],[852947.82090000063,6928301.0978000015],[853055.80669999868,6928297.6969000027],[853115.88500000164,6928285.7215000018],[853182.4637000002,6928264.4875999987],[853393.57149999961,6928166.0130999982],[853527.70809999853,6928135.0265000015],[853626.38170000166,6928137.7877999991],[853957.23330000043,6928225.6504999995]]},"properties":{"OBJECTID":112,"Massn_ID":26,"GEW":"HAS","stat_von":49292,"stat_bis":52526,"gew_seite":"R","UMnArtBez":"Einmalige Mahd (Sommermahd) zwischen dem 16. Juli und dem 31. August jeweils auf einer Seite im jährlichen Wechsel. Bevorzugt nach dem 01 August.","UMNGrBez":"Mäh- und Beweidungsarbeiten","Von_km":"49+292","Bis_km":"52+526","IDUabschn":"HAS_16","KTR":"MABHA00200","Versatz_RE":20,"Akz":"62024-03","UMn_Bemerk":"in Kombination mit der Herbstmahd im jährlichen Wechsel (in geraden Jahren Sommermahd in ungeraden Herbstmahd","versatz":20,"Shape_Length":5345.9711676703173}},{"type":"Feature","id":113,"geometry":{"type":"LineString","coordinates":[[793099.89779999852,6872973.8231000006],[793119.98770000041,6872930.1393999979],[793190.98490000144,6872827.1587999985]]},"properties":{"OBJECTID":113,"Massn_ID":201,"GEW":"VEC","stat_von":121490,"stat_bis":121600,"gew_seite":"R","UMnArtBez":"Mahd im Bereich der Bauwerke z.B. Schleusen, Wehranlagen, etc. Abflusshindernisse im Bereich der Bauwerke entfernen","UMNGrBez":"Bauwerke instandhalten bzw. Abfluss im Bereich von Bauwerken sicherstellen","Von_km":"121+490","Bis_km":"121+600","IDUabschn":"VEC_12","KTR":"MABVE00200","Versatz_RE":20,"Akz":"62024-04","UMn_Bemerk":"Wehr Brandlecht","versatz":25,"Shape_Length":173.16430483047805}},{"type":"Feature","id":114,"geometry":{"type":"LineString","coordinates":[[787038.14359999821,6903807.2109000012],[787038.34730000049,6903820.4589999989],[787041.55290000141,6903827.3752999976],[787075.82539999858,6903873.2038000003],[787083.78669999912,6903933.001699999],[787035.00180000067,6906868.4368999973],[786989.25059999898,6908920.7744000033],[786992.17000000179,6908979.4745000005],[787000.12060000002,6909008.242399998],[787015.0859999992,6909044.0200000033],[787048.85509999841,6909090.0082999989],[787847.50649999827,6909848.7427999973],[788933.91679999977,6910865.5983999968],[789029.61059999838,6910968.2480000034]]},"properties":{"OBJECTID":114,"Massn_ID":5,"GEW":"SNK","stat_von":14380,"stat_bis":19280,"gew_seite":"R","UMnArtBez":"keine Mahd","UMNGrBez":"Mäh- und Beweidungsarbeiten","Von_km":"14+380","Bis_km":"19+280","IDUabschn":"SNK_6","KTR":"MAAVE10100","Versatz_RE":20,"Akz":"62024-12","UMn_Bemerk":null,"versatz":-20,"Shape_Length":8041.5505855754045}},{"type":"Feature","id":115,"geometry":{"type":"LineString","coordinates":[[762921.05790000036,6909732.9492999986],[763013.3209999986,6909771.4556000009],[763065.26170000061,6909773.0045000017]]},"properties":{"OBJECTID":115,"Massn_ID":50,"GEW":"VEC","stat_von":84220,"stat_bis":84300,"gew_seite":"R","UMnArtBez":"Gehölzneuanpflanzungen","UMNGrBez":"Gehölzpflege, Gehölzentwicklung","Von_km":"84+220","Bis_km":"84+300","IDUabschn":"VEC_3","KTR":"MABVE00100","Versatz_RE":20,"Akz":"62024-04","UMn_Bemerk":"oh. u. uh. Grabeneinmündung","versatz":35,"Shape_Length":151.93986033415217}},{"type":"Feature","id":116,"geometry":{"type":"LineString","coordinates":[[786390.24199999869,6883679.1502000019],[786178.50690000132,6883918.2493999973],[786110.31529999897,6883983.8520999998],[786042.78759999946,6884024.1102000028],[785977.59519999847,6884043.0716999993],[785920.2965000011,6884044.2629000023],[785834.64660000056,6884027.8496999964],[785101.84259999916,6883842.2101999968]]},"properties":{"OBJECTID":116,"Massn_ID":5,"GEW":"EVK","stat_von":19830,"stat_bis":20700,"gew_seite":"R","UMnArtBez":"keine Mahd","UMNGrBez":"Mäh- und Beweidungsarbeiten","Von_km":"19+830","Bis_km":"20+700","IDUabschn":"EVK_4","KTR":"MAAVE20200","Versatz_RE":20,"Akz":"62024-10","UMn_Bemerk":null,"versatz":-20,"Shape_Length":1460.982280631599}},{"type":"Feature","id":117,"geometry":{"type":"LineString","coordinates":[[789593.63080000132,6911764.0975999981],[790054.84299999848,6912416.9447000027],[790080.34589999914,6912467.1787],[790160.15599999949,6912731.5797000006],[790184.44269999862,6914843.8330999985],[790189.75809999928,6915911.8334000036],[790214.40749999881,6917538.0344000012],[790209.01570000127,6917580.056400001],[790217.01069999859,6917621.6415999979],[790217.933699999,6917813.8344999999],[790212.00290000066,6917899.547799997],[790183.84650000185,6918062.5744000003],[790043.03869999945,6918860.4535000026],[789969.33639999852,6919238.9808000028],[789736.28480000049,6920596.4540999979],[789728.34750000015,6920711.8298999965],[790065.59250000119,6925441.2136000022],[790122.41450000182,6926347.1983999982],[790333.5364000015,6929416.818599999]]},"properties":{"OBJECTID":117,"Massn_ID":5,"GEW":"SNK","stat_von":19870,"stat_bis":30700,"gew_seite":"R","UMnArtBez":"keine Mahd","UMNGrBez":"Mäh- und Beweidungsarbeiten","Von_km":"19+870","Bis_km":"30+700","IDUabschn":"SNK_7","KTR":"MAAEN10100","Versatz_RE":20,"Akz":"62024-12","UMn_Bemerk":null,"versatz":-20,"Shape_Length":17881.76603342883}},{"type":"Feature","id":118,"geometry":{"type":"LineString","coordinates":[[751710.06109999865,6911277.7589000016],[751725.30590000004,6911260.0565000027],[751774.25809999928,6911220.7149000019],[751850.71379999816,6911183.5088]]},"properties":{"OBJECTID":118,"Massn_ID":24,"GEW":"VEC","stat_von":76380,"stat_bis":76480,"gew_seite":"L","UMnArtBez":"(Vechte), Keine Mahd des unteren Gewässersaumes (2,00m) in den Pralluferbereichen","UMNGrBez":"Mäh- und Beweidungsarbeiten","Von_km":"76+380","Bis_km":"76+480","IDUabschn":"VEC_1","KTR":"MABVE00100","Versatz_RE":-20,"Akz":"62024-04","UMn_Bemerk":null,"versatz":-10,"Shape_Length":171.19185905921805}},{"type":"Feature","id":119,"geometry":{"type":"LineString","coordinates":[[803656.15329999849,6860079.0913999975],[803583.78770000115,6859881.6045000032],[803585.01159999892,6859811.7831000015],[803630.20560000092,6859727.7454999983]]},"properties":{"OBJECTID":119,"Massn_ID":50,"GEW":"VEC","stat_von":134500,"stat_bis":134700,"gew_seite":"L","UMnArtBez":"Gehölzneuanpflanzungen","UMNGrBez":"Gehölzpflege, Gehölzentwicklung","Von_km":"134+500","Bis_km":"134+700","IDUabschn":"VEC_15","KTR":"MABVE00200","Versatz_RE":-20,"Akz":"62024-04","UMn_Bemerk":"Gehölzsaum vervollständigen","versatz":-35,"Shape_Length":375.57925659912786}},{"type":"Feature","id":120,"geometry":{"type":"LineString","coordinates":[[773864.63159999996,6895289.4985999987],[773788.1763000004,6895051.7851999998],[773771.1596999988,6894923.5540999994],[773766.05799999833,6894745.191399999],[773779.27259999886,6894642.1011999995],[773798.95270000026,6894555.0989999995],[773848.46849999949,6894404.7801000029],[773989.19350000098,6894135.7159999982],[774032.77100000158,6894074.1559000015],[774075.02050000057,6894030.8110999987],[774124.98000000045,6893992.2556999996],[774291.22360000014,6893908.4179000035],[774340.7050999999,6893859.9178000018],[774438.20340000093,6893587.1805000007],[774502.43919999897,6893457.3764000013],[774681.17330000177,6893221.889700003],[774724.76220000163,6893129.9283000007],[774729.20369999856,6893011.324000001],[774718.21829999983,6892935.4663000032],[774732.71620000154,6892860.6818000004],[774959.39530000091,6892485.1457000002],[774998.7237999998,6892430.7789999992],[775072.35819999874,6892386.7722999975]]},"properties":{"OBJECTID":120,"Massn_ID":10,"GEW":"VEC","stat_von":99680,"stat_bis":101700,"gew_seite":"L","UMnArtBez":"(Vechte) Mahd, zweimalig, ab dem 15.07 und ab dem 01.09","UMNGrBez":"Mäh- und Beweidungsarbeiten","Von_km":"99+680","Bis_km":"101+700","IDUabschn":"VEC_5","KTR":"MABVE00100","Versatz_RE":-20,"Akz":"62024-04","UMn_Bemerk":"Mahd durch Dritte???","versatz":-20,"Shape_Length":3361.9866181059406}},{"type":"Feature","id":121,"geometry":{"type":"LineString","coordinates":[[755491.69640000165,6910737.0037999973],[755588.06480000168,6910711.8333000019],[755633.49980000034,6910685.3761000037],[755707.43679999933,6910631.3676000014],[755847.19440000132,6910512.0756999999],[756103.99819999933,6910369.3232000023],[756235.97150000185,6910285.509300001],[756555.04809999838,6909959.3792999983],[756635.2239000015,6909892.9481000006],[756703.48160000145,6909863.9255999997],[756774.26309999824,6909852.0675000027],[756868.30319999903,6909847.3068000004],[756971.61899999902,6909790.9016999975],[757164.31080000103,6909597.2300999984],[757276.04360000044,6909552.8303000033],[757347.81019999832,6909536.047799997],[757382.52639999986,6909521.7303000018],[757405.64570000023,6909500.0249999985],[757427.12609999999,6909461.1846000031],[757491.9012000002,6909298.4926000014],[757528.17700000107,6909253.2162000015],[757556.28770000115,6909233.5253999978],[757646.14759999886,6909208.8660999984],[757800.77919999883,6909198.1230000034],[757837.33419999853,6909185.9579999968],[757889.05939999968,6909152.7035999969],[757946.43600000069,6909098.1887999997],[758026.60130000114,6909002.3580000028],[758127.09530000016,6908940.6186000034],[758219.81320000067,6908906.4368999973],[758271.78009999916,6908899.4438000023],[758369.36050000042,6908899.3461999968],[758513.35310000181,6908936.751699999],[759854.08839999884,6909369.0666999966],[760451.55519999936,6909514.9697000012],[760580.45729999989,6909605.3861000016],[760628.14279999956,6909630.3405999988],[760669.20089999959,6909642.3166000023],[760704.74469999969,6909644.1296000034]]},"properties":{"OBJECTID":121,"Massn_ID":10,"GEW":"VEC","stat_von":79020,"stat_bis":82680,"gew_seite":"L","UMnArtBez":"(Vechte) Mahd, zweimalig, ab dem 15.07 und ab dem 01.09","UMNGrBez":"Mäh- und Beweidungsarbeiten","Von_km":"79+020","Bis_km":"82+680","IDUabschn":"VEC_2","KTR":"MABVE00100","Versatz_RE":-20,"Akz":"62024-04","UMn_Bemerk":null,"versatz":-20,"Shape_Length":6025.2669717482368}},{"type":"Feature","id":122,"geometry":{"type":"LineString","coordinates":[[775814.9776000008,6888409.6648000032],[775807.38780000061,6888328.5041000023],[775683.91079999879,6888021.0964000002],[775578.51720000058,6887873.5235999972],[775467.79529999942,6887804.7514000013],[775464.96779999882,6887798.8144999966],[775465.38800000027,6887792.8394000009],[775574.09349999949,6887532.6841999963],[775567.07250000164,6887465.5332999974],[775531.36679999903,6887405.0465999991],[775531.84629999846,6887401.1819000021],[775575.55050000176,6887295.4751999974],[775966.16440000013,6886740.1603000015],[775987.44629999995,6886719.693400003],[776258.44619999826,6886590.6743000001],[776305.4888000004,6886552.491899997],[776402.61710000038,6886374.1947000027],[776461.28889999911,6886190.4847000018]]},"properties":{"OBJECTID":122,"Massn_ID":9,"GEW":"DIN","stat_von":2760,"stat_bis":4450,"gew_seite":"R","UMnArtBez":"(Dinkel, K) Monitoring zur Profilentwicklung durchführen","UMNGrBez":"Monitoring","Von_km":"2+760","Bis_km":"4+450","IDUabschn":"DIN_3","KTR":"MABVE00300","Versatz_RE":20,"Akz":"62024-05","UMn_Bemerk":"3-K","versatz":40,"Shape_Length":2740.1172114978799}},{"type":"Feature","id":123,"geometry":{"type":"LineString","coordinates":[[810587.06109999865,6850397.0452999994],[810622.60680000111,6850367.6349000037],[810672.99760000035,6850308.5324999988],[810691.98279999942,6850235.3391999975],[810676.80629999936,6850136.1563000008],[810638.22179999948,6850050.5235999972],[810569.90810000151,6849964.7413000017],[810568.68620000035,6849959.5551000014]]},"properties":{"OBJECTID":123,"Massn_ID":24,"GEW":"VEC","stat_von":142680,"stat_bis":142980,"gew_seite":"R","UMnArtBez":"(Vechte), Keine Mahd des unteren Gewässersaumes (2,00m) in den Pralluferbereichen","UMNGrBez":"Mäh- und Beweidungsarbeiten","Von_km":"142+680","Bis_km":"142+980","IDUabschn":"VEC_18","KTR":"MABVE00200","Versatz_RE":20,"Akz":"62024-04","UMn_Bemerk":null,"versatz":10,"Shape_Length":508.66858521474506}},{"type":"Feature","id":124,"geometry":{"type":"LineString","coordinates":[[748707.81940000132,6911303.6994000003],[748765.3104000017,6911287.0666000023],[749022.41019999981,6911248.7167000026],[749116.51089999825,6911244.8360999972],[749138.10350000113,6911254.6657000035],[749179.85810000077,6911292.6585000008],[749196.47619999945,6911321.7430000007],[749201.72210000083,6911342.2448000014],[749197.08940000087,6911460.3966000006],[749202.79890000075,6911516.1177999973],[749235.3359999992,6911603.9974000007],[749264.36930000037,6911633.5837000012],[749345.17969999835,6911672.4447000027],[749409.56379999965,6911683.1256999969],[749469.92550000176,6911679.7546999976]]},"properties":{"OBJECTID":124,"Massn_ID":3,"GEW":"VEC","stat_von":74180,"stat_bis":74880,"gew_seite":"R","UMnArtBez":"Beobachtende Unterhaltung (keine Mahd, Gehölzaufwuchs wird zugelassen, Gehölzeinstürze nach Einzelfallentscheidung in Abstimmung mit UNB sichern oder entfernen, z.B. in Projektgebieten)","UMNGrBez":"keine/beobachtende Unterhaltung","Von_km":"74+180","Bis_km":"74+880","IDUabschn":"VEC_1","KTR":"MABVE00100","Versatz_RE":20,"Akz":"62024-04","UMn_Bemerk":"rechtsseitig angrenzende Flächen im Eigentum der Naturschutzstiftung (tlw. Biotop, VEC_SON_74350) ; von 74800 bis 74880 Anpflanzungen (Erlen in WWZ) vornehmen\r\nFroschkraut, Sumpf-Schwertlilie,\r\nBlaue Feder- libelle, Gemeine Keiljungfer","versatz":20,"Shape_Length":1073.6164940332151}},{"type":"Feature","id":125,"geometry":{"type":"LineString","coordinates":[[800459.9486999996,6868255.3044999987],[800475.32119999826,6868209.0804999992],[800533.57050000131,6868106.3207999989]]},"properties":{"OBJECTID":125,"Massn_ID":24,"GEW":"VEC","stat_von":127380,"stat_bis":127480,"gew_seite":"L","UMnArtBez":"(Vechte), Keine Mahd des unteren Gewässersaumes (2,00m) in den Pralluferbereichen","UMNGrBez":"Mäh- und Beweidungsarbeiten","Von_km":"127+380","Bis_km":"127+480","IDUabschn":"VEC_13","KTR":"MABVE00200","Versatz_RE":-20,"Akz":"62024-04","UMn_Bemerk":null,"versatz":-10,"Shape_Length":166.83401689796548}},{"type":"Feature","id":126,"geometry":{"type":"LineString","coordinates":[[803742.07699999958,6859719.6229000017],[803759.07539999858,6859696.9584999979],[803797.23910000175,6859664.5236999989],[803987.88830000162,6859395.9377999976],[804200.32299999893,6859156.200000003],[804294.44220000133,6859035.307099998],[804528.61540000141,6858615.8818000033]]},"properties":{"OBJECTID":126,"Massn_ID":10,"GEW":"VEC","stat_von":134740,"stat_bis":135570,"gew_seite":"R","UMnArtBez":"(Vechte) Mahd, zweimalig, ab dem 15.07 und ab dem 01.09","UMNGrBez":"Mäh- und Beweidungsarbeiten","Von_km":"134+740","Bis_km":"135+570","IDUabschn":"VEC_16","KTR":"MABVE00200","Versatz_RE":20,"Akz":"62024-04","UMn_Bemerk":null,"versatz":20,"Shape_Length":1361.6832919387748}},{"type":"Feature","id":127,"geometry":{"type":"LineString","coordinates":[[776776.65450000018,6909530.5253999978],[774013.8387000002,6911297.3831999972],[773878.77629999816,6911380.6589000002],[773837.57339999825,6911398.5240999982],[773759.22019999847,6911410.1692999974],[772220.2611999996,6911430.8272999972],[771536.31230000034,6911739.2653999999],[770543.55279999971,6912198.7492000014],[770498.52670000121,6912206.9716000035],[770399.8088000007,6912208.8857999966],[769578.17610000074,6912217.4296000004],[769506.89609999955,6912228.2964000031],[768011.14059999958,6912750.3592000008]]},"properties":{"OBJECTID":127,"Massn_ID":11,"GEW":"PCK","stat_von":7870,"stat_bis":13685,"gew_seite":"R","UMnArtBez":"(Kanäle) Mahd, einmalig, ab dem 15.06, Einseitig sind Röhrtricht- und Schilfbestände vor dem 01.09 von der Mahd auszuschließen","UMNGrBez":"Mäh- und Beweidungsarbeiten","Von_km":"7+870","Bis_km":"13+685","IDUabschn":"PCK_2","KTR":"MAAVE40500","Versatz_RE":20,"Akz":"62024-13","UMn_Bemerk":null,"versatz":-20,"Shape_Length":9568.1144743888108}},{"type":"Feature","id":128,"geometry":{"type":"LineString","coordinates":[[775061.38769999892,6890005.7556999996],[775141.54250000045,6889988.5899000019]]},"properties":{"OBJECTID":128,"Massn_ID":201,"GEW":"DIN","stat_von":1600,"stat_bis":1650,"gew_seite":"L","UMnArtBez":"Mahd im Bereich der Bauwerke z.B. Schleusen, Wehranlagen, etc. Abflusshindernisse im Bereich der Bauwerke entfernen","UMNGrBez":"Bauwerke instandhalten bzw. Abfluss im Bereich von Bauwerken sicherstellen","Von_km":"1+600","Bis_km":"1+650","IDUabschn":"DIN_1","KTR":"MABVE00300","Versatz_RE":-20,"Akz":"62024-05","UMn_Bemerk":"1-A (Dinkelwehr)","versatz":-25,"Shape_Length":81.972291982402311}},{"type":"Feature","id":129,"geometry":{"type":"LineString","coordinates":[[792889.66959999874,6873253.075000003],[792909.21550000086,6873251.4579999968],[792949.11690000072,6873229.9584000036],[792962.29439999908,6873211.2105000019],[792996.28500000015,6873123.2651000023]]},"properties":{"OBJECTID":129,"Massn_ID":24,"GEW":"VEC","stat_von":121280,"stat_bis":121380,"gew_seite":"R","UMnArtBez":"(Vechte), Keine Mahd des unteren Gewässersaumes (2,00m) in den Pralluferbereichen","UMNGrBez":"Mäh- und Beweidungsarbeiten","Von_km":"121+280","Bis_km":"121+380","IDUabschn":"VEC_12","KTR":"MABVE00200","Versatz_RE":20,"Akz":"62024-04","UMn_Bemerk":null,"versatz":10,"Shape_Length":182.13887389010819}},{"type":"Feature","id":130,"geometry":{"type":"LineString","coordinates":[[765058.59760000184,6910199.7541000023],[765118.92819999903,6910222.4763000011],[765180.89009999856,6910250.4523999989]]},"properties":{"OBJECTID":130,"Massn_ID":24,"GEW":"VEC","stat_von":85600,"stat_bis":85680,"gew_seite":"L","UMnArtBez":"(Vechte), Keine Mahd des unteren Gewässersaumes (2,00m) in den Pralluferbereichen","UMNGrBez":"Mäh- und Beweidungsarbeiten","Von_km":"85+600","Bis_km":"85+680","IDUabschn":"VEC_3","KTR":"MABVE00100","Versatz_RE":-20,"Akz":"62024-04","UMn_Bemerk":null,"versatz":-10,"Shape_Length":132.45250928213514}},{"type":"Feature","id":131,"geometry":{"type":"LineString","coordinates":[[810644.31489999965,6850401.8660999984],[810710.98950000107,6850327.4631000012],[810729.71400000155,6850235.6472000033]]},"properties":{"OBJECTID":131,"Massn_ID":50,"GEW":"VEC","stat_von":142700,"stat_bis":142800,"gew_seite":"R","UMnArtBez":"Gehölzneuanpflanzungen","UMNGrBez":"Gehölzpflege, Gehölzentwicklung","Von_km":"142+700","Bis_km":"142+800","IDUabschn":"VEC_18","KTR":"MABVE00200","Versatz_RE":20,"Akz":"62024-04","UMn_Bemerk":null,"versatz":35,"Shape_Length":193.61224340655397}},{"type":"Feature","id":132,"geometry":{"type":"LineString","coordinates":[[757125.08399999887,6909601.0926000029],[757150.93980000168,6909575.9636000022],[757260.92740000039,6909532.2575000003]]},"properties":{"OBJECTID":132,"Massn_ID":50,"GEW":"VEC","stat_von":80270,"stat_bis":80350,"gew_seite":"L","UMnArtBez":"Gehölzneuanpflanzungen","UMNGrBez":"Gehölzpflege, Gehölzentwicklung","Von_km":"80+270","Bis_km":"80+350","IDUabschn":"VEC_2","KTR":"MABVE00100","Versatz_RE":-20,"Akz":"62024-04","UMn_Bemerk":"oh. und uh. Einmündung Graben (Lükenstege 1)","versatz":-35,"Shape_Length":154.40862567219995}},{"type":"Feature","id":133,"geometry":{"type":"LineString","coordinates":[[800665.19299999997,6865417.1626000032],[800660.18980000168,6865405.7894999981],[800632.74049999937,6865376.5839999989],[800567.35350000113,6865344.7079999968],[800504.70670000091,6865334.9108000025],[800353.09769999981,6865344.5653999969],[800332.94779999927,6865342.7798999995]]},"properties":{"OBJECTID":133,"Massn_ID":24,"GEW":"VEC","stat_von":129270,"stat_bis":129480,"gew_seite":"R","UMnArtBez":"(Vechte), Keine Mahd des unteren Gewässersaumes (2,00m) in den Pralluferbereichen","UMNGrBez":"Mäh- und Beweidungsarbeiten","Von_km":"129+270","Bis_km":"129+480","IDUabschn":"VEC_14","KTR":"MABVE00200","Versatz_RE":20,"Akz":"62024-04","UMn_Bemerk":null,"versatz":10,"Shape_Length":360.80135589772038}},{"type":"Feature","id":134,"geometry":{"type":"LineString","coordinates":[[771334.76729999855,6905569.4108999968],[771343.11059999838,6905488.1031000018],[771365.23699999973,6905441.8224999979],[771398.34299999848,6905395.9051999971],[771445.12959999964,6905348.9073000029],[771579.1389000006,6905271.9016999975],[771710.76639999822,6905233.6917999983],[771933.71550000086,6905232.7836000025],[772023.43210000172,6905214.8154999986],[772383.97890000045,6904981.1191999987],[772607.84409999847,6904817.3315000013],[772685.0700000003,6904723.2947999984],[772778.04800000042,6904562.2748000026],[772795.68010000139,6904544.1882999986],[773433.96269999817,6904218.8273999989],[773490.6986999996,6904176.8649000004],[773526.48539999872,6904130.0527999997],[773547.95199999958,6904069.9109999985],[773549.66349999979,6904009.5502000004],[773535.32250000164,6903960.5129999965],[773476.08889999986,6903841.6714999974],[773449.78099999949,6903736.7550000027],[773468.14339999855,6903579.8778000027],[773519.13760000095,6903302.3876999989],[773544.5401000008,6903245.6840000004],[773607.70100000128,6903178.4035999998],[773711.25710000098,6903087.8140999973],[773752.96609999985,6903004.8290000036],[773750.03170000017,6902918.4025000036],[773710.30469999835,6902834.1554000005],[773600.58830000088,6902752.9579999968],[773560.35029999912,6902686.2128000036],[773551.32409999892,6902656.2524000034],[773564.91750000045,6902238.0551000014]]},"properties":{"OBJECTID":134,"Massn_ID":201,"GEW":"VEC","stat_von":94060,"stat_bis":91120,"gew_seite":"R","UMnArtBez":"Mahd im Bereich der Bauwerke z.B. Schleusen, Wehranlagen, etc. Abflusshindernisse im Bereich der Bauwerke entfernen","UMNGrBez":"Bauwerke instandhalten bzw. Abfluss im Bereich von Bauwerken sicherstellen","Von_km":"94+060","Bis_km":"91+120","IDUabschn":"VEC_5","KTR":"MABVE00100","Versatz_RE":20,"Akz":"62024-04","UMn_Bemerk":"Vechtewehr Tinholt (u.a. Pegel)","versatz":25,"Shape_Length":4832.8733348735768}},{"type":"Feature","id":135,"geometry":{"type":"LineString","coordinates":[[801992.58350000158,6861420.702200003],[802045.63940000162,6861410.7939999998],[802121.64840000123,6861379.2223000005],[802264.79600000009,6861280.9057999998],[802278.88670000061,6861276.8017000034],[802397.06899999827,6861277.0357000008],[802425.26209999993,6861268.6226999983],[802635.69200000167,6861159.364699997],[802678.11549999937,6861126.0824000016],[802702.17410000041,6861090.9346000031],[802719.33779999986,6861036.1235999987],[802739.38549999893,6860914.3191],[802762.49650000036,6860865.2585000023],[802879.70789999887,6860726.3654000014],[802899.69110000134,6860707.4632000029],[803002.13320000097,6860638.6542000026],[803131.36520000175,6860562.5894000009],[803191.85489999875,6860534.0366000012],[803316.01110000163,6860500.5187000036],[803495.34070000052,6860465.5693000033],[803567.9748999998,6860435.7968999967],[803623.19920000061,6860393.5848999992],[803714.55530000106,6860292.0700000003],[803741.10280000046,6860249.6569000036],[803753.6436999999,6860210.6750999987],[803760.13039999828,6860168.5419000015],[803755.88360000029,6860119.1714999974],[803740.51179999858,6860046.6080000028],[803673.24170000106,6859864.5305999964],[803671.45030000061,6859845.753200002],[803688.55840000138,6859801.5967999995],[803743.28759999946,6859717.8955999985]]},"properties":{"OBJECTID":135,"Massn_ID":12,"GEW":"VEC","stat_von":133040,"stat_bis":134740,"gew_seite":"R","UMnArtBez":"(Vechte) Mahd, einmalig ab dem 01.09 (u.a. Heidenelke)","UMNGrBez":"Mäh- und Beweidungsarbeiten","Von_km":"133+040","Bis_km":"134+740","IDUabschn":"VEC_15","KTR":"MABVE00200","Versatz_RE":20,"Akz":"62024-04","UMn_Bemerk":null,"versatz":20,"Shape_Length":2803.9997996215648}},{"type":"Feature","id":136,"geometry":{"type":"LineString","coordinates":[[851300.6986999996,6924994.4741000012],[851327.03849999979,6925017.6347000003],[851397.86520000175,6925102.2004999965],[851426.4813000001,6925147.4891000018],[851444.75439999998,6925209.8408999965],[851446.12170000002,6925281.1537000015],[851429.98739999905,6925352.2722000033],[851239.76680000126,6925845.6273000017],[851207.31219999865,6925964.1586999968],[851187.66220000014,6926134.8985000029],[851171.84870000184,6926436.3061999977],[851175.12209999934,6926489.9968999997],[851182.08139999956,6926539.867899999],[851224.45369999856,6926644.3576999977],[851376.50180000067,6926958.7968999967],[851441.92850000039,6927079.2766999975],[851509.60420000181,6927178.3364999965],[851676.81980000064,6927372.1026000008],[851736.51159999892,6927436.3716000021],[851781.72340000048,6927470.2135000005],[851878.20800000057,6927503.7184000015],[852124.62070000172,6927498.1291999966],[852153.26170000061,6927503.3363000005],[852218.92489999905,6927539.1422000006],[852315.99399999902,6927640.1495999992],[852361.34730000049,6927698.2116999999],[852639.28519999981,6928120.4764999971],[852686.11369999871,6928171.4180999994],[852744.6015000008,6928219.2754999995],[852796.94209999964,6928254.9505999982],[852842.29309999943,6928275.2779999971],[852947.82090000063,6928301.0978000015],[853055.80669999868,6928297.6969000027],[853115.88500000164,6928285.7215000018],[853182.4637000002,6928264.4875999987],[853393.57149999961,6928166.0130999982],[853527.70809999853,6928135.0265000015],[853626.38170000166,6928137.7877999991],[853957.23330000043,6928225.6504999995]]},"properties":{"OBJECTID":136,"Massn_ID":26,"GEW":"HAS","stat_von":49292,"stat_bis":52526,"gew_seite":"R","UMnArtBez":"Einmalige Mahd (Sommermahd) zwischen dem 16. Juli und dem 31. August jeweils auf einer Seite im jährlichen Wechsel. Bevorzugt nach dem 01 August.","UMNGrBez":"Mäh- und Beweidungsarbeiten","Von_km":"49+292","Bis_km":"52+526","IDUabschn":"HAS_16","KTR":"MABHA00200","Versatz_RE":20,"Akz":"62024-03","UMn_Bemerk":"in Kombination mit der Herbstmahd im jährlichen Wechsel (in geraden Jahren Sommermahd in ungeraden Herbstmahd","versatz":20,"Shape_Length":5345.9711676703173}},{"type":"Feature","id":137,"geometry":{"type":"LineString","coordinates":[[796383.17489999905,6871292.6164999977],[796545.95499999821,6871201.316200003],[796636.22190000117,6871124.5042999983],[796654.45969999954,6871103.4387999997]]},"properties":{"OBJECTID":137,"Massn_ID":24,"GEW":"VEC","stat_von":123980,"stat_bis":124180,"gew_seite":"R","UMnArtBez":"(Vechte), Keine Mahd des unteren Gewässersaumes (2,00m) in den Pralluferbereichen","UMNGrBez":"Mäh- und Beweidungsarbeiten","Von_km":"123+980","Bis_km":"124+180","IDUabschn":"VEC_13","KTR":"MABVE00200","Versatz_RE":20,"Akz":"62024-04","UMn_Bemerk":null,"versatz":10,"Shape_Length":333.02478047949194}},{"type":"Feature","id":138,"geometry":{"type":"LineString","coordinates":[[761855.0474999994,6909641.0164000019],[761937.76889999956,6909621.1960000023],[762019.08740000054,6909555.2740999982]]},"properties":{"OBJECTID":138,"Massn_ID":50,"GEW":"VEC","stat_von":83400,"stat_bis":83500,"gew_seite":"R","UMnArtBez":"Gehölzneuanpflanzungen","UMNGrBez":"Gehölzpflege, Gehölzentwicklung","Von_km":"83+400","Bis_km":"83+500","IDUabschn":"VEC_3","KTR":"MABVE00100","Versatz_RE":20,"Akz":"62024-04","UMn_Bemerk":null,"versatz":35,"Shape_Length":189.74514468019163}},{"type":"Feature","id":139,"geometry":{"type":"LineString","coordinates":[[767857.09560000151,6912733.7421000004],[767528.06879999861,6912852.0784000009],[767233.59560000151,6912994.1184],[766718.23409999907,6913024.8787999973],[766443.1286999993,6913058.7124999985],[764927.15900000185,6913290.2254000008],[764863.09039999917,6913286.253899999],[764469.06430000067,6913164.2969999984]]},"properties":{"OBJECTID":139,"Massn_ID":11,"GEW":"PCK","stat_von":13770,"stat_bis":15900,"gew_seite":"L","UMnArtBez":"(Kanäle) Mahd, einmalig, ab dem 15.06, Einseitig sind Röhrtricht- und Schilfbestände vor dem 01.09 von der Mahd auszuschließen","UMNGrBez":"Mäh- und Beweidungsarbeiten","Von_km":"13+770","Bis_km":"15+900","IDUabschn":"PCK_3","KTR":"MAAVE40500","Versatz_RE":-20,"Akz":"62024-13","UMn_Bemerk":null,"versatz":20,"Shape_Length":3480.262381342859}},{"type":"Feature","id":140,"geometry":{"type":"LineString","coordinates":[[786891.57499999925,6880308.4730999991],[786880.38899999857,6880311.2470000014],[786862.88109999895,6880323.6444000006],[786835.27939999849,6880354.235799998],[786820.38390000165,6880391.8228999972],[786814.61549999937,6880433.110799998],[786871.34519999847,6881214.5253000036],[786870.83889999986,6881323.6497000009],[786842.29820000008,6881893.5854000002],[786850.66389999911,6882349.6174999997],[786716.80180000141,6883105.8906000033],[786669.54089999944,6883338.5948000029]]},"properties":{"OBJECTID":140,"Massn_ID":6,"GEW":"EVK","stat_von":17670,"stat_bis":19570,"gew_seite":"R","UMnArtBez":"(Kanäle) Mahd, zweimalig, ab dem 15.06 und ab dem ???, Einseitig sind Röhrtricht- und Schilfbestände vor dem 01.09 von der Mahd auszuschließen","UMNGrBez":"Mäh- und Beweidungsarbeiten","Von_km":"17+670","Bis_km":"19+570","IDUabschn":"EVK_3","KTR":"MAAVE20200","Versatz_RE":20,"Akz":"62024-10","UMn_Bemerk":null,"versatz":-20,"Shape_Length":3081.1394277102986}},{"type":"Feature","id":141,"geometry":{"type":"LineString","coordinates":[[844913.25780000165,6925155.619099997],[845088.68400000036,6925130.3726999983],[845739.12999999896,6925006.9516000003],[845873.39609999955,6924955.561999999],[845941.49859999865,6924912.2397999987],[846051.40359999985,6924816.5139999986],[846155.46489999816,6924676.303199999],[846320.98429999873,6924407.0199000016],[846507.3471999988,6924063.4598999992],[846655.09459999949,6923846.2893999964],[846785.28229999915,6923729.189199999],[846906.87260000035,6923658.7895999998],[847093.67130000144,6923594.4746999964],[847310.72289999947,6923539.0309000015]]},"properties":{"OBJECTID":141,"Massn_ID":23,"GEW":"HAS","stat_von":44700,"stat_bis":46580,"gew_seite":"L","UMnArtBez":"(Hase), Mahd der krautigen Ufersaumstreifen ab dem 01.10 jährlich alternierend auf 300-500 m langen Teilstrecken","UMNGrBez":"Mäh- und Beweidungsarbeiten","Von_km":"44+700","Bis_km":"46+580","IDUabschn":"HAS_14","KTR":"MAAHA00100","Versatz_RE":-20,"Akz":"62024-03","UMn_Bemerk":null,"versatz":-30,"Shape_Length":3090.9061663759539}},{"type":"Feature","id":142,"geometry":{"type":"LineString","coordinates":[[761645.79199999943,6909621.8808000013],[761685.60810000077,6909605.2888000011],[761739.19700000063,6909588.8654000014],[761806.04830000177,6909574.9494000003]]},"properties":{"OBJECTID":142,"Massn_ID":24,"GEW":"VEC","stat_von":83280,"stat_bis":83380,"gew_seite":"L","UMnArtBez":"(Vechte), Keine Mahd des unteren Gewässersaumes (2,00m) in den Pralluferbereichen","UMNGrBez":"Mäh- und Beweidungsarbeiten","Von_km":"83+280","Bis_km":"83+380","IDUabschn":"VEC_3","KTR":"MABVE00100","Versatz_RE":-20,"Akz":"62024-04","UMn_Bemerk":null,"versatz":-10,"Shape_Length":167.46827382204248}},{"type":"Feature","id":143,"geometry":{"type":"LineString","coordinates":[[800306.43450000137,6868702.3435999975],[800380.16000000015,6868657.5810000002],[800460.48580000177,6868527.2111999989]]},"properties":{"OBJECTID":143,"Massn_ID":50,"GEW":"VEC","stat_von":127100,"stat_bis":127230,"gew_seite":"R","UMnArtBez":"Gehölzneuanpflanzungen","UMNGrBez":"Gehölzpflege, Gehölzentwicklung","Von_km":"127+100","Bis_km":"127+230","IDUabschn":"VEC_13","KTR":"MABVE00200","Versatz_RE":20,"Akz":"62024-04","UMn_Bemerk":null,"versatz":35,"Shape_Length":239.37953985111642}},{"type":"Feature","id":144,"geometry":{"type":"LineString","coordinates":[[773931.35750000179,6897716.2476999983],[773910.93569999933,6897700.6886000037],[773859.02380000055,6897677.2144000009],[773806.88470000029,6897659.6049999967],[773772.2210999988,6897639.2990000024],[773752.99810000136,6897620.8663000017],[773729.83819999918,6897588.3910000026],[773713.26550000161,6897547.6385999992],[773712.20630000159,6897503.7336999997],[773715.5560999997,6897464.5251000002],[773727.9395999983,6897421.253700003],[773742.43259999901,6897388.0568000004],[773774.03830000013,6897359.9530000016],[773940.02459999919,6897259.1678000018]]},"properties":{"OBJECTID":144,"Massn_ID":24,"GEW":"VEC","stat_von":97580,"stat_bis":97980,"gew_seite":"L","UMnArtBez":"(Vechte), Keine Mahd des unteren Gewässersaumes (2,00m) in den Pralluferbereichen","UMNGrBez":"Mäh- und Beweidungsarbeiten","Von_km":"97+580","Bis_km":"97+980","IDUabschn":"VEC_5","KTR":"MABVE00100","Versatz_RE":-20,"Akz":"62024-04","UMn_Bemerk":null,"versatz":-10,"Shape_Length":689.34775916009517}},{"type":"Feature","id":145,"geometry":{"type":"LineString","coordinates":[[786735.90349999815,6879436.8416000009],[786814.50329999998,6879429.9840999991],[786850.09620000049,6879450.1120000035],[786871.82339999825,6879481.5416999981],[786888.89429999888,6879627.9328000024],[786898.9010999985,6879650.2765000015],[786908.52160000056,6879659.1811999977],[786920.54199999943,6879664.1442999989],[786961.80099999905,6879659.8686000034],[787077.08359999955,6879599.6049000025]]},"properties":{"OBJECTID":145,"Massn_ID":5,"GEW":"VEC","stat_von":114780,"stat_bis":115110,"gew_seite":"L","UMnArtBez":"keine Mahd","UMNGrBez":"Mäh- und Beweidungsarbeiten","Von_km":"114+780","Bis_km":"115+110","IDUabschn":"VEC_8","KTR":"MABVE00400","Versatz_RE":-20,"Akz":"62024-04","UMn_Bemerk":null,"versatz":-20,"Shape_Length":527.53968014574286}},{"type":"Feature","id":146,"geometry":{"type":"LineString","coordinates":[[816239.74940000102,6985720.8916999996],[816094.97019999847,6985744.617899999],[815875.58509999886,6985678.0493000001],[815824.24570000172,6985678.4818999991],[815797.2686999999,6985699.8359000012],[815751.86080000177,6985805.0693999976]]},"properties":{"OBJECTID":146,"Massn_ID":52,"GEW":"GFD","stat_von":4515,"stat_bis":4900,"gew_seite":"R","UMnArtBez":"(Dinkel, G) Gehölze pflegen und entwickeln","UMNGrBez":"Gehölzpflege, Gehölzentwicklung","Von_km":"4+515","Bis_km":"4+900","IDUabschn":"GFD_3","KTR":"MABEN00100","Versatz_RE":20,"Akz":"62024-09","UMn_Bemerk":"Bestand pflegen, Einkürzen von Ästen ist als Einzelfallentscheidung zulässig zur Verkehrssicherungspflicht","versatz":-35,"Shape_Length":576.33188667629565}},{"type":"Feature","id":147,"geometry":{"type":"LineString","coordinates":[[791457.77439999953,6873993.2868999988],[791463.07679999992,6873927.8957000002]]},"properties":{"OBJECTID":147,"Massn_ID":50,"GEW":"VEC","stat_von":120010,"stat_bis":120050,"gew_seite":"L","UMnArtBez":"Gehölzneuanpflanzungen","UMNGrBez":"Gehölzpflege, Gehölzentwicklung","Von_km":"120+010","Bis_km":"120+050","IDUabschn":"VEC_11","KTR":"MABVE00200","Versatz_RE":-20,"Akz":"62024-04","UMn_Bemerk":"uh. Einmündung Schultegraben","versatz":-35,"Shape_Length":65.605826593493404}},{"type":"Feature","id":148,"geometry":{"type":"LineString","coordinates":[[790395.82539999858,6931843.5626000017],[790406.27409999818,6932587.7250000015],[790476.27659999952,6933734.2731000036],[790563.69489999861,6935390.9826999977],[790681.40619999915,6936174.6278000027],[790691.42190000042,6936210.1401000023],[790688.50600000098,6936266.9243000001],[790705.24280000106,6936448.3386000022]]},"properties":{"OBJECTID":148,"Massn_ID":11,"GEW":"SNK","stat_von":32170,"stat_bis":34965,"gew_seite":"L","UMnArtBez":"(Kanäle) Mahd, einmalig, ab dem 15.06, Einseitig sind Röhrtricht- und Schilfbestände vor dem 01.09 von der Mahd auszuschließen","UMNGrBez":"Mäh- und Beweidungsarbeiten","Von_km":"32+170","Bis_km":"34+965","IDUabschn":"SNK_8","KTR":"MAAEN10100","Versatz_RE":-20,"Akz":"62024-12","UMn_Bemerk":null,"versatz":20,"Shape_Length":4620.3111122371838}},{"type":"Feature","id":149,"geometry":{"type":"LineString","coordinates":[[750325.97929999977,6911579.9368000031],[750383.29659999907,6911621.0873999968],[750438.30420000106,6911639.5301999971],[750527.15810000151,6911637.4438999966],[750577.11309999973,6911618.0811000019]]},"properties":{"OBJECTID":149,"Massn_ID":50,"GEW":"VEC","stat_von":75450,"stat_bis":75580,"gew_seite":"R","UMnArtBez":"Gehölzneuanpflanzungen","UMNGrBez":"Gehölzpflege, Gehölzentwicklung","Von_km":"75+450","Bis_km":"75+580","IDUabschn":"VEC_1","KTR":"MABVE00100","Versatz_RE":20,"Akz":"62024-04","UMn_Bemerk":"bis Bootsanleger","versatz":35,"Shape_Length":271.0312087955769}},{"type":"Feature","id":150,"geometry":{"type":"LineString","coordinates":[[803702.91539999843,6859690.1032999977],[803723.45120000094,6859662.7225999981],[803751.55249999836,6859641.1005999967]]},"properties":{"OBJECTID":150,"Massn_ID":24,"GEW":"VEC","stat_von":134740,"stat_bis":134780,"gew_seite":"L","UMnArtBez":"(Vechte), Keine Mahd des unteren Gewässersaumes (2,00m) in den Pralluferbereichen","UMNGrBez":"Mäh- und Beweidungsarbeiten","Von_km":"134+740","Bis_km":"134+780","IDUabschn":"VEC_16","KTR":"MABVE00200","Versatz_RE":-20,"Akz":"62024-04","UMn_Bemerk":null,"versatz":-10,"Shape_Length":69.682970856187069}},{"type":"Feature","id":151,"geometry":{"type":"LineString","coordinates":[[773426.46999999881,6899939.7959999964],[773475.64689999819,6899903.0415000021],[773513.30889999866,6899849.7536000013],[773530.14930000156,6899806.0336999968]]},"properties":{"OBJECTID":151,"Massn_ID":24,"GEW":"VEC","stat_von":95880,"stat_bis":95980,"gew_seite":"R","UMnArtBez":"(Vechte), Keine Mahd des unteren Gewässersaumes (2,00m) in den Pralluferbereichen","UMNGrBez":"Mäh- und Beweidungsarbeiten","Von_km":"95+880","Bis_km":"95+980","IDUabschn":"VEC_5","KTR":"MABVE00100","Versatz_RE":20,"Akz":"62024-04","UMn_Bemerk":null,"versatz":10,"Shape_Length":173.49899501596011}},{"type":"Feature","id":152,"geometry":{"type":"LineString","coordinates":[[766114.19539999962,6910170.7013999969],[766288.43409999833,6909645.9561000019],[766331.84459999949,6909553.0700000003],[766374.46159999818,6909490.8311000019],[766514.72729999945,6909336.2810999975],[766682.13720000163,6909203.6427000016],[767050.22709999979,6908895.3059],[767207.54780000076,6908777.549999997]]},"properties":{"OBJECTID":152,"Massn_ID":10,"GEW":"VEC","stat_von":86380,"stat_bis":87480,"gew_seite":"L","UMnArtBez":"(Vechte) Mahd, zweimalig, ab dem 15.07 und ab dem 01.09","UMNGrBez":"Mäh- und Beweidungsarbeiten","Von_km":"86+380","Bis_km":"87+480","IDUabschn":"VEC_3","KTR":"MABVE00100","Versatz_RE":-20,"Akz":"62024-04","UMn_Bemerk":null,"versatz":-20,"Shape_Length":1829.8529296778302}},{"type":"Feature","id":153,"geometry":{"type":"LineString","coordinates":[[775119.31639999896,6883021.1300999969],[775000.84840000048,6882885.4192000031]]},"properties":{"OBJECTID":153,"Massn_ID":201,"GEW":"DIN","stat_von":6720,"stat_bis":6830,"gew_seite":"R","UMnArtBez":"Mahd im Bereich der Bauwerke z.B. Schleusen, Wehranlagen, etc. Abflusshindernisse im Bereich der Bauwerke entfernen","UMNGrBez":"Bauwerke instandhalten bzw. Abfluss im Bereich von Bauwerken sicherstellen","Von_km":"6+720","Bis_km":"6+830","IDUabschn":"DIN_4","KTR":"MABVE00300","Versatz_RE":20,"Akz":"62024-05","UMn_Bemerk":"Sohlgleite War","versatz":25,"Shape_Length":180.14470683525755}},{"type":"Feature","id":154,"geometry":{"type":"LineString","coordinates":[[806522.99689999968,6854727.431599997],[806579.42399999872,6854678.4399999976],[806649.69900000095,6854592.9218999967],[806766.88599999994,6854391.1893000007],[806836.83240000159,6854302.1770000011],[806952.96209999919,6854230.1145000011],[807224.81399999931,6854131.6054000035]]},"properties":{"OBJECTID":154,"Massn_ID":50,"GEW":"VEC","stat_von":138800,"stat_bis":139400,"gew_seite":"R","UMnArtBez":"Gehölzneuanpflanzungen","UMNGrBez":"Gehölzpflege, Gehölzentwicklung","Von_km":"138+800","Bis_km":"139+400","IDUabschn":"VEC_17","KTR":"MABVE00200","Versatz_RE":20,"Akz":"62024-04","UMn_Bemerk":"Gehölzsaum vervollständigen (Anpflanzungen ASV, BUND) pflegen","versatz":35,"Shape_Length":957.74330060272018}},{"type":"Feature","id":155,"geometry":{"type":"LineString","coordinates":[[834401.51139999926,6921825.0693999976],[834389.00050000101,6921746.4803000018],[834275.7135999985,6921539.3506999984],[834216.46609999985,6921446.8696999997],[834195.47069999948,6921403.9100999981],[834177.51880000159,6921342.9739999995],[834162.00890000165,6921177.4189999998],[834165.18189999834,6920953.1533000022],[834160.04930000007,6920895.9883999974],[834148.94079999998,6920826.5261999965],[834086.02199999988,6920600.7344999984],[834074.58300000057,6920531.6234000027],[834070.28409999982,6920462.4707000032],[834074.68439999968,6920321.6792000011],[834104.95300000161,6920134.375500001],[834163.99810000136,6919958.8187000006],[834195.37959999964,6919901.6942000017],[834259.72639999911,6919824.7679999992],[834328.90790000185,6919777.3840000033],[834438.55710000172,6919721.3615000024],[834562.93950000033,6919555.746799998],[834589.15680000186,6919539.6875],[834601.65560000017,6919538.4774999991],[834671.03420000151,6919555.4615999982],[834743.33269999921,6919605.5226999968],[834834.29450000077,6919681.0390999988],[834910.48250000179,6919754.6569000036],[834992.00679999962,6919847.3492000028],[835040.69759999961,6919917.2986999974],[835089.80620000139,6920013.6724999994],[835103.85159999877,6920073.9034999982],[835115.22140000015,6920139.3422999978],[835110.87609999999,6920348.9905000031],[835121.63789999858,6920402.7906000018],[835148.14380000159,6920430.4900000021],[835185.13239999861,6920450.0041000023],[835390.22320000082,6920472.7246000022],[835525.99940000102,6920504.3413999975],[835782.12489999831,6920643.9098000005],[836186.6270999983,6920917.8985999972]]},"properties":{"OBJECTID":155,"Massn_ID":8,"GEW":"HAS","stat_von":34580,"stat_bis":37580,"gew_seite":"R","UMnArtBez":"(Hase, Variante 1) Mahd, zweimalig, ab dem 15.06 (Unterhaltungsweg und obere Hälfte der Böschung) und am dem 15.09 (Unterhaltungsweg und ganze Böschung)","UMNGrBez":"Mäh- und Beweidungsarbeiten","Von_km":"34+580","Bis_km":"37+580","IDUabschn":"HAS_10","KTR":"MAAHA00100","Versatz_RE":20,"Akz":"62024-03","UMn_Bemerk":null,"versatz":20,"Shape_Length":4866.9179223903766}},{"type":"Feature","id":156,"geometry":{"type":"LineString","coordinates":[[798048.39209999889,6870417.445100002],[798161.52650000155,6870385.5305999964],[798253.30490000173,6870311.1309999973]]},"properties":{"OBJECTID":156,"Massn_ID":50,"GEW":"VEC","stat_von":125200,"stat_bis":125330,"gew_seite":"R","UMnArtBez":"Gehölzneuanpflanzungen","UMNGrBez":"Gehölzpflege, Gehölzentwicklung","Von_km":"125+200","Bis_km":"125+330","IDUabschn":"VEC_13","KTR":"MABVE00200","Versatz_RE":20,"Akz":"62024-04","UMn_Bemerk":null,"versatz":35,"Shape_Length":235.69609634712094}},{"type":"Feature","id":157,"geometry":{"type":"LineString","coordinates":[[801933.41690000147,6861360.0006999969],[802028.65049999952,6861347.2035000026],[802056.56230000034,6861337.4140999988],[802127.94720000029,6861298.6235999987],[802250.36160000041,6861214.315200001],[802387.26799999923,6861211.6146000028],[802400.69949999824,6861207.6066000015],[802600.22679999843,6861104.010300003],[802629.92949999869,6861080.7079000026],[802642.76419999823,6861061.9576999992],[802655.61950000003,6861020.9063000008],[802676.40529999882,6860894.6237000003],[802706.97040000185,6860829.740699999],[802811.2285999991,6860702.3506999984],[802858.60889999941,6860656.2137999982],[802967.51170000061,6860583.0658999979],[803139.0223999992,6860484.3566000015],[803249.0903000012,6860448.7277999967],[803476.44330000132,6860402.5529000014],[803535.24109999835,6860378.4521000013],[803578.75730000064,6860345.1898000017],[803662.23739999905,6860252.4277999997],[803681.42749999836,6860221.7697999999],[803689.8685999997,6860195.5319000036],[803694.36499999836,6860166.3284000009],[803691.13919999823,6860128.8246000037],[803677.59420000017,6860064.8818000033],[803609.01940000057,6859879.2685000002],[803604.94179999828,6859836.5221000016],[803630.15139999986,6859771.4570000023],[803688.65100000054,6859681.990699999]]},"properties":{"OBJECTID":157,"Massn_ID":10,"GEW":"VEC","stat_von":133010,"stat_bis":134740,"gew_seite":"L","UMnArtBez":"(Vechte) Mahd, zweimalig, ab dem 15.07 und ab dem 01.09","UMNGrBez":"Mäh- und Beweidungsarbeiten","Von_km":"133+010","Bis_km":"134+740","IDUabschn":"VEC_15","KTR":"MABVE00200","Versatz_RE":-20,"Akz":"62024-04","UMn_Bemerk":null,"versatz":-20,"Shape_Length":2798.9060811588361}},{"type":"Feature","id":158,"geometry":{"type":"LineString","coordinates":[[827847.86039999872,6920256.6933000013],[827849.63509999961,6920254.8633000031],[827862.01810000092,6920177.8756999969],[827849.80970000103,6919912.0983999968],[827863.78849999979,6919770.2211999968],[827889.3060999997,6919676.5703999996],[827962.75549999997,6919467.8400999978],[828027.39900000021,6919198.5846000016],[828075.12390000001,6919088.3335999995],[828173.42969999835,6918917.3307999969],[828187.51190000027,6918884.7189999968],[828188.83619999886,6918823.371299997],[828140.15529999882,6918628.4108999968],[828146.97239999846,6918556.4513000026],[828163.17179999873,6918515.8381000012],[828252.91470000148,6918426.6055999994],[828292.75439999998,6918379.1638000011],[828307.74529999867,6918335.9803000018],[828311.46220000088,6918284.4693000019],[828305.78130000085,6918244.3121000007],[828285.44009999931,6918175.4934],[828269.84809999913,6918151.5085999966],[828252.90790000185,6918135.4902999997],[828231.20769999921,6918123.4623000026],[828210.03840000182,6918119.0370000005],[828047.19700000063,6918146.9817000031],[827965.18670000136,6918133.4145999998],[827914.46970000118,6918092.8169],[827885.60249999911,6918053.3671000004],[827871.10399999842,6918019.5799999982]]},"properties":{"OBJECTID":158,"Massn_ID":9,"GEW":"HAS","stat_von":24880,"stat_bis":26550,"gew_seite":"L","UMnArtBez":"(Hase, Variante 2) Mahd,  zweimalig, ab dem 01.07 (Unterhaltungsweg und obere Hälfte der Böschung) und ab dem 01.10 (Unterhaltunsweg und ganze Böschung)","UMNGrBez":"Mäh- und Beweidungsarbeiten","Von_km":"24+880","Bis_km":"26+550","IDUabschn":"HAS_8","KTR":"MAAHA00100","Versatz_RE":-20,"Akz":"62024-03","UMn_Bemerk":null,"versatz":-20,"Shape_Length":2711.118424656569}},{"type":"Feature","id":159,"geometry":{"type":"LineString","coordinates":[[791180.18780000135,6946985.4142000005],[792506.68600000069,6949333.0888999999]]},"properties":{"OBJECTID":159,"Massn_ID":5,"GEW":"SNK","stat_von":41440,"stat_bis":43070,"gew_seite":"L","UMnArtBez":"keine Mahd","UMNGrBez":"Mäh- und Beweidungsarbeiten","Von_km":"41+440","Bis_km":"43+070","IDUabschn":"SNK_10","KTR":"MAAEN10100","Versatz_RE":-20,"Akz":"62024-12","UMn_Bemerk":null,"versatz":20,"Shape_Length":2696.5114447409092}},{"type":"Feature","id":160,"geometry":{"type":"LineString","coordinates":[[823234.25530000031,6925864.4178000018],[823389.16169999912,6925808.7551999986]]},"properties":{"OBJECTID":160,"Massn_ID":23,"GEW":"HAS","stat_von":18000,"stat_bis":18100,"gew_seite":"L","UMnArtBez":"(Hase), Mahd der krautigen Ufersaumstreifen ab dem 01.10 jährlich alternierend auf 300-500 m langen Teilstrecken","UMNGrBez":"Mäh- und Beweidungsarbeiten","Von_km":"18+000","Bis_km":"18+100","IDUabschn":"HAS_6","KTR":"MAAHA00100","Versatz_RE":-20,"Akz":"62024-03","UMn_Bemerk":null,"versatz":-30,"Shape_Length":164.60351697247194}},{"type":"Feature","id":161,"geometry":{"type":"LineString","coordinates":[[800448.16450000182,6861961.1040999964],[800545.67300000042,6861859.1569999978],[800602.66360000148,6861818.5942000002],[800687.6603000015,6861766.3109000027],[800762.43899999931,6861736.5819000006],[800868.49040000141,6861713.0882999972]]},"properties":{"OBJECTID":161,"Massn_ID":24,"GEW":"VEC","stat_von":131980,"stat_bis":132280,"gew_seite":"L","UMnArtBez":"(Vechte), Keine Mahd des unteren Gewässersaumes (2,00m) in den Pralluferbereichen","UMNGrBez":"Mäh- und Beweidungsarbeiten","Von_km":"131+980","Bis_km":"132+280","IDUabschn":"VEC_15","KTR":"MABVE00200","Versatz_RE":-20,"Akz":"62024-04","UMn_Bemerk":null,"versatz":-10,"Shape_Length":499.90696000165593}},{"type":"Feature","id":162,"geometry":{"type":"LineString","coordinates":[[784095.17590000108,6883047.0658000037],[784065.64559999853,6883013.7978999987],[784039.59450000152,6882976.938500002],[784022.125,6882935.8232999966],[784001.01940000057,6882867.3093999997],[783996.68510000035,6882836.7216999978],[783996.06439999864,6882797.2304000035],[784005.72360000014,6882726.0361000001],[784016.96499999985,6882693.9782000035],[784035.84340000153,6882656.4371000007],[784065.97410000116,6882611.8391000032],[784128.40260000154,6882530.3854999989]]},"properties":{"OBJECTID":162,"Massn_ID":24,"GEW":"VEC","stat_von":111540,"stat_bis":111880,"gew_seite":"L","UMnArtBez":"(Vechte), Keine Mahd des unteren Gewässersaumes (2,00m) in den Pralluferbereichen","UMNGrBez":"Mäh- und Beweidungsarbeiten","Von_km":"111+540","Bis_km":"111+880","IDUabschn":"VEC_7","KTR":"MABVE00100","Versatz_RE":-20,"Akz":"62024-04","UMn_Bemerk":null,"versatz":-10,"Shape_Length":580.65959249044192}},{"type":"Feature","id":163,"geometry":{"type":"LineString","coordinates":[[786831.49749999866,6879075.6550000012],[786876.31749999896,6879052.1900999993],[786919.86300000176,6879057.1643999964],[787002.31980000064,6879080.0044]]},"properties":{"OBJECTID":163,"Massn_ID":200,"GEW":"KOR","stat_von":1000,"stat_bis":1130,"gew_seite":"R","UMnArtBez":"(Vechte) Mahd im Bereich von Bauwerken (Brücken, Wehranlagen, …)","UMNGrBez":"Mäh- und Beweidungsarbeiten","Von_km":"1+000","Bis_km":"1+130","IDUabschn":"KOR_1","KTR":"MABVE00400","Versatz_RE":20,"Akz":"62024-04","UMn_Bemerk":null,"versatz":25,"Shape_Length":179.98115227938948}},{"type":"Feature","id":164,"geometry":{"type":"LineString","coordinates":[[771857.21020000055,6905206.0329999998],[771930.07519999892,6905208.1246000007],[771977.2303000018,6905203.865199998],[772014.81480000168,6905190.9536999986],[772165.92119999975,6905096.3941000029]]},"properties":{"OBJECTID":164,"Massn_ID":24,"GEW":"VEC","stat_von":91580,"stat_bis":91780,"gew_seite":"R","UMnArtBez":"(Vechte), Keine Mahd des unteren Gewässersaumes (2,00m) in den Pralluferbereichen","UMNGrBez":"Mäh- und Beweidungsarbeiten","Von_km":"91+580","Bis_km":"91+780","IDUabschn":"VEC_3","KTR":"MABVE00100","Versatz_RE":20,"Akz":"62024-04","UMn_Bemerk":null,"versatz":10,"Shape_Length":338.23700622555646}},{"type":"Feature","id":165,"geometry":{"type":"LineString","coordinates":[[785056.98140000179,6872793.4588999972],[785136.54459999874,6872840.7590000033],[785205.88599999994,6872898.557099998],[785258.20459999889,6872974.1938999966],[785345.79670000076,6873143.4065999985],[786281.91299999878,6875208.4843999967],[786539.00149999931,6875884.4029000029],[786561.28920000046,6875933.7172999978],[786603.96669999883,6876004.6793000028],[786665.9112999998,6876081.2660999969]]},"properties":{"OBJECTID":165,"Massn_ID":5,"GEW":"NAK","stat_von":45,"stat_bis":2290,"gew_seite":"R","UMnArtBez":"keine Mahd","UMNGrBez":"Mäh- und Beweidungsarbeiten","Von_km":"0+045","Bis_km":"2+290","IDUabschn":"NAK_1","KTR":"MAAVE30400","Versatz_RE":20,"Akz":"62024-11","UMn_Bemerk":null,"versatz":-20,"Shape_Length":3691.2725571687679}},{"type":"Feature","id":166,"geometry":{"type":"LineString","coordinates":[[786678.39799999818,6883342.6174999997],[786812.68980000168,6883430.2744000033],[787794.34149999917,6884111.8642000034],[787846.67889999971,6884152.2003000006],[788070.52430000156,6884360.1291000023]]},"properties":{"OBJECTID":166,"Massn_ID":6,"GEW":"SNK","stat_von":10,"stat_bis":1060,"gew_seite":"R","UMnArtBez":"(Kanäle) Mahd, zweimalig, ab dem 15.06 und ab dem ???, Einseitig sind Röhrtricht- und Schilfbestände vor dem 01.09 von der Mahd auszuschließen","UMNGrBez":"Mäh- und Beweidungsarbeiten","Von_km":"0+010","Bis_km":"1+060","IDUabschn":"SNK_1","KTR":"MAAVE10100","Versatz_RE":20,"Akz":"62024-12","UMn_Bemerk":null,"versatz":-20,"Shape_Length":1727.0386780575236}},{"type":"Feature","id":167,"geometry":{"type":"LineString","coordinates":[[751183.4215000011,6911485.6670000032],[751382.21420000121,6911523.4935000017],[751473.02969999984,6911536.9240999967],[751519.84549999982,6911535.3302000016],[751559.39660000056,6911524.1569000036],[751591.83720000088,6911507.6194999963],[751626.96730000153,6911480.5930999964],[751654.80990000069,6911439.4714000002],[751704.753800001,6911334.3476999998],[751734.9422999993,6911299.2925999984]]},"properties":{"OBJECTID":167,"Massn_ID":24,"GEW":"VEC","stat_von":75980,"stat_bis":76380,"gew_seite":"R","UMnArtBez":"(Vechte), Keine Mahd des unteren Gewässersaumes (2,00m) in den Pralluferbereichen","UMNGrBez":"Mäh- und Beweidungsarbeiten","Von_km":"75+980","Bis_km":"76+380","IDUabschn":"VEC_1","KTR":"MABVE00100","Versatz_RE":20,"Akz":"62024-04","UMn_Bemerk":null,"versatz":10,"Shape_Length":675.14851280554444}},{"type":"Feature","id":168,"geometry":{"type":"LineString","coordinates":[[800572.25809999928,6866228.8259999976],[800492.38280000165,6866143.748800002],[800484.14229999855,6866064.0537],[800512.56789999828,6865974.693599999]]},"properties":{"OBJECTID":168,"Massn_ID":50,"GEW":"VEC","stat_von":128760,"stat_bis":128900,"gew_seite":"L","UMnArtBez":"Gehölzneuanpflanzungen","UMNGrBez":"Gehölzpflege, Gehölzentwicklung","Von_km":"128+760","Bis_km":"128+900","IDUabschn":"VEC_13","KTR":"MABVE00200","Versatz_RE":-20,"Akz":"62024-04","UMn_Bemerk":"Gehölzsaum vervollständigen","versatz":-35,"Shape_Length":290.58930750122818}},{"type":"Feature","id":169,"geometry":{"type":"LineString","coordinates":[[773876.47019999847,6895966.5125999972],[773912.69209999964,6895963.9711000025],[773956.5971999988,6895953.6872000024],[774004.92559999973,6895922.6538999975],[774040.28240000084,6895874.2553000003],[774059.6063000001,6895808.319600001],[774070.71110000089,6895725.3172999993]]},"properties":{"OBJECTID":169,"Massn_ID":24,"GEW":"VEC","stat_von":99180,"stat_bis":99380,"gew_seite":"R","UMnArtBez":"(Vechte), Keine Mahd des unteren Gewässersaumes (2,00m) in den Pralluferbereichen","UMNGrBez":"Mäh- und Beweidungsarbeiten","Von_km":"99+180","Bis_km":"99+380","IDUabschn":"VEC_5","KTR":"MABVE00100","Versatz_RE":20,"Akz":"62024-04","UMn_Bemerk":null,"versatz":10,"Shape_Length":351.22725738379967}},{"type":"Feature","id":170,"geometry":{"type":"LineString","coordinates":[[781596.52479999885,6886004.0566999987],[781575.01900000125,6885902.4693000019],[781494.81850000098,6885740.6080000028],[781484.82559999824,6885651.7220000029],[781491.80519999936,6885599.4940000027],[781568.43800000101,6885391.8249000013],[781623.23299999908,6885279.3589000031],[781674.45019999892,6885208.1816999987],[781839.25079999864,6885029.4768000022],[781865.14669999853,6884991.2928000018],[781924.3291000016,6884848.9896000028],[781944.92300000042,6884816.9127999991],[782030.39799999818,6884726.2459999993],[782034.7050999999,6884665.1723999977],[782006.36120000109,6884535.4861999974],[782010.50250000134,6884506.6033999994],[782034.84430000186,6884478.4921000004],[782065.27919999883,6884453.8293000013],[782089.31709999964,6884443.4598999992],[782101.55629999936,6884441.8355000019],[782109.27499999851,6884446.5515000001],[782115.35379999876,6884459.8558999971],[782137.09670000151,6884560.8351000026],[782158.31030000001,6884605.9134000018],[782196.13179999962,6884657.3297000006],[782249.89460000023,6884697.9821999967],[782284.73200000077,6884706.4934],[782359.7349999994,6884698.8647999987],[782511.25030000135,6884651.5706999972],[782585.62180000171,6884645.7722000033],[782647.18939999864,6884651.2612000033],[782807.84820000082,6884712.1794999987],[782916.11329999939,6884728.9004999995],[783036.83049999923,6884713.5958999991],[783110.0887000002,6884693.5555000007],[783210.89020000026,6884650.8216999993]]},"properties":{"OBJECTID":170,"Massn_ID":3,"GEW":"VEC","stat_von":108300,"stat_bis":110225,"gew_seite":"R","UMnArtBez":"Beobachtende Unterhaltung (keine Mahd, Gehölzaufwuchs wird zugelassen, Gehölzeinstürze nach Einzelfallentscheidung in Abstimmung mit UNB sichern oder entfernen, z.B. in Projektgebieten)","UMNGrBez":"keine/beobachtende Unterhaltung","Von_km":"108+300","Bis_km":"110+225","IDUabschn":"VEC_6","KTR":"MABVE00100","Versatz_RE":20,"Akz":"62024-04","UMn_Bemerk":"Projektgebiet \"Strukturverbessernde Maßnahmen Frenswegen)","versatz":20,"Shape_Length":3107.7700690399215}},{"type":"Feature","id":171,"geometry":{"type":"LineString","coordinates":[[818376.20870000124,6984137.3518000022],[817997.20399999991,6984496.9736000001],[817971.88100000098,6984515.251000002],[817948.33980000019,6984522.8339999989],[817935.14790000021,6984522.5293999985],[817769.01379999891,6984493.7158000022],[817728.51539999992,6984496.550999999],[817672.30490000173,6984526.1761000007],[817608.91189999878,6984607.4602999985],[817584.62539999932,6984673.2431000024],[817540.61180000007,6984751.7192000002],[817474.23559999838,6984823.9562000036],[817428.60779999942,6984854.130900003],[817291.95459999889,6984904.4730999991],[817251.36639999971,6984930.2589000016],[817163.31949999928,6985006.8462999985],[816878.76159999892,6985320.8901000023],[816837.82899999991,6985358.195600003],[816725.42909999937,6985430.8994000033],[816596.66789999977,6985487.188699998]]},"properties":{"OBJECTID":171,"Massn_ID":16,"GEW":"GFD","stat_von":2850,"stat_bis":4270,"gew_seite":"L","UMnArtBez":"(Goidfischdever) 1-malige Mahd der Böschungen (Sommermahd), zwischen 16. Juli und 31. August","UMNGrBez":"Mäh- und Beweidungsarbeiten","Von_km":"2+850","Bis_km":"4+270","IDUabschn":"GFD_2","KTR":"MABEN00100","Versatz_RE":-20,"Akz":"62024-09","UMn_Bemerk":"Einzelbäume berücksichtigen","versatz":20,"Shape_Length":2344.3372748599818}},{"type":"Feature","id":172,"geometry":{"type":"LineString","coordinates":[[775956.88320000097,6886732.7304000035],[776249.0604000017,6886586.0147999972]]},"properties":{"OBJECTID":172,"Massn_ID":50,"GEW":"DIN","stat_von":4000,"stat_bis":4200,"gew_seite":"R","UMnArtBez":"Gehölzneuanpflanzungen","UMNGrBez":"Gehölzpflege, Gehölzentwicklung","Von_km":"4+000","Bis_km":"4+200","IDUabschn":"DIN_3","KTR":"MABVE00300","Versatz_RE":20,"Akz":"62024-05","UMn_Bemerk":"3-l-1","versatz":35,"Shape_Length":326.94492423873447}},{"type":"Feature","id":173,"geometry":{"type":"LineString","coordinates":[[810302.71049999818,6850867.7052000016],[810345.57239999995,6850762.1226999983]]},"properties":{"OBJECTID":173,"Massn_ID":50,"GEW":"VEC","stat_von":142330,"stat_bis":142400,"gew_seite":"R","UMnArtBez":"Gehölzneuanpflanzungen","UMNGrBez":"Gehölzpflege, Gehölzentwicklung","Von_km":"142+330","Bis_km":"142+400","IDUabschn":"VEC_18","KTR":"MABVE00200","Versatz_RE":20,"Akz":"62024-04","UMn_Bemerk":"Kolk","versatz":35,"Shape_Length":113.95089634883745}},{"type":"Feature","id":174,"geometry":{"type":"LineString","coordinates":[[844927.29639999941,6925253.6585000008],[845104.89770000055,6925228.0988000035],[845766.15129999816,6925102.6252000034],[845917.93079999834,6925044.5317000002],[846000.69649999961,6924991.881099999],[846124.27910000086,6924884.2405000031],[846237.30649999902,6924731.9457999989],[846406.49410000071,6924456.6882999986],[846591.75910000131,6924115.1438999996],[846729.96719999984,6923911.990699999],[846843.59560000151,6923809.7832999974],[846947.99969999865,6923749.3335999995],[847121.95679999888,6923689.439199999],[847335.11499999836,6923634.9892999977]]},"properties":{"OBJECTID":174,"Massn_ID":23,"GEW":"HAS","stat_von":44700,"stat_bis":46580,"gew_seite":"R","UMnArtBez":"(Hase), Mahd der krautigen Ufersaumstreifen ab dem 01.10 jährlich alternierend auf 300-500 m langen Teilstrecken","UMNGrBez":"Mäh- und Beweidungsarbeiten","Von_km":"44+700","Bis_km":"46+580","IDUabschn":"HAS_14","KTR":"MAAHA00100","Versatz_RE":20,"Akz":"62024-03","UMn_Bemerk":null,"versatz":30,"Shape_Length":3101.4532012599816}},{"type":"Feature","id":175,"geometry":{"type":"LineString","coordinates":[[800046.83549999818,6862440.2366999984],[800545.02380000055,6861967.3633000031]]},"properties":{"OBJECTID":175,"Massn_ID":50,"GEW":"VEC","stat_von":131600,"stat_bis":132020,"gew_seite":"R","UMnArtBez":"Gehölzneuanpflanzungen","UMNGrBez":"Gehölzpflege, Gehölzentwicklung","Von_km":"131+600","Bis_km":"132+020","IDUabschn":"VEC_15","KTR":"MABVE00200","Versatz_RE":20,"Akz":"62024-04","UMn_Bemerk":null,"versatz":35,"Shape_Length":686.87759803500057}},{"type":"Feature","id":176,"geometry":{"type":"LineString","coordinates":[[773568.19330000132,6902660.9716000035],[773565.51429999992,6902611.742899999]]},"properties":{"OBJECTID":176,"Massn_ID":50,"GEW":"VEC","stat_von":93800,"stat_bis":93830,"gew_seite":"L","UMnArtBez":"Gehölzneuanpflanzungen","UMNGrBez":"Gehölzpflege, Gehölzentwicklung","Von_km":"93+800","Bis_km":"93+830","IDUabschn":"VEC_4","KTR":"MABVE00100","Versatz_RE":-20,"Akz":"62024-04","UMn_Bemerk":"oh. un. uh Oberleitung","versatz":35,"Shape_Length":49.301541001700329}},{"type":"Feature","id":177,"geometry":{"type":"LineString","coordinates":[[755694.68230000138,6910609.7977000028],[755832.628800001,6910492.0521000028],[756221.49269999936,6910265.1723000035],[756586.5458999984,6909902.3262000009]]},"properties":{"OBJECTID":177,"Massn_ID":21,"GEW":"VEC","stat_von":79180,"stat_bis":79880,"gew_seite":"L","UMnArtBez":"(Vechte) Röhriricht-, Schilfsaum belassen","UMNGrBez":"Mäh- und Beweidungsarbeiten","Von_km":"79+180","Bis_km":"79+880","IDUabschn":"VEC_2","KTR":"MABVE00100","Versatz_RE":null,"Akz":"62024-04","UMn_Bemerk":null,"versatz":-35,"Shape_Length":1146.2804881319303}},{"type":"Feature","id":178,"geometry":{"type":"LineString","coordinates":[[759480.12159999833,6914177.8434000015],[757882.26799999923,6915003.4777000025],[756899.14440000057,6915314.0358000025],[755528.3889000006,6916820.6986000016]]},"properties":{"OBJECTID":178,"Massn_ID":22,"GEW":"PCK","stat_von":19095,"stat_bis":22040,"gew_seite":"L","UMnArtBez":"(Kanäle) Mahd der Röhrricht- und Schilfbestände im jährlichen Wechsel, ab dem 01.10","UMNGrBez":"Mäh- und Beweidungsarbeiten","Von_km":"19+095","Bis_km":"22+040","IDUabschn":"PCK_4","KTR":"MAAVE40500","Versatz_RE":-20,"Akz":"62024-13","UMn_Bemerk":null,"versatz":35,"Shape_Length":4866.4759129436643}},{"type":"Feature","id":179,"geometry":{"type":"LineString","coordinates":[[775057.68969999999,6883075.1966999993],[774939.22199999914,6882939.4839000031]]},"properties":{"OBJECTID":179,"Massn_ID":201,"GEW":"DIN","stat_von":6720,"stat_bis":6830,"gew_seite":"L","UMnArtBez":"Mahd im Bereich der Bauwerke z.B. Schleusen, Wehranlagen, etc. Abflusshindernisse im Bereich der Bauwerke entfernen","UMNGrBez":"Bauwerke instandhalten bzw. Abfluss im Bereich von Bauwerken sicherstellen","Von_km":"6+720","Bis_km":"6+830","IDUabschn":"DIN_4","KTR":"MABVE00300","Versatz_RE":-20,"Akz":"62024-05","UMn_Bemerk":"Sohlgleite War","versatz":-25,"Shape_Length":180.14594090981791}},{"type":"Feature","id":180,"geometry":{"type":"LineString","coordinates":[[809449.7324000001,6851888.8242999986],[809498.51449999958,6851809.8343999982],[809670.47540000081,6851645.4343999997]]},"properties":{"OBJECTID":180,"Massn_ID":24,"GEW":"VEC","stat_von":141480,"stat_bis":141680,"gew_seite":"L","UMnArtBez":"(Vechte), Keine Mahd des unteren Gewässersaumes (2,00m) in den Pralluferbereichen","UMNGrBez":"Mäh- und Beweidungsarbeiten","Von_km":"141+480","Bis_km":"141+680","IDUabschn":"VEC_18","KTR":"MABVE00200","Versatz_RE":-20,"Akz":"62024-04","UMn_Bemerk":null,"versatz":-10,"Shape_Length":330.7422500550594}},{"type":"Feature","id":181,"geometry":{"type":"LineString","coordinates":[[837680.53979999945,6922452.5583999977],[837682.63149999827,6922546.6142000034],[837661.90709999949,6922639.8819999993]]},"properties":{"OBJECTID":181,"Massn_ID":9,"GEW":"HAS","stat_von":38980,"stat_bis":39100,"gew_seite":"R","UMnArtBez":"(Hase, Variante 2) Mahd,  zweimalig, ab dem 01.07 (Unterhaltungsweg und obere Hälfte der Böschung) und ab dem 01.10 (Unterhaltunsweg und ganze Böschung)","UMNGrBez":"Mäh- und Beweidungsarbeiten","Von_km":"38+980","Bis_km":"39+100","IDUabschn":"HAS_12","KTR":"MAAHA00100","Versatz_RE":20,"Akz":"62024-03","UMn_Bemerk":null,"versatz":20,"Shape_Length":189.62162879503003}},{"type":"Feature","id":182,"geometry":{"type":"LineString","coordinates":[[805094.56549999863,6855472.6845000014],[805131.94379999861,6855354.9759000018],[805207.66330000013,6855240.3027999997]]},"properties":{"OBJECTID":182,"Massn_ID":50,"GEW":"VEC","stat_von":137800,"stat_bis":137950,"gew_seite":"L","UMnArtBez":"Gehölzneuanpflanzungen","UMNGrBez":"Gehölzpflege, Gehölzentwicklung","Von_km":"137+800","Bis_km":"137+950","IDUabschn":"VEC_17","KTR":"MABVE00200","Versatz_RE":-20,"Akz":"62024-04","UMn_Bemerk":"oh. u. uh. Mündung Eileringsbecke","versatz":-35,"Shape_Length":260.91756478742946}},{"type":"Feature","id":183,"geometry":{"type":"LineString","coordinates":[[772651.98059999943,6904667.0302999988],[772731.88309999928,6904527.1890999973],[772761.10649999976,6904497.2128999978],[772880.67240000144,6904434.0949999988]]},"properties":{"OBJECTID":183,"Massn_ID":24,"GEW":"VEC","stat_von":92180,"stat_bis":92380,"gew_seite":"L","UMnArtBez":"(Vechte), Keine Mahd des unteren Gewässersaumes (2,00m) in den Pralluferbereichen","UMNGrBez":"Mäh- und Beweidungsarbeiten","Von_km":"92+180","Bis_km":"92+380","IDUabschn":"VEC_4","KTR":"MABVE00100","Versatz_RE":-20,"Akz":"62024-04","UMn_Bemerk":null,"versatz":-10,"Shape_Length":338.12581082635376}},{"type":"Feature","id":184,"geometry":{"type":"LineString","coordinates":[[762686.48589999974,6909399.9416000023],[762745.69179999828,6909442.1701000035],[762767.88720000163,6909468.0109999999],[762801.47659999877,6909514.9963999987],[762866.29320000112,6909645.4179999977],[762897.90940000117,6909685.0367999971],[762937.51179999858,6909717.739699997],[763019.26060000062,6909746.8335999995],[763240.08199999854,6909756.7612000033],[763289.07279999927,6909772.6840000004],[763341.67240000144,6909817.3510999978],[763497.36140000075,6910016.5450000018],[763534.57200000063,6910047.8346000016],[763603.81170000136,6910077.6444000006],[763682.18989999965,6910097.9710000008],[763766.2324000001,6910102.2647999972],[763950.15399999917,6910082.8920999989],[764982.53649999946,6910231.378200002],[765056.16959999874,6910250.0063000023],[765099.66539999843,6910267.9831999987],[765634.38030000031,6910508.4007000029],[765700.71750000119,6910525.2458999977],[765755.97080000117,6910524.9662000015],[765829.62469999865,6910512.0693999976],[765944.35929999873,6910446.5333999991],[766078.95930000022,6910351.6777999997],[766114.9208999984,6910320.9243000001],[766144.15670000017,6910277.5089000016],[766367.42920000106,6909627.1498999968],[766426.63300000131,6909531.2590000033],[766559.71420000121,6909384.6234000027],[766723.59400000051,6909254.7805000022],[767090.99029999971,6908947.0217000023],[767250.50090000033,6908827.6253999993],[767319.28099999949,6908788.7796000019],[767396.49830000103,6908759.6281000003],[767977.1325000003,6908635.1661999971],[768065.95490000024,6908602.4816000015],[768175.83909999952,6908534.5376000032],[768303.53590000048,6908412.3250999972],[768596.49120000005,6908015.4007999972]]},"properties":{"OBJECTID":184,"Massn_ID":10,"GEW":"VEC","stat_von":83980,"stat_bis":88480,"gew_seite":"R","UMnArtBez":"(Vechte) Mahd, zweimalig, ab dem 15.07 und ab dem 01.09","UMNGrBez":"Mäh- und Beweidungsarbeiten","Von_km":"83+980","Bis_km":"88+480","IDUabschn":"VEC_3","KTR":"MABVE00100","Versatz_RE":20,"Akz":"62024-04","UMn_Bemerk":null,"versatz":20,"Shape_Length":7449.8811885555515}},{"type":"Feature","id":185,"geometry":{"type":"LineString","coordinates":[[754679.63740000129,6917785.2386000007],[754322.94049999863,6918176.4759000018],[753879.23470000178,6918507.6884000003]]},"properties":{"OBJECTID":185,"Massn_ID":5,"GEW":"PCK","stat_von":22820,"stat_bis":23481.5996,"gew_seite":"L","UMnArtBez":"keine Mahd","UMNGrBez":"Mäh- und Beweidungsarbeiten","Von_km":"22+820","Bis_km":"23+482","IDUabschn":"PCK_5","KTR":"MAAVE40500","Versatz_RE":-20,"Akz":"62024-13","UMn_Bemerk":null,"versatz":20,"Shape_Length":1083.1265606340162}},{"type":"Feature","id":186,"geometry":{"type":"LineString","coordinates":[[788689.94330000132,6880087.8664000034],[788461.29089999944,6880103.9488999993]]},"properties":{"OBJECTID":186,"Massn_ID":5,"GEW":"EVK","stat_von":16560,"stat_bis":16700,"gew_seite":"L","UMnArtBez":"keine Mahd","UMNGrBez":"Mäh- und Beweidungsarbeiten","Von_km":"16+560","Bis_km":"16+700","IDUabschn":"EVK_2","KTR":"MAAVE20200","Versatz_RE":-20,"Akz":"62024-10","UMn_Bemerk":"(Brücke, Ufermauer)","versatz":20,"Shape_Length":229.21729174025492}},{"type":"Feature","id":187,"geometry":{"type":"LineString","coordinates":[[819861.96770000085,6927112.7172999978],[819998.56599999964,6927129.4717999995],[820082.72879999876,6927180.4655999988],[820169.5476000011,6927245.2201000005],[820240.13540000096,6927341.8285000026],[820339.23959999904,6927569.2424999997],[820358.06679999828,6927630.4826999977],[820340.26579999924,6927699.9346999973],[820305.29969999939,6927761.7650000006],[820222.07979999855,6927880.183799997],[820202.05939999968,6927939.3310000002],[820211.7452000007,6928003.9169000015],[820289.70899999887,6928043.7421000004],[820600.13459999859,6928118.3770999983],[820838.66569999978,6928111.4206999987],[820936.74240000173,6928114.6067999974],[821047.53000000119,6928105.6411999986],[821131.72590000182,6928075.0291000009],[821220.58540000021,6928008.8959000036],[821272.84629999846,6927911.3299999982],[821279.2677000016,6927853.3445999995],[821275.68149999902,6927800.0302999988],[821260.4215000011,6927721.1498000026],[821190.61969999969,6927616.7612000033]]},"properties":{"OBJECTID":187,"Massn_ID":4,"GEW":"HAS","stat_von":9325,"stat_bis":10900,"gew_seite":"R","UMnArtBez":"(Hase, Variante 3) keine Mahd (Gehölzpflege und -entwicklung)","UMNGrBez":"Mäh- und Beweidungsarbeiten","Von_km":"9+325","Bis_km":"10+900","IDUabschn":"HAS_4","KTR":"MAAHA00100","Versatz_RE":20,"Akz":"62024-03","UMn_Bemerk":null,"versatz":20,"Shape_Length":2674.8013448410161}},{"type":"Feature","id":188,"geometry":{"type":"LineString","coordinates":[[796553.16389999911,6871242.9012999982],[796655.52160000056,6871161.8690000027]]},"properties":{"OBJECTID":188,"Massn_ID":50,"GEW":"VEC","stat_von":124080,"stat_bis":124160,"gew_seite":"R","UMnArtBez":"Gehölzneuanpflanzungen","UMNGrBez":"Gehölzpflege, Gehölzentwicklung","Von_km":"124+080","Bis_km":"124+160","IDUabschn":"VEC_13","KTR":"MABVE00200","Versatz_RE":20,"Akz":"62024-04","UMn_Bemerk":null,"versatz":35,"Shape_Length":130.55011448533713}},{"type":"Feature","id":189,"geometry":{"type":"LineString","coordinates":[[799838.80999999866,6862601.193599999],[800506.75189999864,6861973.3061000034],[800579.93439999968,6861894.2894999981]]},"properties":{"OBJECTID":189,"Massn_ID":10,"GEW":"VEC","stat_von":131440,"stat_bis":132065,"gew_seite":"R","UMnArtBez":"(Vechte) Mahd, zweimalig, ab dem 15.07 und ab dem 01.09","UMNGrBez":"Mäh- und Beweidungsarbeiten","Von_km":"131+440","Bis_km":"132+065","IDUabschn":"VEC_15","KTR":"MABVE00200","Versatz_RE":20,"Akz":"62024-04","UMn_Bemerk":null,"versatz":20,"Shape_Length":1024.427435672698}},{"type":"Feature","id":190,"geometry":{"type":"LineString","coordinates":[[827355.32840000093,6921208.735799998],[827372.48829999939,6921154.0736000016],[827377.15980000049,6921100.1450999975],[827375.63630000129,6921058.4870999977],[827357.2714000009,6921014.4377999976],[827329.81850000098,6920980.7987999991],[827118.19000000134,6920795.4805999994],[827004.36270000041,6920662.3599999994],[826916.60480000079,6920540.8863999993],[826852.97929999977,6920411.4680000022],[826834.27919999883,6920333.0722000003],[826836.29089999944,6920278.5208000019],[826851.93059999868,6920221.824000001],[826869.43239999935,6920190.7309999987],[826970.93230000138,6920131.5204999968],[827052.29140000045,6920118.2146999985],[827276.02109999955,6920130.6062999964],[827564.0914000012,6920169.3761000037],[827641.26949999854,6920208.9293000028],[827723.75620000064,6920293.6476000026],[827753.78099999949,6920307.7166000009],[827790.31170000136,6920300.8338000029],[827851.34050000086,6920253.5799999982]]},"properties":{"OBJECTID":190,"Massn_ID":9,"GEW":"HAS","stat_von":23500,"stat_bis":24880,"gew_seite":"L","UMnArtBez":"(Hase, Variante 2) Mahd,  zweimalig, ab dem 01.07 (Unterhaltungsweg und obere Hälfte der Böschung) und ab dem 01.10 (Unterhaltunsweg und ganze Böschung)","UMNGrBez":"Mäh- und Beweidungsarbeiten","Von_km":"23+500","Bis_km":"24+880","IDUabschn":"HAS_7","KTR":"MAAHA00100","Versatz_RE":-20,"Akz":"62024-03","UMn_Bemerk":null,"versatz":-20,"Shape_Length":2291.6203801473057}},{"type":"Feature","id":191,"geometry":{"type":"LineString","coordinates":[[786837.81610000134,6903723.0891000032],[786769.91409999877,6903690.5236999989],[785438.75059999898,6903449.4443000033],[784127.43050000072,6903200.0562999994],[783999.00409999862,6903182.4482000023],[783890.83940000087,6903218.1942000017],[781408.7771999985,6904226.1379999965],[781310.7890000008,6904330.8546999991],[780121.47100000083,6905718.0781999975],[778047.933699999,6908149.5864000022],[777743.94029999897,6908496.3354000002],[776990.48699999973,6909387.6440000013],[776963.07779999822,6909412.3224000037],[776776.54179999977,6909530.5971999988]]},"properties":{"OBJECTID":191,"Massn_ID":11,"GEW":"PCK","stat_von":100,"stat_bis":7870,"gew_seite":"R","UMnArtBez":"(Kanäle) Mahd, einmalig, ab dem 15.06, Einseitig sind Röhrtricht- und Schilfbestände vor dem 01.09 von der Mahd auszuschließen","UMNGrBez":"Mäh- und Beweidungsarbeiten","Von_km":"0+100","Bis_km":"7+870","IDUabschn":"PCK_1","KTR":"MAAVE40500","Versatz_RE":20,"Akz":"62024-13","UMn_Bemerk":null,"versatz":-20,"Shape_Length":12737.659174583279}},{"type":"Feature","id":192,"geometry":{"type":"LineString","coordinates":[[795475.71070000157,6871418.3562000021],[795499.76889999956,6871397.9730999991],[795616.4525000006,6871370.5393000022],[795680.90960000083,6871370.7145999968],[795739.34319999814,6871403.0791999996]]},"properties":{"OBJECTID":192,"Massn_ID":50,"GEW":"VEC","stat_von":123370,"stat_bis":123500,"gew_seite":"L","UMnArtBez":"Gehölzneuanpflanzungen","UMNGrBez":"Gehölzpflege, Gehölzentwicklung","Von_km":"123+370","Bis_km":"123+500","IDUabschn":"VEC_13","KTR":"MABVE00200","Versatz_RE":-20,"Akz":"62024-04","UMn_Bemerk":"Gehölzsaum vervollständigen","versatz":-35,"Shape_Length":282.65244180875396}},{"type":"Feature","id":193,"geometry":{"type":"LineString","coordinates":[[800050.21609999985,6863928.6658999994],[800079.16389999911,6863836.2454999983],[800068.99340000004,6863761.006099999]]},"properties":{"OBJECTID":193,"Massn_ID":50,"GEW":"VEC","stat_von":130530,"stat_bis":130620,"gew_seite":"R","UMnArtBez":"Gehölzneuanpflanzungen","UMNGrBez":"Gehölzpflege, Gehölzentwicklung","Von_km":"130+530","Bis_km":"130+620","IDUabschn":"VEC_14","KTR":"MABVE00200","Versatz_RE":20,"Akz":"62024-04","UMn_Bemerk":null,"versatz":35,"Shape_Length":172.77153484982676}},{"type":"Feature","id":194,"geometry":{"type":"LineString","coordinates":[[783865.51520000026,6883889.985799998],[783915.67540000007,6883875.686999999],[783975.29930000007,6883853.7440000027],[784031.49819999933,6883822.3060000017],[784077.60750000179,6883790.2229999974],[784134.31740000099,6883742.7339000031],[784181.32669999823,6883691.6517999992],[784218.06500000134,6883634.7496000007],[784243.03559999913,6883582.6850000024],[784261.92909999937,6883530.0932999998],[784278.50230000168,6883465.068400003],[784283.92049999908,6883386.1045999974],[784280.46009999886,6883330.8571000025],[784270.0458999984,6883272.0702000037],[784258.80889999866,6883230.6678000018],[784205.40340000018,6883124.5323999971],[784187.55799999833,6883095.7625999972],[784156.86389999837,6883060.4204000011],[784118.66330000013,6883024.2180999964]]},"properties":{"OBJECTID":194,"Massn_ID":24,"GEW":"VEC","stat_von":110880,"stat_bis":111540,"gew_seite":"R","UMnArtBez":"(Vechte), Keine Mahd des unteren Gewässersaumes (2,00m) in den Pralluferbereichen","UMNGrBez":"Mäh- und Beweidungsarbeiten","Von_km":"110+880","Bis_km":"111+540","IDUabschn":"VEC_6","KTR":"MABVE00100","Versatz_RE":20,"Akz":"62024-04","UMn_Bemerk":null,"versatz":10,"Shape_Length":1117.3257852468548}},{"type":"Feature","id":195,"geometry":{"type":"LineString","coordinates":[[851300.6986999996,6924994.4741000012],[851327.03849999979,6925017.6347000003],[851397.86520000175,6925102.2004999965],[851426.4813000001,6925147.4891000018],[851444.75439999998,6925209.8408999965],[851446.12170000002,6925281.1537000015],[851429.98739999905,6925352.2722000033],[851239.76680000126,6925845.6273000017],[851207.31219999865,6925964.1586999968],[851187.66220000014,6926134.8985000029],[851171.84870000184,6926436.3061999977],[851175.12209999934,6926489.9968999997],[851182.08139999956,6926539.867899999],[851224.45369999856,6926644.3576999977],[851376.50180000067,6926958.7968999967],[851441.92850000039,6927079.2766999975],[851509.60420000181,6927178.3364999965],[851676.81980000064,6927372.1026000008],[851736.51159999892,6927436.3716000021],[851781.72340000048,6927470.2135000005],[851878.20800000057,6927503.7184000015],[852124.62070000172,6927498.1291999966],[852153.26170000061,6927503.3363000005],[852218.92489999905,6927539.1422000006],[852315.99399999902,6927640.1495999992],[852361.34730000049,6927698.2116999999],[852639.28519999981,6928120.4764999971],[852686.11369999871,6928171.4180999994],[852744.6015000008,6928219.2754999995],[852796.94209999964,6928254.9505999982],[852842.29309999943,6928275.2779999971],[852947.82090000063,6928301.0978000015],[853055.80669999868,6928297.6969000027],[853115.88500000164,6928285.7215000018],[853182.4637000002,6928264.4875999987],[853393.57149999961,6928166.0130999982],[853527.70809999853,6928135.0265000015],[853626.38170000166,6928137.7877999991],[853957.23330000043,6928225.6504999995]]},"properties":{"OBJECTID":195,"Massn_ID":27,"GEW":"HAS","stat_von":49292,"stat_bis":52526,"gew_seite":"R","UMnArtBez":"Einmalige Mahd (Herbstmahd) ab dem 01. September jeweils auf einer Seite im jährlichen Wechsel.","UMNGrBez":"Mäh- und Beweidungsarbeiten","Von_km":"49+292","Bis_km":"52+526","IDUabschn":"HAS_16","KTR":"MABHA00200","Versatz_RE":20,"Akz":"62024-03","UMn_Bemerk":"in Kombination mit der Herbstmahd im jährlichen Wechsel (in geraden Jahren Sommermahd in ungeraden Herbstmahd","versatz":20,"Shape_Length":5345.9711676703173}},{"type":"Feature","id":196,"geometry":{"type":"LineString","coordinates":[[786847.49799999967,6879500.2829999998],[786910.18800000101,6879449.6710999981],[786924.25549999997,6879419.9350000024],[786940.02699999884,6879324.5353000015],[786936.18969999999,6879229.3668000028],[786939.98620000109,6879202.8467999995],[786978.9561999999,6879081.0024999976],[786997.66550000012,6879046.3561000004]]},"properties":{"OBJECTID":196,"Massn_ID":10,"GEW":"VBA","stat_von":0,"stat_bis":297.5,"gew_seite":"R","UMnArtBez":"(Vechte) Mahd, zweimalig, ab dem 15.07 und ab dem 01.09","UMNGrBez":"Mäh- und Beweidungsarbeiten","Von_km":"0+000","Bis_km":"0+298","IDUabschn":"VBA_1","KTR":"MABVE00400","Versatz_RE":20,"Akz":"62024-04","UMn_Bemerk":null,"versatz":20,"Shape_Length":499.49682437850902}},{"type":"Feature","id":197,"geometry":{"type":"LineString","coordinates":[[766101.79820000008,6910364.628700003],[766135.50950000063,6910335.7995999977],[766179.55620000139,6910255.5574999973]]},"properties":{"OBJECTID":197,"Massn_ID":50,"GEW":"VEC","stat_von":86280,"stat_bis":86350,"gew_seite":"R","UMnArtBez":"Gehölzneuanpflanzungen","UMNGrBez":"Gehölzpflege, Gehölzentwicklung","Von_km":"86+280","Bis_km":"86+350","IDUabschn":"VEC_3","KTR":"MABVE00100","Versatz_RE":20,"Akz":"62024-04","UMn_Bemerk":null,"versatz":35,"Shape_Length":135.89365175874406}},{"type":"Feature","id":198,"geometry":{"type":"LineString","coordinates":[[784993.66600000113,6872755.817400001],[785056.98140000179,6872793.4588999972]]},"properties":{"OBJECTID":198,"Massn_ID":6,"GEW":"NAK","stat_von":0,"stat_bis":45,"gew_seite":"R","UMnArtBez":"(Kanäle) Mahd, zweimalig, ab dem 15.06 und ab dem ???, Einseitig sind Röhrtricht- und Schilfbestände vor dem 01.09 von der Mahd auszuschließen","UMNGrBez":"Mäh- und Beweidungsarbeiten","Von_km":"0+000","Bis_km":"0+045","IDUabschn":"NAK_1","KTR":"MAAVE30400","Versatz_RE":20,"Akz":"62024-11","UMn_Bemerk":null,"versatz":-20,"Shape_Length":73.659503115393051}},{"type":"Feature","id":199,"geometry":{"type":"LineString","coordinates":[[790333.54080000147,6929416.8830000013],[790419.99819999933,6930710.4671000019]]},"properties":{"OBJECTID":199,"Massn_ID":6,"GEW":"SNK","stat_von":30700,"stat_bis":31485,"gew_seite":"R","UMnArtBez":"(Kanäle) Mahd, zweimalig, ab dem 15.06 und ab dem ???, Einseitig sind Röhrtricht- und Schilfbestände vor dem 01.09 von der Mahd auszuschließen","UMNGrBez":"Mäh- und Beweidungsarbeiten","Von_km":"30+700","Bis_km":"31+485","IDUabschn":"SNK_7","KTR":"MAAEN10100","Versatz_RE":20,"Akz":"62024-12","UMn_Bemerk":null,"versatz":-20,"Shape_Length":1296.4700944443916}},{"type":"Feature","id":200,"geometry":{"type":"LineString","coordinates":[[750122.57789999992,6911448.6141000018],[750137.63129999861,6911442.0002999976]]},"properties":{"OBJECTID":200,"Massn_ID":201,"GEW":"VEC","stat_von":75300,"stat_bis":75310,"gew_seite":"L","UMnArtBez":"Mahd im Bereich der Bauwerke z.B. Schleusen, Wehranlagen, etc. Abflusshindernisse im Bereich der Bauwerke entfernen","UMNGrBez":"Bauwerke instandhalten bzw. Abfluss im Bereich von Bauwerken sicherstellen","Von_km":"75+300","Bis_km":"75+310","IDUabschn":"VEC_1","KTR":"MABVE00100","Versatz_RE":-20,"Akz":"62024-04","UMn_Bemerk":"Gütemessstation Laar","versatz":-20,"Shape_Length":16.442238351734822}},{"type":"Feature","id":201,"geometry":{"type":"LineString","coordinates":[[800883.06670000032,6866424.2475000024],[800853.17550000176,6866349.0178000033]]},"properties":{"OBJECTID":201,"Massn_ID":50,"GEW":"VEC","stat_von":128550,"stat_bis":128600,"gew_seite":"R","UMnArtBez":"Gehölzneuanpflanzungen","UMNGrBez":"Gehölzpflege, Gehölzentwicklung","Von_km":"128+550","Bis_km":"128+600","IDUabschn":"VEC_13","KTR":"MABVE00200","Versatz_RE":20,"Akz":"62024-04","UMn_Bemerk":null,"versatz":35,"Shape_Length":80.950550333567548}},{"type":"Feature","id":202,"geometry":{"type":"LineString","coordinates":[[780133.90260000154,6888548.061300002],[780185.32400000095,6888445.3869000003]]},"properties":{"OBJECTID":202,"Massn_ID":201,"GEW":"VEC","stat_von":106330,"stat_bis":106400,"gew_seite":"R","UMnArtBez":"Mahd im Bereich der Bauwerke z.B. Schleusen, Wehranlagen, etc. Abflusshindernisse im Bereich der Bauwerke entfernen","UMNGrBez":"Bauwerke instandhalten bzw. Abfluss im Bereich von Bauwerken sicherstellen","Von_km":"106+330","Bis_km":"106+400","IDUabschn":"VEC_6","KTR":"MABVE00100","Versatz_RE":20,"Akz":"62024-04","UMn_Bemerk":null,"versatz":25,"Shape_Length":114.83114905643681}},{"type":"Feature","id":203,"geometry":{"type":"LineString","coordinates":[[757871.29289999977,6909269.7730000019],[757944.60370000079,6909224.7541000023],[758010.08830000088,6909162.494599998]]},"properties":{"OBJECTID":203,"Massn_ID":50,"GEW":"VEC","stat_von":80800,"stat_bis":80900,"gew_seite":"R","UMnArtBez":"Gehölzneuanpflanzungen","UMNGrBez":"Gehölzpflege, Gehölzentwicklung","Von_km":"80+800","Bis_km":"80+900","IDUabschn":"VEC_2","KTR":"MABVE00100","Versatz_RE":20,"Akz":"62024-04","UMn_Bemerk":null,"versatz":35,"Shape_Length":176.38758257505737}},{"type":"Feature","id":204,"geometry":{"type":"LineString","coordinates":[[774953.06049999967,6882719.3329999968],[774911.97980000079,6882591.4165000021],[774867.691300001,6882526.1977000013]]},"properties":{"OBJECTID":204,"Massn_ID":50,"GEW":"DIN","stat_von":6950,"stat_bis":7070,"gew_seite":"R","UMnArtBez":"Gehölzneuanpflanzungen","UMNGrBez":"Gehölzpflege, Gehölzentwicklung","Von_km":"6+950","Bis_km":"7+070","IDUabschn":"DIN_5","KTR":"MABVE00300","Versatz_RE":20,"Akz":"62024-05","UMn_Bemerk":"5-l-1","versatz":35,"Shape_Length":213.18627429751399}},{"type":"Feature","id":205,"geometry":{"type":"LineString","coordinates":[[818421.82090000063,6984185.6546000019],[818039.58500000089,6984548.3461999968],[818002.15199999884,6984575.3646000028],[817957.99210000038,6984589.5894000009],[817928.69289999828,6984588.9129000008],[817767.86439999938,6984561.0194000006],[817729.05000000075,6984569.0588999987],[817693.31109999865,6984601.1607000008],[817667.98530000076,6984639.0930999964],[817645.03460000083,6984701.2590999976],[817594.65980000049,6984791.0785999969],[817517.5465000011,6984875.0018000007],[817458.72260000184,6984913.9038000032],[817322.22199999914,6984964.1903999969],[817252.21669999883,6985013.3510000035]]},"properties":{"OBJECTID":205,"Massn_ID":17,"GEW":"GFD","stat_von":2850,"stat_bis":3770,"gew_seite":"R","UMnArtBez":"(Goidfischdever) 1-malige Mahd der Böschungen (Herbstmahd), ab dem 1. September","UMNGrBez":"Mäh- und Beweidungsarbeiten","Von_km":"2+850","Bis_km":"3+770","IDUabschn":"GFD_2","KTR":"MABEN00100","Versatz_RE":20,"Akz":"62024-09","UMn_Bemerk":"Herbstmahd in gehölzfreien Bereichen, keine Mahd zwischen den lückenhaften Gehölzbeständen","versatz":-20,"Shape_Length":1530.0636866840421}},{"type":"Feature","id":206,"geometry":{"type":"LineString","coordinates":[[810536.93439999968,6849967.0733999982],[810523.60830000043,6849910.509300001],[810547.38670000061,6849848.8752000034],[810660.07259999961,6849790.2923000008]]},"properties":{"OBJECTID":206,"Massn_ID":24,"GEW":"VEC","stat_von":142980,"stat_bis":143120,"gew_seite":"L","UMnArtBez":"(Vechte), Keine Mahd des unteren Gewässersaumes (2,00m) in den Pralluferbereichen","UMNGrBez":"Mäh- und Beweidungsarbeiten","Von_km":"142+980","Bis_km":"143+120","IDUabschn":"VEC_18","KTR":"MABVE00200","Versatz_RE":-20,"Akz":"62024-04","UMn_Bemerk":null,"versatz":-10,"Shape_Length":251.17877468565422}},{"type":"Feature","id":207,"geometry":{"type":"LineString","coordinates":[[847326.93640000001,6923619.7717000023],[847477.04830000177,6923601.2707000002],[847753.57259999961,6923594.5957999974],[847901.33150000125,6923598.4328999966],[848046.99300000072,6923614.0872000009],[848098.9085999988,6923625.1687000021],[848202.94489999861,6923673.0771000013],[848257.88540000096,6923710.0618000031],[848435.66679999977,6923860.3623000011],[848562.92920000106,6923954.1801000014],[848623.31859999895,6923990.1726000011],[848842.90419999883,6924095.5332999974]]},"properties":{"OBJECTID":207,"Massn_ID":8,"GEW":"HAS","stat_von":46580,"stat_bis":47600,"gew_seite":"R","UMnArtBez":"(Hase, Variante 1) Mahd, zweimalig, ab dem 15.06 (Unterhaltungsweg und obere Hälfte der Böschung) und am dem 15.09 (Unterhaltungsweg und ganze Böschung)","UMNGrBez":"Mäh- und Beweidungsarbeiten","Von_km":"46+580","Bis_km":"47+600","IDUabschn":"HAS_15","KTR":"MAAHA00100","Versatz_RE":20,"Akz":"62024-03","UMn_Bemerk":null,"versatz":20,"Shape_Length":1660.7766138795769}},{"type":"Feature","id":208,"geometry":{"type":"LineString","coordinates":[[805142.62860000134,6855976.1678000018],[805140.35520000011,6855831.5503999963],[805170.51689999923,6855576.2032999992],[805221.40619999915,6855397.5208000019],[805299.36699999869,6855282.7496000007],[805372.9739000015,6855219.5661000013],[805422.76649999991,6855190.2170000002],[805559.55290000141,6855136.5634000003],[805990.21350000054,6855041.3761000037],[806096.41950000077,6854998.3153999969]]},"properties":{"OBJECTID":208,"Massn_ID":201,"GEW":"VEC","stat_von":138500,"stat_bis":137500,"gew_seite":"R","UMnArtBez":"Mahd im Bereich der Bauwerke z.B. Schleusen, Wehranlagen, etc. Abflusshindernisse im Bereich der Bauwerke entfernen","UMNGrBez":"Bauwerke instandhalten bzw. Abfluss im Bereich von Bauwerken sicherstellen","Von_km":"138+500","Bis_km":"137+500","IDUabschn":"VEC_17","KTR":"MABVE00200","Versatz_RE":20,"Akz":"62024-04","UMn_Bemerk":"Wehr Samern u. Fischtreppe","versatz":25,"Shape_Length":1583.6861154288636}},{"type":"Feature","id":209,"geometry":{"type":"LineString","coordinates":[[771424.86499999836,6905244.4073999971],[771541.46249999851,6905179.824500002],[771711.78929999843,6905134.9904000014]]},"properties":{"OBJECTID":209,"Massn_ID":50,"GEW":"VEC","stat_von":91320,"stat_bis":91500,"gew_seite":"L","UMnArtBez":"Gehölzneuanpflanzungen","UMNGrBez":"Gehölzpflege, Gehölzentwicklung","Von_km":"91+320","Bis_km":"91+500","IDUabschn":"VEC_3","KTR":"MABVE00100","Versatz_RE":-20,"Akz":"62024-04","UMn_Bemerk":"im Bereich Mündung Brenner Grabenq","versatz":-35,"Shape_Length":309.41757883633056}},{"type":"Feature","id":210,"geometry":{"type":"LineString","coordinates":[[777130.61180000007,6892711.1275999993],[777156.95949999988,6892676.0420000032],[777224.58469999954,6892544.1797999963],[777255.07400000095,6892515.9195000008],[777330.33260000125,6892470.4582000002],[777402.5362999998,6892404.5795999989],[777421.18349999934,6892372.6383000016],[777458.28119999915,6892260.4345000014],[777493.62200000137,6892039.5133000016],[777518.39959999919,6891933.192400001],[777572.06080000103,6891799.3694999963],[777631.58210000023,6891693.0644999966],[777703.24540000036,6891603.1405000016],[777775.28379999846,6891528.0169999972],[777928.84169999883,6891406.7060000002],[778014.84270000085,6891322.7116999999],[778094.24350000173,6891213.4236999974],[778169.51480000094,6891091.4107000008],[778228.84279999882,6891020.9790000021],[778332.79769999906,6890929.2518000007],[778475.04500000179,6890832.3500000015],[778527.21249999851,6890778.4663000032],[778568.88179999962,6890697.0141000003],[778577.88179999962,6890655.0389000028],[778578.50629999861,6890599.8439000025],[778566.29890000075,6890519.0458000004],[778568.08830000088,6890454.4570999965],[778586.28429999948,6890392.4717999995],[778608.56060000136,6890352.7572000027],[778655.56659999862,6890293.9038999975],[778685.18829999864,6890273.5410000011],[778885.88599999994,6890184.188699998],[778939.71849999949,6890150.6259000003],[779010.92650000006,6890075.506099999],[779084.54340000078,6889964.3966000006],[779270.44079999998,6889637.7045999989],[779325.33309999853,6889512.0144999996],[779374.70210000128,6889336.4525000006],[779410.29349999875,6889263.1133000031],[779471.20939999819,6889194.3313999996],[779987.32059999928,6888737.7312999964],[780054.90089999884,6888662.1517999992],[780084.86160000041,6888617.5874999985],[780161.80150000006,6888470.9860000014]]},"properties":{"OBJECTID":210,"Massn_ID":7,"GEW":"VEC","stat_von":103080,"stat_bis":106380,"gew_seite":"R","UMnArtBez":"(Vechte) Mahd, zweimalig, ab dem 15.06. und ab dem 01.09 (Prallufer mit Gehölzen keine Mahd)","UMNGrBez":"Mäh- und Beweidungsarbeiten","Von_km":"103+080","Bis_km":"106+380","IDUabschn":"VEC_6","KTR":"MABVE00100","Versatz_RE":20,"Akz":"62024-04","UMn_Bemerk":null,"versatz":20,"Shape_Length":5420.4750693124161}},{"type":"Feature","id":211,"geometry":{"type":"LineString","coordinates":[[789905.29520000145,6876436.3924999982],[789894.86320000142,6876254.9390999973],[789900.41369999945,6876102.0213999972],[789926.41809999943,6875957.5982000008],[789945.46189999953,6875891.0084000006],[789984.53909999877,6875791.0003999993]]},"properties":{"OBJECTID":211,"Massn_ID":14,"GEW":"VEC","stat_von":118100,"stat_bis":118510,"gew_seite":"R","UMnArtBez":"(Vechte) Mahd, einmalig, drei- bis fünfjährlich, zw. 01.09  und 28.02","UMNGrBez":"Mäh- und Beweidungsarbeiten","Von_km":"118+100","Bis_km":"118+510","IDUabschn":"VEC_10","KTR":"MABVE00200","Versatz_RE":20,"Akz":"62024-04","UMn_Bemerk":"Mündung Brandlechter Bruchgraben","versatz":20,"Shape_Length":658.14796183840622}},{"type":"Feature","id":212,"geometry":{"type":"LineString","coordinates":[[775798.65960000083,6888411.1983999982],[775791.29289999977,6888332.4209000021],[775669.44189999998,6888029.0599000007],[775567.09980000183,6887885.7591999993],[775454.4935999997,6887815.816399999],[775443.72679999843,6887794.6344999969]]},"properties":{"OBJECTID":212,"Massn_ID":21,"GEW":"DIN","stat_von":2760,"stat_bis":3200,"gew_seite":"R","UMnArtBez":"(Vechte) Röhriricht-, Schilfsaum belassen","UMNGrBez":"Mäh- und Beweidungsarbeiten","Von_km":"2+760","Bis_km":"3+200","IDUabschn":"DIN_3","KTR":"MABVE00300","Versatz_RE":null,"Akz":"62024-05","UMn_Bemerk":"3-B-1","versatz":30,"Shape_Length":738.45442487363255}},{"type":"Feature","id":213,"geometry":{"type":"LineString","coordinates":[[800575.60119999945,6866180.7408000007],[800546.50530000031,6866148.0644000024],[800531.42740000039,6866124.048299998],[800525.75510000065,6866069.1937000006],[800532.2313000001,6866038.4134000018],[800564.48039999977,6865955.557599999],[800583.77389999852,6865926.048299998],[800602.33929999918,6865904.860799998],[800621.9653000012,6865873.1019999981]]},"properties":{"OBJECTID":213,"Massn_ID":24,"GEW":"VEC","stat_von":128780,"stat_bis":128980,"gew_seite":"L","UMnArtBez":"(Vechte), Keine Mahd des unteren Gewässersaumes (2,00m) in den Pralluferbereichen","UMNGrBez":"Mäh- und Beweidungsarbeiten","Von_km":"128+780","Bis_km":"128+980","IDUabschn":"VEC_13","KTR":"MABVE00200","Versatz_RE":-20,"Akz":"62024-04","UMn_Bemerk":null,"versatz":-10,"Shape_Length":348.38276379454788}},{"type":"Feature","id":214,"geometry":{"type":"LineString","coordinates":[[806118.5588000007,6854899.6547000036],[806437.15920000151,6854680.2563999966],[806514.83579999954,6854615.3806999996],[806596.81399999931,6854510.5552000031],[806711.41820000112,6854311.3109000027],[806775.26139999926,6854235.3002000004],[806812.98589999974,6854204.8373000026],[806914.44469999894,6854148.3715000004],[807185.96990000084,6854051.007600002],[807236.10850000009,6854022.9759000018],[807311.0075000003,6853963.4997999966],[807399.96090000123,6853864.0861999989],[807594.69929999858,6853665.3603999987],[807652.30119999871,6853587.2791000009],[807683.35720000044,6853518.1996999979],[807700.95549999923,6853462.320600003]]},"properties":{"OBJECTID":214,"Massn_ID":10,"GEW":"VEC","stat_von":138540,"stat_bis":139900,"gew_seite":"L","UMnArtBez":"(Vechte) Mahd, zweimalig, ab dem 15.07 und ab dem 01.09","UMNGrBez":"Mäh- und Beweidungsarbeiten","Von_km":"138+540","Bis_km":"139+900","IDUabschn":"VEC_17","KTR":"MABVE00200","Versatz_RE":-20,"Akz":"62024-04","UMn_Bemerk":"Gehölzanpflanzung ASV","versatz":-20,"Shape_Length":2199.3626723390976}},{"type":"Feature","id":215,"geometry":{"type":"LineString","coordinates":[[830534.33610000089,6918029.0934000015],[830583.27910000086,6918107.3341000006],[830620.38729999959,6918259.628899999],[830654.02789999917,6918355.1988999993],[830674.32950000092,6918399.0239000022],[830771.32090000063,6918549.1036999971],[830785.72340000048,6918577.6221999973],[830793.52939999849,6918618.8180999979],[830788.46970000118,6918697.4729999974],[830758.65720000118,6918785.0965000018],[830615.30799999833,6919059.9750000015],[830593.0540000014,6919127.7106999978],[830584.57999999821,6919166.6899999976],[830579.40769999847,6919300.0068999976],[830582.78999999911,6919348.8549999967],[830612.56579999998,6919418.2415999994],[830735.70949999988,6919570.247299999],[830844.316300001,6919666.4267000034],[831154.50050000101,6919893.1136000007],[831221.47269999981,6919949.6543999985],[831610.81740000099,6920321.0298999995],[831700.34459999949,6920447.6463000029],[831873.98460000008,6920723.4588999972],[832008.96139999852,6920954.7255999967],[832159.93299999833,6921185.4443000033],[832392.45919999853,6921493.2716000006],[832501.54430000111,6921654.9604000002],[832682.45309999958,6921904.5822999999],[832879.98990000039,6922125.1423000023],[833014.59090000018,6922246.9431999996],[833120.96620000154,6922314.3387999982],[833763.58190000057,6922540.1316],[833886.55070000142,6922577.2599999979],[833978.00629999861,6922579.1785999984],[834027.1165000014,6922567.0217000023],[834097.77910000086,6922519.6114000008],[834158.57510000095,6922435.3932000026],[834377.7415000014,6921988.7313999981],[834400.81300000101,6921903.7871999964],[834401.91890000179,6921830.7712000012]]},"properties":{"OBJECTID":215,"Massn_ID":8,"GEW":"HAS","stat_von":30280,"stat_bis":34580,"gew_seite":"R","UMnArtBez":"(Hase, Variante 1) Mahd, zweimalig, ab dem 15.06 (Unterhaltungsweg und obere Hälfte der Böschung) und am dem 15.09 (Unterhaltungsweg und ganze Böschung)","UMNGrBez":"Mäh- und Beweidungsarbeiten","Von_km":"30+280","Bis_km":"34+580","IDUabschn":"HAS_9","KTR":"MAAHA00100","Versatz_RE":20,"Akz":"62024-03","UMn_Bemerk":null,"versatz":20,"Shape_Length":7168.6185329021555}},{"type":"Feature","id":216,"geometry":{"type":"LineString","coordinates":[[792506.69990000129,6949333.1133999974],[792852.79520000145,6949944.2828999981],[793028.71110000089,6950270.4375],[793072.89350000024,6950391.2670999989],[793105.65359999985,6950522.8546999991],[793116.8572999984,6950655.5879999995],[793112.3797999993,6950789.5568000004],[793096.27039999887,6950901.8950999975],[793056.7415000014,6951079.443599999],[792890.03240000084,6951714.2339000031]]},"properties":{"OBJECTID":216,"Massn_ID":11,"GEW":"SNK","stat_von":43070,"stat_bis":44630,"gew_seite":"L","UMnArtBez":"(Kanäle) Mahd, einmalig, ab dem 15.06, Einseitig sind Röhrtricht- und Schilfbestände vor dem 01.09 von der Mahd auszuschließen","UMNGrBez":"Mäh- und Beweidungsarbeiten","Von_km":"43+070","Bis_km":"44+630","IDUabschn":"SNK_10","KTR":"MAAEN10100","Versatz_RE":-20,"Akz":"62024-12","UMn_Bemerk":null,"versatz":20,"Shape_Length":2556.138178252028}},{"type":"Feature","id":217,"geometry":{"type":"LineString","coordinates":[[775143.19839999825,6889988.2709000036],[775223.92449999973,6889974.4354000017]]},"properties":{"OBJECTID":217,"Massn_ID":201,"GEW":"DIN","stat_von":1650,"stat_bis":1700,"gew_seite":"L","UMnArtBez":"Mahd im Bereich der Bauwerke z.B. Schleusen, Wehranlagen, etc. Abflusshindernisse im Bereich der Bauwerke entfernen","UMNGrBez":"Bauwerke instandhalten bzw. Abfluss im Bereich von Bauwerken sicherstellen","Von_km":"1+650","Bis_km":"1+700","IDUabschn":"DIN_2","KTR":"MABVE00300","Versatz_RE":-20,"Akz":"62024-05","UMn_Bemerk":"Umgehungsgerinne regelmäßig prüfen","versatz":-25,"Shape_Length":81.90313963305924}},{"type":"Feature","id":218,"geometry":{"type":"LineString","coordinates":[[762622.44289999828,6909330.6943000033],[762665.29140000045,6909337.5424999967],[762708.26449999958,6909355.1789999977],[762779.12559999898,6909405.3584999964],[762806.67619999871,6909437.4340000004],[762843.94009999931,6909489.5587000027],[762884.25609999895,6909574.9974000007],[762912.2360999994,6909624.2022999972]]},"properties":{"OBJECTID":218,"Massn_ID":24,"GEW":"VEC","stat_von":83925,"stat_bis":84180,"gew_seite":"L","UMnArtBez":"(Vechte), Keine Mahd des unteren Gewässersaumes (2,00m) in den Pralluferbereichen","UMNGrBez":"Mäh- und Beweidungsarbeiten","Von_km":"83+925","Bis_km":"84+180","IDUabschn":"VEC_3","KTR":"MABVE00100","Versatz_RE":-20,"Akz":"62024-04","UMn_Bemerk":null,"versatz":-10,"Shape_Length":434.10772418789986}},{"type":"Feature","id":219,"geometry":{"type":"LineString","coordinates":[[799629.60420000181,6868873.5192999989],[799815.51979999989,6868886.9591000006],[799928.59299999848,6868842.4704999998],[799989.26280000061,6868802.1193000004]]},"properties":{"OBJECTID":219,"Massn_ID":50,"GEW":"VEC","stat_von":126680,"stat_bis":126890,"gew_seite":"R","UMnArtBez":"Gehölzneuanpflanzungen","UMNGrBez":"Gehölzpflege, Gehölzentwicklung","Von_km":"126+680","Bis_km":"126+890","IDUabschn":"VEC_13","KTR":"MABVE00200","Versatz_RE":20,"Akz":"62024-04","UMn_Bemerk":null,"versatz":35,"Shape_Length":380.77436175481438}},{"type":"Feature","id":220,"geometry":{"type":"LineString","coordinates":[[785628.33460000157,6879918.7745999992],[785693.48119999841,6879814.7594000027],[785837.6229000017,6879488.1058000028],[785947.22450000048,6879341.8545999974],[786054.44060000032,6879272.5978000015],[786104.66189999878,6879247.7797000036],[786221.02259999886,6879209.6903000027],[786329.75010000169,6879198.0394999981],[786413.6810999997,6879199.0992999971],[786567.9598999992,6879234.5205999985],[786601.4534999989,6879233.2114999965],[786620.2014000006,6879226.7756000012],[786634.45560000092,6879217.8702000007],[786737.35060000047,6879073.694600001],[786788.27149999887,6879017.2656999975]]},"properties":{"OBJECTID":220,"Massn_ID":10,"GEW":"KOR","stat_von":0,"stat_bis":1000,"gew_seite":"L","UMnArtBez":"(Vechte) Mahd, zweimalig, ab dem 15.07 und ab dem 01.09","UMNGrBez":"Mäh- und Beweidungsarbeiten","Von_km":"0+000","Bis_km":"1+000","IDUabschn":"KOR_1","KTR":"MABVE00400","Versatz_RE":-20,"Akz":"62024-04","UMn_Bemerk":null,"versatz":-20,"Shape_Length":1643.4947898655255}},{"type":"Feature","id":221,"geometry":{"type":"LineString","coordinates":[[757101.48820000142,6909624.0249999985],[757150.93980000168,6909575.9636000022],[757230.37620000169,6909544.3979000002]]},"properties":{"OBJECTID":221,"Massn_ID":50,"GEW":"VEC","stat_von":80250,"stat_bis":80330,"gew_seite":"L","UMnArtBez":"Gehölzneuanpflanzungen","UMNGrBez":"Gehölzpflege, Gehölzentwicklung","Von_km":"80+250","Bis_km":"80+330","IDUabschn":"VEC_2","KTR":"MABVE00100","Versatz_RE":-20,"Akz":"62024-04","UMn_Bemerk":null,"versatz":-35,"Shape_Length":154.4373828896326}},{"type":"Feature","id":222,"geometry":{"type":"LineString","coordinates":[]},"properties":{"OBJECTID":222,"Massn_ID":400,"GEW":"GFD","stat_von":2850,"stat_bis":2850,"gew_seite":"R","UMnArtBez":"(Dinkel, A) \tBauwerke und Anlagen instand halten","UMNGrBez":"Bauwerkunterhaltung","Von_km":"2+850","Bis_km":"2+850","IDUabschn":"GFD_2","KTR":"MABEN00100","Versatz_RE":20,"Akz":"62024-09","UMn_Bemerk":"Einmündung Montaniagraben, Kastendurchlass mit Rückstauklappe","versatz":-25,"Shape_Length":0}},{"type":"Feature","id":223,"geometry":{"type":"LineString","coordinates":[[792722.70529999956,6873224.2719999999],[792761.91250000149,6873217.6203999966],[792867.88109999895,6873221.9653000012],[792886.97890000045,6873220.3854999989]]},"properties":{"OBJECTID":223,"Massn_ID":24,"GEW":"VEC","stat_von":121180,"stat_bis":121280,"gew_seite":"L","UMnArtBez":"(Vechte), Keine Mahd des unteren Gewässersaumes (2,00m) in den Pralluferbereichen","UMNGrBez":"Mäh- und Beweidungsarbeiten","Von_km":"121+180","Bis_km":"121+280","IDUabschn":"VEC_12","KTR":"MABVE00200","Versatz_RE":-20,"Akz":"62024-04","UMn_Bemerk":null,"versatz":-10,"Shape_Length":164.98809506343716}},{"type":"Feature","id":224,"geometry":{"type":"LineString","coordinates":[[817766.81340000033,6926280.7933999971],[817779.56659999862,6926494.3347000033],[817823.02859999985,6926706.2443000004],[817921.56120000035,6927040.5561000034],[817976.21090000123,6927095.1837000027],[818064.81450000033,6927094.7519000024],[818240.08280000091,6926990.8312999979],[818281.7201000005,6926990.8984000012],[818623.44900000095,6927242.2647999972],[818679.7547999993,6927273.9253999963],[818880.83049999923,6927324.8193000033],[819168.12049999833,6927359.6374000013],[819341.67339999974,6927340.6757000014],[819884.11239999905,6927126.0119000003]]},"properties":{"OBJECTID":224,"Massn_ID":23,"GEW":"HAS","stat_von":7600,"stat_bis":9325,"gew_seite":"R","UMnArtBez":"(Hase), Mahd der krautigen Ufersaumstreifen ab dem 01.10 jährlich alternierend auf 300-500 m langen Teilstrecken","UMNGrBez":"Mäh- und Beweidungsarbeiten","Von_km":"7+600","Bis_km":"9+325","IDUabschn":"HAS_3","KTR":"MAAHA00100","Versatz_RE":20,"Akz":"62024-03","UMn_Bemerk":null,"versatz":30,"Shape_Length":2933.6283091446207}},{"type":"Feature","id":225,"geometry":{"type":"LineString","coordinates":[[800561.85619999841,6868122.7635999992],[800575.86340000108,6868099.0257999972],[800596.13500000164,6868050.0969000012],[800599.32820000127,6868020.7217999995],[800593.9803000018,6867957.0934000015]]},"properties":{"OBJECTID":225,"Massn_ID":24,"GEW":"VEC","stat_von":127480,"stat_bis":127580,"gew_seite":"R","UMnArtBez":"(Vechte), Keine Mahd des unteren Gewässersaumes (2,00m) in den Pralluferbereichen","UMNGrBez":"Mäh- und Beweidungsarbeiten","Von_km":"127+480","Bis_km":"127+580","IDUabschn":"VEC_13","KTR":"MABVE00200","Versatz_RE":20,"Akz":"62024-04","UMn_Bemerk":null,"versatz":10,"Shape_Length":173.925289828095}},{"type":"Feature","id":226,"geometry":{"type":"LineString","coordinates":[[760699.57809999958,6909644.2739999965],[760829.48460000008,6909630.3379999995],[760919.93079999834,6909633.9681999981],[761138.03830000013,6909709.9377999976],[761190.71759999916,6909722.4717999995],[761235.36589999869,6909727.5555000007],[761340.81909999996,6909718.9628999978],[761391.55460000038,6909704.4406000003],[761681.26350000128,6909589.3069999963],[761898.97470000014,6909537.3332000002],[761928.18580000103,6909519.2634000033],[762054.83179999888,6909385.9526999965],[762112.20100000128,6909346.3623000011],[762222.16120000184,6909307.1375999972],[762418.05689999834,6909322.4117999971],[762611.18950000033,6909312.2150999978],[762670.14240000024,6909321.6371000037],[762718.69750000164,6909342.9087999985]]},"properties":{"OBJECTID":226,"Massn_ID":14,"GEW":"VEC","stat_von":82680,"stat_bis":83980,"gew_seite":"L","UMnArtBez":"(Vechte) Mahd, einmalig, drei- bis fünfjährlich, zw. 01.09  und 28.02","UMNGrBez":"Mäh- und Beweidungsarbeiten","Von_km":"82+680","Bis_km":"83+980","IDUabschn":"VEC_3","KTR":"MABVE00100","Versatz_RE":-20,"Akz":"62024-04","UMn_Bemerk":null,"versatz":-20,"Shape_Length":2152.6496791206555}},{"type":"Feature","id":227,"geometry":{"type":"LineString","coordinates":[[821781.42700000107,6923047.1138999984],[822120.08639999852,6923150.2669999972],[822193.57039999962,6923175.935800001],[822269.2490000017,6923213.4782999977],[822295.51139999926,6923231.2916999981],[822320.77529999986,6923268.3548000008],[822328.72700000182,6923291.3377000019],[822327.39930000156,6923380.6423000023],[822282.33080000058,6923500.0640999973],[822195.03119999915,6923660.0824000016],[822116.98259999976,6923770.5263999999],[822058.3498999998,6923830.1529999971],[821773.55920000002,6924014.5644999966],[821723.59109999985,6924053.1394999996],[821606.54149999842,6924166.8188000023],[821558.40549999848,6924217.560999997],[821521.86899999902,6924267.9162999988],[821498.07470000163,6924319.7397999987],[821485.25710000098,6924400.1319999993],[821491.40190000087,6924450.2246000022],[821549.2313000001,6924523.4189999998],[821640.64169999957,6924595.6234000027],[821687.66319999844,6924622.2553000003],[821934.89829999954,6924695.5156000033],[822012.75719999894,6924725.3316000029],[822067.06940000132,6924780.2638999969],[822114.99560000002,6924866.0068999976],[822136.16180000082,6924941.4571999982],[822146.1623999998,6925034.2453999966],[822137.15790000185,6925202.8180999979],[822140.78709999844,6925260.391900003],[822160.01190000027,6925340.9148999974],[822208.99989999831,6925413.9021999985],[822269.03779999912,6925470.9768999964],[822337.22060000151,6925515.242399998],[822563.1425999999,6925620.7558000013],[822712.56309999898,6925710.2131000012],[822771.82259999961,6925768.7233000025],[822803.88729999959,6925807.3645000011],[822862.86190000176,6925899.3079999983],[822892.87070000172,6925934.3724000007],[822920.15929999948,6925952.8351999968],[822991.14539999887,6925981.5669],[823091.19489999861,6925976.8161000013]]},"properties":{"OBJECTID":227,"Massn_ID":4,"GEW":"HAS","stat_von":15140,"stat_bis":17900,"gew_seite":"R","UMnArtBez":"(Hase, Variante 3) keine Mahd (Gehölzpflege und -entwicklung)","UMNGrBez":"Mäh- und Beweidungsarbeiten","Von_km":"15+140","Bis_km":"17+900","IDUabschn":"HAS_5","KTR":"MAAHA00100","Versatz_RE":20,"Akz":"62024-03","UMn_Bemerk":null,"versatz":20,"Shape_Length":4557.5747627090741}},{"type":"Feature","id":228,"geometry":{"type":"LineString","coordinates":[[806809.76300000027,6944005.0656000003],[806645.31430000067,6943956.5014000013],[806272.71759999916,6943893.8128999993],[806190.53869999945,6943887.3382999972],[806034.43980000168,6943885.7669999972],[805953.46310000122,6943895.9764999971],[805882.91569999978,6943908.5483999997],[805780.59409999847,6943942.8357999995],[805652.02030000091,6944028.2214000002],[804730.01850000024,6944997.8759000003],[804644.47560000047,6945072.3871000037],[804155.85579999909,6945302.9606999978],[803249.77650000155,6945710.0306999981],[803127.57789999992,6945759.8008000031]]},"properties":{"OBJECTID":228,"Massn_ID":6,"GEW":"HRK","stat_von":0,"stat_bis":2630,"gew_seite":"L","UMnArtBez":"(Kanäle) Mahd, zweimalig, ab dem 15.06 und ab dem ???, Einseitig sind Röhrtricht- und Schilfbestände vor dem 01.09 von der Mahd auszuschließen","UMNGrBez":"Mäh- und Beweidungsarbeiten","Von_km":"0+000","Bis_km":"2+630","IDUabschn":"HRK_1","KTR":"MAAEN20300","Versatz_RE":-20,"Akz":"62024-16","UMn_Bemerk":null,"versatz":-20,"Shape_Length":4320.4044488243435}},{"type":"Feature","id":229,"geometry":{"type":"LineString","coordinates":[[799824.16530000046,6863138.5363999978],[799747.79930000007,6863051.6485000029],[799712.54250000045,6863001.2933999971]]},"properties":{"OBJECTID":229,"Massn_ID":201,"GEW":"VEC","stat_von":131040,"stat_bis":131150,"gew_seite":"R","UMnArtBez":"Mahd im Bereich der Bauwerke z.B. Schleusen, Wehranlagen, etc. Abflusshindernisse im Bereich der Bauwerke entfernen","UMNGrBez":"Bauwerke instandhalten bzw. Abfluss im Bereich von Bauwerken sicherstellen","Von_km":"131+040","Bis_km":"131+150","IDUabschn":"VEC_14","KTR":"MABVE00200","Versatz_RE":20,"Akz":"62024-04","UMn_Bemerk":null,"versatz":15,"Shape_Length":177.14840579050542}},{"type":"Feature","id":230,"geometry":{"type":"LineString","coordinates":[[763199.50860000029,6909704.0581],[763249.18140000105,6909707.7659000009],[763312.9664000012,6909728.4968999997],[763350.31560000032,6909756.0282000005],[763377.56309999898,6909783.2038000003],[763428.42929999903,6909843.4602999985],[763464.09279999882,6909895.563500002]]},"properties":{"OBJECTID":230,"Massn_ID":24,"GEW":"VEC","stat_von":84380,"stat_bis":84580,"gew_seite":"L","UMnArtBez":"(Vechte), Keine Mahd des unteren Gewässersaumes (2,00m) in den Pralluferbereichen","UMNGrBez":"Mäh- und Beweidungsarbeiten","Von_km":"84+380","Bis_km":"84+580","IDUabschn":"VEC_3","KTR":"MABVE00100","Versatz_RE":-20,"Akz":"62024-04","UMn_Bemerk":null,"versatz":-10,"Shape_Length":343.75849361735652}},{"type":"Feature","id":231,"geometry":{"type":"LineString","coordinates":[[800015.24260000139,6868647.7230999991],[800081.60660000145,6868616.9408000037],[800191.28159999847,6868607.6568000019]]},"properties":{"OBJECTID":231,"Massn_ID":50,"GEW":"VEC","stat_von":126950,"stat_bis":127050,"gew_seite":"L","UMnArtBez":"Gehölzneuanpflanzungen","UMNGrBez":"Gehölzpflege, Gehölzentwicklung","Von_km":"126+950","Bis_km":"127+050","IDUabschn":"VEC_13","KTR":"MABVE00200","Versatz_RE":-20,"Akz":"62024-04","UMn_Bemerk":"Gehölzsaum vervollständigen","versatz":-35,"Shape_Length":183.22276697177404}},{"type":"Feature","id":232,"geometry":{"type":"LineString","coordinates":[[786833.51529999822,6879064.4997999966],[786846.97740000114,6879053.251000002],[786872.65850000083,6879043.5129999965],[786920.87440000102,6879049.0209000036],[786982.84120000154,6879068.4571999982],[787119.56030000001,6879094.5697999969]]},"properties":{"OBJECTID":232,"Massn_ID":5,"GEW":"KOR","stat_von":1000,"stat_bis":1200,"gew_seite":"R","UMnArtBez":"keine Mahd","UMNGrBez":"Mäh- und Beweidungsarbeiten","Von_km":"1+000","Bis_km":"1+200","IDUabschn":"KOR_1","KTR":"MABVE00400","Versatz_RE":20,"Akz":"62024-04","UMn_Bemerk":null,"versatz":20,"Shape_Length":297.67197079081416}},{"type":"Feature","id":233,"geometry":{"type":"LineString","coordinates":[]},"properties":{"OBJECTID":233,"Massn_ID":400,"GEW":"GFD","stat_von":4510,"stat_bis":4510,"gew_seite":"B","UMnArtBez":"(Dinkel, A) \tBauwerke und Anlagen instand halten","UMNGrBez":"Bauwerkunterhaltung","Von_km":"4+510","Bis_km":"4+510","IDUabschn":"GFD_2","KTR":"MABEN00100","Versatz_RE":0,"Akz":"62024-09","UMn_Bemerk":"Wehr Lehe","versatz":25,"Shape_Length":0}},{"type":"Feature","id":234,"geometry":{"type":"LineString","coordinates":[[791528.86540000141,6873554.2493999973],[791542.09910000116,6873440.8769999966],[791557.46499999985,6873380.2969999984],[791575.3946999982,6873330.7281000018],[791609.83850000054,6873280.1563000008],[791648.60249999911,6873236.0821999982],[791685.44860000163,6873205.1165999994],[791738.82250000164,6873176.8320999965],[791793.56080000103,6873155.2216999978],[791873.38329999894,6873140.2463999987],[792014.78869999945,6873128.8426000029],[792149.54679999873,6873122.6106000021]]},"properties":{"OBJECTID":234,"Massn_ID":24,"GEW":"VEC","stat_von":120280,"stat_bis":120800,"gew_seite":"L","UMnArtBez":"(Vechte), Keine Mahd des unteren Gewässersaumes (2,00m) in den Pralluferbereichen","UMNGrBez":"Mäh- und Beweidungsarbeiten","Von_km":"120+280","Bis_km":"120+800","IDUabschn":"VEC_11","KTR":"MABVE00200","Versatz_RE":-20,"Akz":"62024-04","UMn_Bemerk":null,"versatz":-10,"Shape_Length":874.60205506391981}},{"type":"Feature","id":235,"geometry":{"type":"LineString","coordinates":[[763881.13019999862,6910039.2877999991],[763951.23530000076,6910033.119099997],[764047.94379999861,6910047.0262999982]]},"properties":{"OBJECTID":235,"Massn_ID":24,"GEW":"VEC","stat_von":84880,"stat_bis":84980,"gew_seite":"L","UMnArtBez":"(Vechte), Keine Mahd des unteren Gewässersaumes (2,00m) in den Pralluferbereichen","UMNGrBez":"Mäh- und Beweidungsarbeiten","Von_km":"84+880","Bis_km":"84+980","IDUabschn":"VEC_3","KTR":"MABVE00100","Versatz_RE":-20,"Akz":"62024-04","UMn_Bemerk":null,"versatz":-10,"Shape_Length":168.0793232102472}},{"type":"Feature","id":236,"geometry":{"type":"LineString","coordinates":[[790568.93629999831,6879017.5094000027],[790145.20809999853,6879703.9932999983],[790088.92790000141,6879771.060999997],[789971.84059999883,6879860.3571000025],[789923.52499999851,6879883.4830000028],[789105.06140000001,6880111.9081000015],[788764.2041000016,6880149.0503999963],[788645.22709999979,6880156.4140999988]]},"properties":{"OBJECTID":236,"Massn_ID":6,"GEW":"EVK","stat_von":15140,"stat_bis":16590,"gew_seite":"R","UMnArtBez":"(Kanäle) Mahd, zweimalig, ab dem 15.06 und ab dem ???, Einseitig sind Röhrtricht- und Schilfbestände vor dem 01.09 von der Mahd auszuschließen","UMNGrBez":"Mäh- und Beweidungsarbeiten","Von_km":"15+140","Bis_km":"16+590","IDUabschn":"EVK_2","KTR":"MAAVE20200","Versatz_RE":20,"Akz":"62024-10","UMn_Bemerk":null,"versatz":-20,"Shape_Length":2406.9167663037424}},{"type":"Feature","id":237,"geometry":{"type":"LineString","coordinates":[[811528.81509999931,6848845.691200003],[811528.38919999823,6848773.5464000031],[811551.43730000034,6848690.8509000018],[811649.17390000075,6848541.4382999986]]},"properties":{"OBJECTID":237,"Massn_ID":24,"GEW":"VEC","stat_von":143980,"stat_bis":144180,"gew_seite":"L","UMnArtBez":"(Vechte), Keine Mahd des unteren Gewässersaumes (2,00m) in den Pralluferbereichen","UMNGrBez":"Mäh- und Beweidungsarbeiten","Von_km":"143+980","Bis_km":"144+180","IDUabschn":"VEC_19","KTR":"MABVE00200","Versatz_RE":-20,"Akz":"62024-04","UMn_Bemerk":null,"versatz":-10,"Shape_Length":336.53346911086567}},{"type":"Feature","id":238,"geometry":{"type":"LineString","coordinates":[[756151.18459999934,6910398.4297000021],[756235.10350000113,6910347.3229999989],[756267.49240000173,6910323.8627000004],[756404.41380000114,6910185.3989999965]]},"properties":{"OBJECTID":238,"Massn_ID":24,"GEW":"VEC","stat_von":79480,"stat_bis":79680,"gew_seite":"R","UMnArtBez":"(Vechte), Keine Mahd des unteren Gewässersaumes (2,00m) in den Pralluferbereichen","UMNGrBez":"Mäh- und Beweidungsarbeiten","Von_km":"79+480","Bis_km":"79+680","IDUabschn":"VEC_2","KTR":"MABVE00100","Versatz_RE":20,"Akz":"62024-04","UMn_Bemerk":null,"versatz":10,"Shape_Length":332.97873459880094}},{"type":"Feature","id":239,"geometry":{"type":"LineString","coordinates":[[807183.29120000079,6854105.8885999992],[807263.05860000104,6854064.1472000033],[807319.11400000006,6854021.7646000013],[807344.76399999857,6853999.2400999963],[807397.98149999976,6853943.1579999998],[807437.22729999945,6853896.0124000013]]},"properties":{"OBJECTID":239,"Massn_ID":24,"GEW":"VEC","stat_von":139380,"stat_bis":139580,"gew_seite":"R","UMnArtBez":"(Vechte), Keine Mahd des unteren Gewässersaumes (2,00m) in den Pralluferbereichen","UMNGrBez":"Mäh- und Beweidungsarbeiten","Von_km":"139+380","Bis_km":"139+580","IDUabschn":"VEC_17","KTR":"MABVE00200","Versatz_RE":20,"Akz":"62024-04","UMn_Bemerk":null,"versatz":10,"Shape_Length":333.09516879380749}},{"type":"Feature","id":240,"geometry":{"type":"LineString","coordinates":[[773849.75679999962,6896823.7650000006],[773766.69550000131,6896824.1220000014],[773670.14460000023,6896776.5089000016],[773605.31430000067,6896691.8209000006],[773592.57730000094,6896628.3022999987],[773600.49179999903,6896564.6415999979]]},"properties":{"OBJECTID":240,"Massn_ID":50,"GEW":"VEC","stat_von":98500,"stat_bis":98700,"gew_seite":"L","UMnArtBez":"Gehölzneuanpflanzungen","UMNGrBez":"Gehölzpflege, Gehölzentwicklung","Von_km":"98+500","Bis_km":"98+700","IDUabschn":"VEC_5","KTR":"MABVE00100","Versatz_RE":-20,"Akz":"62024-04","UMn_Bemerk":null,"versatz":-35,"Shape_Length":426.30227864128176}},{"type":"Feature","id":241,"geometry":{"type":"LineString","coordinates":[[757443.2135999985,6909349.8084999993],[757471.9459999986,6909282.7564999983],[757540.11870000139,6909212.3451000005],[757641.9215000011,6909184.4086000025],[757805.7659999989,6909172.5546000004]]},"properties":{"OBJECTID":241,"Massn_ID":50,"GEW":"VEC","stat_von":80550,"stat_bis":80780,"gew_seite":"L","UMnArtBez":"Gehölzneuanpflanzungen","UMNGrBez":"Gehölzpflege, Gehölzentwicklung","Von_km":"80+550","Bis_km":"80+780","IDUabschn":"VEC_2","KTR":"MABVE00100","Versatz_RE":-20,"Akz":"62024-04","UMn_Bemerk":null,"versatz":-35,"Shape_Length":440.79442318728297}},{"type":"Feature","id":242,"geometry":{"type":"LineString","coordinates":[[816621.80270000175,6985548.7366999984],[816242.25079999864,6985694.5064999983]]},"properties":{"OBJECTID":242,"Massn_ID":17,"GEW":"GFD","stat_von":4270,"stat_bis":4515,"gew_seite":"R","UMnArtBez":"(Goidfischdever) 1-malige Mahd der Böschungen (Herbstmahd), ab dem 1. September","UMNGrBez":"Mäh- und Beweidungsarbeiten","Von_km":"4+270","Bis_km":"4+515","IDUabschn":"GFD_2","KTR":"MABEN00100","Versatz_RE":20,"Akz":"62024-09","UMn_Bemerk":"Herbstmahd in gehölzfreien Bereichen, keine Mahd zwischen den lückenhaften Gehölzbeständen","versatz":-20,"Shape_Length":406.58145480085051}},{"type":"Feature","id":243,"geometry":{"type":"LineString","coordinates":[[816223.37319999933,6985630.9341000021],[816132.33720000088,6985650.6506000012],[816077.87319999933,6985649.1252000034],[815879.74170000106,6985586.6199000031]]},"properties":{"OBJECTID":243,"Massn_ID":16,"GEW":"GFD","stat_von":4515,"stat_bis":4740,"gew_seite":"L","UMnArtBez":"(Goidfischdever) 1-malige Mahd der Böschungen (Sommermahd), zwischen 16. Juli und 31. August","UMNGrBez":"Mäh- und Beweidungsarbeiten","Von_km":"4+515","Bis_km":"4+740","IDUabschn":"GFD_3","KTR":"MABEN00100","Versatz_RE":-20,"Akz":"62024-09","UMn_Bemerk":"Einzelbäume berücksichtigen","versatz":20,"Shape_Length":355.38906056087035}},{"type":"Feature","id":244,"geometry":{"type":"LineString","coordinates":[[809104.21939999983,6852411.4504000023],[809178.71889999881,6852377.686999999],[809253.85029999912,6852322.9271000028]]},"properties":{"OBJECTID":244,"Massn_ID":50,"GEW":"VEC","stat_von":141100,"stat_bis":141200,"gew_seite":"R","UMnArtBez":"Gehölzneuanpflanzungen","UMNGrBez":"Gehölzpflege, Gehölzentwicklung","Von_km":"141+100","Bis_km":"141+200","IDUabschn":"VEC_18","KTR":"MABVE00200","Versatz_RE":20,"Akz":"62024-04","UMn_Bemerk":"Einmündung Hespinkgraben","versatz":35,"Shape_Length":174.76303969240541}},{"type":"Feature","id":245,"geometry":{"type":"LineString","coordinates":[[837746.36670000106,6922451.0869999975],[837748.63729999959,6922553.1489000022],[837726.17680000141,6922654.2335999981]]},"properties":{"OBJECTID":245,"Massn_ID":9,"GEW":"HAS","stat_von":38980,"stat_bis":39100,"gew_seite":"L","UMnArtBez":"(Hase, Variante 2) Mahd,  zweimalig, ab dem 01.07 (Unterhaltungsweg und obere Hälfte der Böschung) und ab dem 01.10 (Unterhaltunsweg und ganze Böschung)","UMNGrBez":"Mäh- und Beweidungsarbeiten","Von_km":"38+980","Bis_km":"39+100","IDUabschn":"HAS_12","KTR":"MAAHA00100","Versatz_RE":-20,"Akz":"62024-03","UMn_Bemerk":null,"versatz":-20,"Shape_Length":205.63709692210358}},{"type":"Feature","id":246,"geometry":{"type":"LineString","coordinates":[[773992.24309999868,6898005.9778999984],[774009.55680000037,6897973.202200003],[774030.69509999827,6897917.0364999995],[774036.88109999895,6897856.8519999981],[774031.32389999926,6897807.501500003],[774009.73220000044,6897759.0888999999],[773979.95479999855,6897711.9518999979],[773951.21420000121,6897690.0549999997]]},"properties":{"OBJECTID":246,"Massn_ID":24,"GEW":"VEC","stat_von":97380,"stat_bis":97580,"gew_seite":"R","UMnArtBez":"(Vechte), Keine Mahd des unteren Gewässersaumes (2,00m) in den Pralluferbereichen","UMNGrBez":"Mäh- und Beweidungsarbeiten","Von_km":"97+380","Bis_km":"97+580","IDUabschn":"VEC_5","KTR":"MABVE00100","Versatz_RE":20,"Akz":"62024-04","UMn_Bemerk":null,"versatz":10,"Shape_Length":352.13905163174684}},{"type":"Feature","id":247,"geometry":{"type":"LineString","coordinates":[[757911.17280000076,6909227.380900003],[757999.83559999987,6909149.7101000026],[758075.51190000027,6909059.2443000004],[758159.48719999939,6909007.6528000012],[758235.98580000177,6908979.4503000006],[758360.42559999973,6908973.7346000001],[758622.33109999821,6909047.8650000021]]},"properties":{"OBJECTID":247,"Massn_ID":12,"GEW":"VEC","stat_von":80830,"stat_bis":81350,"gew_seite":"R","UMnArtBez":"(Vechte) Mahd, einmalig ab dem 01.09 (u.a. Heidenelke)","UMNGrBez":"Mäh- und Beweidungsarbeiten","Von_km":"80+830","Bis_km":"81+350","IDUabschn":"VEC_2","KTR":"MABVE00100","Versatz_RE":20,"Akz":"62024-04","UMn_Bemerk":"Ränder des Unterhaltungsweges beidseitig je 2 m breit im April oder September mähen und Mähgut abfahren","versatz":25,"Shape_Length":812.67128245837171}},{"type":"Feature","id":248,"geometry":{"type":"LineString","coordinates":[[791550.22540000081,6873352.2023999989],[791560.71950000152,6873323.1903999969],[791596.89869999886,6873270.070600003],[791637.14759999886,6873224.3083000034],[791676.96719999984,6873190.8439000025],[791788.10310000181,6873139.560800001],[791871.48660000041,6873123.9174999967],[792148.22199999914,6873106.2594000027]]},"properties":{"OBJECTID":248,"Massn_ID":5,"GEW":"VEC","stat_von":120400,"stat_bis":120800,"gew_seite":"L","UMnArtBez":"keine Mahd","UMNGrBez":"Mäh- und Beweidungsarbeiten","Von_km":"120+400","Bis_km":"120+800","IDUabschn":"VEC_11","KTR":"MABVE00200","Versatz_RE":-20,"Akz":"62024-04","UMn_Bemerk":"Gehölze","versatz":-20,"Shape_Length":692.61364510124304}},{"type":"Feature","id":249,"geometry":{"type":"LineString","coordinates":[[774961.87040000036,6882859.1510000005],[774963.3601000011,6882859.8642999977],[774902.996199999,6882636.0449000001],[774888.94440000132,6882601.2036999986],[774838.07840000093,6882527.6965999976],[774582.04989999905,6882257.387000002],[774348.80759999901,6882086.3533999994],[774331.08339999989,6882071.1903000027],[774289.4525000006,6882015.8857000023],[774267.89389999956,6881953.3709999993],[774257.17870000005,6881883.9477000013],[774278.16039999947,6881381.4888999984],[774268.55710000172,6881341.2584000006],[774237.64829999954,6881284.6402999982],[774067.67650000006,6881122.2907999977],[773803.8487999998,6880771.626699999],[773738.84400000051,6880650.3774999976],[773611.57070000097,6880504.7916999981],[773593.03720000014,6880476.7656000033],[773585.56320000067,6880449.0512000024],[773600.91310000047,6880102.2811999992],[773594.94370000064,6879982.623800002],[773431.98530000076,6879604.5235000029],[773401.40569999814,6879514.1525999978],[773406.10579999909,6879471.5573000014]]},"properties":{"OBJECTID":249,"Massn_ID":12,"GEW":"DIN","stat_von":6850,"stat_bis":9280,"gew_seite":"R","UMnArtBez":"(Dinkel, B) einmalige Sommermahd nach dem 15. Juli, \tBöschungsmahd unter Aussparung des Röhrichtsaums und der Gehölzbereiche (! Libellen !)","UMNGrBez":"Mäh- und Beweidungsarbeiten","Von_km":"6+850","Bis_km":"9+280","IDUabschn":"DIN_5","KTR":"MABVE00300","Versatz_RE":20,"Akz":"62024-05","UMn_Bemerk":"5-B, Aussparung der Gehölzbereiche (\u2794 Eisvogel) und der Röhrichtsäume (\u2794 Libellen)","versatz":20,"Shape_Length":3943.6829333515384}},{"type":"Feature","id":250,"geometry":{"type":"LineString","coordinates":[[799157.02320000157,6868886.7991999984],[799315.67920000106,6868847.1714000031]]},"properties":{"OBJECTID":250,"Massn_ID":24,"GEW":"VEC","stat_von":126380,"stat_bis":126480,"gew_seite":"R","UMnArtBez":"(Vechte), Keine Mahd des unteren Gewässersaumes (2,00m) in den Pralluferbereichen","UMNGrBez":"Mäh- und Beweidungsarbeiten","Von_km":"126+380","Bis_km":"126+480","IDUabschn":"VEC_13","KTR":"MABVE00200","Versatz_RE":20,"Akz":"62024-04","UMn_Bemerk":null,"versatz":10,"Shape_Length":163.53008551426328}},{"type":"Feature","id":251,"geometry":{"type":"LineString","coordinates":[[825839.84710000083,6922408.9187000021],[825878.90619999915,6922335.3942999989],[825889.94399999827,6922290.2960999981],[825887.78460000083,6922253.3520999998],[825845.63479999825,6922137.798299998],[825845.55409999937,6922060.9547000006],[825860.00869999826,6922018.5062000006],[825910.99100000039,6921963.1438999996],[826013.86829999834,6921926.181599997],[826068.11219999939,6921922.8466999978],[826178.19280000031,6921946.0006999969],[826475.12420000136,6922043.9543000013],[826530.38369999826,6922050.4547000006],[826576.91369999945,6922043.4158999994],[826583.07939999923,6922040.0978000015],[826606.28180000186,6922009.5412999988],[826624.10949999839,6921954.1777999997],[826627.41180000082,6921867.320100002],[826620.26889999956,6921639.7088999972],[826633.70419999957,6921537.3095000014],[826647.10960000008,6921500.6572000012],[826674.21880000085,6921465.6959000006],[826755.76729999855,6921417.5628999993],[826809.30909999833,6921396.7705999985],[826875.64919999987,6921386.4169000015],[826931.09420000017,6921404.6218999997],[827014.35720000044,6921475.8021000028],[827044.44480000064,6921483.6560000032],[827089.88300000131,6921476.3959999979],[827138.82220000029,6921448.8839000016],[827285.49610000104,6921273.429899998],[827363.4550999999,6921195.3046000004]]},"properties":{"OBJECTID":251,"Massn_ID":9,"GEW":"HAS","stat_von":21900,"stat_bis":23500,"gew_seite":"L","UMnArtBez":"(Hase, Variante 2) Mahd,  zweimalig, ab dem 01.07 (Unterhaltungsweg und obere Hälfte der Böschung) und ab dem 01.10 (Unterhaltunsweg und ganze Böschung)","UMNGrBez":"Mäh- und Beweidungsarbeiten","Von_km":"21+900","Bis_km":"23+500","IDUabschn":"HAS_6","KTR":"MAAHA00100","Versatz_RE":-20,"Akz":"62024-03","UMn_Bemerk":null,"versatz":-20,"Shape_Length":2642.3621093829806}},{"type":"Feature","id":252,"geometry":{"type":"LineString","coordinates":[[792929.9263000004,6953166.9038999975],[789041.63109999895,6955037.4650999978]]},"properties":{"OBJECTID":252,"Massn_ID":11,"GEW":"HRK","stat_von":10865,"stat_bis":13475,"gew_seite":"R","UMnArtBez":"(Kanäle) Mahd, einmalig, ab dem 15.06, Einseitig sind Röhrtricht- und Schilfbestände vor dem 01.09 von der Mahd auszuschließen","UMNGrBez":"Mäh- und Beweidungsarbeiten","Von_km":"10+865","Bis_km":"13+475","IDUabschn":"HRK_3","KTR":"MAAEN20300","Versatz_RE":20,"Akz":"62024-16","UMn_Bemerk":null,"versatz":-20,"Shape_Length":4314.83936726514}},{"type":"Feature","id":253,"geometry":{"type":"LineString","coordinates":[[775150.68239999935,6892386.2408000007],[775180.06920000166,6892351.1420999989],[775208.28209999949,6892298.8584000021],[775221.36360000074,6892260.1532000005],[775221.52360000089,6892175.9328999966],[775192.36070000008,6892107.193400003],[775071.02690000087,6891933.2685000002],[775030.88650000095,6891851.5182999969],[774892.69289999828,6891178.9770999998],[774890.91450000182,6891100.0314000025],[774895.53220000118,6891073.7268000022],[775010.22819999978,6890769.3500000015],[775020.7547999993,6890699.8425000012],[775017.62990000099,6890662.7360000014],[774997.49650000036,6890594.755900003],[774913.00030000135,6890481.0023000017],[774903.4263000004,6890459.5389000028],[774889.96389999986,6890418.6557999998],[774878.42199999839,6890320.8276999965],[774890.59849999845,6890227.9355000034],[774910.50470000133,6890188.4622000009],[774965.16120000184,6890127.368900001],[775033.13369999826,6890082.7281000018],[775155.77459999919,6890061.1398999989]]},"properties":{"OBJECTID":253,"Massn_ID":7,"GEW":"DIN","stat_von":30,"stat_bis":1650,"gew_seite":"R","UMnArtBez":"(Dinkel, B) 2-malige Mahd. Erste Mahd nach dem 15. Juni, zweite Mahd ab dem 1. September","UMNGrBez":"Mäh- und Beweidungsarbeiten","Von_km":"0+030","Bis_km":"1+650","IDUabschn":"DIN_1","KTR":"MABVE00300","Versatz_RE":20,"Akz":"62024-05","UMn_Bemerk":"1-B","versatz":20,"Shape_Length":2636.513168158468}},{"type":"Feature","id":254,"geometry":{"type":"LineString","coordinates":[[760557.43640000001,6909695.1693999991],[760651.4208999984,6909732.1296000034],[760700.15239999816,6909734.6152999997]]},"properties":{"OBJECTID":254,"Massn_ID":50,"GEW":"VEC","stat_von":82600,"stat_bis":82680,"gew_seite":"R","UMnArtBez":"Gehölzneuanpflanzungen","UMNGrBez":"Gehölzpflege, Gehölzentwicklung","Von_km":"82+600","Bis_km":"82+680","IDUabschn":"VEC_2","KTR":"MABVE00100","Versatz_RE":20,"Akz":"62024-04","UMn_Bemerk":null,"versatz":35,"Shape_Length":149.78565885529252}},{"type":"Feature","id":255,"geometry":{"type":"LineString","coordinates":[[800196.95470000058,6865289.7369000018],[800147.11890000105,6865229.1749000028],[800082.60700000077,6865187.5896999985],[800066.00679999962,6865181.9944999963]]},"properties":{"OBJECTID":255,"Massn_ID":24,"GEW":"VEC","stat_von":129580,"stat_bis":129680,"gew_seite":"R","UMnArtBez":"(Vechte), Keine Mahd des unteren Gewässersaumes (2,00m) in den Pralluferbereichen","UMNGrBez":"Mäh- und Beweidungsarbeiten","Von_km":"129+580","Bis_km":"129+680","IDUabschn":"VEC_14","KTR":"MABVE00200","Versatz_RE":20,"Akz":"62024-04","UMn_Bemerk":null,"versatz":10,"Shape_Length":172.70200575590576}},{"type":"Feature","id":256,"geometry":{"type":"LineString","coordinates":[[773926.92370000109,6894197.561999999],[773969.52499999851,6894120.5025999993],[774056.62730000168,6894013.8817000017],[774111.78460000083,6893971.3150999993],[774244.70160000026,6893903.9496999979]]},"properties":{"OBJECTID":256,"Massn_ID":50,"GEW":"VEC","stat_von":100350,"stat_bis":100600,"gew_seite":"L","UMnArtBez":"Gehölzneuanpflanzungen","UMNGrBez":"Gehölzpflege, Gehölzentwicklung","Von_km":"100+350","Bis_km":"100+600","IDUabschn":"VEC_5","KTR":"MABVE00100","Versatz_RE":-20,"Akz":"62024-04","UMn_Bemerk":"Gehölzsaum vervollständigen","versatz":-35,"Shape_Length":444.41368451854555}},{"type":"Feature","id":257,"geometry":{"type":"LineString","coordinates":[[787510.35240000114,6879054.7595999986],[787639.66719999909,6878979.936499998],[787692.32669999823,6878965.7590999976],[787749.74390000105,6878963.4133000001]]},"properties":{"OBJECTID":257,"Massn_ID":5,"GEW":"VEC","stat_von":115550,"stat_bis":115700,"gew_seite":"L","UMnArtBez":"keine Mahd","UMNGrBez":"Mäh- und Beweidungsarbeiten","Von_km":"115+550","Bis_km":"115+700","IDUabschn":"VEC_8","KTR":"MABVE00400","Versatz_RE":-20,"Akz":"62024-04","UMn_Bemerk":null,"versatz":-20,"Shape_Length":261.40120893283887}},{"type":"Feature","id":258,"geometry":{"type":"LineString","coordinates":[[851417.69689999893,6927086.3172999993],[851443.36140000075,6927128.6361000016]]},"properties":{"OBJECTID":258,"Massn_ID":52,"GEW":"HAS","stat_von":50650,"stat_bis":50680,"gew_seite":"R","UMnArtBez":"(Dinkel, G) Gehölze pflegen und entwickeln","UMNGrBez":"Gehölzpflege, Gehölzentwicklung","Von_km":"50+650","Bis_km":"50+680","IDUabschn":"HAS_16","KTR":"MABHA00200","Versatz_RE":20,"Akz":"62024-03","UMn_Bemerk":"Der Bestand an Ufergehölzen wird gepflegt. Gehölzbestände sind zumeist lückenhaft vorhanden, die Pflege ist entsprechend auszuführen.","versatz":35,"Shape_Length":49.492902460666713}},{"type":"Feature","id":259,"geometry":{"type":"LineString","coordinates":[[760529.42309999838,6909538.308799997],[760610.79949999973,6909593.8316999972]]},"properties":{"OBJECTID":259,"Massn_ID":50,"GEW":"VEC","stat_von":82540,"stat_bis":82600,"gew_seite":"L","UMnArtBez":"Gehölzneuanpflanzungen","UMNGrBez":"Gehölzpflege, Gehölzentwicklung","Von_km":"82+540","Bis_km":"82+600","IDUabschn":"VEC_2","KTR":"MABVE00100","Versatz_RE":-20,"Akz":"62024-04","UMn_Bemerk":"oh. Brücke Wildestraße","versatz":-35,"Shape_Length":98.513506188811832}},{"type":"Feature","id":260,"geometry":{"type":"LineString","coordinates":[[769417.89220000058,6907529.7312000021],[769457.56940000132,6907512.7795000002],[769526.8471999988,6907474.8901999965],[769585.62579999864,6907437.3702000007],[769696.56780000031,6907328.0493000001],[769739.92669999972,6907264.9148000032],[769775.15509999916,6907191.9421999976]]},"properties":{"OBJECTID":260,"Massn_ID":24,"GEW":"VEC","stat_von":89080,"stat_bis":89380,"gew_seite":"R","UMnArtBez":"(Vechte), Keine Mahd des unteren Gewässersaumes (2,00m) in den Pralluferbereichen","UMNGrBez":"Mäh- und Beweidungsarbeiten","Von_km":"89+080","Bis_km":"89+380","IDUabschn":"VEC_3","KTR":"MABVE00100","Versatz_RE":20,"Akz":"62024-04","UMn_Bemerk":null,"versatz":10,"Shape_Length":505.2159716264008}},{"type":"Feature","id":261,"geometry":{"type":"LineString","coordinates":[[786602.42990000173,6883340.9759000018],[786097.32349999994,6883906.3166000023],[786047.30629999936,6883948.3039000034],[785988.20259999856,6883973.9047999978],[785969.17220000178,6883977.5451000035],[785925.82880000025,6883978.4461999983],[785848.79199999943,6883963.683600001],[784582.07429999858,6883646.3509000018],[784488.03429999948,6883635.7063999996]]},"properties":{"OBJECTID":261,"Massn_ID":6,"GEW":"EVK","stat_von":19590,"stat_bis":21092.0508,"gew_seite":"L","UMnArtBez":"(Kanäle) Mahd, zweimalig, ab dem 15.06 und ab dem ???, Einseitig sind Röhrtricht- und Schilfbestände vor dem 01.09 von der Mahd auszuschließen","UMNGrBez":"Mäh- und Beweidungsarbeiten","Von_km":"19+590","Bis_km":"21+092","IDUabschn":"EVK_4","KTR":"MAAVE20200","Versatz_RE":-20,"Akz":"62024-10","UMn_Bemerk":null,"versatz":20,"Shape_Length":2429.5007172591127}},{"type":"Feature","id":262,"geometry":{"type":"LineString","coordinates":[[790755.25989999995,6936194.875500001],[790760.24049999937,6936234.9450000003],[790754.79039999843,6936267.4836999997],[790770.91530000046,6936442.249499999]]},"properties":{"OBJECTID":262,"Massn_ID":11,"GEW":"SNK","stat_von":34815,"stat_bis":34965,"gew_seite":"R","UMnArtBez":"(Kanäle) Mahd, einmalig, ab dem 15.06, Einseitig sind Röhrtricht- und Schilfbestände vor dem 01.09 von der Mahd auszuschließen","UMNGrBez":"Mäh- und Beweidungsarbeiten","Von_km":"34+815","Bis_km":"34+965","IDUabschn":"SNK_8","KTR":"MAAEN10100","Versatz_RE":20,"Akz":"62024-12","UMn_Bemerk":null,"versatz":-20,"Shape_Length":248.87794465839784}},{"type":"Feature","id":263,"geometry":{"type":"LineString","coordinates":[[752448.06599999964,6911073.1347000003],[752497.45259999856,6911116.8633000031],[752540.80429999903,6911142.9214000031],[752580.24689999968,6911151.4830000028],[752620.78929999843,6911153.7617999986],[752660.86419999972,6911147.8322999999],[752689.08370000124,6911137.9472000003],[752715.97700000182,6911119.7784999982],[752757.441300001,6911080.7153000012],[752839.08260000125,6910981.9649000019],[752863.41079999879,6910963.0002999976]]},"properties":{"OBJECTID":263,"Massn_ID":24,"GEW":"VEC","stat_von":76880,"stat_bis":77180,"gew_seite":"R","UMnArtBez":"(Vechte), Keine Mahd des unteren Gewässersaumes (2,00m) in den Pralluferbereichen","UMNGrBez":"Mäh- und Beweidungsarbeiten","Von_km":"76+880","Bis_km":"77+180","IDUabschn":"VEC_1","KTR":"MABVE00100","Versatz_RE":20,"Akz":"62024-04","UMn_Bemerk":null,"versatz":10,"Shape_Length":516.32137798522683}},{"type":"Feature","id":264,"geometry":{"type":"LineString","coordinates":[[803293.62680000067,6860488.8652999997],[803490.11419999972,6860449.9030999988],[803528.47740000114,6860437.1996000037],[803578.55550000072,6860410.2612999976],[803612.07200000063,6860381.420599997],[803653.46319999918,6860340.1400000006],[803701.65810000151,6860281.8681999967],[803726.18389999866,6860242.6850999966],[803737.69990000129,6860206.8893999979],[803743.68899999931,6860167.988499999],[803739.69750000164,6860121.5847999975],[803724.79580000043,6860051.2397999987],[803681.25730000064,6859930.4900999963]]},"properties":{"OBJECTID":264,"Massn_ID":24,"GEW":"VEC","stat_von":134080,"stat_bis":134580,"gew_seite":"R","UMnArtBez":"(Vechte), Keine Mahd des unteren Gewässersaumes (2,00m) in den Pralluferbereichen","UMNGrBez":"Mäh- und Beweidungsarbeiten","Von_km":"134+080","Bis_km":"134+580","IDUabschn":"VEC_15","KTR":"MABVE00200","Versatz_RE":20,"Akz":"62024-04","UMn_Bemerk":null,"versatz":10,"Shape_Length":845.91126674287204}},{"type":"Feature","id":265,"geometry":{"type":"LineString","coordinates":[[773560.74929999933,6901729.1916999966],[773527.34070000052,6901650.0879999995],[773513.97720000148,6901584.2766999975],[773506.97520000115,6901522.6824000031],[773513.0903000012,6901462.9981999993],[773528.83769999817,6901402.8158000037],[773562.47049999982,6901299.7348999977],[773584.69680000097,6901243.1997999996]]},"properties":{"OBJECTID":265,"Massn_ID":24,"GEW":"VEC","stat_von":94380,"stat_bis":94680,"gew_seite":"L","UMnArtBez":"(Vechte), Keine Mahd des unteren Gewässersaumes (2,00m) in den Pralluferbereichen","UMNGrBez":"Mäh- und Beweidungsarbeiten","Von_km":"94+380","Bis_km":"94+680","IDUabschn":"VEC_5","KTR":"MABVE00100","Versatz_RE":-20,"Akz":"62024-04","UMn_Bemerk":null,"versatz":-10,"Shape_Length":506.39601793983473}},{"type":"Feature","id":266,"geometry":{"type":"LineString","coordinates":[[773773.50050000101,6897658.688500002],[773741.38830000162,6897632.870099999],[773715.37090000138,6897596.3876999989],[773696.59679999948,6897550.2216999978],[773699.10990000144,6897461.487499997],[773727.85640000179,6897379.0313000008],[773764.26460000128,6897346.6570999995],[773991.44189999998,6897208.7163999975],[774039.30730000138,6897172.2242999971],[774068.3077000007,6897131.9729000032],[774077.45859999955,6897108.5029999986],[774124.90069999918,6896925.5976999998],[774121.45219999924,6896878.8712000027],[774109.96880000085,6896840.5125999972],[774082.0513000004,6896807.2682000026],[774041.04439999908,6896781.6447999999],[774007.45270000026,6896771.9063000008],[773887.08029999956,6896792.0939999968]]},"properties":{"OBJECTID":266,"Massn_ID":3,"GEW":"VEC","stat_von":97680,"stat_bis":98480,"gew_seite":"L","UMnArtBez":"Beobachtende Unterhaltung (keine Mahd, Gehölzaufwuchs wird zugelassen, Gehölzeinstürze nach Einzelfallentscheidung in Abstimmung mit UNB sichern oder entfernen, z.B. in Projektgebieten)","UMNGrBez":"keine/beobachtende Unterhaltung","Von_km":"97+680","Bis_km":"98+480","IDUabschn":"VEC_5","KTR":"MABVE00100","Versatz_RE":-20,"Akz":"62024-04","UMn_Bemerk":"Projektgebiet (ASV), Brünas Heide","versatz":-20,"Shape_Length":1286.0777287795891}},{"type":"Feature","id":267,"geometry":{"type":"LineString","coordinates":[[766819.24870000035,6913037.6106999964],[766843.37240000069,6912598.0995000005],[766842.86219999939,6912571.993900001],[766819.62550000101,6912521.306599997],[766516.01749999821,6912156.6889000013],[766420.77459999919,6912020.1779000014],[766146.11840000004,6911775.2956999987],[766093.79809999838,6911716.9829000011],[766031.98369999975,6911590.7753000036],[766001.96799999848,6911487.8207999989],[765975.04129999876,6911426.6361000016],[765724.45160000026,6911269.6775000021],[765579.44830000028,6911120.0954999998],[765407.44649999961,6910751.8585999981],[765336.44449999928,6910703.9019000009],[765141.95699999854,6910443.758100003],[765125.88470000029,6910404.8106999993],[765092.44519999996,6910273.3967999965],[765091.15830000117,6910249.935800001]]},"properties":{"OBJECTID":267,"Massn_ID":3,"GEW":"ELK","stat_von":0,"stat_bis":2092,"gew_seite":"R","UMnArtBez":"Beobachtende Unterhaltung (keine Mahd, Gehölzaufwuchs wird zugelassen, Gehölzeinstürze nach Einzelfallentscheidung in Abstimmung mit UNB sichern oder entfernen, z.B. in Projektgebieten)","UMNGrBez":"keine/beobachtende Unterhaltung","Von_km":"0+000","Bis_km":"2+092","IDUabschn":"ELK_1","KTR":"MABVE40100","Versatz_RE":20,"Akz":"62024-17","UMn_Bemerk":null,"versatz":20,"Shape_Length":3446.0675900885644}},{"type":"Feature","id":268,"geometry":{"type":"LineString","coordinates":[[807823.27340000123,6853379.5983999968],[807822.17960000038,6853282.0182000026]]},"properties":{"OBJECTID":268,"Massn_ID":50,"GEW":"VEC","stat_von":139960,"stat_bis":140020,"gew_seite":"R","UMnArtBez":"Gehölzneuanpflanzungen","UMNGrBez":"Gehölzpflege, Gehölzentwicklung","Von_km":"139+960","Bis_km":"140+020","IDUabschn":"VEC_18","KTR":"MABVE00200","Versatz_RE":20,"Akz":"62024-04","UMn_Bemerk":"Außenkurve oh Junkergraben","versatz":35,"Shape_Length":97.586330135626795}},{"type":"Feature","id":269,"geometry":{"type":"LineString","coordinates":[[765007.02769999951,6910144.2703000009],[765147.13450000063,6910190.3951999992]]},"properties":{"OBJECTID":269,"Massn_ID":50,"GEW":"VEC","stat_von":85560,"stat_bis":85650,"gew_seite":"L","UMnArtBez":"Gehölzneuanpflanzungen","UMNGrBez":"Gehölzpflege, Gehölzentwicklung","Von_km":"85+560","Bis_km":"85+650","IDUabschn":"VEC_3","KTR":"MABVE00100","Versatz_RE":-20,"Akz":"62024-04","UMn_Bemerk":"oh. un. uh. Rohrleitungsbrücke","versatz":-35,"Shape_Length":147.50397217162043}},{"type":"Feature","id":270,"geometry":{"type":"LineString","coordinates":[[790788.93730000034,6936623.3198999986],[791086.75,6940067.2806999981],[791237.7221999988,6942119.6375999972]]},"properties":{"OBJECTID":270,"Massn_ID":5,"GEW":"SNK","stat_von":35075,"stat_bis":38410,"gew_seite":"R","UMnArtBez":"keine Mahd","UMNGrBez":"Mäh- und Beweidungsarbeiten","Von_km":"35+075","Bis_km":"38+410","IDUabschn":"SNK_9","KTR":"MAAEN10100","Versatz_RE":20,"Akz":"62024-12","UMn_Bemerk":null,"versatz":-20,"Shape_Length":5514.7155261225853}},{"type":"Feature","id":271,"geometry":{"type":"LineString","coordinates":[[752843.23380000144,6910936.9880999997],[752852.88060000166,6910929.4680999964],[752906.32979999855,6910906.1961999983],[753160.52259999886,6910833.0006000027]]},"properties":{"OBJECTID":271,"Massn_ID":24,"GEW":"VEC","stat_von":77180,"stat_bis":77380,"gew_seite":"L","UMnArtBez":"(Vechte), Keine Mahd des unteren Gewässersaumes (2,00m) in den Pralluferbereichen","UMNGrBez":"Mäh- und Beweidungsarbeiten","Von_km":"77+180","Bis_km":"77+380","IDUabschn":"VEC_1","KTR":"MABVE00100","Versatz_RE":-20,"Akz":"62024-04","UMn_Bemerk":null,"versatz":-10,"Shape_Length":335.04875490570862}},{"type":"Feature","id":272,"geometry":{"type":"LineString","coordinates":[[799968.13780000061,6862357.0490000024],[800477.30460000038,6861872.0578000024]]},"properties":{"OBJECTID":272,"Massn_ID":50,"GEW":"VEC","stat_von":131600,"stat_bis":132030,"gew_seite":"L","UMnArtBez":"Gehölzneuanpflanzungen","UMNGrBez":"Gehölzpflege, Gehölzentwicklung","Von_km":"131+600","Bis_km":"132+030","IDUabschn":"VEC_15","KTR":"MABVE00200","Versatz_RE":-20,"Akz":"62024-04","UMn_Bemerk":null,"versatz":-35,"Shape_Length":703.18368460843544}},{"type":"Feature","id":273,"geometry":{"type":"LineString","coordinates":[[780161.2490000017,6888471.9954999983],[780229.97800000012,6888351.4817000031],[780260.9459999986,6888317.6728999987],[780319.29830000177,6888275.2696999982],[780466.13740000129,6888207.873999998],[780556.85110000148,6888124.7807999998],[780638.38230000064,6887998.7351000011],[780665.99240000173,6887973.5230000019],[780760.49430000037,6887915.3914000019],[780889.67119999975,6887862.6938000023],[780950.2949000001,6887819.9547000006],[780993.37530000135,6887776.2370000035],[781028.12539999932,6887728.3822000027],[781061.31740000099,6887656.8206999972],[781071.51330000162,6887613.7142999992],[781081.72850000113,6887528.2823000029],[781077.54789999872,6887463.7783000022],[781050.09970000014,6887376.0724999979],[780942.19139999896,6887112.2114999965],[780933.19530000165,6887052.4253999963],[780942.88190000132,6886979.0762000009],[780952.54879999906,6886946.8984000012],[780965.29069999978,6886919.2185000032],[780987.15619999915,6886890.5917000026],[781091.5036999993,6886795.2124999985],[781277.70039999858,6886532.4865999967],[781331.04349999875,6886480.8910999969],[781437.19570000097,6886396.1765000001],[781491.85599999875,6886344.3025999963],[781526.18200000003,6886299.2628000006],[781553.30620000139,6886251.1979999989],[781585.23800000176,6886158.0288000032],[781598.44700000063,6886068.6296999976],[781597.23169999942,6886010.1920000017]]},"properties":{"OBJECTID":273,"Massn_ID":14,"GEW":"VEC","stat_von":106380,"stat_bis":108300,"gew_seite":"R","UMnArtBez":"(Vechte) Mahd, einmalig, drei- bis fünfjährlich, zw. 01.09  und 28.02","UMNGrBez":"Mäh- und Beweidungsarbeiten","Von_km":"106+380","Bis_km":"108+300","IDUabschn":"VEC_6","KTR":"MABVE00100","Versatz_RE":20,"Akz":"62024-04","UMn_Bemerk":null,"versatz":20,"Shape_Length":3167.228360957557}},{"type":"Feature","id":274,"geometry":{"type":"LineString","coordinates":[[773966.93059999868,6897300.4716999978],[774086.25959999859,6897219.4231999964],[774127.39869999886,6897162.3229999989],[774191.17130000144,6896931.8831999972],[774186.37090000138,6896866.8461000025],[774168.92100000009,6896808.558799997],[774125.57189999893,6896756.9389000013],[774068.02670000121,6896720.9818999991],[774011.34540000185,6896704.5496999994],[773876.25250000134,6896727.2061000019]]},"properties":{"OBJECTID":274,"Massn_ID":14,"GEW":"VEC","stat_von":97980,"stat_bis":98480,"gew_seite":"R","UMnArtBez":"(Vechte) Mahd, einmalig, drei- bis fünfjährlich, zw. 01.09  und 28.02","UMNGrBez":"Mäh- und Beweidungsarbeiten","Von_km":"97+980","Bis_km":"98+480","IDUabschn":"VEC_5","KTR":"MABVE00100","Versatz_RE":20,"Akz":"62024-04","UMn_Bemerk":"Brünas Heide","versatz":20,"Shape_Length":911.04345201263015}},{"type":"Feature","id":275,"geometry":{"type":"LineString","coordinates":[[816630.70639999956,6985572.0314999968],[816251.15349999815,6985717.8021000028]]},"properties":{"OBJECTID":275,"Massn_ID":52,"GEW":"GFD","stat_von":4270,"stat_bis":4515,"gew_seite":"R","UMnArtBez":"(Dinkel, G) Gehölze pflegen und entwickeln","UMNGrBez":"Gehölzpflege, Gehölzentwicklung","Von_km":"4+270","Bis_km":"4+515","IDUabschn":"GFD_2","KTR":"MABEN00100","Versatz_RE":20,"Akz":"62024-09","UMn_Bemerk":"Bestand pflegen, Einkürzen von Ästen ist als Einzelfallentscheidung zulässig zur Verkehrssicherungspflicht","versatz":-35,"Shape_Length":406.58267514194762}},{"type":"Feature","id":276,"geometry":{"type":"LineString","coordinates":[[808228.91970000044,6852781.3412000015],[808302.21409999952,6852729.4120000005]]},"properties":{"OBJECTID":276,"Massn_ID":201,"GEW":"VEC","stat_von":140485,"stat_bis":140540,"gew_seite":"R","UMnArtBez":"Mahd im Bereich der Bauwerke z.B. Schleusen, Wehranlagen, etc. Abflusshindernisse im Bereich der Bauwerke entfernen","UMNGrBez":"Bauwerke instandhalten bzw. Abfluss im Bereich von Bauwerken sicherstellen","Von_km":"140+485","Bis_km":"140+540","IDUabschn":"VEC_18","KTR":"MABVE00200","Versatz_RE":20,"Akz":"62024-04","UMn_Bemerk":"Sohlgleite Stau Samern","versatz":25,"Shape_Length":89.826003384185114}},{"type":"Feature","id":277,"geometry":{"type":"LineString","coordinates":[[838693.52470000088,6923432.9666000009],[839319.01049999893,6924434.6789999977],[839341.6772999987,6924480.7663000003],[839367.05469999835,6924592.9417999983],[839360.98479999974,6924684.3008000031],[839343.93219999969,6924726.3652999997],[839260.54600000009,6924873.1024999991],[839251.18859999999,6924896.0914999992],[839245.69979999959,6924942.8227000013],[839248.64209999889,6924991.4034999982],[839258.11630000174,6925020.0540999994],[839276.29789999872,6925049.5715999976],[839321.03990000114,6925091.1669000015],[839329.51839999855,6925093.5556000024],[839383.6512000002,6925094.6547999978],[839450.95199999958,6925076.1665999964],[839585.9103000015,6925018.4737000018],[840083.82019999996,6924767.5615999997],[840183.28750000149,6924729.9891000018],[840333.12469999865,6924706.6369000003],[840498.92049999908,6924690.9558999985],[841500.83689999953,6924637.6981000006],[841588.33469999954,6924652.9926000014],[841627.71979999915,6924676.3784999996],[841685.13819999993,6924731.1594000012],[841955.12110000104,6925097.4670000002],[842003.01610000059,6925155.8037],[842044.9897999987,6925190.3369999975],[842108.02250000089,6925219.9073999971],[842193.09189999849,6925248.4215999991],[842518.86180000007,6925322.4013999999],[842680.28189999983,6925338.6327999979],[842758.5262000002,6925334.0282000005]]},"properties":{"OBJECTID":277,"Massn_ID":9,"GEW":"HAS","stat_von":39900,"stat_bis":43380,"gew_seite":"L","UMnArtBez":"(Hase, Variante 2) Mahd,  zweimalig, ab dem 01.07 (Unterhaltungsweg und obere Hälfte der Böschung) und ab dem 01.10 (Unterhaltunsweg und ganze Böschung)","UMNGrBez":"Mäh- und Beweidungsarbeiten","Von_km":"39+900","Bis_km":"43+380","IDUabschn":"HAS_12","KTR":"MAAHA00100","Versatz_RE":-20,"Akz":"62024-03","UMn_Bemerk":"Im Bereich der P. u. E. Maßnahme Bookhof u. der Furt \"Grosser Kanal\" keine Mahd im Bereich der Inseln","versatz":-20,"Shape_Length":5697.342948303869}},{"type":"Feature","id":278,"geometry":{"type":"LineString","coordinates":[[774236.17350000143,6898623.8849000037],[774245.41899999976,6898545.9751999974],[774240.11950000003,6898496.5979000032],[774229.77270000055,6898454.6906000003],[774208.99049999937,6898422.6978999972],[774186.0075000003,6898401.9615999982],[774147.70650000125,6898376.7155999988],[774083.78849999979,6898359.9004999995]]},"properties":{"OBJECTID":278,"Massn_ID":24,"GEW":"VEC","stat_von":96880,"stat_bis":97080,"gew_seite":"R","UMnArtBez":"(Vechte), Keine Mahd des unteren Gewässersaumes (2,00m) in den Pralluferbereichen","UMNGrBez":"Mäh- und Beweidungsarbeiten","Von_km":"96+880","Bis_km":"97+080","IDUabschn":"VEC_5","KTR":"MABVE00100","Versatz_RE":20,"Akz":"62024-04","UMn_Bemerk":null,"versatz":10,"Shape_Length":352.35382665817178}},{"type":"Feature","id":279,"geometry":{"type":"LineString","coordinates":[[800648.19889999926,6865370.5551000014],[800602.98420000076,6865341.4315000027],[800543.43950000033,6865323.4131999984],[800505.00800000131,6865318.4741000012],[800354.58779999986,6865328.0529000014],[800256.25010000169,6865311.4980999976],[800215.82330000028,6865286.9909999967],[800158.47349999845,6865217.2226999998],[800124.74980000034,6865193.8136000037],[800089.91299999878,6865172.9474999979],[799983.84219999984,6865131.3238999993],[799974.45499999821,6865121.7370000035],[799964.71709999815,6865100.4155000001],[799953.7089000009,6865045.7796000019],[799923.60119999945,6864776.1340999976],[799918.98380000144,6864674.8505999967],[799924.11969999969,6864641.4975999966],[799959.49020000175,6864537.1172000021],[799971.96629999951,6864435.8854999989],[799969.93219999969,6864397.0785999969],[799937.69949999824,6864272.2395000011],[799931.78029999882,6864216.6306999996],[799945.6083999984,6864146.4144999981],[800044.6015000008,6863874.7208999991],[800053.94689999893,6863832.6779000014],[800044.11780000106,6863759.9620999992],[800014.47960000113,6863638.8262000009],[800014.24179999903,6863609.7048999965],[800032.12469999865,6863501.7859999985],[800033.05050000176,6863407.244599998],[800019.04230000079,6863362.9253000021],[799978.441300001,6863301.1545000002],[799742.70419999957,6863032.2858999968],[799723.38919999823,6863003.1824000031],[799712.58040000126,6862953.6253999993],[799729.28429999948,6862812.8765999973],[799749.44480000064,6862741.8214000016],[799793.32490000129,6862651.2788999975],[799840.59050000086,6862599.3849999979]]},"properties":{"OBJECTID":279,"Massn_ID":14,"GEW":"VEC","stat_von":129290,"stat_bis":131440,"gew_seite":"R","UMnArtBez":"(Vechte) Mahd, einmalig, drei- bis fünfjährlich, zw. 01.09  und 28.02","UMNGrBez":"Mäh- und Beweidungsarbeiten","Von_km":"129+290","Bis_km":"131+440","IDUabschn":"VEC_14","KTR":"MABVE00200","Versatz_RE":20,"Akz":"62024-04","UMn_Bemerk":"Einschließlich Kolk","versatz":20,"Shape_Length":3458.332426693335}},{"type":"Feature","id":280,"geometry":{"type":"LineString","coordinates":[[763226.86050000042,6913014.0500999987],[761799.70019999892,6912990.8081],[759480.33509999886,6914177.7335999981]]},"properties":{"OBJECTID":280,"Massn_ID":22,"GEW":"PCK","stat_von":16660,"stat_bis":19095,"gew_seite":"L","UMnArtBez":"(Kanäle) Mahd der Röhrricht- und Schilfbestände im jährlichen Wechsel, ab dem 01.10","UMNGrBez":"Mäh- und Beweidungsarbeiten","Von_km":"16+660","Bis_km":"19+095","IDUabschn":"PCK_3","KTR":"MAAVE40500","Versatz_RE":-20,"Akz":"62024-13","UMn_Bemerk":null,"versatz":35,"Shape_Length":4032.7759188006185}},{"type":"Feature","id":281,"geometry":{"type":"LineString","coordinates":[[788071.11430000141,6884360.6909999996],[788082.84670000151,6884372.1447999999]]},"properties":{"OBJECTID":281,"Massn_ID":201,"GEW":"SNK","stat_von":1060,"stat_bis":1070,"gew_seite":"R","UMnArtBez":"Mahd im Bereich der Bauwerke z.B. Schleusen, Wehranlagen, etc. Abflusshindernisse im Bereich der Bauwerke entfernen","UMNGrBez":"Bauwerke instandhalten bzw. Abfluss im Bereich von Bauwerken sicherstellen","Von_km":"1+060","Bis_km":"1+070","IDUabschn":"SNK_1","KTR":"MAAVE10100","Versatz_RE":20,"Akz":"62024-12","UMn_Bemerk":null,"versatz":-20,"Shape_Length":16.396302760316804}},{"type":"Feature","id":282,"geometry":{"type":"LineString","coordinates":[[800892.62840000167,6866883.7179000005],[800894.67619999871,6866846.0282000005],[800891.27829999849,6866718.8577999994]]},"properties":{"OBJECTID":282,"Massn_ID":24,"GEW":"VEC","stat_von":128280,"stat_bis":128380,"gew_seite":"R","UMnArtBez":"(Vechte), Keine Mahd des unteren Gewässersaumes (2,00m) in den Pralluferbereichen","UMNGrBez":"Mäh- und Beweidungsarbeiten","Von_km":"128+280","Bis_km":"128+380","IDUabschn":"VEC_13","KTR":"MABVE00200","Versatz_RE":20,"Akz":"62024-04","UMn_Bemerk":null,"versatz":10,"Shape_Length":164.96107731412729}},{"type":"Feature","id":283,"geometry":{"type":"LineString","coordinates":[[762583.11520000175,6909290.112999998],[762674.11089999974,6909296.6633000001],[762728.15069999918,6909318.8416000009],[762809.00470000133,6909376.0970999971],[762884.88709999993,6909481.4284999967]]},"properties":{"OBJECTID":283,"Massn_ID":50,"GEW":"VEC","stat_von":83900,"stat_bis":84100,"gew_seite":"L","UMnArtBez":"Gehölzneuanpflanzungen","UMNGrBez":"Gehölzpflege, Gehölzentwicklung","Von_km":"83+900","Bis_km":"84+100","IDUabschn":"VEC_3","KTR":"MABVE00100","Versatz_RE":-20,"Akz":"62024-04","UMn_Bemerk":"vorh. Gehölzsaum vervollständigen","versatz":-35,"Shape_Length":378.53701269342753}},{"type":"Feature","id":284,"geometry":{"type":"LineString","coordinates":[[786875.84860000014,6880244.7365999967],[786852.68340000138,6880250.4809999987],[786819.17370000109,6880274.2091000006],[786778.77769999951,6880318.9799999967],[786756.61360000074,6880374.9076000005],[786748.78819999844,6880430.9152000025],[786805.83300000057,6881216.7590000033],[786805.34459999949,6881321.8496999964],[786776.76139999926,6881892.5411999971],[786785.0474999994,6882344.4355999976],[786652.48310000077,6883093.3425000012],[786594.83949999884,6883355.8251999989]]},"properties":{"OBJECTID":284,"Massn_ID":6,"GEW":"EVK","stat_von":17670,"stat_bis":19590,"gew_seite":"L","UMnArtBez":"(Kanäle) Mahd, zweimalig, ab dem 15.06 und ab dem ???, Einseitig sind Röhrtricht- und Schilfbestände vor dem 01.09 von der Mahd auszuschließen","UMNGrBez":"Mäh- und Beweidungsarbeiten","Von_km":"17+670","Bis_km":"19+590","IDUabschn":"EVK_3","KTR":"MAAVE20200","Versatz_RE":-20,"Akz":"62024-10","UMn_Bemerk":null,"versatz":20,"Shape_Length":3187.606594040386}},{"type":"Feature","id":285,"geometry":{"type":"LineString","coordinates":[[827339.62950000167,6921203.7829999998],[827356.24819999933,6921150.8452999964],[827360.67590000108,6921099.7321000025],[827359.29910000041,6921062.0852999985],[827343.01280000061,6921023.0213999972],[827317.95360000059,6920992.3153000027],[827106.46840000153,6920807.1221000031],[826991.42949999869,6920672.5839999989],[826902.45939999819,6920549.432099998],[826837.40300000086,6920417.1027000025],[826817.03029999882,6920331.6939999983],[826835.23299999908,6920217.9200000018],[826857.29560000077,6920178.7245000005],[826965.28290000185,6920115.7298000008],[827051.41019999981,6920101.6441000029],[827277.57220000029,6920114.1704000011],[827569.07330000028,6920153.4017999992],[827651.16160000116,6920195.4715000018],[827733.43930000067,6920279.9747999981],[827755.94900000095,6920290.5222999975],[827783.38369999826,6920285.3533999994],[827841.28139999881,6920240.5239999965]]},"properties":{"OBJECTID":285,"Massn_ID":23,"GEW":"HAS","stat_von":23500,"stat_bis":24880,"gew_seite":"L","UMnArtBez":"(Hase), Mahd der krautigen Ufersaumstreifen ab dem 01.10 jährlich alternierend auf 300-500 m langen Teilstrecken","UMNGrBez":"Mäh- und Beweidungsarbeiten","Von_km":"23+500","Bis_km":"24+880","IDUabschn":"HAS_7","KTR":"MAAHA00100","Versatz_RE":-20,"Akz":"62024-03","UMn_Bemerk":null,"versatz":-30,"Shape_Length":2301.0424000685225}},{"type":"Feature","id":286,"geometry":{"type":"LineString","coordinates":[[755514.48550000042,6910824.6904999986],[755625.27479999885,6910795.7529999986],[755790.09560000151,6910679.5002000034]]},"properties":{"OBJECTID":286,"Massn_ID":50,"GEW":"VEC","stat_von":79020,"stat_bis":79200,"gew_seite":"R","UMnArtBez":"Gehölzneuanpflanzungen","UMNGrBez":"Gehölzpflege, Gehölzentwicklung","Von_km":"79+020","Bis_km":"79+200","IDUabschn":"VEC_2","KTR":"MABVE00100","Versatz_RE":20,"Akz":"62024-04","UMn_Bemerk":"bis Einmündung Graben","versatz":35,"Shape_Length":316.20045122687509}},{"type":"Feature","id":287,"geometry":{"type":"LineString","coordinates":[[799858.31230000034,6863239.5089000016],[799743.30220000073,6863110.8466999978],[799703.54980000108,6863061.999499999],[799677.96810000017,6863023.4530000016],[799667.6790000014,6862992.5121000037],[799663.05849999934,6862955.5797000006],[799668.17810000107,6862893.6673000008],[799681.12649999931,6862803.002700001],[799703.377700001,6862724.5802000016],[799733.72549999878,6862654.1630999967],[799752.88589999825,6862622.805399999],[799804.39559999853,6862566.2523000017]]},"properties":{"OBJECTID":287,"Massn_ID":24,"GEW":"VEC","stat_von":130980,"stat_bis":131440,"gew_seite":"L","UMnArtBez":"(Vechte), Keine Mahd des unteren Gewässersaumes (2,00m) in den Pralluferbereichen","UMNGrBez":"Mäh- und Beweidungsarbeiten","Von_km":"130+980","Bis_km":"131+440","IDUabschn":"VEC_14","KTR":"MABVE00200","Versatz_RE":-20,"Akz":"62024-04","UMn_Bemerk":null,"versatz":-10,"Shape_Length":776.78908389908099}},{"type":"Feature","id":288,"geometry":{"type":"LineString","coordinates":[[773927.07939999923,6895269.3127000034],[773852.43580000103,6895037.2386000007],[773836.64609999955,6894918.2602000013],[773831.78799999878,6894748.4601000026],[773843.94790000096,6894653.5913000032],[773862.23959999904,6894572.7242000028],[773909.07609999925,6894430.5354000032],[774045.24799999967,6894170.1719999984],[774083.29210000113,6894116.4280000031],[774118.70699999854,6894080.0945999995],[774160.04540000111,6894048.1921000034],[774329.80420000106,6893962.5806000009],[774397.3665000014,6893896.3575000018],[774498.66829999909,6893612.9739999995],[774558.42760000005,6893492.2136000022],[774737.49989999831,6893256.2779000029],[774789.80590000004,6893145.9235000014],[774794.97709999979,6893007.804399997],[774784.73149999976,6892937.0595000014],[774794.87889999896,6892884.7141999975],[775014.09800000116,6892521.5309000015],[775043.90049999952,6892480.3322999999],[775105.9450000003,6892443.251699999]]},"properties":{"OBJECTID":288,"Massn_ID":10,"GEW":"VEC","stat_von":99680,"stat_bis":101700,"gew_seite":"R","UMnArtBez":"(Vechte) Mahd, zweimalig, ab dem 15.07 und ab dem 01.09","UMNGrBez":"Mäh- und Beweidungsarbeiten","Von_km":"99+680","Bis_km":"101+700","IDUabschn":"VEC_5","KTR":"MABVE00100","Versatz_RE":20,"Akz":"62024-04","UMn_Bemerk":"Mahd durch Dritte???","versatz":20,"Shape_Length":3273.6535737320755}},{"type":"Feature","id":289,"geometry":{"type":"LineString","coordinates":[[804527.95470000058,6858617.011500001],[804617.58469999954,6858470.5379000008],[804688.97419999912,6858395.5788000003],[804721.50600000098,6858368.9812999964],[804885.9776000008,6858275.2770000026]]},"properties":{"OBJECTID":289,"Massn_ID":10,"GEW":"VEC","stat_von":135570,"stat_bis":135890,"gew_seite":"R","UMnArtBez":"(Vechte) Mahd, zweimalig, ab dem 15.07 und ab dem 01.09","UMNGrBez":"Mäh- und Beweidungsarbeiten","Von_km":"135+570","Bis_km":"135+890","IDUabschn":"VEC_17","KTR":"MABVE00200","Versatz_RE":20,"Akz":"62024-04","UMn_Bemerk":"Abzweig Nebenarm","versatz":20,"Shape_Length":506.54833665317966}},{"type":"Feature","id":290,"geometry":{"type":"LineString","coordinates":[[816470.68789999932,6985525.6203000024],[816215.40940000117,6985624.6714999974]]},"properties":{"OBJECTID":290,"Massn_ID":400,"GEW":"GFD","stat_von":4350,"stat_bis":4515,"gew_seite":"L","UMnArtBez":"(Dinkel, A) \tBauwerke und Anlagen instand halten","UMNGrBez":"Bauwerkunterhaltung","Von_km":"4+350","Bis_km":"4+515","IDUabschn":"GFD_2","KTR":"MABEN00100","Versatz_RE":-20,"Akz":"62024-09","UMn_Bemerk":"Verwallung bei Bedarf instand halten für den Hochwasserschutz","versatz":25,"Shape_Length":273.82157106727806}},{"type":"Feature","id":291,"geometry":{"type":"LineString","coordinates":[[791032.51220000163,6874867.9091999978],[791164.33879999816,6874761.7076999992],[791286.37810000032,6874651.8110999987],[791366.63470000029,6874555.0992000028],[791412.90300000086,6874480.3746000007],[791447.79270000011,6874405.5815000013],[791473.82559999824,6874332.8637999967],[791513.22060000151,6874161.2344999984],[791520.04459999874,6874116.1141000018],[791539.81830000132,6873884.8606000021]]},"properties":{"OBJECTID":291,"Massn_ID":24,"GEW":"VEC","stat_von":119380,"stat_bis":120080,"gew_seite":"R","UMnArtBez":"(Vechte), Keine Mahd des unteren Gewässersaumes (2,00m) in den Pralluferbereichen","UMNGrBez":"Mäh- und Beweidungsarbeiten","Von_km":"119+380","Bis_km":"120+080","IDUabschn":"VEC_11","KTR":"MABVE00200","Versatz_RE":20,"Akz":"62024-04","UMn_Bemerk":null,"versatz":10,"Shape_Length":1160.6676947404333}},{"type":"Feature","id":292,"geometry":{"type":"LineString","coordinates":[[788218.73270000145,6930806.4675000012],[787561.14809999987,6930847.8359000012],[787498.04459999874,6930861.4856000021],[787404.26900000125,6930898.9020999968],[787322.80220000073,6930951.2522],[787229.81179999933,6931038.6749000028],[786947.95089999959,6931456.3166999966],[786898,6931508.9038999975],[786799.32730000094,6931575.8062999994],[786737.65480000153,6931603.0232999995],[786680.33709999919,6931617.8258000016],[786598.38789999858,6931628.4324000031]]},"properties":{"OBJECTID":292,"Massn_ID":11,"GEW":"SHK","stat_von":1310,"stat_bis":2494,"gew_seite":"L","UMnArtBez":"(Kanäle) Mahd, einmalig, ab dem 15.06, Einseitig sind Röhrtricht- und Schilfbestände vor dem 01.09 von der Mahd auszuschließen","UMNGrBez":"Mäh- und Beweidungsarbeiten","Von_km":"1+310","Bis_km":"2+494","IDUabschn":"SHK_1","KTR":"MAAEN10200","Versatz_RE":-20,"Akz":"62024-14","UMn_Bemerk":null,"versatz":20,"Shape_Length":1953.7229003973991}},{"type":"Feature","id":293,"geometry":{"type":"LineString","coordinates":[[749474.66530000046,6911679.1410999969],[749942.70930000022,6911583.4421000034],[750014.98930000141,6911563.0865999982],[750170.96990000084,6911499.179399997],[750209.01940000057,6911494.4157000035],[750267.08669999987,6911507.9684000015],[750394.69570000097,6911598.8484999985],[750440.71939999983,6911614.2792000026],[750481.55889999866,6911616.7016000003],[750523.52899999917,6911612.3523000032],[750578.68129999936,6911590.9750000015],[750719.45650000125,6911519.8018999994],[750785.496199999,6911493.2154000029],[750853.43259999901,6911476.9111000001],[750918.0914000012,6911472.7356000021],[750999.57899999991,6911474.3803000003],[751073.84499999881,6911483.9993999973],[751379.6053000018,6911539.7626999989],[751472.10170000046,6911553.4417999983],[751523.93320000172,6911551.677199997],[751599.2675999999,6911522.6723000035],[751639.07699999958,6911492.0459000021],[751669.11100000143,6911447.6877999976],[751718.64070000127,6911343.4353],[751759.67370000109,6911295.7872999981],[751800.37990000099,6911263.0724999979],[752285.11490000039,6911045.1428000033],[752319.00719999894,6911035.2211000025],[752381.65199999884,6911047.3122000024],[752405.78189999983,6911061.0975999981],[752488.05279999971,6911130.4237999991],[752535.84360000119,6911159.1503000036],[752620.26240000129,6911170.4941999987],[752667.0410999991,6911163.572800003],[752724.78460000083,6911134.0903000012],[752769.44200000167,6911092.0188999996],[752850.58960000053,6910993.8652999997],[752878.23180000111,6910972.3172999993],[752922.8574000001,6910952.887000002],[753305.91750000045,6910847.2069000006],[753338.04980000108,6910842.5930000022],[753367.23559999838,6910844.9292000011],[753389.72419999912,6910855.0389999971],[753410.07999999821,6910871.5392000005],[753431.48090000078,6910899.1252999976],[753445.26350000128,6910930.6991999969],[753479.19110000134,6911082.8579000011],[753497.45839999989,6911123.7296999991],[753530.88549999893,6911162.8470999971],[753577.02320000157,6911198.7224000022],[753661.76139999926,6911237.2413000017],[753725.68459999934,6911250.8541999981],[753790.69720000029,6911250.8000999987],[754040.59769999981,6911216.1608000025],[754102.7388000004,6911196.0569000021],[754176.76319999993,6911133.4055000022],[754293.50279999897,6910988.5129999965],[754328.04129999876,6910957.5945999995],[754362.19399999827,6910936.5301000029],[754404.71599999815,6910920.4957000017],[754512.95549999923,6910902.9716000035],[755128.57880000025,6910844.6921999976],[755503.72360000014,6910801.6262999997]]},"properties":{"OBJECTID":293,"Massn_ID":10,"GEW":"VEC","stat_von":74880,"stat_bis":79020,"gew_seite":"R","UMnArtBez":"(Vechte) Mahd, zweimalig, ab dem 15.07 und ab dem 01.09","UMNGrBez":"Mäh- und Beweidungsarbeiten","Von_km":"74+880","Bis_km":"79+020","IDUabschn":"VEC_1","KTR":"MABVE00100","Versatz_RE":20,"Akz":"62024-04","UMn_Bemerk":" Froschkraut, Sumpf-Schwertlilie, Blaue Federlibelle, Gemeine Keiljungfer","versatz":20,"Shape_Length":6801.0280516120556}},{"type":"Feature","id":294,"geometry":{"type":"LineString","coordinates":[[802649.90850000083,6860904.2744000033],[802672.28920000046,6860843.0939999968]]},"properties":{"OBJECTID":294,"Massn_ID":50,"GEW":"VEC","stat_von":133610,"stat_bis":133650,"gew_seite":"L","UMnArtBez":"Gehölzneuanpflanzungen","UMNGrBez":"Gehölzpflege, Gehölzentwicklung","Von_km":"133+610","Bis_km":"133+650","IDUabschn":"VEC_15","KTR":"MABVE00200","Versatz_RE":-20,"Akz":"62024-04","UMn_Bemerk":null,"versatz":-35,"Shape_Length":65.145506962687051}},{"type":"Feature","id":295,"geometry":{"type":"LineString","coordinates":[[773614.14229999855,6901257.5366000012],[773651.74430000037,6901193.0270000026],[773758.46139999852,6901049.0737999976],[773798.01520000026,6900987.4333999977],[773819.94359999895,6900922.5327000022],[773819.9028000012,6900857.7810000032],[773806.32039999962,6900798.5952999964],[773767.46700000018,6900740.8033000007],[773717.33320000023,6900698.9637999982],[773652.04789999872,6900668.248300001],[773574.77360000089,6900647.6356000006],[773530.1688000001,6900639.1017000005]]},"properties":{"OBJECTID":295,"Massn_ID":24,"GEW":"VEC","stat_von":94680,"stat_bis":95180,"gew_seite":"R","UMnArtBez":"(Vechte), Keine Mahd des unteren Gewässersaumes (2,00m) in den Pralluferbereichen","UMNGrBez":"Mäh- und Beweidungsarbeiten","Von_km":"94+680","Bis_km":"95+180","IDUabschn":"VEC_5","KTR":"MABVE00100","Versatz_RE":20,"Akz":"62024-04","UMn_Bemerk":null,"versatz":10,"Shape_Length":853.56211681456716}},{"type":"Feature","id":296,"geometry":{"type":"LineString","coordinates":[[775706.18169999868,6892291.3932999969],[775768.74769999832,6892295.2070000023],[775818.83630000055,6892308.798299998],[775894.69350000098,6892349.9830000028],[776359.44189999998,6892772.1160999984],[776399.11239999905,6892795.9324999973],[776496.88419999927,6892831.430399999],[776552.23009999841,6892840.3191],[776706.73669999838,6892840.7273999974],[776818.61400000006,6892830.0781000033],[776855.27419999987,6892816.0138000026],[776994.16660000011,6892736.9133000001],[777084.05310000107,6892665.5749000013]]},"properties":{"OBJECTID":296,"Massn_ID":14,"GEW":"VEC","stat_von":102080,"stat_bis":103080,"gew_seite":"L","UMnArtBez":"(Vechte) Mahd, einmalig, drei- bis fünfjährlich, zw. 01.09  und 28.02","UMNGrBez":"Mäh- und Beweidungsarbeiten","Von_km":"102+080","Bis_km":"103+080","IDUabschn":"VEC_6","KTR":"MABVE00100","Versatz_RE":-20,"Akz":"62024-04","UMn_Bemerk":null,"versatz":-20,"Shape_Length":1615.8320058209149}},{"type":"Feature","id":297,"geometry":{"type":"LineString","coordinates":[[775445.55660000071,6887347.7515999973],[775489.09730000049,6887247.3127999976],[775624.52279999852,6887056.7502999976]]},"properties":{"OBJECTID":297,"Massn_ID":14,"GEW":"DIN","stat_von":3500,"stat_bis":3705,"gew_seite":"L","UMnArtBez":"(Dinkel, B) mehrjährlich keine Mahd, Uferstaudenfluren werden in gehölzarmen Böschungsbereichen entwickelt","UMNGrBez":"Mäh- und Beweidungsarbeiten","Von_km":"3+500","Bis_km":"3+705","IDUabschn":"DIN_3","KTR":"MABVE00300","Versatz_RE":-20,"Akz":"62024-05","UMn_Bemerk":"3-B-1 (Libellen, Eisvogel)","versatz":-20,"Shape_Length":343.25252621658501}},{"type":"Feature","id":298,"geometry":{"type":"LineString","coordinates":[[748685.03429999948,6911224.5494000018],[748747.79360000044,6911206.3927000016],[749014.65199999884,6911166.5874999985],[749135.26749999821,6911161.6133000031],[749219.2424999997,6911210.3214000016],[749272.79830000177,6911288.4666000009],[749284.05050000176,6911332.4403999969],[749284.36149999872,6911499.6587999985],[749306.25719999894,6911558.7955000028],[749312.87249999866,6911565.5366000012],[749370.15749999881,6911593.0842000023],[749411.50239999965,6911599.942900002],[749621.61879999936,6911566.3637000024]]},"properties":{"OBJECTID":298,"Massn_ID":21,"GEW":"VEC","stat_von":74180,"stat_bis":74980,"gew_seite":"L","UMnArtBez":"(Vechte) Röhriricht-, Schilfsaum belassen","UMNGrBez":"Mäh- und Beweidungsarbeiten","Von_km":"74+180","Bis_km":"74+980","IDUabschn":"VEC_1","KTR":"MABVE00100","Versatz_RE":null,"Akz":"62024-04","UMn_Bemerk":null,"versatz":-30,"Shape_Length":1251.0476679291869}},{"type":"Feature","id":299,"geometry":{"type":"LineString","coordinates":[[796229.81659999862,6871360.8743000031],[796241.40819999948,6871348.2773000002],[796312.42399999872,6871294.746299997],[796367.19909999892,6871264.0006000027]]},"properties":{"OBJECTID":299,"Massn_ID":24,"GEW":"VEC","stat_von":123880,"stat_bis":123980,"gew_seite":"L","UMnArtBez":"(Vechte), Keine Mahd des unteren Gewässersaumes (2,00m) in den Pralluferbereichen","UMNGrBez":"Mäh- und Beweidungsarbeiten","Von_km":"123+880","Bis_km":"123+980","IDUabschn":"VEC_13","KTR":"MABVE00200","Versatz_RE":-20,"Akz":"62024-04","UMn_Bemerk":null,"versatz":-10,"Shape_Length":168.86428017087792}},{"type":"Feature","id":300,"geometry":{"type":"LineString","coordinates":[[800537.0438000001,6861845.3171000034],[800593.96829999983,6861804.6955000013],[800700.08309999853,6861743.0187000036],[800780.18769999966,6861714.493900001],[800909.058699999,6861689.1295000017],[800931.43950000033,6861678.4469000027],[800976.30959999934,6861621.422799997],[801011.61250000075,6861562.5559],[801039.87139999866,6861534.3361999989],[801219.99929999933,6861406.0097000003],[801256.21040000021,6861393.1908999979],[801365.42040000111,6861376.6405000016],[801416.07550000027,6861376.887000002],[801512.16679999977,6861401.2422999963],[801726.59019999951,6861369.1963],[801936.28909999877,6861359.7435000017]]},"properties":{"OBJECTID":300,"Massn_ID":3,"GEW":"VEC","stat_von":132065,"stat_bis":133010,"gew_seite":"L","UMnArtBez":"Beobachtende Unterhaltung (keine Mahd, Gehölzaufwuchs wird zugelassen, Gehölzeinstürze nach Einzelfallentscheidung in Abstimmung mit UNB sichern oder entfernen, z.B. in Projektgebieten)","UMNGrBez":"keine/beobachtende Unterhaltung","Von_km":"132+065","Bis_km":"133+010","IDUabschn":"VEC_15","KTR":"MABVE00200","Versatz_RE":-20,"Akz":"62024-04","UMn_Bemerk":"Projektgebiet Quendorf 1","versatz":-20,"Shape_Length":1561.5191765510453}},{"type":"Feature","id":301,"geometry":{"type":"LineString","coordinates":[[819871.96939999983,6927030.7754999995],[820027.35190000013,6927049.8335999995],[820227.96020000055,6927185.4578000009],[820311.62189999968,6927299.9575000033],[820366.45380000025,6927418.4460999966],[820444.0064000003,6927626.932599999],[820416.90810000151,6927732.6630999967],[820296.53049999848,6927917.1696999967],[820286.4748999998,6927946.8783000037],[820286.8889000006,6927949.6387000009],[820318.40650000051,6927965.7382000014],[820608.72239999846,6928035.5373999998],[821031.11510000005,6928023.7836999968],[821092.31230000034,6928001.5337999985],[821156.72639999911,6927953.5945999995],[821191.66739999875,6927888.3645000011],[821193.43189999834,6927808.5163000003],[821182.87539999932,6927753.945600003],[821001.34079999849,6927497.8181999996],[820582.68890000135,6926830.943599999],[820545.94000000134,6926685.4236000031],[820564.17749999836,6926541.7340999991],[820664.96889999881,6926290.1332999989],[820683.69539999962,6926153.4284999967],[820676.33700000122,6926055.5009000003],[820646.54270000011,6925992.6401999965],[820430.51419999823,6925864.1385999992],[820360.3834999986,6925725.6882999986],[820319.04569999874,6925523.4698999971],[820290.51009999961,6925432.2958000004],[820221.35249999911,6925346.6941],[820123.17009999976,6925304.1680999994],[819983.86969999969,6925314.5491999984],[819907.0474999994,6925246.1433999985],[819925.2985999994,6925152.3056000024],[820007.65029999986,6925066.0873999968],[820106.0020999983,6925025.6743000001],[820264.82239999995,6925004.4848000035],[820454.19779999927,6925019.3294999972],[820781.14559999853,6925080.8540999964],[820805.11890000105,6925073.3906000033],[820830.37550000101,6925048.0830999985],[820846.40190000087,6924985.3373000026],[820848.09650000185,6924949.0121000037],[820729.46920000017,6924604.4447000027],[820732.32479999959,6924450.9824000001],[820753.04369999841,6924331.809799999],[820796.55840000138,6924203.3275000006],[820843.73589999974,6924120.5557999983],[820895.8359999992,6924069.9909000024],[820933.70360000059,6924011.550999999],[820951.51289999858,6923973.1248999983],[820974.98389999941,6923831.3324000016],[820996.65630000085,6923784.3439999968],[821044.32889999822,6923741.3557000011],[821084.41539999843,6923727.6894999966],[821146.47749999911,6923735.5922999978],[821322.0196999982,6923887.5188999996],[821376.66890000179,6923903.2616999969],[821427.56080000103,6923905.0213000029],[821483.08989999816,6923893.9575000033],[821519.59219999984,6923875.1534999982],[821553.95089999959,6923842.2239999995],[821588.30059999973,6923791.1469999999],[821618.54100000113,6923712.9540000036],[821718.33549999818,6923283.7656000033],[821713.62909999862,6923216.3606000021],[821671.08049999923,6923094.6225000024],[821673.88489999995,6923017.2744999975],[821707.89770000055,6922965.3537999988],[821791.3973999992,6922966.0296000019]]},"properties":{"OBJECTID":301,"Massn_ID":23,"GEW":"HAS","stat_von":9325,"stat_bis":15140,"gew_seite":"L","UMnArtBez":"(Hase), Mahd der krautigen Ufersaumstreifen ab dem 01.10 jährlich alternierend auf 300-500 m langen Teilstrecken","UMNGrBez":"Mäh- und Beweidungsarbeiten","Von_km":"9+325","Bis_km":"15+140","IDUabschn":"HAS_4","KTR":"MAAHA00100","Versatz_RE":-20,"Akz":"62024-03","UMn_Bemerk":null,"versatz":-30,"Shape_Length":9585.371057488559}},{"type":"Feature","id":302,"geometry":{"type":"LineString","coordinates":[[767989.64519999921,6912688.0622999966],[767857.5111999996,6912733.5957000032]]},"properties":{"OBJECTID":302,"Massn_ID":11,"GEW":"PCK","stat_von":13685,"stat_bis":13770,"gew_seite":"L","UMnArtBez":"(Kanäle) Mahd, einmalig, ab dem 15.06, Einseitig sind Röhrtricht- und Schilfbestände vor dem 01.09 von der Mahd auszuschließen","UMNGrBez":"Mäh- und Beweidungsarbeiten","Von_km":"13+685","Bis_km":"13+770","IDUabschn":"PCK_3","KTR":"MAAVE40500","Versatz_RE":-20,"Akz":"62024-13","UMn_Bemerk":null,"versatz":20,"Shape_Length":139.75938062276163}},{"type":"Feature","id":303,"geometry":{"type":"LineString","coordinates":[[775412.84459999949,6889859.2378999963],[775437.17839999869,6889741.1739000008],[775464.29459999874,6889561.1749000028],[775497.21290000156,6889413.5529000014],[775533.93710000068,6889267.0022],[775566.45050000027,6889136.6881999969],[775578.24480000138,6889089.4209999964],[775611.68090000004,6889008.6410999969],[775643.98180000111,6888929.1635000035]]},"properties":{"OBJECTID":303,"Massn_ID":300,"GEW":"DIN","stat_von":1855,"stat_bis":2440,"gew_seite":"B","UMnArtBez":"(Dinkel, C) Krautung des Gewässerbetts nur im Bedarfsfall. Ein jeweils 1 Meter breiter Streifen am Ufer wird ausgespart.","UMNGrBez":"Unterhaltung der Gewässersohle","Von_km":"1+855","Bis_km":"2+440","IDUabschn":"DIN_2","KTR":"MABVE00300","Versatz_RE":0,"Akz":"62024-05","UMn_Bemerk":"Dinkelsandfang","versatz":0,"Shape_Length":961.14762617143583}},{"type":"Feature","id":304,"geometry":{"type":"LineString","coordinates":[[799749.86510000005,6862850.8326999992],[799772.95019999892,6862749.8475999981],[799823.121199999,6862651.4949000031]]},"properties":{"OBJECTID":304,"Massn_ID":50,"GEW":"VEC","stat_von":131260,"stat_bis":131400,"gew_seite":"R","UMnArtBez":"Gehölzneuanpflanzungen","UMNGrBez":"Gehölzpflege, Gehölzentwicklung","Von_km":"131+260","Bis_km":"131+400","IDUabschn":"VEC_14","KTR":"MABVE00200","Versatz_RE":20,"Akz":"62024-04","UMn_Bemerk":null,"versatz":35,"Shape_Length":214.00018337278505}},{"type":"Feature","id":305,"geometry":{"type":"LineString","coordinates":[[784416.22890000045,6880793.1757000014],[784449.81170000136,6880759.8400999978],[784486.99500000104,6880737.7743000016],[784531.26539999992,6880726.6322999969],[784570.17410000041,6880726.5204000026],[784735.70010000095,6880754.5336999968]]},"properties":{"OBJECTID":305,"Massn_ID":24,"GEW":"VEC","stat_von":112980,"stat_bis":113180,"gew_seite":"L","UMnArtBez":"(Vechte), Keine Mahd des unteren Gewässersaumes (2,00m) in den Pralluferbereichen","UMNGrBez":"Mäh- und Beweidungsarbeiten","Von_km":"112+980","Bis_km":"113+180","IDUabschn":"VEC_7","KTR":"MABVE00100","Versatz_RE":-20,"Akz":"62024-04","UMn_Bemerk":null,"versatz":-10,"Shape_Length":342.99603161822063}},{"type":"Feature","id":306,"geometry":{"type":"LineString","coordinates":[[815730.9197999984,6985789.3400000036],[815705.67509999871,6985900.5537],[815738.93459999934,6985992.6066000015],[815821.35119999945,6986144.4319999963],[815920.61430000141,6986298.1510000005],[815974.84230000153,6986401.440700002],[815970.00189999864,6986487.5697000027],[815941.95120000094,6986537.9227000028],[815898.9935999997,6986575.4708999991]]},"properties":{"OBJECTID":306,"Massn_ID":18,"GEW":"GFD","stat_von":4900,"stat_bis":5420,"gew_seite":"R","UMnArtBez":"(Goldfischdever) Mahd der Böschungen alle zwei Jahre zwischen 15. September und 28. Februar; Mahd des linksseitigen Ufers in geraden Jahren, Mahd des rechtsseitigen Ufers in ungeraden Jahren.","UMNGrBez":"Mäh- und Beweidungsarbeiten","Von_km":"4+900","Bis_km":"5+420","IDUabschn":"GFD_3","KTR":"MABEN00100","Versatz_RE":20,"Akz":"62024-09","UMn_Bemerk":"links in geraden, rechts in ungereaden Jahren mähen","versatz":-20,"Shape_Length":885.27341531178911}},{"type":"Feature","id":307,"geometry":{"type":"LineString","coordinates":[[787116.27950000018,6879093.7653999999],[787257.50250000134,6879136.2364000008],[787310.38399999961,6879146.0631999969],[787388.10009999946,6879149.056400001],[787448.934799999,6879142.8889999986]]},"properties":{"OBJECTID":307,"Massn_ID":10,"GEW":"KOR","stat_von":1200,"stat_bis":1400,"gew_seite":"R","UMnArtBez":"(Vechte) Mahd, zweimalig, ab dem 15.07 und ab dem 01.09","UMNGrBez":"Mäh- und Beweidungsarbeiten","Von_km":"1+200","Bis_km":"1+400","IDUabschn":"KOR_1","KTR":"MABVE00400","Versatz_RE":20,"Akz":"62024-04","UMn_Bemerk":null,"versatz":20,"Shape_Length":340.17812439502893}},{"type":"Feature","id":308,"geometry":{"type":"LineString","coordinates":[[765019.78240000084,6910266.1974999979],[765066.73910000175,6910280.8567000031]]},"properties":{"OBJECTID":308,"Massn_ID":50,"GEW":"VEC","stat_von":85590,"stat_bis":85620,"gew_seite":"R","UMnArtBez":"Gehölzneuanpflanzungen","UMNGrBez":"Gehölzpflege, Gehölzentwicklung","Von_km":"85+590","Bis_km":"85+620","IDUabschn":"VEC_3","KTR":"MABVE00100","Versatz_RE":20,"Akz":"62024-04","UMn_Bemerk":"Weiden setzen im Mündungsbereich Entlastungskanal","versatz":35,"Shape_Length":49.191704786163655}},{"type":"Feature","id":309,"geometry":{"type":"LineString","coordinates":[[849829.29170000181,6924537.5229000002],[849927.08720000088,6924537.2989000008],[850367.84129999951,6924487.7465000004],[850597.86580000073,6924445.9354000017],[850652.06199999899,6924444.2440000027],[850678.82079999894,6924449.6450000033],[850778.49740000069,6924487.2660999969],[850846.70120000094,6924541.2897000015],[850992.4824000001,6924703.2392999977],[851194.54789999872,6924901.1357999966],[851285.84389999881,6924981.4123999998]]},"properties":{"OBJECTID":309,"Massn_ID":8,"GEW":"HAS","stat_von":48250,"stat_bis":49280,"gew_seite":"R","UMnArtBez":"(Hase, Variante 1) Mahd, zweimalig, ab dem 15.06 (Unterhaltungsweg und obere Hälfte der Böschung) und am dem 15.09 (Unterhaltungsweg und ganze Böschung)","UMNGrBez":"Mäh- und Beweidungsarbeiten","Von_km":"48+250","Bis_km":"49+280","IDUabschn":"HAS_15","KTR":"MAAHA00100","Versatz_RE":20,"Akz":"62024-03","UMn_Bemerk":null,"versatz":20,"Shape_Length":1672.4887108544749}},{"type":"Feature","id":310,"geometry":{"type":"LineString","coordinates":[[800769.1400000006,6867361.432099998],[800805.40670000017,6867201.7533000037]]},"properties":{"OBJECTID":310,"Massn_ID":24,"GEW":"VEC","stat_von":127980,"stat_bis":128080,"gew_seite":"R","UMnArtBez":"(Vechte), Keine Mahd des unteren Gewässersaumes (2,00m) in den Pralluferbereichen","UMNGrBez":"Mäh- und Beweidungsarbeiten","Von_km":"127+980","Bis_km":"128+080","IDUabschn":"VEC_13","KTR":"MABVE00200","Versatz_RE":20,"Akz":"62024-04","UMn_Bemerk":null,"versatz":10,"Shape_Length":163.74551198880323}},{"type":"Feature","id":311,"geometry":{"type":"LineString","coordinates":[[798291.09279999882,6870217.2412],[798503.79129999876,6869890.1849000007],[798790.65989999846,6869226.5363000035],[799018.88280000165,6868979.1574999988],[799051.21819999814,6868952.4711999968],[799100.37370000035,6868924.2476999983],[799151.19090000167,6868905.1711999997],[799461.93950000033,6868831.4180999994],[799533.95219999924,6868833.1582000032],[799717.76229999959,6868862.1023000032],[799810.93349999934,6868861.5605000034],[799842.06929999962,6868853.5128000006],[799917.49230000004,6868820.2879000008],[800088.85940000042,6868710.6027999967],[800124.74769999832,6868701.1445999965],[800232.14519999921,6868695.6013000011],[800302.50160000101,6868680.818599999],[800362.90579999983,6868638.7430000007],[800438.10269999877,6868517.8619000018],[800481.58980000019,6868397.3667000011],[800510.97920000181,6868252.5116000026],[800532.54050000012,6868204.4769999981],[800590.5159999989,6868106.3888999969],[800612.75180000067,6868052.7189999968],[800613.66279999912,6867980.7577999979],[800592.09189999849,6867735.7556999996],[800602.8311999999,6867675.8825000003],[800635.92949999869,6867583.0227999985],[800786.80070000142,6867363.7682999969],[800836.10020000115,6867136.3980000019],[800888.19110000134,6866986.565700002],[800911.06019999832,6866876.2717000023],[800906.84259999916,6866708.9733000025],[800882.21770000085,6866622.2524999976],[800870.7762000002,6866553.1491999999],[800860.97439999878,6866424.9919999987],[800848.57719999924,6866389.5414000005],[800791.33269999921,6866299.6736000031],[800741.40579999983,6866244.6656000018],[800610.92170000076,6866146.4482000023],[800585.7985999994,6866118.364699997],[800578.53130000085,6866106.7893999964],[800575.59099999815,6866088.1708000004],[800582.10379999876,6866042.755400002]]},"properties":{"OBJECTID":311,"Massn_ID":14,"GEW":"VEC","stat_von":125380,"stat_bis":128870,"gew_seite":"R","UMnArtBez":"(Vechte) Mahd, einmalig, drei- bis fünfjährlich, zw. 01.09  und 28.02","UMNGrBez":"Mäh- und Beweidungsarbeiten","Von_km":"125+380","Bis_km":"128+870","IDUabschn":"VEC_13","KTR":"MABVE00200","Versatz_RE":20,"Akz":"62024-04","UMn_Bemerk":null,"versatz":20,"Shape_Length":5725.6768200949082}},{"type":"Feature","id":312,"geometry":{"type":"LineString","coordinates":[[776741.29439999908,6909474.9789000005],[773978.94069999829,6911241.5245999992],[773848.3498999998,6911322.0425999984],[773819.39510000125,6911334.5970000029],[773753.9327000007,6911344.3262000009],[772205.73660000041,6911365.1066000015],[771509.04500000179,6911679.2892000005],[770523.5661999993,6912135.3998999968],[770491.95670000091,6912141.1721000001],[770398.83060000092,6912142.9777999967],[769572.86780000106,6912151.566399999],[769491.00649999827,6912164.0463000014],[767989.52580000088,6912688.1036999971]]},"properties":{"OBJECTID":312,"Massn_ID":11,"GEW":"PCK","stat_von":7870,"stat_bis":13685,"gew_seite":"L","UMnArtBez":"(Kanäle) Mahd, einmalig, ab dem 15.06, Einseitig sind Röhrtricht- und Schilfbestände vor dem 01.09 von der Mahd auszuschließen","UMNGrBez":"Mäh- und Beweidungsarbeiten","Von_km":"7+870","Bis_km":"13+685","IDUabschn":"PCK_2","KTR":"MAAVE40500","Versatz_RE":-20,"Akz":"62024-13","UMn_Bemerk":null,"versatz":20,"Shape_Length":9552.9778209458545}},{"type":"Feature","id":313,"geometry":{"type":"LineString","coordinates":[[791273.92720000073,6942564.8598000035],[791360.26229999959,6943893.7424999997]]},"properties":{"OBJECTID":313,"Massn_ID":5,"GEW":"SNK","stat_von":38680,"stat_bis":39485,"gew_seite":"R","UMnArtBez":"keine Mahd","UMNGrBez":"Mäh- und Beweidungsarbeiten","Von_km":"38+680","Bis_km":"39+485","IDUabschn":"SNK_9","KTR":"MAAEN10100","Versatz_RE":20,"Akz":"62024-12","UMn_Bemerk":null,"versatz":-20,"Shape_Length":1331.6842643213486}},{"type":"Feature","id":314,"geometry":{"type":"LineString","coordinates":[[784108.60119999945,6882229.6498999968],[784098.69799999893,6882185.8713999987],[784095.85119999945,6882146.6366999969],[784097.20010000095,6882062.8396999985]]},"properties":{"OBJECTID":314,"Massn_ID":24,"GEW":"VEC","stat_von":112080,"stat_bis":112180,"gew_seite":"L","UMnArtBez":"(Vechte), Keine Mahd des unteren Gewässersaumes (2,00m) in den Pralluferbereichen","UMNGrBez":"Mäh- und Beweidungsarbeiten","Von_km":"112+080","Bis_km":"112+180","IDUabschn":"VEC_7","KTR":"MABVE00100","Versatz_RE":-20,"Akz":"62024-04","UMn_Bemerk":null,"versatz":-10,"Shape_Length":168.03033457274807}},{"type":"Feature","id":315,"geometry":{"type":"LineString","coordinates":[[789867.04600000009,6876603.0007999986],[789845.73649999872,6876255.8488000035],[789845.23440000042,6876183.7578999996],[789851.5084999986,6876096.744599998],[789863.27050000057,6876013.7983999997],[789878.64600000158,6875946.0596999973],[789898.90689999983,6875875.2155999988],[789938.82809999958,6875773.0495999977]]},"properties":{"OBJECTID":315,"Massn_ID":24,"GEW":"VEC","stat_von":118000,"stat_bis":118510,"gew_seite":"L","UMnArtBez":"(Vechte), Keine Mahd des unteren Gewässersaumes (2,00m) in den Pralluferbereichen","UMNGrBez":"Mäh- und Beweidungsarbeiten","Von_km":"118+000","Bis_km":"118+510","IDUabschn":"VEC_10","KTR":"MABVE00200","Versatz_RE":-20,"Akz":"62024-04","UMn_Bemerk":"bis Brandlechter Bruchgraben links","versatz":-10,"Shape_Length":843.74804791766542}},{"type":"Feature","id":316,"geometry":{"type":"LineString","coordinates":[[768603.11630000174,6907866.2485999987],[768708.38960000128,6907761.7585999966],[768808.79129999876,6907707.0384000018]]},"properties":{"OBJECTID":316,"Massn_ID":50,"GEW":"VEC","stat_von":88550,"stat_bis":88700,"gew_seite":"L","UMnArtBez":"Gehölzneuanpflanzungen","UMNGrBez":"Gehölzpflege, Gehölzentwicklung","Von_km":"88+550","Bis_km":"88+700","IDUabschn":"VEC_3","KTR":"MABVE00100","Versatz_RE":-20,"Akz":"62024-04","UMn_Bemerk":null,"versatz":-35,"Shape_Length":262.67118494970885}},{"type":"Feature","id":317,"geometry":{"type":"LineString","coordinates":[[788135.56929999962,6884425.4528999999],[788345.16209999844,6884645.3819999993],[788572.09760000184,6884901.7343000025],[788688.05550000072,6885067.1765000001],[788750.50759999827,6885179.5393999964],[789267.74399999902,6886285.8374999985],[790124.38599999994,6888228.1704000011]]},"properties":{"OBJECTID":317,"Massn_ID":6,"GEW":"SNK","stat_von":1115,"stat_bis":3740,"gew_seite":"R","UMnArtBez":"(Kanäle) Mahd, zweimalig, ab dem 15.06 und ab dem ???, Einseitig sind Röhrtricht- und Schilfbestände vor dem 01.09 von der Mahd auszuschließen","UMNGrBez":"Mäh- und Beweidungsarbeiten","Von_km":"1+115","Bis_km":"3+740","IDUabschn":"SNK_2","KTR":"MAAVE10100","Versatz_RE":20,"Akz":"62024-12","UMn_Bemerk":null,"versatz":-20,"Shape_Length":4320.8505224187666}},{"type":"Feature","id":318,"geometry":{"type":"LineString","coordinates":[[799386.52710000053,6951217.3436999992],[795417.46510000154,6952361.5837000012]]},"properties":{"OBJECTID":318,"Massn_ID":11,"GEW":"HRK","stat_von":6780,"stat_bis":9280,"gew_seite":"L","UMnArtBez":"(Kanäle) Mahd, einmalig, ab dem 15.06, Einseitig sind Röhrtricht- und Schilfbestände vor dem 01.09 von der Mahd auszuschließen","UMNGrBez":"Mäh- und Beweidungsarbeiten","Von_km":"6+780","Bis_km":"9+280","IDUabschn":"HRK_2","KTR":"MAAEN20300","Versatz_RE":-20,"Akz":"62024-16","UMn_Bemerk":null,"versatz":20,"Shape_Length":4130.7067600400696}},{"type":"Feature","id":319,"geometry":{"type":"LineString","coordinates":[[752306.00259999931,6910987.5368999988],[752315.74709999934,6910984.684299998],[752356.09070000052,6910988.0750999972],[752399.64510000125,6911000.7018999979],[752433.82110000029,6911020.2265999988],[752469.05799999833,6911047.7981999964]]},"properties":{"OBJECTID":319,"Massn_ID":24,"GEW":"VEC","stat_von":76780,"stat_bis":76880,"gew_seite":"L","UMnArtBez":"(Vechte), Keine Mahd des unteren Gewässersaumes (2,00m) in den Pralluferbereichen","UMNGrBez":"Mäh- und Beweidungsarbeiten","Von_km":"76+780","Bis_km":"76+880","IDUabschn":"VEC_1","KTR":"MABVE00100","Versatz_RE":-20,"Akz":"62024-04","UMn_Bemerk":null,"versatz":-10,"Shape_Length":180.08896655357591}},{"type":"Feature","id":320,"geometry":{"type":"LineString","coordinates":[[799830.50129999965,6864736.2634000033],[799829.48209999874,6864670.8091000021]]},"properties":{"OBJECTID":320,"Massn_ID":50,"GEW":"VEC","stat_von":130010,"stat_bis":130050,"gew_seite":"L","UMnArtBez":"Gehölzneuanpflanzungen","UMNGrBez":"Gehölzpflege, Gehölzentwicklung","Von_km":"130+010","Bis_km":"130+050","IDUabschn":"VEC_14","KTR":"MABVE00200","Versatz_RE":-20,"Akz":"62024-04","UMn_Bemerk":"oh Brücke Farwick","versatz":-35,"Shape_Length":65.462234588327931}},{"type":"Feature","id":321,"geometry":{"type":"LineString","coordinates":[[773479.77739999816,6902283.1447999999],[773491.12180000171,6902118.9582000002]]},"properties":{"OBJECTID":321,"Massn_ID":201,"GEW":"VEC","stat_von":94030,"stat_bis":94130,"gew_seite":"L","UMnArtBez":"Mahd im Bereich der Bauwerke z.B. Schleusen, Wehranlagen, etc. Abflusshindernisse im Bereich der Bauwerke entfernen","UMNGrBez":"Bauwerke instandhalten bzw. Abfluss im Bereich von Bauwerken sicherstellen","Von_km":"94+030","Bis_km":"94+130","IDUabschn":"VEC_5","KTR":"MABVE00100","Versatz_RE":-20,"Akz":"62024-04","UMn_Bemerk":"Vechtewehr Tinholt (u.a. Umgehungsgerinne)","versatz":-25,"Shape_Length":164.57805148588616}},{"type":"Feature","id":322,"geometry":{"type":"LineString","coordinates":[[783214.03689999878,6884649.2841999978],[783314.3161999993,6884593.4496000037],[783405.48470000178,6884526.1475000009],[783556.01089999825,6884390.5724000037],[783623.1838000007,6884319.7110999972],[783657.49599999934,6884263.1341999993],[783674.83689999953,6884219.7839000002],[783690.68950000033,6884149.1674000025],[783690.52519999817,6884056.1512999982],[783696.08029999956,6884021.185800001],[783703.92100000009,6883997.6090999991],[783727.6548999995,6883957.6422000006],[783744.68389999866,6883944.9360999987],[783775.58130000159,6883931.8171000034],[783920.65839999914,6883891.3462999985],[783982.15509999916,6883868.7140000015],[784040.90850000083,6883835.8469000012],[784145.20609999821,6883755.1191999987],[784194.316300001,6883701.7540000007],[784232.83069999889,6883642.1006999984],[784277.3936999999,6883535.7492000014],[784294.74120000005,6883467.6859000027],[784300.33549999818,6883386.1538000032],[784296.71119999886,6883328.2925999984],[784274.57459999993,6883225.5411999971],[784219.34059999883,6883115.7725000009],[784185.65230000019,6883066.8964999989],[784130.30939999968,6883012.6660000011]]},"properties":{"OBJECTID":322,"Massn_ID":14,"GEW":"VEC","stat_von":110225,"stat_bis":111540,"gew_seite":"R","UMnArtBez":"(Vechte) Mahd, einmalig, drei- bis fünfjährlich, zw. 01.09  und 28.02","UMNGrBez":"Mäh- und Beweidungsarbeiten","Von_km":"110+225","Bis_km":"111+540","IDUabschn":"VEC_6","KTR":"MABVE00100","Versatz_RE":20,"Akz":"62024-04","UMn_Bemerk":null,"versatz":20,"Shape_Length":2217.0817705414483}},{"type":"Feature","id":323,"geometry":{"type":"LineString","coordinates":[[851300.6986999996,6924994.4741000012],[851327.03849999979,6925017.6347000003],[851397.86520000175,6925102.2004999965],[851426.4813000001,6925147.4891000018],[851444.75439999998,6925209.8408999965],[851446.12170000002,6925281.1537000015],[851429.98739999905,6925352.2722000033],[851239.76680000126,6925845.6273000017],[851207.31219999865,6925964.1586999968],[851187.66220000014,6926134.8985000029],[851171.84870000184,6926436.3061999977],[851175.12209999934,6926489.9968999997],[851182.08139999956,6926539.867899999],[851224.45369999856,6926644.3576999977],[851376.50180000067,6926958.7968999967],[851441.92850000039,6927079.2766999975],[851509.60420000181,6927178.3364999965],[851676.81980000064,6927372.1026000008],[851736.51159999892,6927436.3716000021],[851781.72340000048,6927470.2135000005],[851878.20800000057,6927503.7184000015],[852124.62070000172,6927498.1291999966],[852153.26170000061,6927503.3363000005],[852218.92489999905,6927539.1422000006],[852315.99399999902,6927640.1495999992],[852361.34730000049,6927698.2116999999],[852639.28519999981,6928120.4764999971],[852686.11369999871,6928171.4180999994],[852744.6015000008,6928219.2754999995],[852796.94209999964,6928254.9505999982],[852842.29309999943,6928275.2779999971],[852947.82090000063,6928301.0978000015],[853055.80669999868,6928297.6969000027],[853115.88500000164,6928285.7215000018],[853182.4637000002,6928264.4875999987],[853393.57149999961,6928166.0130999982],[853527.70809999853,6928135.0265000015],[853626.38170000166,6928137.7877999991],[853957.23330000043,6928225.6504999995]]},"properties":{"OBJECTID":323,"Massn_ID":27,"GEW":"HAS","stat_von":49292,"stat_bis":52526,"gew_seite":"R","UMnArtBez":"Einmalige Mahd (Herbstmahd) ab dem 01. September jeweils auf einer Seite im jährlichen Wechsel.","UMNGrBez":"Mäh- und Beweidungsarbeiten","Von_km":"49+292","Bis_km":"52+526","IDUabschn":"HAS_16","KTR":"MABHA00200","Versatz_RE":20,"Akz":"62024-03","UMn_Bemerk":"in Kombination mit der Herbstmahd im jährlichen Wechsel (in geraden Jahren Sommermahd in ungeraden Herbstmahd","versatz":20,"Shape_Length":5345.9711676703173}},{"type":"Feature","id":324,"geometry":{"type":"LineString","coordinates":[[808181.83060000092,6852714.5415999964],[808255.12469999865,6852662.6133000031]]},"properties":{"OBJECTID":324,"Massn_ID":201,"GEW":"VEC","stat_von":140485,"stat_bis":140540,"gew_seite":"L","UMnArtBez":"Mahd im Bereich der Bauwerke z.B. Schleusen, Wehranlagen, etc. Abflusshindernisse im Bereich der Bauwerke entfernen","UMNGrBez":"Bauwerke instandhalten bzw. Abfluss im Bereich von Bauwerken sicherstellen","Von_km":"140+485","Bis_km":"140+540","IDUabschn":"VEC_18","KTR":"MABVE00200","Versatz_RE":-20,"Akz":"62024-04","UMn_Bemerk":"Sohlgleite Stau Samern","versatz":-25,"Shape_Length":89.825238294528546}},{"type":"Feature","id":325,"geometry":{"type":"LineString","coordinates":[[836176.0540000014,6920930.614699997],[836313.03889999911,6921030.2778000012],[836478.247299999,6921205.9277999997],[836603.73369999975,6921307.9980000034],[836814.03610000014,6921426.6974999979],[837229.93210000172,6921619.4935000017],[837332.40239999816,6921692.012500003],[837436.09250000119,6921795.9193999991],[837533.78449999914,6921923.2383000031],[837597.8665000014,6922024.0109999999],[837644.83100000024,6922231.7304000035],[837664.25580000132,6922456.1032999977]]},"properties":{"OBJECTID":325,"Massn_ID":23,"GEW":"HAS","stat_von":37580,"stat_bis":38980,"gew_seite":"R","UMnArtBez":"(Hase), Mahd der krautigen Ufersaumstreifen ab dem 01.10 jährlich alternierend auf 300-500 m langen Teilstrecken","UMNGrBez":"Mäh- und Beweidungsarbeiten","Von_km":"37+580","Bis_km":"38+980","IDUabschn":"HAS_11","KTR":"MAAHA00100","Versatz_RE":20,"Akz":"62024-03","UMn_Bemerk":null,"versatz":30,"Shape_Length":2262.6005852728385}},{"type":"Feature","id":326,"geometry":{"type":"LineString","coordinates":[[802593.85880000144,6861207.0117999986],[802698.27270000055,6861143.5239999965],[802737.14359999821,6861061.8291999996]]},"properties":{"OBJECTID":326,"Massn_ID":50,"GEW":"VEC","stat_von":133430,"stat_bis":133540,"gew_seite":"R","UMnArtBez":"Gehölzneuanpflanzungen","UMNGrBez":"Gehölzpflege, Gehölzentwicklung","Von_km":"133+430","Bis_km":"133+540","IDUabschn":"VEC_15","KTR":"MABVE00200","Versatz_RE":20,"Akz":"62024-04","UMn_Bemerk":null,"versatz":35,"Shape_Length":212.6714235021098}},{"type":"Feature","id":327,"geometry":{"type":"LineString","coordinates":[[773469.66319999844,6904212.0725999996],[773539.76850000024,6904141.702200003],[773564.29259999841,6904072.993900001],[773565.7648999989,6904021.066200003]]},"properties":{"OBJECTID":327,"Massn_ID":50,"GEW":"VEC","stat_von":92750,"stat_bis":92860,"gew_seite":"R","UMnArtBez":"Gehölzneuanpflanzungen","UMNGrBez":"Gehölzpflege, Gehölzentwicklung","Von_km":"92+750","Bis_km":"92+860","IDUabschn":"VEC_4","KTR":"MABVE00100","Versatz_RE":20,"Akz":"62024-04","UMn_Bemerk":null,"versatz":35,"Shape_Length":224.23389922937184}},{"type":"Feature","id":328,"geometry":{"type":"LineString","coordinates":[[775702.20069999993,6892357.0257999972],[775758.07880000025,6892360.4319000021],[775794.32180000097,6892370.2664000019],[775856.50890000165,6892404.0295000002],[776320.19330000132,6892825.2004000023],[776370.83370000124,6892855.6028999984],[776480.38170000166,6892895.3768000007],[776546.92309999838,6892906.063500002],[776709.75769999996,6892906.493900001],[776833.71150000021,6892894.6950000003],[776883.3563000001,6892875.6490999982],[777030.93879999965,6892791.5987000018],[777124.76749999821,6892717.130900003]]},"properties":{"OBJECTID":328,"Massn_ID":14,"GEW":"VEC","stat_von":102080,"stat_bis":103080,"gew_seite":"R","UMnArtBez":"(Vechte) Mahd, einmalig, drei- bis fünfjährlich, zw. 01.09  und 28.02","UMNGrBez":"Mäh- und Beweidungsarbeiten","Von_km":"102+080","Bis_km":"103+080","IDUabschn":"VEC_6","KTR":"MABVE00100","Versatz_RE":20,"Akz":"62024-04","UMn_Bemerk":null,"versatz":20,"Shape_Length":1663.8595137492382}},{"type":"Feature","id":329,"geometry":{"type":"LineString","coordinates":[[789981.73770000041,6875796.5525000021],[790077.15590000153,6875645.0756999999],[790167.78550000116,6875540.2159999982],[790246.9646999985,6875464.9041000009],[790377.78350000083,6875362.4737000018],[791083.25389999896,6874849.0512000024],[791297.97989999875,6874663.4778999984],[791370.52279999852,6874576.0869999975]]},"properties":{"OBJECTID":329,"Massn_ID":14,"GEW":"VEC","stat_von":118510,"stat_bis":119650,"gew_seite":"R","UMnArtBez":"(Vechte) Mahd, einmalig, drei- bis fünfjährlich, zw. 01.09  und 28.02","UMNGrBez":"Mäh- und Beweidungsarbeiten","Von_km":"118+510","Bis_km":"119+650","IDUabschn":"VEC_11","KTR":"MABVE00200","Versatz_RE":20,"Akz":"62024-04","UMn_Bemerk":"Bis oberhalb Kreuzung Hochspannung","versatz":20,"Shape_Length":1862.9479509941764}},{"type":"Feature","id":330,"geometry":{"type":"LineString","coordinates":[[775166.55930000171,6892392.360799998],[775222.64970000088,6892307.5734999999],[775237.75580000132,6892262.8774999976],[775237.92709999904,6892172.5974999964],[775206.77930000052,6892099.1797000021],[775085.18329999968,6891924.8796000034],[775046.52290000021,6891846.1440000013],[774909.32559999824,6891178.4580999985],[774912.66710000113,6891074.7639999986],[775026.17680000141,6890773.5336000025],[775037.77380000055,6890696.9570000023],[775013.61199999973,6890589.5864000022],[774917.31379999965,6890449.2857000008],[774906.04969999939,6890415.0786999986],[774894.94220000133,6890320.934799999],[774906.48809999973,6890232.8519999981],[774924.15619999915,6890197.8166999966],[774975.93549999967,6890139.9394000024],[775039.29329999909,6890098.3291999996],[775158.60970000178,6890077.3260999992]]},"properties":{"OBJECTID":330,"Massn_ID":21,"GEW":"DIN","stat_von":30,"stat_bis":1650,"gew_seite":"R","UMnArtBez":"(Dinkel, B) abschnittsweise Aussparung des Röhrichtsaums; alternierend auf bis zu 100 m Länge stehenlassen","UMNGrBez":"Mäh- und Beweidungsarbeiten","Von_km":"0+030","Bis_km":"1+650","IDUabschn":"DIN_1","KTR":"MABVE00300","Versatz_RE":20,"Akz":"62024-05","UMn_Bemerk":"1-B: Start- und Endpunkte sind zu verorten","versatz":30,"Shape_Length":2617.5717385676144}},{"type":"Feature","id":331,"geometry":{"type":"LineString","coordinates":[[821800.57090000063,6922983.9558999985],[822140.49890000001,6923087.4944999963],[822219.10429999977,6923114.9519999996],[822302.45309999958,6923156.2990999967],[822342.80090000108,6923183.6661000028],[822380.10520000011,6923238.3920999989],[822394.74100000039,6923280.6931999996],[822393.06949999928,6923393.186300002],[822342.30139999837,6923527.7138999999],[822250.97370000184,6923695.1185000017],[822167.6297999993,6923813.0573000014],[822100.16440000013,6923881.6673000008],[821811.57990000024,6924068.5372999981],[821766.73140000179,6924103.1604000032],[821653.3339000009,6924213.2939999998],[821609.11430000141,6924259.9083999991],[821578.96499999985,6924301.4611999989],[821561.67929999903,6924339.1098999977],[821551.7584999986,6924401.3364000022],[821554.51009999961,6924423.7660999969],[821596.06030000001,6924476.3552000001],[821677.43470000103,6924540.6314999983],[821713.52710000053,6924561.0732000023],[821956.01509999856,6924632.9261000007],[822049.53170000017,6924668.7378000021],[822120.14840000123,6924740.1600999981],[822176.27809999883,6924840.5778999999],[822201.05220000073,6924928.886500001],[822212.2153000012,6925032.4523999989],[822203.13340000063,6925202.5],[822206.16279999912,6925250.5525999963],[822221.29899999872,6925313.9483999982],[822259.59230000153,6925371.0006999969],[822309.94660000131,6925418.8691999987],[822369.1838000007,6925457.326700002],[822594.01749999821,6925562.3306000009],[822753.13850000128,6925657.5945999995],[822820.3713000007,6925723.9765999988],[822857.10759999976,6925768.2470000014],[822915.81049999967,6925859.7656000033],[822937.08049999923,6925884.6186999977],[822951.25560000166,6925894.2091000006],[823002.43400000036,6925914.9233999997],[823088.07779999822,6925910.8566000015]]},"properties":{"OBJECTID":331,"Massn_ID":8,"GEW":"HAS","stat_von":15140,"stat_bis":17900,"gew_seite":"L","UMnArtBez":"(Hase, Variante 1) Mahd, zweimalig, ab dem 15.06 (Unterhaltungsweg und obere Hälfte der Böschung) und am dem 15.09 (Unterhaltungsweg und ganze Böschung)","UMNGrBez":"Mäh- und Beweidungsarbeiten","Von_km":"15+140","Bis_km":"17+900","IDUabschn":"HAS_5","KTR":"MAAHA00100","Versatz_RE":-20,"Akz":"62024-03","UMn_Bemerk":null,"versatz":-20,"Shape_Length":4534.3515411452054}},{"type":"Feature","id":332,"geometry":{"type":"LineString","coordinates":[[794976.94079999998,6871870.2307000011],[795044.65150000155,6871887.1039000005],[795102.27939999849,6871875.9240000024],[795184.93450000137,6871823.4557000026]]},"properties":{"OBJECTID":332,"Massn_ID":50,"GEW":"VEC","stat_von":122950,"stat_bis":123060,"gew_seite":"R","UMnArtBez":"Gehölzneuanpflanzungen","UMNGrBez":"Gehölzpflege, Gehölzentwicklung","Von_km":"122+950","Bis_km":"123+060","IDUabschn":"VEC_13","KTR":"MABVE00200","Versatz_RE":20,"Akz":"62024-04","UMn_Bemerk":null,"versatz":35,"Shape_Length":226.38567330219132}},{"type":"Feature","id":333,"geometry":{"type":"LineString","coordinates":[[798236.29769999906,6870181.4250999987],[798445.97500000149,6869859.0192999989],[798735.0775000006,6869190.2154000029],[798973.88419999927,6868931.3677000031],[799013.91750000045,6868898.3285999969],[799072.47179999948,6868864.7089999989],[799132.11490000039,6868842.3194999993],[799455.0811999999,6868765.6670999974],[799539.84010000154,6868767.7151999995],[799722.67870000005,6868796.5062000006],[799802.4514000006,6868796.0423000008],[799820.61019999906,6868791.3488000035],[799886.55649999902,6868762.2986999974],[800062.31060000136,6868649.806599997],[800114.64609999955,6868636.0138999969],[800223.70529999956,6868630.3849999979],[800276.08909999952,6868619.378700003],[800314.53480000049,6868592.5988000035],[800378.95479999855,6868489.0434999987],[800418.4598999992,6868379.5842999965],[800448.34809999913,6868232.2767999992],[800474.40890000015,6868174.2193000019],[800531.89660000056,6868076.9580999985],[800547.52120000124,6868039.246100001],[800548.23079999909,6867983.2299999967],[800526.1827000007,6867732.7840000018],[800539.42920000106,6867658.9359000027],[800577.23519999906,6867552.8708000034],[800725.6446999982,6867337.1972000003],[800773.0474999994,6867118.5829999968],[800825.04129999876,6866969.0336000025],[800845.50360000134,6866870.3510999978],[800841.68760000169,6866718.9319999963],[800818.32039999962,6866636.6379999965],[800805.80359999835,6866561.0364999995],[800796.43800000101,6866438.5694999993],[800789.38720000163,6866418.4067000002],[800739.22529999912,6866339.6567000002],[800697.20659999922,6866293.3611999974],[800566.53280000016,6866194.9997999966],[800533.42100000009,6866157.985799998],[800516.05290000141,6866130.3216999993],[800509.47100000083,6866088.6419999972],[800517.38949999958,6866033.4280999973]]},"properties":{"OBJECTID":333,"Massn_ID":14,"GEW":"VEC","stat_von":125380,"stat_bis":128870,"gew_seite":"L","UMnArtBez":"(Vechte) Mahd, einmalig, drei- bis fünfjährlich, zw. 01.09  und 28.02","UMNGrBez":"Mäh- und Beweidungsarbeiten","Von_km":"125+380","Bis_km":"128+870","IDUabschn":"VEC_13","KTR":"MABVE00200","Versatz_RE":-20,"Akz":"62024-04","UMn_Bemerk":null,"versatz":-20,"Shape_Length":5696.6274231259231}},{"type":"Feature","id":334,"geometry":{"type":"LineString","coordinates":[[829242.39719999954,6917880.2239999995],[829208.03500000015,6917917.9635000005],[829142.47150000185,6917962.1332999989],[828882.11510000005,6918122.1383000016],[828742.4990000017,6918184.6626000032],[828712.50589999929,6918202.7886999995],[828686.04129999876,6918238.5126999989],[828675.33150000125,6918277.8342000023],[828682.83889999986,6918371.3963999972],[828691.1922999993,6918396.5442999974],[828701.85229999945,6918415.8079999983],[828735.07030000165,6918443.1941],[828789.55689999834,6918451.6796000004],[828861.88100000098,6918445.2019999996],[829017.66560000181,6918381.4878000021],[829149.15949999914,6918340.1647000015],[829211.13599999994,6918330.7677000016],[829291.7696999982,6918333.3585999981],[829372.67500000075,6918368.9169000015],[829440.66800000146,6918446.1644999981],[829464.52079999819,6918496.6719999984],[829497.34369999915,6918604.6115000024],[829518.84640000015,6918722.4962000027],[829536.46880000085,6918780.2987999991],[829580.00860000029,6918869.4685000032],[829608.90170000121,6918917.5258999988],[829693.74980000034,6919013.7343000025],[829724.37510000169,6919041.8642000034],[829779.5298999995,6919065.240199998],[829820.06789999828,6919067.9329999983],[829879.32209999859,6919056.7171000019],[829900.41539999843,6919046.1592999995],[829962.55510000139,6918992.6018000022],[830022.43809999898,6918920.4237999991],[830253.58309999853,6918538.6401999965],[830273.00759999827,6918494.7093999982],[830280.38280000165,6918444.8676000014],[830272.9459999986,6918397.8480999991],[830233.59849999845,6918271.3042000011],[830216.15720000118,6918161.4470999986],[830217.97890000045,6918118.1871000007],[830231.47069999948,6918070.2621999979],[830270.8013000004,6918000.4073000029],[830337.11450000107,6917946.2197000012],[830405.90260000154,6917924.8581999987],[830440.44550000131,6917922.632600002],[830514.28669999912,6917937.4899000004],[830581.13030000031,6917984.5825999975]]},"properties":{"OBJECTID":334,"Massn_ID":9,"GEW":"HAS","stat_von":27780,"stat_bis":30280,"gew_seite":"L","UMnArtBez":"(Hase, Variante 2) Mahd,  zweimalig, ab dem 01.07 (Unterhaltungsweg und obere Hälfte der Böschung) und ab dem 01.10 (Unterhaltunsweg und ganze Böschung)","UMNGrBez":"Mäh- und Beweidungsarbeiten","Von_km":"27+780","Bis_km":"30+280","IDUabschn":"HAS_8","KTR":"MAAHA00100","Versatz_RE":-20,"Akz":"62024-03","UMn_Bemerk":null,"versatz":-20,"Shape_Length":4055.9435933297882}},{"type":"Feature","id":335,"geometry":{"type":"LineString","coordinates":[[791293.32169999927,6943881.6358999982],[791307.9235999994,6944096.2096000016]]},"properties":{"OBJECTID":335,"Massn_ID":6,"GEW":"SNK","stat_von":39475,"stat_bis":39605,"gew_seite":"L","UMnArtBez":"(Kanäle) Mahd, zweimalig, ab dem 15.06 und ab dem ???, Einseitig sind Röhrtricht- und Schilfbestände vor dem 01.09 von der Mahd auszuschließen","UMNGrBez":"Mäh- und Beweidungsarbeiten","Von_km":"39+475","Bis_km":"39+605","IDUabschn":"SNK_10","KTR":"MAAEN10100","Versatz_RE":-20,"Akz":"62024-12","UMn_Bemerk":null,"versatz":20,"Shape_Length":215.06996121432434}},{"type":"Feature","id":336,"geometry":{"type":"LineString","coordinates":[[775078.51049999893,6890086.1115999967],[775158.6660999991,6890068.945600003]]},"properties":{"OBJECTID":336,"Massn_ID":201,"GEW":"DIN","stat_von":1600,"stat_bis":1650,"gew_seite":"R","UMnArtBez":"Mahd im Bereich der Bauwerke z.B. Schleusen, Wehranlagen, etc. Abflusshindernisse im Bereich der Bauwerke entfernen","UMNGrBez":"Bauwerke instandhalten bzw. Abfluss im Bereich von Bauwerken sicherstellen","Von_km":"1+600","Bis_km":"1+650","IDUabschn":"DIN_1","KTR":"MABVE00300","Versatz_RE":20,"Akz":"62024-05","UMn_Bemerk":"1-A (Dinkelwehr)","versatz":25,"Shape_Length":81.973116124561216}},{"type":"Feature","id":337,"geometry":{"type":"LineString","coordinates":[[760407.69619999826,6909554.4645000026],[760431.33570000157,6909560.8363000005],[760459.78599999845,6909577.7358999997],[760554.6427000016,6909647.624499999],[760609.6699000001,6909676.4211999997],[760660.9514000006,6909691.3792999983],[760702.2397999987,6909693.485299997]]},"properties":{"OBJECTID":337,"Massn_ID":24,"GEW":"VEC","stat_von":82480,"stat_bis":82680,"gew_seite":"R","UMnArtBez":"(Vechte), Keine Mahd des unteren Gewässersaumes (2,00m) in den Pralluferbereichen","UMNGrBez":"Mäh- und Beweidungsarbeiten","Von_km":"82+480","Bis_km":"82+680","IDUabschn":"VEC_2","KTR":"MABVE00100","Versatz_RE":20,"Akz":"62024-04","UMn_Bemerk":null,"versatz":10,"Shape_Length":332.26427835144182}},{"type":"Feature","id":338,"geometry":{"type":"LineString","coordinates":[[800987.09640000015,6861634.4572999999],[801024.60500000045,6861572.6969000027],[801050.43930000067,6861546.8982999995],[801227.92159999907,6861420.4563999996],[801290.33080000058,6861401.6677000001],[801366.92000000179,6861393.0247000009],[801414.35029999912,6861393.2555000037],[801485.33289999887,6861414.4416000023],[801510.79439999908,6861418.1026000008],[801562.99560000002,6861412.451700002]]},"properties":{"OBJECTID":338,"Massn_ID":24,"GEW":"VEC","stat_von":132380,"stat_bis":132780,"gew_seite":"L","UMnArtBez":"(Vechte), Keine Mahd des unteren Gewässersaumes (2,00m) in den Pralluferbereichen","UMNGrBez":"Mäh- und Beweidungsarbeiten","Von_km":"132+380","Bis_km":"132+780","IDUabschn":"VEC_15","KTR":"MABVE00200","Versatz_RE":-20,"Akz":"62024-04","UMn_Bemerk":null,"versatz":-10,"Shape_Length":668.67313044479636}},{"type":"Feature","id":339,"geometry":{"type":"LineString","coordinates":[[784730.9197999984,6880787.0055000037],[784802.33199999854,6880796.0606999993],[784860.46440000087,6880790.8601000011],[784901.81929999962,6880778.4569000006],[784991.39240000024,6880741.7607999966]]},"properties":{"OBJECTID":339,"Massn_ID":24,"GEW":"VEC","stat_von":113180,"stat_bis":113340,"gew_seite":"R","UMnArtBez":"(Vechte), Keine Mahd des unteren Gewässersaumes (2,00m) in den Pralluferbereichen","UMNGrBez":"Mäh- und Beweidungsarbeiten","Von_km":"113+180","Bis_km":"113+340","IDUabschn":"VEC_7","KTR":"MABVE00100","Versatz_RE":20,"Akz":"62024-04","UMn_Bemerk":null,"versatz":10,"Shape_Length":270.32189608544041}},{"type":"Feature","id":340,"geometry":{"type":"LineString","coordinates":[]},"properties":{"OBJECTID":340,"Massn_ID":400,"GEW":"GFD","stat_von":2655,"stat_bis":2655,"gew_seite":"R","UMnArtBez":"(Dinkel, A) \tBauwerke und Anlagen instand halten","UMNGrBez":"Bauwerkunterhaltung","Von_km":"2+655","Bis_km":"2+655","IDUabschn":"GFD_1","KTR":"MABEN00100","Versatz_RE":20,"Akz":"62024-09","UMn_Bemerk":"Einmündung Vockegraben (Kastendurchlass mit Absperrvorrichtung)","versatz":-25,"Shape_Length":0}},{"type":"Feature","id":341,"geometry":{"type":"LineString","coordinates":[[787280.63560000062,6879123.8263000026],[787341.15349999815,6879132.2402999997],[787387.84169999883,6879132.5868000016],[787447.28759999946,6879126.5601999983]]},"properties":{"OBJECTID":341,"Massn_ID":24,"GEW":"KOR","stat_von":1300,"stat_bis":1400,"gew_seite":"R","UMnArtBez":"(Vechte), Keine Mahd des unteren Gewässersaumes (2,00m) in den Pralluferbereichen","UMNGrBez":"Mäh- und Beweidungsarbeiten","Von_km":"1+300","Bis_km":"1+400","IDUabschn":"KOR_1","KTR":"MABVE00400","Versatz_RE":20,"Akz":"62024-04","UMn_Bemerk":null,"versatz":10,"Shape_Length":167.54010513889992}},{"type":"Feature","id":342,"geometry":{"type":"LineString","coordinates":[[763862.61120000109,6910000.383100003],[763960.60280000046,6909994.0958999991]]},"properties":{"OBJECTID":342,"Massn_ID":50,"GEW":"VEC","stat_von":84870,"stat_bis":84930,"gew_seite":"L","UMnArtBez":"Gehölzneuanpflanzungen","UMNGrBez":"Gehölzpflege, Gehölzentwicklung","Von_km":"84+870","Bis_km":"84+930","IDUabschn":"VEC_3","KTR":"MABVE00100","Versatz_RE":-20,"Akz":"62024-04","UMn_Bemerk":null,"versatz":-35,"Shape_Length":98.193088118893286}},{"type":"Feature","id":343,"geometry":{"type":"LineString","coordinates":[[791068.81309999898,6878649.7788000032],[790995.78660000116,6878644.0144999996],[790944.36659999937,6878651.3856000006],[790831.36600000039,6878682.6036999971],[790742.42599999905,6878724.3007000014],[790663.46900000051,6878781.6041999981],[790616.39660000056,6878827.2778000012],[790583.497299999,6878866.8109000027],[790513.09560000151,6878983.2210000008]]},"properties":{"OBJECTID":343,"Massn_ID":6,"GEW":"EVK","stat_von":14740,"stat_bis":15140,"gew_seite":"L","UMnArtBez":"(Kanäle) Mahd, zweimalig, ab dem 15.06 und ab dem ???, Einseitig sind Röhrtricht- und Schilfbestände vor dem 01.09 von der Mahd auszuschließen","UMNGrBez":"Mäh- und Beweidungsarbeiten","Von_km":"14+740","Bis_km":"15+140","IDUabschn":"EVK_1","KTR":"MAAVE20200","Versatz_RE":-20,"Akz":"62024-10","UMn_Bemerk":null,"versatz":20,"Shape_Length":691.28532537988235}},{"type":"Feature","id":344,"geometry":{"type":"LineString","coordinates":[[811870.8489000015,6848336.9051000029],[811893.07959999889,6848268.7577999979],[811880.36630000174,6848183.9399000034]]},"properties":{"OBJECTID":344,"Massn_ID":50,"GEW":"VEC","stat_von":144350,"stat_bis":144430,"gew_seite":"R","UMnArtBez":"Gehölzneuanpflanzungen","UMNGrBez":"Gehölzpflege, Gehölzentwicklung","Von_km":"144+350","Bis_km":"144+430","IDUabschn":"VEC_19","KTR":"MABVE00200","Versatz_RE":20,"Akz":"62024-04","UMn_Bemerk":null,"versatz":35,"Shape_Length":157.44704888642104}},{"type":"Feature","id":345,"geometry":{"type":"LineString","coordinates":[[750697.31509999931,6911475.7528999969],[750770.45910000056,6911445.9980000034],[750846.05440000072,6911427.8557000011],[750917.0009999983,6911423.2741999999],[751003.42509999871,6911425.0186000019],[751188.94779999927,6911453.1889000013]]},"properties":{"OBJECTID":345,"Massn_ID":24,"GEW":"VEC","stat_von":75680,"stat_bis":75980,"gew_seite":"L","UMnArtBez":"(Vechte), Keine Mahd des unteren Gewässersaumes (2,00m) in den Pralluferbereichen","UMNGrBez":"Mäh- und Beweidungsarbeiten","Von_km":"75+680","Bis_km":"75+980","IDUabschn":"VEC_1","KTR":"MABVE00100","Versatz_RE":-20,"Akz":"62024-04","UMn_Bemerk":null,"versatz":-10,"Shape_Length":501.89169349710625}},{"type":"Feature","id":346,"geometry":{"type":"LineString","coordinates":[[799871.35480000079,6864735.7655000016],[799869.81219999865,6864672.0222000033],[799876.36430000141,6864629.4736000001],[799881.37550000101,6864616.201700002]]},"properties":{"OBJECTID":346,"Massn_ID":24,"GEW":"VEC","stat_von":130010,"stat_bis":130080,"gew_seite":"L","UMnArtBez":"(Vechte), Keine Mahd des unteren Gewässersaumes (2,00m) in den Pralluferbereichen","UMNGrBez":"Mäh- und Beweidungsarbeiten","Von_km":"130+010","Bis_km":"130+080","IDUabschn":"VEC_14","KTR":"MABVE00200","Versatz_RE":-20,"Akz":"62024-04","UMn_Bemerk":null,"versatz":-10,"Shape_Length":120.99854242029159}},{"type":"Feature","id":347,"geometry":{"type":"LineString","coordinates":[[773920.66629999876,6896003.9650999978],[773972.58610000089,6895992.2458999977],[774035.42190000042,6895951.8966000006],[774078.497299999,6895882.3282999992]]},"properties":{"OBJECTID":347,"Massn_ID":50,"GEW":"VEC","stat_von":99200,"stat_bis":99300,"gew_seite":"R","UMnArtBez":"Gehölzneuanpflanzungen","UMNGrBez":"Gehölzpflege, Gehölzentwicklung","Von_km":"99+200","Bis_km":"99+300","IDUabschn":"VEC_5","KTR":"MABVE00100","Versatz_RE":20,"Akz":"62024-04","UMn_Bemerk":"oh. u. uh. Mündung Billerbecke","versatz":35,"Shape_Length":209.72574226623482}},{"type":"Feature","id":348,"geometry":{"type":"LineString","coordinates":[[784969.18930000067,6880697.9250999987],[785016.86059999838,6880671.1447999999],[785068.77409999818,6880613.7927000001],[785192.20740000159,6880439.8420000002],[785217.16600000113,6880388.2523000017],[785222.0549999997,6880244.939199999],[785243.0251000002,6880175.4834999964],[785260.76150000095,6880144.9900999963],[785323.67210000008,6880093.8920999989],[785641.40080000088,6879906.7952999994],[785793.9486999996,6879842.9733000025],[785908.12379999831,6879826.3409999982],[786144.87629999965,6879827.933600001],[786185.36630000174,6879817.3480999991],[786249.85179999843,6879777.7412],[786308.57189999893,6879718.3096999973],[786350.24080000073,6879663.9051000029],[786433.26689999923,6879533.6833000034],[786474.93549999967,6879497.1576000005],[786522.88379999995,6879470.2708000019],[786571.97810000181,6879456.7628000006],[786734.79780000076,6879436.9570999965]]},"properties":{"OBJECTID":348,"Massn_ID":10,"GEW":"VEC","stat_von":113340,"stat_bis":114780,"gew_seite":"L","UMnArtBez":"(Vechte) Mahd, zweimalig, ab dem 15.07 und ab dem 01.09","UMNGrBez":"Mäh- und Beweidungsarbeiten","Von_km":"113+340","Bis_km":"114+780","IDUabschn":"VEC_8","KTR":"MABVE00400","Versatz_RE":-20,"Akz":"62024-04","UMn_Bemerk":"Moltkebrücke (Sohlgleite ) bei km 113770; Ölmühlenarm ab km 114015; Wehr Ölmühle bei km 114815","versatz":-20,"Shape_Length":2370.4999610577975}},{"type":"Feature","id":349,"geometry":{"type":"LineString","coordinates":[[819894.76009999961,6980826.1185000017],[819791.09230000153,6981202.8928999975],[819697.17920000106,6981575.8348999992]]},"properties":{"OBJECTID":349,"Massn_ID":17,"GEW":"GFD","stat_von":583,"stat_bis":1050,"gew_seite":"R","UMnArtBez":"(Goidfischdever) 1-malige Mahd der Böschungen (Herbstmahd), ab dem 1. September","UMNGrBez":"Mäh- und Beweidungsarbeiten","Von_km":"0+583","Bis_km":"1+050","IDUabschn":"GFD_1","KTR":"MABEN00100","Versatz_RE":20,"Akz":"62024-09","UMn_Bemerk":"Einzelbäume berücksichtigen","versatz":-20,"Shape_Length":775.36081969104089}},{"type":"Feature","id":350,"geometry":{"type":"LineString","coordinates":[[817257.51319999993,6985008.7207000032],[816964.40900000185,6985325.6862000003]]},"properties":{"OBJECTID":350,"Massn_ID":17,"GEW":"GFD","stat_von":3770,"stat_bis":4030,"gew_seite":"R","UMnArtBez":"(Goidfischdever) 1-malige Mahd der Böschungen (Herbstmahd), ab dem 1. September","UMNGrBez":"Mäh- und Beweidungsarbeiten","Von_km":"3+770","Bis_km":"4+030","IDUabschn":"GFD_2","KTR":"MABEN00100","Versatz_RE":20,"Akz":"62024-09","UMn_Bemerk":"Einzelbäume berücksichtigen","versatz":-20,"Shape_Length":431.71425763455073}},{"type":"Feature","id":351,"geometry":{"type":"LineString","coordinates":[[809780.7650000006,6851646.6746999994],[809845.96189999953,6851589.6422000006],[809882.39310000092,6851519.1661000028],[809886.82860000059,6851478.9121000022]]},"properties":{"OBJECTID":351,"Massn_ID":50,"GEW":"VEC","stat_von":141730,"stat_bis":141830,"gew_seite":"R","UMnArtBez":"Gehölzneuanpflanzungen","UMNGrBez":"Gehölzpflege, Gehölzentwicklung","Von_km":"141+730","Bis_km":"141+830","IDUabschn":"VEC_18","KTR":"MABVE00200","Versatz_RE":20,"Akz":"62024-04","UMn_Bemerk":"oh. u. uh. Kolk","versatz":35,"Shape_Length":206.45491008387}},{"type":"Feature","id":352,"geometry":{"type":"LineString","coordinates":[[838637.70540000126,6923467.990699999],[839261.41589999944,6924466.8757999986],[839279.16789999977,6924502.9707999974],[839300.99769999832,6924599.4680999964],[839301.51529999822,6924637.5507000014],[839296.79039999843,6924666.5068000033],[839267.33839999884,6924725.4284999967]]},"properties":{"OBJECTID":352,"Massn_ID":9,"GEW":"HAS","stat_von":39900,"stat_bis":40800,"gew_seite":"R","UMnArtBez":"(Hase, Variante 2) Mahd,  zweimalig, ab dem 01.07 (Unterhaltungsweg und obere Hälfte der Böschung) und ab dem 01.10 (Unterhaltunsweg und ganze Böschung)","UMNGrBez":"Mäh- und Beweidungsarbeiten","Von_km":"39+900","Bis_km":"40+800","IDUabschn":"HAS_12","KTR":"MAAHA00100","Versatz_RE":20,"Akz":"62024-03","UMn_Bemerk":"Im Bereich der P. u. E. Maßnahme Bookhof u. der Furt \"Grosser Kanal\"  keine Mahd im Bereich der Inseln","versatz":20,"Shape_Length":1450.0763995169602}},{"type":"Feature","id":353,"geometry":{"type":"LineString","coordinates":[[770637.59189999849,6906421.4059000015],[770799.02109999955,6906395.6972000003]]},"properties":{"OBJECTID":353,"Massn_ID":50,"GEW":"VEC","stat_von":90100,"stat_bis":90200,"gew_seite":"L","UMnArtBez":"Gehölzneuanpflanzungen","UMNGrBez":"Gehölzpflege, Gehölzentwicklung","Von_km":"90+100","Bis_km":"90+200","IDUabschn":"VEC_3","KTR":"MABVE00100","Versatz_RE":-20,"Akz":"62024-04","UMn_Bemerk":null,"versatz":-35,"Shape_Length":163.46352458189651}},{"type":"Feature","id":354,"geometry":{"type":"LineString","coordinates":[[758623.38390000165,6909039.5811000019],[759836.2034999989,6909432.5163000003],[760423.99650000036,6909576.058799997],[760546.2648999989,6909661.8228999972],[760603.51220000163,6909691.7814000025],[760658.20149999857,6909707.7335999981],[760701.4048999995,6909709.9372999966]]},"properties":{"OBJECTID":354,"Massn_ID":10,"GEW":"VEC","stat_von":81350,"stat_bis":82680,"gew_seite":"R","UMnArtBez":"(Vechte) Mahd, zweimalig, ab dem 15.07 und ab dem 01.09","UMNGrBez":"Mäh- und Beweidungsarbeiten","Von_km":"81+350","Bis_km":"82+680","IDUabschn":"VEC_2","KTR":"MABVE00100","Versatz_RE":20,"Akz":"62024-04","UMn_Bemerk":null,"versatz":20,"Shape_Length":2194.1393159342479}},{"type":"Feature","id":355,"geometry":{"type":"LineString","coordinates":[[790373.29899999872,6930676.4931999967],[788218.82299999893,6930806.4619000033]]},"properties":{"OBJECTID":355,"Massn_ID":6,"GEW":"SHK","stat_von":0,"stat_bis":1310,"gew_seite":"L","UMnArtBez":"(Kanäle) Mahd, zweimalig, ab dem 15.06 und ab dem ???, Einseitig sind Röhrtricht- und Schilfbestände vor dem 01.09 von der Mahd auszuschließen","UMNGrBez":"Mäh- und Beweidungsarbeiten","Von_km":"0+000","Bis_km":"1+310","IDUabschn":"SHK_1","KTR":"MAAEN10200","Versatz_RE":-20,"Akz":"62024-14","UMn_Bemerk":null,"versatz":20,"Shape_Length":2158.3926189543245}},{"type":"Feature","id":356,"geometry":{"type":"LineString","coordinates":[[750172.76740000024,6911407.9055000022],[750248.34279999882,6911405.8728],[750307.02800000086,6911425.2795000002],[750392.67339999974,6911485.9576999992]]},"properties":{"OBJECTID":356,"Massn_ID":50,"GEW":"VEC","stat_von":75325,"stat_bis":75450,"gew_seite":"L","UMnArtBez":"Gehölzneuanpflanzungen","UMNGrBez":"Gehölzpflege, Gehölzentwicklung","Von_km":"75+325","Bis_km":"75+450","IDUabschn":"VEC_1","KTR":"MABVE00100","Versatz_RE":-20,"Akz":"62024-04","UMn_Bemerk":"Oh. Brücke K 20 (Vechtestraße)","versatz":-35,"Shape_Length":242.37530799722686}},{"type":"Feature","id":357,"geometry":{"type":"LineString","coordinates":[[799974.64310000092,6865227.2198999971],[799926.16019999981,6865204.0490999967],[799885.04439999908,6865140.2154000029]]},"properties":{"OBJECTID":357,"Massn_ID":50,"GEW":"VEC","stat_von":129720,"stat_bis":129780,"gew_seite":"L","UMnArtBez":"Gehölzneuanpflanzungen","UMNGrBez":"Gehölzpflege, Gehölzentwicklung","Von_km":"129+720","Bis_km":"129+780","IDUabschn":"VEC_14","KTR":"MABVE00200","Versatz_RE":-20,"Akz":"62024-04","UMn_Bemerk":"uh. Brücke Mescheweg","versatz":-35,"Shape_Length":129.66449951830793}},{"type":"Feature","id":358,"geometry":{"type":"LineString","coordinates":[[774110.38239999861,6894065.7695000023],[774151.57149999961,6894033.9821999967],[774207.04619999975,6894002.8178000003],[774319.47560000047,6893949.4365999997],[774354.97740000114,6893919.2868999988],[774383.27939999849,6893886.7813000008],[774429.38320000097,6893767.9870999977],[774483.62350000069,6893606.3812000006],[774499.95360000059,6893573.3819999993]]},"properties":{"OBJECTID":358,"Massn_ID":24,"GEW":"VEC","stat_von":100480,"stat_bis":100880,"gew_seite":"R","UMnArtBez":"(Vechte), Keine Mahd des unteren Gewässersaumes (2,00m) in den Pralluferbereichen","UMNGrBez":"Mäh- und Beweidungsarbeiten","Von_km":"100+480","Bis_km":"100+880","IDUabschn":"VEC_5","KTR":"MABVE00100","Versatz_RE":20,"Akz":"62024-04","UMn_Bemerk":null,"versatz":10,"Shape_Length":664.50405676174944}},{"type":"Feature","id":359,"geometry":{"type":"LineString","coordinates":[[819285.35700000077,6983186.8029000014],[819241.92069999874,6983346.4887000024],[819207.46609999985,6983427.420599997],[819142.48669999838,6983511.2066000029],[819004.06179999933,6983641.4984000027]]},"properties":{"OBJECTID":359,"Massn_ID":4,"GEW":"GFD","stat_von":2050,"stat_bis":2370,"gew_seite":"R","UMnArtBez":"(Hase, Variante 3) keine Mahd (Gehölzpflege und -entwicklung)","UMNGrBez":"Mäh- und Beweidungsarbeiten","Von_km":"2+050","Bis_km":"2+370","IDUabschn":"GFD_1","KTR":"MABEN00100","Versatz_RE":20,"Akz":"62024-09","UMn_Bemerk":"Vorrangig Gehölzpflege der Ufergehölze,\r\nin vereinzelten gehölzfreien Abschnitten keine Mahd","versatz":-20,"Shape_Length":549.57737908984325}},{"type":"Feature","id":360,"geometry":{"type":"LineString","coordinates":[[818438.53700000048,6984204.1335999966],[818014.25360000134,6984599.3857999966],[817932.36419999972,6984614.8633999974],[817768.27499999851,6984586.4043999985],[817740.65700000152,6984592.1248999983],[817712.24810000136,6984617.6428000033],[817688.78810000047,6984652.7805999964],[817616.2276000008,6984804.4240000024],[817533.78819999844,6984894.1440000013],[817470.01579999924,6984936.3187000006],[817333.84600000083,6984986.4835999981],[817266.49390000105,6985033.7813000008]]},"properties":{"OBJECTID":360,"Massn_ID":52,"GEW":"GFD","stat_von":2850,"stat_bis":3770,"gew_seite":"R","UMnArtBez":"(Dinkel, G) Gehölze pflegen und entwickeln","UMNGrBez":"Gehölzpflege, Gehölzentwicklung","Von_km":"2+850","Bis_km":"3+770","IDUabschn":"GFD_2","KTR":"MABEN00100","Versatz_RE":20,"Akz":"62024-09","UMn_Bemerk":"Bestand pflegen, Einkürzen von Ästen ist als Einzelfallentscheidung zulässig zur Verkehrssicherungspflicht","versatz":-35,"Shape_Length":1532.2081114729385}},{"type":"Feature","id":361,"geometry":{"type":"LineString","coordinates":[[808527.4822999984,6852469.9532999992],[808557.32880000025,6852436.6810000017],[808605.92960000038,6852408.6585000008],[808681.13410000131,6852400.3574000001],[808753.42850000039,6852398.241899997],[808772.22520000115,6852402.1415999979],[808892.76850000024,6852398.1187999994]]},"properties":{"OBJECTID":361,"Massn_ID":24,"GEW":"VEC","stat_von":140750,"stat_bis":140980,"gew_seite":"L","UMnArtBez":"(Vechte), Keine Mahd des unteren Gewässersaumes (2,00m) in den Pralluferbereichen","UMNGrBez":"Mäh- und Beweidungsarbeiten","Von_km":"140+750","Bis_km":"140+980","IDUabschn":"VEC_18","KTR":"MABVE00200","Versatz_RE":-20,"Akz":"62024-04","UMn_Bemerk":null,"versatz":-10,"Shape_Length":388.59218068956034}},{"type":"Feature","id":362,"geometry":{"type":"LineString","coordinates":[[849829.32930000126,6924554.0289999992],[849928.0262000002,6924553.8030000031],[850370.23039999977,6924504.0873999968],[850597.58439999819,6924462.7616999969],[850677.72639999911,6924466.869099997],[850770.29899999872,6924501.8090000004],[850835.40569999814,6924553.3795000017],[850980.87249999866,6924714.9804000035],[851273.61450000107,6924992.5700000003]]},"properties":{"OBJECTID":362,"Massn_ID":23,"GEW":"HAS","stat_von":48250,"stat_bis":49280,"gew_seite":"R","UMnArtBez":"(Hase), Mahd der krautigen Ufersaumstreifen ab dem 01.10 jährlich alternierend auf 300-500 m langen Teilstrecken","UMNGrBez":"Mäh- und Beweidungsarbeiten","Von_km":"48+250","Bis_km":"49+280","IDUabschn":"HAS_15","KTR":"MAAHA00100","Versatz_RE":20,"Akz":"62024-03","UMn_Bemerk":null,"versatz":30,"Shape_Length":1657.8740545962264}},{"type":"Feature","id":363,"geometry":{"type":"LineString","coordinates":[[799856.04659999907,6862618.6655000001],[799962.14919999987,6862516.6224000007]]},"properties":{"OBJECTID":363,"Massn_ID":50,"GEW":"VEC","stat_von":131440,"stat_bis":131530,"gew_seite":"R","UMnArtBez":"Gehölzneuanpflanzungen","UMNGrBez":"Gehölzpflege, Gehölzentwicklung","Von_km":"131+440","Bis_km":"131+530","IDUabschn":"VEC_15","KTR":"MABVE00200","Versatz_RE":20,"Akz":"62024-04","UMn_Bemerk":null,"versatz":35,"Shape_Length":147.20922520148903}},{"type":"Feature","id":364,"geometry":{"type":"LineString","coordinates":[[773659.10269999877,6903103.6746999994],[773690.99639999866,6903072.6045000032],[773715.00879999995,6903035.3156000003],[773728.10029999912,6902998.2678000033],[773725.59050000086,6902924.3417000026],[773691.08170000091,6902851.1598000005],[773656.80799999833,6902819.6295000017],[773631.44590000063,6902804.3194999993]]},"properties":{"OBJECTID":364,"Massn_ID":24,"GEW":"VEC","stat_von":93480,"stat_bis":93680,"gew_seite":"R","UMnArtBez":"(Vechte), Keine Mahd des unteren Gewässersaumes (2,00m) in den Pralluferbereichen","UMNGrBez":"Mäh- und Beweidungsarbeiten","Von_km":"93+480","Bis_km":"93+680","IDUabschn":"VEC_4","KTR":"MABVE00100","Versatz_RE":20,"Akz":"62024-04","UMn_Bemerk":null,"versatz":10,"Shape_Length":359.24490975060394}},{"type":"Feature","id":365,"geometry":{"type":"LineString","coordinates":[[771459.51339999959,6905916.9934],[771436.85570000112,6905876.5520000011],[771309.27600000054,6905712.9258000031],[771280.23530000076,6905661.5020999983],[771262.57119999826,6905601.4839000031],[771261.59109999985,6905514.3497999981],[771271.65830000117,6905466.1262999997],[771301.45389999822,6905403.8060000017],[771341.88280000165,6905347.7330000028],[771399.20039999858,6905290.1570999995],[771485.17540000007,6905234.7452000007],[771550.9411999993,6905203.005900003],[771640.89460000023,6905175.0741999969],[771700.62999999896,6905159.6423000023],[771928.02800000086,6905158.7160999998],[771966.88479999825,6905155.2062999979],[771993.78610000014,6905145.9648000002],[772081.97260000184,6905092.9272999987],[772411.43430000171,6904871.2963000014]]},"properties":{"OBJECTID":365,"Massn_ID":14,"GEW":"VEC","stat_von":90880,"stat_bis":91980,"gew_seite":"L","UMnArtBez":"(Vechte) Mahd, einmalig, drei- bis fünfjährlich, zw. 01.09  und 28.02","UMNGrBez":"Mäh- und Beweidungsarbeiten","Von_km":"90+880","Bis_km":"91+980","IDUabschn":"VEC_3","KTR":"MABVE00100","Versatz_RE":-20,"Akz":"62024-04","UMn_Bemerk":null,"versatz":-20,"Shape_Length":1857.3444964788916}},{"type":"Feature","id":366,"geometry":{"type":"LineString","coordinates":[[759521.56030000001,6914258.4183000028],[757916.85649999976,6915087.6014999971],[757352.63109999895,6915267.2009000033],[756998.09490000084,6915371.0883999988],[756950.15269999951,6915392.0844999999],[756839.45690000057,6915504.0112999976],[755595.30020000041,6916881.7219000012]]},"properties":{"OBJECTID":366,"Massn_ID":11,"GEW":"PCK","stat_von":19095,"stat_bis":22040,"gew_seite":"R","UMnArtBez":"(Kanäle) Mahd, einmalig, ab dem 15.06, Einseitig sind Röhrtricht- und Schilfbestände vor dem 01.09 von der Mahd auszuschließen","UMNGrBez":"Mäh- und Beweidungsarbeiten","Von_km":"19+095","Bis_km":"22+040","IDUabschn":"PCK_4","KTR":"MAAVE40500","Versatz_RE":20,"Akz":"62024-13","UMn_Bemerk":null,"versatz":-20,"Shape_Length":4833.9382294523748}},{"type":"Feature","id":367,"geometry":{"type":"LineString","coordinates":[[788461.58779999986,6880103.929399997],[788232.79830000177,6880117.9222000018]]},"properties":{"OBJECTID":367,"Massn_ID":6,"GEW":"EVK","stat_von":16700,"stat_bis":16840,"gew_seite":"L","UMnArtBez":"(Kanäle) Mahd, zweimalig, ab dem 15.06 und ab dem ???, Einseitig sind Röhrtricht- und Schilfbestände vor dem 01.09 von der Mahd auszuschließen","UMNGrBez":"Mäh- und Beweidungsarbeiten","Von_km":"16+700","Bis_km":"16+840","IDUabschn":"EVK_2","KTR":"MAAVE20200","Versatz_RE":-20,"Akz":"62024-10","UMn_Bemerk":null,"versatz":20,"Shape_Length":229.21700146662553}},{"type":"Feature","id":368,"geometry":{"type":"LineString","coordinates":[[827418.12429999933,6921228.5468000025],[827437.44920000061,6921166.9868000001],[827443.09560000151,6921101.7968000025],[827440.98479999974,6921044.0939999968],[827414.30550000072,6920980.1033999994],[827377.27789999917,6920934.7329000011],[827165.07609999925,6920748.9148999974],[827056.09549999982,6920621.4640000015],[826973.18629999831,6920506.7035000026],[826915.28409999982,6920388.9290999994],[826900.39139999822,6920326.4968999997],[826901.78599999845,6920288.6701999977],[826913.22300000116,6920247.2076999992],[826917.97969999909,6920238.7569999993],[826993.53020000085,6920194.6837000027],[827055.81599999964,6920184.4971000031],[827269.81670000032,6920196.3500000015],[827544.16380000114,6920233.2732999995],[827601.70039999858,6920262.7607000023],[827685.02380000055,6920348.3391000032],[827745.10889999941,6920376.493900001],[827818.02369999886,6920362.7559999973],[827891.5775000006,6920305.8038000017]]},"properties":{"OBJECTID":368,"Massn_ID":9,"GEW":"HAS","stat_von":23500,"stat_bis":24880,"gew_seite":"R","UMnArtBez":"(Hase, Variante 2) Mahd,  zweimalig, ab dem 01.07 (Unterhaltungsweg und obere Hälfte der Böschung) und ab dem 01.10 (Unterhaltunsweg und ganze Böschung)","UMNGrBez":"Mäh- und Beweidungsarbeiten","Von_km":"23+500","Bis_km":"24+880","IDUabschn":"HAS_7","KTR":"MAAHA00100","Versatz_RE":20,"Akz":"62024-03","UMn_Bemerk":null,"versatz":20,"Shape_Length":2252.3016236086987}},{"type":"Feature","id":369,"geometry":{"type":"LineString","coordinates":[[798052.84450000152,6870375.7928000018],[798084.8825000003,6870368.1648000032],[798142.40529999882,6870348.1613999978],[798210.26150000095,6870297.891900003],[798242.82420000061,6870263.3021000028],[798489.64449999854,6869881.9130000025],[798503.73050000146,6869842.2714999989],[798596.66759999841,6869635.7824999988]]},"properties":{"OBJECTID":369,"Massn_ID":24,"GEW":"VEC","stat_von":125210,"stat_bis":125780,"gew_seite":"R","UMnArtBez":"(Vechte), Keine Mahd des unteren Gewässersaumes (2,00m) in den Pralluferbereichen","UMNGrBez":"Mäh- und Beweidungsarbeiten","Von_km":"125+210","Bis_km":"125+780","IDUabschn":"VEC_13","KTR":"MABVE00200","Versatz_RE":20,"Akz":"62024-04","UMn_Bemerk":null,"versatz":10,"Shape_Length":948.58690862146887}},{"type":"Feature","id":370,"geometry":{"type":"LineString","coordinates":[[809529.28280000016,6851757.6917999983],[809664.74879999831,6851628.1678000018],[809774.14950000122,6851533.0398999974],[809795.03310000151,6851492.6415999979],[809824.96790000051,6851220.9936000034],[809853.48160000145,6851166.6454000026],[809916.73800000176,6851126.1900999993],[810043.64209999889,6851067.1634000018],[810181.89389999956,6850936.1542999968],[810203.04969999939,6850898.5411000028],[810227.50510000065,6850800.9165999964],[810265.50039999932,6850721.7396000028],[810493.32079999894,6850410.988499999],[810588.17110000178,6850332.5111000016],[810628.4701000005,6850285.2456],[810642.0791000016,6850232.7805999964],[810629.44860000163,6850150.2334999964],[810596.14820000157,6850076.3269999996],[810524.80649999902,6849986.7414000034],[810506.57059999928,6849909.3364000022],[810534.39869999886,6849837.2056000009],[810652.56309999898,6849775.7747000009]]},"properties":{"OBJECTID":370,"Massn_ID":10,"GEW":"VEC","stat_von":141570,"stat_bis":143120,"gew_seite":"L","UMnArtBez":"(Vechte) Mahd, zweimalig, ab dem 15.07 und ab dem 01.09","UMNGrBez":"Mäh- und Beweidungsarbeiten","Von_km":"141+570","Bis_km":"143+120","IDUabschn":"VEC_18","KTR":"MABVE00200","Versatz_RE":-20,"Akz":"62024-04","UMn_Bemerk":null,"versatz":-20,"Shape_Length":2543.5151996882591}},{"type":"Feature","id":371,"geometry":{"type":"LineString","coordinates":[[819869.96909999847,6927047.1638000011],[820020.56949999928,6927065.6353999972],[820119.51460000128,6927125.5852999985],[820216.83309999853,6927198.1702999994],[820297.36890000105,6927308.3922000006],[820351.01139999926,6927424.3112000003],[820401.20780000091,6927546.5610999987],[820426.50809999928,6927628.8540000021],[820401.89880000055,6927724.8720000014],[820361.02180000022,6927797.1559000015],[820281.41699999943,6927910.432099998],[820269.59180000052,6927945.368900001],[820271.86030000076,6927960.4944000021],[820312.66699999943,6927981.3388999999],[820606.9785999991,6928052.0989999995],[820838.77450000122,6928045.3387999982],[820935.15349999815,6928048.4698000029],[821033.39579999819,6928040.5195999965],[821100.1950000003,6928016.2327999994],[821169.49819999933,6927964.6547999978],[821208.76889999956,6927891.3413999975],[821213.13589999825,6927851.9109999985],[821210.22100000083,6927808.572300002],[821198.19619999826,6927746.4120000005],[821150.05409999937,6927670.3637999967],[821088.47839999944,6927598.8055000007],[821014.85850000009,6927488.3440999985],[820734.65139999986,6927050.1265999973],[820597.94629999995,6926824.0870999992],[820562.67119999975,6926684.4042999968],[820580.24769999832,6926545.9201000035],[820681.00780000165,6926294.3963000029],[820700.24819999933,6926153.9371000007],[820692.5278000012,6926051.1938999966],[820659.26249999925,6925981.0104999989],[820443.03119999915,6925852.3887000009],[820376.07009999827,6925720.1963],[820335.00860000029,6925519.3312999979],[820305.28170000017,6925424.3518000022],[820231.60020000115,6925333.1507999972],[820125.98559999838,6925287.4057999998],[819989.59629999846,6925297.5700000003],[819925.00739999861,6925240.0573000014],[819940.53500000015,6925160.2212999985],[820017.12730000168,6925080.0326000005],[820110.28069999814,6925041.755400002],[820265.27160000056,6925021.0768000036],[820452.03079999983,6925035.7164999992],[820782.12550000101,6925097.8332000002],[820813.88430000097,6925087.9459000006],[820845.20740000159,6925056.5596000031],[820862.77079999819,6924987.7955000028],[820864.66019999981,6924947.2920999974],[820819.31430000067,6924830.6094999984],[820745.9924999997,6924601.4535999969],[820748.76269999892,6924452.5626000017],[820769.04419999942,6924335.9042999968],[820811.63910000026,6924210.1371000037],[820856.86939999834,6924130.7814000025],[820908.62700000033,6924080.5487999991],[820948.14400000125,6924019.5631999969],[820967.38760000095,6923978.0423000008],[820990.86080000177,6923836.2343999967],[821010.18030000106,6923794.3473000005],[821052.8275000006,6923755.8903999999],[821086.11450000107,6923744.5423000008],[821138.42559999973,6923751.2035000026],[821196.16420000046,6923795.4477000013],[821286.83980000019,6923884.0209999979],[821312.32880000025,6923901.8991999999],[821374.07279999927,6923919.6859000027],[821428.89950000122,6923921.5816000029],[821488.56239999831,6923909.6941],[821529.24199999869,6923888.7380999997],[821566.60990000144,6923852.9244000018],[821602.98319999874,6923798.8382999972],[821634.31049999967,6923717.8343999982],[821734.93039999902,6923285.0918999985],[821729.8964000009,6923212.996299997],[821687.64429999888,6923092.1071999967],[821690.16860000044,6923022.4803000018],[821716.73389999941,6922981.9280999973],[821791.26460000128,6922982.5313000008]]},"properties":{"OBJECTID":371,"Massn_ID":9,"GEW":"HAS","stat_von":9325,"stat_bis":15140,"gew_seite":"L","UMnArtBez":"(Hase, Variante 2) Mahd,  zweimalig, ab dem 01.07 (Unterhaltungsweg und obere Hälfte der Böschung) und ab dem 01.10 (Unterhaltunsweg und ganze Böschung)","UMNGrBez":"Mäh- und Beweidungsarbeiten","Von_km":"9+325","Bis_km":"15+140","IDUabschn":"HAS_4","KTR":"MAAHA00100","Versatz_RE":-20,"Akz":"62024-03","UMn_Bemerk":null,"versatz":-20,"Shape_Length":9587.0970545830842}},{"type":"Feature","id":372,"geometry":{"type":"LineString","coordinates":[[792889.99399999902,6951714.3817000017],[792573.6436999999,6952941.7739000022],[792568.56370000169,6952984.1440000013],[792574.53620000184,6953051.4187999964],[792625.90819999948,6953207.8254999965]]},"properties":{"OBJECTID":372,"Massn_ID":11,"GEW":"SNK","stat_von":44630,"stat_bis":45550,"gew_seite":"L","UMnArtBez":"(Kanäle) Mahd, einmalig, ab dem 15.06, Einseitig sind Röhrtricht- und Schilfbestände vor dem 01.09 von der Mahd auszuschließen","UMNGrBez":"Mäh- und Beweidungsarbeiten","Von_km":"44+630","Bis_km":"45+550","IDUabschn":"SNK_11","KTR":"MAAEN10100","Versatz_RE":-20,"Akz":"62024-12","UMn_Bemerk":null,"versatz":20,"Shape_Length":1542.3452902181768}},{"type":"Feature","id":373,"geometry":{"type":"LineString","coordinates":[[790111.38470000029,6888360.0195999965],[790276.78909999877,6888722.6427000016],[790454.27699999884,6889136.0452999994],[790477.26610000059,6889220.9931999967],[790484.8740000017,6889317.5525999963],[790470.36919999868,6889438.547799997],[789936.79919999838,6891451.2355000004],[789931.88470000029,6891505.9571999982],[789938.89820000157,6891610.2648999989],[790059.26410000026,6892002.5159000009]]},"properties":{"OBJECTID":373,"Massn_ID":5,"GEW":"SNK","stat_von":3810,"stat_bis":6130,"gew_seite":"L","UMnArtBez":"keine Mahd","UMNGrBez":"Mäh- und Beweidungsarbeiten","Von_km":"3+810","Bis_km":"6+130","IDUabschn":"SNK_3","KTR":"MAAVE10100","Versatz_RE":-20,"Akz":"62024-12","UMn_Bemerk":"ab hier wier U-Weg","versatz":20,"Shape_Length":3807.1827747348652}},{"type":"Feature","id":374,"geometry":{"type":"LineString","coordinates":[[817865.44559999928,6926274.8730999976],[817877.77840000018,6926481.3334000036],[817918.97639999911,6926682.1919],[818009.18569999933,6926988.2506999969],[818016.8599999994,6926995.9217000008],[818037.55700000003,6926995.8207999989],[818213.12029999867,6926891.7260000035],[818314.15650000051,6926891.8887000009],[818677.04879999906,6927158.8191],[818716.66120000184,6927181.0927999988],[818898.92960000038,6927227.2256999984],[819168.70479999855,6927259.9208000004],[819317.75319999829,6927243.636500001],[819847.82459999993,6927033.8693000004]]},"properties":{"OBJECTID":374,"Massn_ID":23,"GEW":"HAS","stat_von":7600,"stat_bis":9325,"gew_seite":"B","UMnArtBez":"(Hase), Mahd der krautigen Ufersaumstreifen ab dem 01.10 jährlich alternierend auf 300-500 m langen Teilstrecken","UMNGrBez":"Mäh- und Beweidungsarbeiten","Von_km":"7+600","Bis_km":"9+325","IDUabschn":"HAS_3","KTR":"MAAHA00100","Versatz_RE":0,"Akz":"62024-03","UMn_Bemerk":null,"versatz":-30,"Shape_Length":2743.3380486787696}},{"type":"Feature","id":375,"geometry":{"type":"LineString","coordinates":[[760383.11670000106,6909470.6894000024],[760475.81489999965,6909502.4981999993]]},"properties":{"OBJECTID":375,"Massn_ID":50,"GEW":"VEC","stat_von":82450,"stat_bis":82510,"gew_seite":"L","UMnArtBez":"Gehölzneuanpflanzungen","UMNGrBez":"Gehölzpflege, Gehölzentwicklung","Von_km":"82+450","Bis_km":"82+510","IDUabschn":"VEC_2","KTR":"MABVE00100","Versatz_RE":-20,"Akz":"62024-04","UMn_Bemerk":"oh. und uh. Brücke Wildestraße","versatz":-35,"Shape_Length":98.003857272178195}},{"type":"Feature","id":376,"geometry":{"type":"LineString","coordinates":[[800676.13399999961,6865403.7763999999],[800656.42500000075,6865378.1269000024]]},"properties":{"OBJECTID":376,"Massn_ID":10,"GEW":"VEC","stat_von":129270,"stat_bis":129290,"gew_seite":"R","UMnArtBez":"(Vechte) Mahd, zweimalig, ab dem 15.07 und ab dem 01.09","UMNGrBez":"Mäh- und Beweidungsarbeiten","Von_km":"129+270","Bis_km":"129+290","IDUabschn":"VEC_14","KTR":"MABVE00200","Versatz_RE":20,"Akz":"62024-04","UMn_Bemerk":"Stau Gansfort (100 m oberhalb Stau)","versatz":20,"Shape_Length":32.347202832346071}},{"type":"Feature","id":377,"geometry":{"type":"LineString","coordinates":[[786791.58900000155,6879014.0719999969],[786813.51049999893,6878995.7547999993],[786864.32050000131,6878976.488499999],[786934.48000000045,6878984.5029999986],[786998.79820000008,6879004.6767000034],[787131.81500000134,6879030.0819000006]]},"properties":{"OBJECTID":377,"Massn_ID":5,"GEW":"KOR","stat_von":1000,"stat_bis":1200,"gew_seite":"L","UMnArtBez":"keine Mahd","UMNGrBez":"Mäh- und Beweidungsarbeiten","Von_km":"1+000","Bis_km":"1+200","IDUabschn":"KOR_1","KTR":"MABVE00400","Versatz_RE":-20,"Akz":"62024-04","UMn_Bemerk":null,"versatz":-20,"Shape_Length":356.35179943749711}},{"type":"Feature","id":378,"geometry":{"type":"LineString","coordinates":[[767879.30200000107,6912795.7883000001],[767553.49549999833,6912912.9675000012],[767250.43470000103,6913059.1507000029],[766724.19720000029,6913090.5609000027],[766452.08839999884,6913124.0263999999],[764930.11180000007,6913356.4575000033],[764851.18829999864,6913351.5650999993],[764481.11030000076,6913236.8650000021]]},"properties":{"OBJECTID":378,"Massn_ID":11,"GEW":"PCK","stat_von":13770,"stat_bis":15880,"gew_seite":"R","UMnArtBez":"(Kanäle) Mahd, einmalig, ab dem 15.06, Einseitig sind Röhrtricht- und Schilfbestände vor dem 01.09 von der Mahd auszuschließen","UMNGrBez":"Mäh- und Beweidungsarbeiten","Von_km":"13+770","Bis_km":"15+880","IDUabschn":"PCK_3","KTR":"MAAVE40500","Versatz_RE":20,"Akz":"62024-13","UMn_Bemerk":null,"versatz":-20,"Shape_Length":3490.1887132707748}},{"type":"Feature","id":379,"geometry":{"type":"LineString","coordinates":[[815873.08590000123,6985585.2511000037],[815830.81670000032,6985581.0091999993],[815789.51150000095,6985589.4272999987],[815723.43600000069,6985641.7295999974],[815681.22239999846,6985726.1049999967],[815659.61459999904,6985789.501199998],[815636.81850000098,6985905.3307000026],[815678.24430000037,6986019.9883999974],[815764.26509999856,6986178.4562999979],[815863.2762000002,6986331.7875000015],[815907.54459999874,6986416.1083000004],[815904.59870000184,6986468.5185000002],[815889.63340000063,6986495.3818000033],[815855.37590000033,6986525.3250999972]]},"properties":{"OBJECTID":379,"Massn_ID":18,"GEW":"GFD","stat_von":4740,"stat_bis":5420,"gew_seite":"L","UMnArtBez":"(Goldfischdever) Mahd der Böschungen alle zwei Jahre zwischen 15. September und 28. Februar; Mahd des linksseitigen Ufers in geraden Jahren, Mahd des rechtsseitigen Ufers in ungeraden Jahren.","UMNGrBez":"Mäh- und Beweidungsarbeiten","Von_km":"4+740","Bis_km":"5+420","IDUabschn":"GFD_3","KTR":"MABEN00100","Versatz_RE":-20,"Akz":"62024-09","UMn_Bemerk":"Im Kontext der Naturentwicklung Ufer alle zwei Jahre mähen","versatz":20,"Shape_Length":1157.0007608861297}},{"type":"Feature","id":380,"geometry":{"type":"LineString","coordinates":[[795168.99350000173,6871741.3871999979],[795193.50239999965,6871720.9431999996],[795324.00120000169,6871676.6899999976]]},"properties":{"OBJECTID":380,"Massn_ID":24,"GEW":"VEC","stat_von":123080,"stat_bis":123180,"gew_seite":"L","UMnArtBez":"(Vechte), Keine Mahd des unteren Gewässersaumes (2,00m) in den Pralluferbereichen","UMNGrBez":"Mäh- und Beweidungsarbeiten","Von_km":"123+080","Bis_km":"123+180","IDUabschn":"VEC_13","KTR":"MABVE00200","Versatz_RE":-20,"Akz":"62024-04","UMn_Bemerk":null,"versatz":-10,"Shape_Length":169.71416922191077}},{"type":"Feature","id":381,"geometry":{"type":"LineString","coordinates":[[767859.9096999988,6908644.6024999991],[767972.63679999858,6908619.2745999992],[768058.73889999837,6908587.5910999998],[768165.74320000038,6908521.4279000014],[768287.89009999856,6908404.5274000019]]},"properties":{"OBJECTID":381,"Massn_ID":24,"GEW":"VEC","stat_von":87880,"stat_bis":88180,"gew_seite":"R","UMnArtBez":"(Vechte), Keine Mahd des unteren Gewässersaumes (2,00m) in den Pralluferbereichen","UMNGrBez":"Mäh- und Beweidungsarbeiten","Von_km":"87+880","Bis_km":"88+180","IDUabschn":"VEC_3","KTR":"MABVE00100","Versatz_RE":20,"Akz":"62024-04","UMn_Bemerk":null,"versatz":10,"Shape_Length":502.16401410852762}},{"type":"Feature","id":382,"geometry":{"type":"LineString","coordinates":[[813038.2985999994,6884655.8950999975],[812973.77089999989,6884615.4792999998],[812971.98059999943,6884615.1093999967],[812431.64299999923,6884892.8879000023],[812340.20010000095,6884928.1340000033],[812209.85799999908,6884967.0855000019],[811963.39290000126,6884945.3416000009],[809997.58159999922,6884814.8649000004],[808704.5727000013,6884719.0056999996],[808623.40900000185,6884703.1171000004],[804105.86690000072,6882622.9455000013],[801298.44399999827,6881340.5020999983],[798209.05180000141,6880601.6515000015],[794622.34270000085,6879760.0095999986],[791092.75809999928,6878718.9875999987],[790997.63430000097,6878710.0623999983],[790957.75340000167,6878715.7793999985],[790854.09479999915,6878744.4169000015],[790775.79270000011,6878781.1269000024],[790705.65249999985,6878832.0320999995],[790664.44379999861,6878872.0166999996],[790636.93699999899,6878905.0703999996],[790569.09129999951,6879017.2556999996]]},"properties":{"OBJECTID":382,"Massn_ID":5,"GEW":"EVK","stat_von":600,"stat_bis":15140,"gew_seite":"R","UMnArtBez":"keine Mahd","UMNGrBez":"Mäh- und Beweidungsarbeiten","Von_km":"0+600","Bis_km":"15+140","IDUabschn":"EVK_1","KTR":"MAAVE20200","Versatz_RE":20,"Akz":"62024-10","UMn_Bemerk":null,"versatz":-20,"Shape_Length":23764.908185347955}},{"type":"Feature","id":383,"geometry":{"type":"LineString","coordinates":[[790377.11679999903,6930742.4506999999],[789727.31920000166,6930778.7330000028]]},"properties":{"OBJECTID":383,"Massn_ID":6,"GEW":"SHK","stat_von":0,"stat_bis":395,"gew_seite":"R","UMnArtBez":"(Kanäle) Mahd, zweimalig, ab dem 15.06 und ab dem ???, Einseitig sind Röhrtricht- und Schilfbestände vor dem 01.09 von der Mahd auszuschließen","UMNGrBez":"Mäh- und Beweidungsarbeiten","Von_km":"0+000","Bis_km":"0+395","IDUabschn":"SHK_1","KTR":"MAAEN10200","Versatz_RE":20,"Akz":"62024-14","UMn_Bemerk":null,"versatz":-20,"Shape_Length":650.809746589464}},{"type":"Feature","id":384,"geometry":{"type":"LineString","coordinates":[[754231.41849999875,6910923.9096999988],[754322.22789999843,6910853.6419999972],[754473.04160000011,6910817.1124000028]]},"properties":{"OBJECTID":384,"Massn_ID":50,"GEW":"VEC","stat_von":78250,"stat_bis":78400,"gew_seite":"L","UMnArtBez":"Gehölzneuanpflanzungen","UMNGrBez":"Gehölzpflege, Gehölzentwicklung","Von_km":"78+250","Bis_km":"78+400","IDUabschn":"VEC_1","KTR":"MABVE00100","Versatz_RE":-20,"Akz":"62024-04","UMn_Bemerk":null,"versatz":-35,"Shape_Length":269.99583928745449}},{"type":"Feature","id":385,"geometry":{"type":"LineString","coordinates":[[806807.4822999984,6854230.3272999972],[806851.25620000064,6854199.0103999972],[806921.53200000152,6854163.1999000013],[807170.34980000183,6854075.9393000007]]},"properties":{"OBJECTID":385,"Massn_ID":24,"GEW":"VEC","stat_von":139140,"stat_bis":139380,"gew_seite":"L","UMnArtBez":"(Vechte), Keine Mahd des unteren Gewässersaumes (2,00m) in den Pralluferbereichen","UMNGrBez":"Mäh- und Beweidungsarbeiten","Von_km":"139+140","Bis_km":"139+380","IDUabschn":"VEC_17","KTR":"MABVE00200","Versatz_RE":-20,"Akz":"62024-04","UMn_Bemerk":null,"versatz":-10,"Shape_Length":396.37209177161969}},{"type":"Feature","id":386,"geometry":{"type":"LineString","coordinates":[[775304.20899999887,6892418.8888999969],[775515.26220000163,6892388.8844999969]]},"properties":{"OBJECTID":386,"Massn_ID":201,"GEW":"VEC","stat_von":101830,"stat_bis":101960,"gew_seite":"R","UMnArtBez":"Mahd im Bereich der Bauwerke z.B. Schleusen, Wehranlagen, etc. Abflusshindernisse im Bereich der Bauwerke entfernen","UMNGrBez":"Bauwerke instandhalten bzw. Abfluss im Bereich von Bauwerken sicherstellen","Von_km":"101+830","Bis_km":"101+960","IDUabschn":"VEC_6","KTR":"MABVE00100","Versatz_RE":20,"Akz":"62024-04","UMn_Bemerk":null,"versatz":25,"Shape_Length":213.17532045422954}},{"type":"Feature","id":387,"geometry":{"type":"LineString","coordinates":[[773543.24439999834,6902534.4173000008],[773565.81740000099,6902111.9882000014],[773573.17980000004,6902057.7009999976],[773623.55059999973,6901906.8576000035],[773630.98800000176,6901858.4245000035],[773623.41120000184,6901760.0974000022],[773574.7023999989,6901635.8183000013],[773562.66560000181,6901576.5424999967],[773556.51110000163,6901522.4061999992],[773561.59319999814,6901472.8012999967],[773629.54740000144,6901263.7259000018],[773665.61840000004,6901201.8426000029],[773812.65439999849,6900995.4006000012],[773836.36030000076,6900925.2390000001],[773836.31650000066,6900855.9073999971],[773821.63439999893,6900791.930399999],[773779.76940000057,6900729.6591000035],[773726.21510000154,6900684.9650999978],[773657.69000000134,6900652.7254000008],[773578.34840000048,6900631.561300002],[773270.63879999891,6900574.2688999996],[773211.75470000133,6900550.7758999988],[773181.50010000169,6900531.0335000008],[773163.39440000057,6900509.4043999985],[773148.61400000006,6900474.8879999965],[773143.02760000154,6900417.8484999985],[773146.53849999979,6900396.7859999985],[773217.1678000018,6900257.7898999974],[773252.00589999929,6900109.4949000031],[773278.60539999977,6900048.3957000002],[773315.60399999842,6900011.6886000037],[773444.92309999838,6899948.8492000028],[773487.8984999992,6899914.1674999967],[773527.83929999918,6899857.6551000029],[773546.16539999843,6899810.7150999978],[773632.32629999891,6899389.7344999984],[773665.85689999908,6899322.6118000001],[773706.98530000076,6899281.0613999963],[773741.28240000084,6899263.7893000022],[773870.67749999836,6899223.5658999979],[773918.98380000144,6899202.2252999991],[773956.24469999969,6899171.6643999964],[774193.93160000071,6898921.4267000034],[774210.42199999839,6898885.2396000028],[774262.14930000156,6898545.5895999968],[774245.71819999814,6898449.0913999975],[774220.73039999977,6898410.6246000007],[774155.77070000023,6898361.9825000018],[774039.69619999826,6898328.5485000014],[773968.57290000096,6898291.7286999971],[773943.71660000086,6898253.6472999975],[773936.88399999961,6898230.9758000001],[773936.74029999971,6898171.2788000032],[773945.68059999868,6898133.0239000022],[774024.60319999978,6897979.8225999996],[774046.79919999838,6897920.8460000008],[774053.38500000164,6897856.7714999989],[774047.20329999924,6897801.8765999973],[773993.19150000066,6897701.3761000037],[773935.64680000022,6897657.5337999985],[773828.11160000041,6897614.884800002],[773803.71350000054,6897600.5925000012],[773772.78170000017,6897563.2739999965],[773762.5951000005,6897538.2254000008],[773764.42610000074,6897473.5584999993],[773784.17980000004,6897416.8957000002],[773803.35960000008,6897399.8408999965],[773965.52549999952,6897301.3746000007]]},"properties":{"OBJECTID":387,"Massn_ID":10,"GEW":"VEC","stat_von":93880,"stat_bis":97980,"gew_seite":"R","UMnArtBez":"(Vechte) Mahd, zweimalig, ab dem 15.07 und ab dem 01.09","UMNGrBez":"Mäh- und Beweidungsarbeiten","Von_km":"93+880","Bis_km":"97+980","IDUabschn":"VEC_5","KTR":"MABVE00100","Versatz_RE":20,"Akz":"62024-04","UMn_Bemerk":null,"versatz":20,"Shape_Length":6703.4094668533744}},{"type":"Feature","id":388,"geometry":{"type":"LineString","coordinates":[[819830.82510000095,6980808.4412999973],[819726.97320000082,6981185.8734000027],[819206.11290000007,6983231.6085999981],[819167.40129999816,6983357.1581000015],[819130.04600000009,6983424.3401999995],[819094.03049999848,6983465.5811000019],[818376.37700000033,6984137.1931999996]]},"properties":{"OBJECTID":388,"Massn_ID":16,"GEW":"GFD","stat_von":583,"stat_bis":2850,"gew_seite":"L","UMnArtBez":"(Goidfischdever) 1-malige Mahd der Böschungen (Sommermahd), zwischen 16. Juli und 31. August","UMNGrBez":"Mäh- und Beweidungsarbeiten","Von_km":"0+583","Bis_km":"2+850","IDUabschn":"GFD_1","KTR":"MABEN00100","Versatz_RE":-20,"Akz":"62024-09","UMn_Bemerk":"Einzelbäume berücksichtigen","versatz":20,"Shape_Length":3748.3637070393261}},{"type":"Feature","id":389,"geometry":{"type":"LineString","coordinates":[[808896.6939000003,6852430.4719000012],[808984.46570000052,6852411.8268000036],[809112.53940000013,6852365.1036000028],[809158.0588000007,6852342.1085999981],[809197.85949999839,6852315.7705999985],[809284.3396999985,6852247.1137000024],[809398.34760000184,6852093.7854000032],[809478.62920000032,6851903.8162999973]]},"properties":{"OBJECTID":389,"Massn_ID":24,"GEW":"VEC","stat_von":140980,"stat_bis":141480,"gew_seite":"R","UMnArtBez":"(Vechte), Keine Mahd des unteren Gewässersaumes (2,00m) in den Pralluferbereichen","UMNGrBez":"Mäh- und Beweidungsarbeiten","Von_km":"140+980","Bis_km":"141+480","IDUabschn":"VEC_18","KTR":"MABVE00200","Versatz_RE":20,"Akz":"62024-04","UMn_Bemerk":null,"versatz":10,"Shape_Length":832.50994883170767}},{"type":"Feature","id":390,"geometry":{"type":"LineString","coordinates":[[842764.08130000159,6925399.8016000018],[842825.77439999953,6925392.9525000006],[843014.56329999864,6925343.6235999987],[843142.93129999936,6925341.2974999994],[843552.35759999976,6925350.4165000021],[843779.98990000039,6925348.8325000033],[844075.6035999991,6925336.3493999988],[844526.5410999991,6925267.4165999964],[844922.74639999866,6925237.5605999976]]},"properties":{"OBJECTID":390,"Massn_ID":8,"GEW":"HAS","stat_von":43380,"stat_bis":44700,"gew_seite":"R","UMnArtBez":"(Hase, Variante 1) Mahd, zweimalig, ab dem 15.06 (Unterhaltungsweg und obere Hälfte der Böschung) und am dem 15.09 (Unterhaltungsweg und ganze Böschung)","UMNGrBez":"Mäh- und Beweidungsarbeiten","Von_km":"43+380","Bis_km":"44+700","IDUabschn":"HAS_13","KTR":"MAAHA00100","Versatz_RE":20,"Akz":"62024-03","UMn_Bemerk":null,"versatz":20,"Shape_Length":2172.1355132542722}},{"type":"Feature","id":391,"geometry":{"type":"LineString","coordinates":[[773613.59629999846,6902831.9293000028],[773558.10689999908,6902793.2089999989],[773532.41690000147,6902758.7695000023],[773507.25530000031,6902709.2274999991],[773493.76209999993,6902664.4387999997],[773491.15179999918,6902601.6268000007],[773494.05099999905,6902531.9701000005]]},"properties":{"OBJECTID":391,"Massn_ID":24,"GEW":"VEC","stat_von":93680,"stat_bis":93880,"gew_seite":"L","UMnArtBez":"(Vechte), Keine Mahd des unteren Gewässersaumes (2,00m) in den Pralluferbereichen","UMNGrBez":"Mäh- und Beweidungsarbeiten","Von_km":"93+680","Bis_km":"93+880","IDUabschn":"VEC_4","KTR":"MABVE00100","Versatz_RE":-20,"Akz":"62024-04","UMn_Bemerk":null,"versatz":-10,"Shape_Length":345.55485218917045}},{"type":"Feature","id":392,"geometry":{"type":"LineString","coordinates":[[806155.52479999885,6854953.608099997],[806476.62240000069,6854732.4878999963],[806561.94429999962,6854661.2260999978],[806651.05480000004,6854547.2791000009],[806765.08449999988,6854349.0306999981],[806821.13269999996,6854282.2995999977],[806849.57360000163,6854259.3330999985],[806941.4609999992,6854208.1937000006],[807213.0465000011,6854110.8071999997],[807272.51040000096,6854077.5615999997],[807355.89539999887,6854011.3461999968],[807447.56769999862,6853908.8928000033],[807644.46909999847,6853707.9572999999],[807708.94339999929,6853620.5591000021],[807744.45050000027,6853541.5773999989],[807763.20540000126,6853482.0239000022]]},"properties":{"OBJECTID":392,"Massn_ID":10,"GEW":"VEC","stat_von":138540,"stat_bis":139900,"gew_seite":"R","UMnArtBez":"(Vechte) Mahd, zweimalig, ab dem 15.07 und ab dem 01.09","UMNGrBez":"Mäh- und Beweidungsarbeiten","Von_km":"138+540","Bis_km":"139+900","IDUabschn":"VEC_17","KTR":"MABVE00200","Versatz_RE":20,"Akz":"62024-04","UMn_Bemerk":"Gehölzanpflanzung ASV","versatz":20,"Shape_Length":2242.8230915776012}},{"type":"Feature","id":393,"geometry":{"type":"LineString","coordinates":[[755546.67080000043,6916837.3047999963],[754679.67480000108,6917785.1977000013]]},"properties":{"OBJECTID":393,"Massn_ID":6,"GEW":"PCK","stat_von":22040,"stat_bis":22820,"gew_seite":"L","UMnArtBez":"(Kanäle) Mahd, zweimalig, ab dem 15.06 und ab dem ???, Einseitig sind Röhrtricht- und Schilfbestände vor dem 01.09 von der Mahd auszuschließen","UMNGrBez":"Mäh- und Beweidungsarbeiten","Von_km":"22+040","Bis_km":"22+820","IDUabschn":"PCK_5","KTR":"MAAVE40500","Versatz_RE":-20,"Akz":"62024-13","UMn_Bemerk":null,"versatz":20,"Shape_Length":1284.5944939531382}},{"type":"Feature","id":394,"geometry":{"type":"LineString","coordinates":[[776367.4327000007,6886161.1766000018],[776550.3515000008,6885537.9425000027],[776549.02800000086,6885465.0315999985],[776525.73869999871,6885397.6547999978],[776492.20309999958,6885342.8969999999],[776459.12480000034,6885307.3893999979],[775668.14420000091,6884754.2688999996],[775603.25439999998,6884687.2391000018],[775571.14909999818,6884638.2907999977],[775548.691300001,6884587.8844000027],[775447.97049999982,6883916.0517000034],[775410.51339999959,6883767.8470000029],[775364.58449999988,6883656.6357000023],[775088.93470000103,6883109.2735000029],[775037.58879999816,6883034.3410999998],[774923.71979999915,6882911.0973000005]]},"properties":{"OBJECTID":394,"Massn_ID":12,"GEW":"DIN","stat_von":4450,"stat_bis":6850,"gew_seite":"L","UMnArtBez":"(Dinkel, B) einmalige Sommermahd nach dem 15. Juli, \tBöschungsmahd unter Aussparung des Röhrichtsaums und der Gehölzbereiche (! Libellen !)","UMNGrBez":"Mäh- und Beweidungsarbeiten","Von_km":"4+450","Bis_km":"6+850","IDUabschn":"DIN_4","KTR":"MABVE00300","Versatz_RE":-20,"Akz":"62024-05","UMn_Bemerk":"Aussparung der Gehölzbereiche (\u2794 Eisvogel) und der Röhrichtsäume (\u2794 Libellen)","versatz":-20,"Shape_Length":3902.6897498477097}},{"type":"Feature","id":395,"geometry":{"type":"LineString","coordinates":[[800078.97920000181,6868661.8558999971],[800117.16479999945,6868652.3193000033],[800243.81749999896,6868643.9790000021]]},"properties":{"OBJECTID":395,"Massn_ID":24,"GEW":"VEC","stat_von":126980,"stat_bis":127080,"gew_seite":"L","UMnArtBez":"(Vechte), Keine Mahd des unteren Gewässersaumes (2,00m) in den Pralluferbereichen","UMNGrBez":"Mäh- und Beweidungsarbeiten","Von_km":"126+980","Bis_km":"127+080","IDUabschn":"VEC_13","KTR":"MABVE00200","Versatz_RE":-20,"Akz":"62024-04","UMn_Bemerk":null,"versatz":-10,"Shape_Length":166.28545438463632}},{"type":"Feature","id":396,"geometry":{"type":"LineString","coordinates":[[830244.41209999844,6918683.0870999992],[830312.65159999952,6918568.177699998],[830346.60249999911,6918475.2828999981],[830337.48000000045,6918383.7027999982],[830297.63720000163,6918255.5697000027],[830282.39730000123,6918179.9233999997],[830283.4737999998,6918129.4372999966],[830305.33850000054,6918067.4809999987],[830342.47030000016,6918022.4707000032],[830367.23550000042,6918005.9277999997],[830416.5449000001,6917990.6150000021],[830465.6688000001,6917991.6667999998],[830486.17520000041,6917998.3156000003],[830543.2928000018,6918038.556400001]]},"properties":{"OBJECTID":396,"Massn_ID":5,"GEW":"HAS","stat_von":29680,"stat_bis":30280,"gew_seite":"R","UMnArtBez":"keine Mahd","UMNGrBez":"Mäh- und Beweidungsarbeiten","Von_km":"29+680","Bis_km":"30+280","IDUabschn":"HAS_8","KTR":"MAAHA00100","Versatz_RE":20,"Akz":"62024-03","UMn_Bemerk":null,"versatz":20,"Shape_Length":932.45819422284058}},{"type":"Feature","id":397,"geometry":{"type":"LineString","coordinates":[[786971.83260000125,6903813.9045000002],[786914.26110000163,6903783.2929000035],[786831.89680000022,6903719.4323000014]]},"properties":{"OBJECTID":397,"Massn_ID":6,"GEW":"PCK","stat_von":0,"stat_bis":100,"gew_seite":"R","UMnArtBez":"(Kanäle) Mahd, zweimalig, ab dem 15.06 und ab dem ???, Einseitig sind Röhrtricht- und Schilfbestände vor dem 01.09 von der Mahd auszuschließen","UMNGrBez":"Mäh- und Beweidungsarbeiten","Von_km":"0+000","Bis_km":"0+100","IDUabschn":"PCK_1","KTR":"MAAVE40500","Versatz_RE":20,"Akz":"62024-13","UMn_Bemerk":null,"versatz":-20,"Shape_Length":169.42507200924308}},{"type":"Feature","id":398,"geometry":{"type":"LineString","coordinates":[[849829.10410000011,6924454.9927999973],[849922.39240000024,6924454.7791000009],[850355.89559999853,6924406.0423000008],[850591.20910000056,6924363.2700999975],[850698.13639999926,6924368.7501000017],[850819.48900000006,6924414.5518999994],[850903.17839999869,6924480.8407000005],[851051.60060000047,6924645.7217999995],[851341.5047999993,6924920.615699999]]},"properties":{"OBJECTID":398,"Massn_ID":23,"GEW":"HAS","stat_von":48250,"stat_bis":49280,"gew_seite":"L","UMnArtBez":"(Hase), Mahd der krautigen Ufersaumstreifen ab dem 01.10 jährlich alternierend auf 300-500 m langen Teilstrecken","UMNGrBez":"Mäh- und Beweidungsarbeiten","Von_km":"48+250","Bis_km":"49+280","IDUabschn":"HAS_15","KTR":"MAAHA00100","Versatz_RE":-20,"Akz":"62024-03","UMn_Bemerk":null,"versatz":-30,"Shape_Length":1733.5878955909754}},{"type":"Feature","id":399,"geometry":{"type":"LineString","coordinates":[[763225.00160000101,6913129.3964999989],[761826.4952000007,6913106.6230000034],[759532.64840000123,6914280.503200002]]},"properties":{"OBJECTID":399,"Massn_ID":22,"GEW":"PCK","stat_von":16660,"stat_bis":19095,"gew_seite":"R","UMnArtBez":"(Kanäle) Mahd der Röhrricht- und Schilfbestände im jährlichen Wechsel, ab dem 01.10","UMNGrBez":"Mäh- und Beweidungsarbeiten","Von_km":"16+660","Bis_km":"19+095","IDUabschn":"PCK_3","KTR":"MAAVE40500","Versatz_RE":20,"Akz":"62024-13","UMn_Bemerk":null,"versatz":-35,"Shape_Length":3975.4587518838644}},{"type":"Feature","id":400,"geometry":{"type":"LineString","coordinates":[[775077.18050000072,6892344.7621999979],[775112.10339999944,6892304.3509000018],[775132.86250000075,6892265.8814999983],[775139.40269999951,6892246.5307999998],[775139.50569999963,6892192.6098000035],[775120.26720000058,6892147.2617999986],[775000.24439999834,6891975.2128000036],[774952.74819999933,6891878.4792999998],[774821.56819999963,6891252.7206000015],[774807.84290000051,6891123.882600002],[774815.56010000035,6891053.4078999981],[774930.48550000042,6890748.431400001],[774937.74069999903,6890700.5285999998],[774921.83130000159,6890629.8262000009],[774828.3145999983,6890493.5747999996],[774809.5346999988,6890436.5411000028],[774795.82050000131,6890320.2917999998],[774811.15040000156,6890203.3523000032],[774842.24740000069,6890141.6894000024],[774911.29069999978,6890064.5163000003],[775002.33590000123,6890004.7232000008],[775141.5989000015,6889980.2094999999]]},"properties":{"OBJECTID":400,"Massn_ID":21,"GEW":"DIN","stat_von":20,"stat_bis":1650,"gew_seite":"L","UMnArtBez":"(Dinkel, B) abschnittsweise Aussparung des Röhrichtsaums; alternierend auf bis zu 100 m Länge stehenlassen","UMNGrBez":"Mäh- und Beweidungsarbeiten","Von_km":"0+020","Bis_km":"1+650","IDUabschn":"DIN_1","KTR":"MABVE00300","Versatz_RE":-20,"Akz":"62024-05","UMn_Bemerk":"1-B: Start- und Endpunkte sind zu verorten","versatz":-30,"Shape_Length":2708.1646127268255}},{"type":"Feature","id":401,"geometry":{"type":"LineString","coordinates":[[797885.21240000054,6870424.5178999975],[797982.70529999956,6870427.6669000015]]},"properties":{"OBJECTID":401,"Massn_ID":50,"GEW":"VEC","stat_von":125110,"stat_bis":125170,"gew_seite":"R","UMnArtBez":"Gehölzneuanpflanzungen","UMNGrBez":"Gehölzpflege, Gehölzentwicklung","Von_km":"125+110","Bis_km":"125+170","IDUabschn":"VEC_13","KTR":"MABVE00200","Versatz_RE":20,"Akz":"62024-04","UMn_Bemerk":null,"versatz":35,"Shape_Length":97.54374275802715}},{"type":"Feature","id":402,"geometry":{"type":"LineString","coordinates":[[805477.04639999941,6857098.1279999986],[805462.59829999879,6857048.3090000004],[805417.5588000007,6856948.7695999965],[805289.76579999924,6856715.8879999965],[805189.18829999864,6856500.0908000022],[805096.96240000054,6856184.7897000015],[805080.50250000134,6856092.694600001],[805066.17689999938,6855914.0483999997]]},"properties":{"OBJECTID":402,"Massn_ID":10,"GEW":"VEC","stat_von":136770,"stat_bis":137540,"gew_seite":"L","UMnArtBez":"(Vechte) Mahd, zweimalig, ab dem 15.07 und ab dem 01.09","UMNGrBez":"Mäh- und Beweidungsarbeiten","Von_km":"136+770","Bis_km":"137+540","IDUabschn":"VEC_17","KTR":"MABVE00200","Versatz_RE":-20,"Akz":"62024-04","UMn_Bemerk":null,"versatz":-20,"Shape_Length":1266.1383649717941}},{"type":"Feature","id":403,"geometry":{"type":"LineString","coordinates":[[821776.6409999989,6923062.9034999982],[822113.44240000099,6923165.4909000024],[822262.16519999877,6923228.5988000035],[822283.68890000135,6923243.1981000006],[822305.94280000031,6923275.8453999981],[822312.22340000048,6923293.9987000003],[822310.98180000111,6923377.5062000006],[822267.33819999918,6923493.1515000015],[822181.04560000077,6923651.3232999966],[822104.32079999894,6923759.8936000019],[822047.68010000139,6923817.4944000021],[821714.06199999899,6924039.4144999981],[821593.77389999852,6924156.2387999967],[821508.34050000086,6924257.9064999968],[821482.1735999994,6924314.8972000033],[821468.63179999962,6924399.8307999969],[821475.62469999865,6924456.8391999975],[821537.52400000021,6924535.1849000007],[821631.44330000132,6924609.3713999987],[821680.75160000101,6924637.2985000014],[822004.60799999908,6924740.5363999978],[822053.79949999973,6924790.2898999974],[822099.67489999905,6924872.3641000018],[822119.93919999897,6924944.5998999998],[822129.72309999913,6925035.3794],[822123.92599999905,6925260.6854000017],[822144.69000000134,6925347.6564999968],[822196.35170000046,6925424.6275999993],[822258.81049999967,6925484.003899999],[822329.22969999909,6925529.7214000002],[822555.42379999906,6925635.3620999977],[822702.41919999942,6925723.3677000031],[822758.23600000143,6925778.4789000005],[822851.76150000095,6925912.0762000009],[822908.54329999909,6925965.9367000014],[822988.32319999859,6925998.2278999984],[823091.97410000116,6925993.3060000017]]},"properties":{"OBJECTID":403,"Massn_ID":23,"GEW":"HAS","stat_von":15140,"stat_bis":17900,"gew_seite":"L","UMnArtBez":"(Hase), Mahd der krautigen Ufersaumstreifen ab dem 01.10 jährlich alternierend auf 300-500 m langen Teilstrecken","UMNGrBez":"Mäh- und Beweidungsarbeiten","Von_km":"15+140","Bis_km":"17+900","IDUabschn":"HAS_5","KTR":"MAAHA00100","Versatz_RE":-20,"Akz":"62024-03","UMn_Bemerk":null,"versatz":30,"Shape_Length":4561.3726632143898}},{"type":"Feature","id":404,"geometry":{"type":"LineString","coordinates":[[789008.71159999818,6911048.2065000013],[789248.43059999868,6911402.6965000033]]},"properties":{"OBJECTID":404,"Massn_ID":6,"GEW":"SNK","stat_von":19310,"stat_bis":19570,"gew_seite":"L","UMnArtBez":"(Kanäle) Mahd, zweimalig, ab dem 15.06 und ab dem ???, Einseitig sind Röhrtricht- und Schilfbestände vor dem 01.09 von der Mahd auszuschließen","UMNGrBez":"Mäh- und Beweidungsarbeiten","Von_km":"19+310","Bis_km":"19+570","IDUabschn":"SNK_6","KTR":"MAAVE10100","Versatz_RE":-20,"Akz":"62024-12","UMn_Bemerk":null,"versatz":20,"Shape_Length":427.9349939683853}},{"type":"Feature","id":405,"geometry":{"type":"LineString","coordinates":[[788385.51509999856,6899447.6002999991],[788371.93870000169,6899474.7355000004],[788348.96759999916,6899601.8496000022],[788348.18239999935,6899720.5518999994]]},"properties":{"OBJECTID":405,"Massn_ID":6,"GEW":"SNK","stat_von":10850,"stat_bis":11010,"gew_seite":"L","UMnArtBez":"(Kanäle) Mahd, zweimalig, ab dem 15.06 und ab dem ???, Einseitig sind Röhrtricht- und Schilfbestände vor dem 01.09 von der Mahd auszuschließen","UMNGrBez":"Mäh- und Beweidungsarbeiten","Von_km":"10+850","Bis_km":"11+010","IDUabschn":"SNK_4","KTR":"MAAVE10100","Versatz_RE":-20,"Akz":"62024-12","UMn_Bemerk":null,"versatz":20,"Shape_Length":278.21991681115082}},{"type":"Feature","id":406,"geometry":{"type":"LineString","coordinates":[[842755.01900000125,6925317.764700003],[842810.78200000152,6925311.5741000026],[843004.01779999956,6925261.0834999979],[843552.25219999999,6925267.867899999],[844068.01689999923,6925254.0173000023],[844517.2360999994,6925185.3475999981],[844916.57299999893,6925155.2559999973]]},"properties":{"OBJECTID":406,"Massn_ID":23,"GEW":"HAS","stat_von":43380,"stat_bis":44700,"gew_seite":"L","UMnArtBez":"(Hase), Mahd der krautigen Ufersaumstreifen ab dem 01.10 jährlich alternierend auf 300-500 m langen Teilstrecken","UMNGrBez":"Mäh- und Beweidungsarbeiten","Von_km":"43+380","Bis_km":"44+700","IDUabschn":"HAS_13","KTR":"MAAHA00100","Versatz_RE":-20,"Akz":"62024-03","UMn_Bemerk":null,"versatz":-30,"Shape_Length":2174.9623699915383}},{"type":"Feature","id":407,"geometry":{"type":"LineString","coordinates":[[760867.86630000174,6909646.7864999995],[760916.98959999904,6909650.4143999964],[761030.00530000031,6909688.0402000025]]},"properties":{"OBJECTID":407,"Massn_ID":24,"GEW":"VEC","stat_von":82780,"stat_bis":82880,"gew_seite":"L","UMnArtBez":"(Vechte), Keine Mahd des unteren Gewässersaumes (2,00m) in den Pralluferbereichen","UMNGrBez":"Mäh- und Beweidungsarbeiten","Von_km":"82+780","Bis_km":"82+880","IDUabschn":"VEC_3","KTR":"MABVE00100","Versatz_RE":-20,"Akz":"62024-04","UMn_Bemerk":null,"versatz":-10,"Shape_Length":168.37152107676701}},{"type":"Feature","id":408,"geometry":{"type":"LineString","coordinates":[[800013.74040000141,6863513.2435000017],[800018.79800000042,6863459.1262999997],[800016.54740000144,6863409.2603999972],[800004.10880000144,6863369.9067000002],[799955.56019999832,6863298.6715999991],[799925.308699999,6863268.108099997],[799882.94619999826,6863217.9877000004]]},"properties":{"OBJECTID":408,"Massn_ID":24,"GEW":"VEC","stat_von":130780,"stat_bis":130980,"gew_seite":"R","UMnArtBez":"(Vechte), Keine Mahd des unteren Gewässersaumes (2,00m) in den Pralluferbereichen","UMNGrBez":"Mäh- und Beweidungsarbeiten","Von_km":"130+780","Bis_km":"130+980","IDUabschn":"VEC_14","KTR":"MABVE00200","Versatz_RE":20,"Akz":"62024-04","UMn_Bemerk":null,"versatz":10,"Shape_Length":340.37617340862289}},{"type":"Feature","id":409,"geometry":{"type":"LineString","coordinates":[[787376.63910000026,6879315.3417999968],[787412.01110000163,6879209.8707000017],[787434.75569999963,6879165.9426999986],[787491.20589999855,6879086.3774000034],[787517.93499999866,6879069.3390000015]]},"properties":{"OBJECTID":409,"Massn_ID":24,"GEW":"VEC","stat_von":115380,"stat_bis":115550,"gew_seite":"L","UMnArtBez":"(Vechte), Keine Mahd des unteren Gewässersaumes (2,00m) in den Pralluferbereichen","UMNGrBez":"Mäh- und Beweidungsarbeiten","Von_km":"115+380","Bis_km":"115+550","IDUabschn":"VEC_8","KTR":"MABVE00400","Versatz_RE":-20,"Akz":"62024-04","UMn_Bemerk":null,"versatz":-10,"Shape_Length":289.96576266737583}},{"type":"Feature","id":410,"geometry":{"type":"LineString","coordinates":[[756812.91849999875,6909940.8304999992],[756893.43659999967,6909936.7541000023],[757026.77589999884,6909863.9569000006],[757066.98770000041,6909822.1982999966]]},"properties":{"OBJECTID":410,"Massn_ID":50,"GEW":"VEC","stat_von":80000,"stat_bis":80150,"gew_seite":"R","UMnArtBez":"Gehölzneuanpflanzungen","UMNGrBez":"Gehölzpflege, Gehölzentwicklung","Von_km":"80+000","Bis_km":"80+150","IDUabschn":"VEC_2","KTR":"MABVE00100","Versatz_RE":20,"Akz":"62024-04","UMn_Bemerk":null,"versatz":35,"Shape_Length":290.5104534053059}},{"type":"Feature","id":411,"geometry":{"type":"LineString","coordinates":[[816207.17500000075,6985712.9688000008],[816199.06289999932,6985714.7069000006]]},"properties":{"OBJECTID":411,"Massn_ID":400,"GEW":"GFD","stat_von":4535,"stat_bis":4540,"gew_seite":"R","UMnArtBez":"(Dinkel, A) \tBauwerke und Anlagen instand halten","UMNGrBez":"Bauwerkunterhaltung","Von_km":"4+535","Bis_km":"4+540","IDUabschn":"GFD_3","KTR":"MABEN00100","Versatz_RE":20,"Akz":"62024-09","UMn_Bemerk":"Auslauf Fischtreppe uh. Wehr","versatz":-25,"Shape_Length":8.2962134761684556}},{"type":"Feature","id":412,"geometry":{"type":"LineString","coordinates":[[786593.18400000036,6879283.7943999991],[786611.05409999937,6879281.9592999965],[786641.41809999943,6879271.5357000008],[786668.46229999885,6879254.6394999996],[786726.54679999873,6879179.0671999976]]},"properties":{"OBJECTID":412,"Massn_ID":24,"GEW":"KOR","stat_von":800,"stat_bis":900,"gew_seite":"R","UMnArtBez":"(Vechte), Keine Mahd des unteren Gewässersaumes (2,00m) in den Pralluferbereichen","UMNGrBez":"Mäh- und Beweidungsarbeiten","Von_km":"0+800","Bis_km":"0+900","IDUabschn":"KOR_1","KTR":"MABVE00400","Versatz_RE":20,"Akz":"62024-04","UMn_Bemerk":null,"versatz":10,"Shape_Length":177.27098368924442}},{"type":"Feature","id":413,"geometry":{"type":"LineString","coordinates":[[762363.76720000058,6909409.6106000021],[762462.22810000181,6909413.1379000023]]},"properties":{"OBJECTID":413,"Massn_ID":50,"GEW":"VEC","stat_von":83770,"stat_bis":83830,"gew_seite":"R","UMnArtBez":"Gehölzneuanpflanzungen","UMNGrBez":"Gehölzpflege, Gehölzentwicklung","Von_km":"83+770","Bis_km":"83+830","IDUabschn":"VEC_3","KTR":"MABVE00100","Versatz_RE":20,"Akz":"62024-04","UMn_Bemerk":null,"versatz":35,"Shape_Length":98.524061397930282}},{"type":"Feature","id":414,"geometry":{"type":"LineString","coordinates":[[784960.29030000046,6872812.2387999967],[785023.60590000078,6872849.8808000013]]},"properties":{"OBJECTID":414,"Massn_ID":6,"GEW":"NAK","stat_von":0,"stat_bis":45,"gew_seite":"L","UMnArtBez":"(Kanäle) Mahd, zweimalig, ab dem 15.06 und ab dem ???, Einseitig sind Röhrtricht- und Schilfbestände vor dem 01.09 von der Mahd auszuschließen","UMNGrBez":"Mäh- und Beweidungsarbeiten","Von_km":"0+000","Bis_km":"0+045","IDUabschn":"NAK_1","KTR":"MAAVE30400","Versatz_RE":-20,"Akz":"62024-11","UMn_Bemerk":null,"versatz":20,"Shape_Length":73.65993054402621}},{"type":"Feature","id":415,"geometry":{"type":"LineString","coordinates":[[799404.78929999843,6951281.0018000007],[795806.54390000179,6952316.5068999976],[793450.19790000096,6953001.5116000026],[793035.69550000131,6953127.3303000033],[792927.21269999817,6953168.0637999997]]},"properties":{"OBJECTID":415,"Massn_ID":11,"GEW":"HRK","stat_von":6780,"stat_bis":10865,"gew_seite":"R","UMnArtBez":"(Kanäle) Mahd, einmalig, ab dem 15.06, Einseitig sind Röhrtricht- und Schilfbestände vor dem 01.09 von der Mahd auszuschließen","UMNGrBez":"Mäh- und Beweidungsarbeiten","Von_km":"6+780","Bis_km":"10+865","IDUabschn":"HRK_2","KTR":"MAAEN20300","Versatz_RE":20,"Akz":"62024-16","UMn_Bemerk":null,"versatz":-20,"Shape_Length":6747.2309343110819}},{"type":"Feature","id":416,"geometry":{"type":"LineString","coordinates":[[750172.27320000157,6911449.2026999965],[750210.5278000012,6911444.4134000018],[750243.25530000031,6911447.5647],[750288.32660000026,6911462.4694000036],[750368.95919999853,6911519.5964000002]]},"properties":{"OBJECTID":416,"Massn_ID":24,"GEW":"VEC","stat_von":75325,"stat_bis":75450,"gew_seite":"L","UMnArtBez":"(Vechte), Keine Mahd des unteren Gewässersaumes (2,00m) in den Pralluferbereichen","UMNGrBez":"Mäh- und Beweidungsarbeiten","Von_km":"75+325","Bis_km":"75+450","IDUabschn":"VEC_1","KTR":"MABVE00100","Versatz_RE":-20,"Akz":"62024-04","UMn_Bemerk":null,"versatz":-10,"Shape_Length":217.72247793728417}},{"type":"Feature","id":417,"geometry":{"type":"LineString","coordinates":[[802743.49810000136,6860745.7939999998],[802843.52629999816,6860638.3316000029]]},"properties":{"OBJECTID":417,"Massn_ID":50,"GEW":"VEC","stat_von":133710,"stat_bis":133800,"gew_seite":"L","UMnArtBez":"Gehölzneuanpflanzungen","UMNGrBez":"Gehölzpflege, Gehölzentwicklung","Von_km":"133+710","Bis_km":"133+800","IDUabschn":"VEC_15","KTR":"MABVE00200","Versatz_RE":-20,"Akz":"62024-04","UMn_Bemerk":null,"versatz":-35,"Shape_Length":146.81215279286513}},{"type":"Feature","id":418,"geometry":{"type":"LineString","coordinates":[[774119.49540000036,6895557.5749000013],[774093.83350000158,6895480.4086999968]]},"properties":{"OBJECTID":418,"Massn_ID":50,"GEW":"VEC","stat_von":99470,"stat_bis":99520,"gew_seite":"R","UMnArtBez":"Gehölzneuanpflanzungen","UMNGrBez":"Gehölzpflege, Gehölzentwicklung","Von_km":"99+470","Bis_km":"99+520","IDUabschn":"VEC_5","KTR":"MABVE00100","Versatz_RE":20,"Akz":"62024-04","UMn_Bemerk":"oh. u. uh. AA Binneborggraben","versatz":35,"Shape_Length":81.321310458482358}},{"type":"Feature","id":419,"geometry":{"type":"LineString","coordinates":[[763200.72879999876,6909687.6303000003],[763252.37079999968,6909691.4851000011],[763320.56100000069,6909713.6476999968],[763361.81320000067,6909744.0559],[763441.25290000066,6909833.0790000036],[763501.99029999971,6909921.813699998],[763544.14770000055,6909969.8786000013],[763569.40170000121,6909991.1138999984],[763625.1361999996,6910015.1092000008],[763692.19610000029,6910032.5002999976],[763764.46040000021,6910036.1922999993],[763951.40799999982,6910016.5009000003],[764995.27939999849,6910166.6383000016],[765077.29789999872,6910187.3875999972],[765656.02479999885,6910445.9156000018],[765708.75019999966,6910459.3042000011],[765750.10830000043,6910459.0948000029],[765807.03220000118,6910449.1275999993],[765909.10640000179,6910390.8236000016],[766038.63800000027,6910299.5407000035],[766065.44759999961,6910276.6141000018],[766085.11510000005,6910247.4079999998],[766114.65300000086,6910169.4134000018]]},"properties":{"OBJECTID":419,"Massn_ID":14,"GEW":"VEC","stat_von":84380,"stat_bis":86380,"gew_seite":"L","UMnArtBez":"(Vechte) Mahd, einmalig, drei- bis fünfjährlich, zw. 01.09  und 28.02","UMNGrBez":"Mäh- und Beweidungsarbeiten","Von_km":"84+380","Bis_km":"86+380","IDUabschn":"VEC_3","KTR":"MABVE00100","Versatz_RE":-20,"Akz":"62024-04","UMn_Bemerk":null,"versatz":-20,"Shape_Length":3245.3212495717348}},{"type":"Feature","id":420,"geometry":{"type":"LineString","coordinates":[[819721.22520000115,6981582.2155999988],[819265.23079999909,6983355.8919999972],[819205.03009999916,6983478.1696999967],[819022.08240000159,6983658.7255999967]]},"properties":{"OBJECTID":420,"Massn_ID":52,"GEW":"GFD","stat_von":1050,"stat_bis":2370,"gew_seite":"R","UMnArtBez":"(Dinkel, G) Gehölze pflegen und entwickeln","UMNGrBez":"Gehölzpflege, Gehölzentwicklung","Von_km":"1+050","Bis_km":"2+370","IDUabschn":"GFD_1","KTR":"MABEN00100","Versatz_RE":20,"Akz":"62024-09","UMn_Bemerk":"Bestand pflegen, Einkürzen von Ästen ist als Einzelfallentscheidung zulässig zur Verkehrssicherungspflicht","versatz":-35,"Shape_Length":2224.6894587707043}},{"type":"Feature","id":421,"geometry":{"type":"LineString","coordinates":[[808058.83909999952,6852780.365199998],[808192.70149999857,6852686.8090000004]]},"properties":{"OBJECTID":421,"Massn_ID":50,"GEW":"VEC","stat_von":140400,"stat_bis":140500,"gew_seite":"L","UMnArtBez":"Gehölzneuanpflanzungen","UMNGrBez":"Gehölzpflege, Gehölzentwicklung","Von_km":"140+400","Bis_km":"140+500","IDUabschn":"VEC_18","KTR":"MABVE00200","Versatz_RE":-20,"Akz":"62024-04","UMn_Bemerk":"uh. Kolk u. Kolk","versatz":-35,"Shape_Length":163.31535350820229}},{"type":"Feature","id":422,"geometry":{"type":"LineString","coordinates":[[839268.71770000085,6924722.9426999986],[839225.26110000163,6924793.884300001],[839186.89829999954,6924878.825000003],[839179.60119999945,6924940.947800003],[839183.41959999874,6925004.0029999986],[839198.02360000089,6925048.1674000025],[839224.22740000114,6925090.7093999982],[839257.16349999979,6925126.8598999977],[839291.89079999924,6925152.5042999983],[839361.48699999973,6925161.0878000036]]},"properties":{"OBJECTID":422,"Massn_ID":5,"GEW":"HAS","stat_von":40800,"stat_bis":41100,"gew_seite":"R","UMnArtBez":"keine Mahd","UMNGrBez":"Mäh- und Beweidungsarbeiten","Von_km":"40+800","Bis_km":"41+100","IDUabschn":"HAS_12","KTR":"MAAHA00100","Versatz_RE":20,"Akz":"62024-03","UMn_Bemerk":"Flechumer Tannen","versatz":20,"Shape_Length":560.79494247902244}},{"type":"Feature","id":423,"geometry":{"type":"LineString","coordinates":[[771517.0987999998,6906314.7663000003],[771577.14699999988,6906200.115199998],[771592.28909999877,6906119.4764000028],[771589.20820000023,6906022.1347000003]]},"properties":{"OBJECTID":423,"Massn_ID":50,"GEW":"VEC","stat_von":90630,"stat_bis":90800,"gew_seite":"R","UMnArtBez":"Gehölzneuanpflanzungen","UMNGrBez":"Gehölzpflege, Gehölzentwicklung","Von_km":"90+630","Bis_km":"90+800","IDUabschn":"VEC_3","KTR":"MABVE00100","Versatz_RE":20,"Akz":"62024-04","UMn_Bemerk":null,"versatz":35,"Shape_Length":308.86294056979369}},{"type":"Feature","id":424,"geometry":{"type":"LineString","coordinates":[[804886.01850000024,6858275.253700003],[805017.40980000049,6858200.1419999972],[805086.26529999822,6858130.2616000026],[805144.98730000108,6858051.8356000036],[805183.41070000082,6857907.5263999999],[805208.69170000032,6857840.5483999997],[805275.02980000153,6857773.2520999983],[805414.05689999834,6857687.3598999977],[805480.12799999863,6857635.0423000008],[805520.17210000008,6857578.5355999991],[805530.92520000041,6857536.8156000003]]},"properties":{"OBJECTID":424,"Massn_ID":5,"GEW":"VEC","stat_von":135890,"stat_bis":136500,"gew_seite":"R","UMnArtBez":"keine Mahd","UMNGrBez":"Mäh- und Beweidungsarbeiten","Von_km":"135+890","Bis_km":"136+500","IDUabschn":"VEC_17","KTR":"MABVE00200","Versatz_RE":20,"Akz":"62024-04","UMn_Bemerk":"Vechteinsel","versatz":20,"Shape_Length":1022.8834189524279}},{"type":"Feature","id":425,"geometry":{"type":"LineString","coordinates":[[768011.02129999921,6912750.4006000012],[767878.88639999926,6912795.9346999973]]},"properties":{"OBJECTID":425,"Massn_ID":11,"GEW":"PCK","stat_von":13685,"stat_bis":13770,"gew_seite":"R","UMnArtBez":"(Kanäle) Mahd, einmalig, ab dem 15.06, Einseitig sind Röhrtricht- und Schilfbestände vor dem 01.09 von der Mahd auszuschließen","UMNGrBez":"Mäh- und Beweidungsarbeiten","Von_km":"13+685","Bis_km":"13+770","IDUabschn":"PCK_3","KTR":"MAAVE40500","Versatz_RE":20,"Akz":"62024-13","UMn_Bemerk":null,"versatz":-20,"Shape_Length":139.76045957440803}},{"type":"Feature","id":426,"geometry":{"type":"LineString","coordinates":[[775713.69330000132,6888362.1779000014],[775620.09710000083,6888113.565700002],[775597.95589999855,6888070.0793000013],[775510.01229999959,6887946.9375],[775391.87700000033,6887873.5591999963],[775370.71750000119,6887831.9302999973]]},"properties":{"OBJECTID":426,"Massn_ID":14,"GEW":"DIN","stat_von":2800,"stat_bis":3200,"gew_seite":"L","UMnArtBez":"(Dinkel, B) mehrjährlich keine Mahd, Uferstaudenfluren werden in gehölzarmen Böschungsbereichen entwickelt","UMNGrBez":"Mäh- und Beweidungsarbeiten","Von_km":"2+800","Bis_km":"3+200","IDUabschn":"DIN_3","KTR":"MABVE00300","Versatz_RE":-20,"Akz":"62024-05","UMn_Bemerk":"3-B-1 (Libellen, Eisvogel)","versatz":-20,"Shape_Length":651.53359468051485}},{"type":"Feature","id":427,"geometry":{"type":"LineString","coordinates":[[787748.74430000037,6879028.9499000013],[788025.89579999819,6879048.7933999971],[788096.36030000076,6879018.9215999991],[788137.90830000117,6878952.5249999985],[788153.5588000007,6878869.3615999967],[788169.81170000136,6878438.2954000011],[788186.77439999953,6878322.6361000016],[788271.88809999824,6878079.8814999983]]},"properties":{"OBJECTID":427,"Massn_ID":5,"GEW":"VEC","stat_von":115700,"stat_bis":116480,"gew_seite":"R","UMnArtBez":"keine Mahd","UMNGrBez":"Mäh- und Beweidungsarbeiten","Von_km":"115+700","Bis_km":"116+480","IDUabschn":"VEC_9","KTR":"MABVE00100","Versatz_RE":20,"Akz":"62024-04","UMn_Bemerk":null,"versatz":20,"Shape_Length":1322.8559640169319}},{"type":"Feature","id":428,"geometry":{"type":"LineString","coordinates":[[760818.52849999815,6909607.2378000021],[760923.24760000035,6909609.2050999999],[760980.15150000155,6909627.4547000006]]},"properties":{"OBJECTID":428,"Massn_ID":50,"GEW":"VEC","stat_von":82750,"stat_bis":82840,"gew_seite":"L","UMnArtBez":"Gehölzneuanpflanzungen","UMNGrBez":"Gehölzpflege, Gehölzentwicklung","Von_km":"82+750","Bis_km":"82+840","IDUabschn":"VEC_3","KTR":"MABVE00100","Versatz_RE":-20,"Akz":"62024-04","UMn_Bemerk":null,"versatz":-35,"Shape_Length":164.49627356108098}},{"type":"Feature","id":429,"geometry":{"type":"LineString","coordinates":[[785102.04410000145,6883842.2604999989],[784570.46279999986,6883711.1388000026],[784480.6827000007,6883700.9763000011]]},"properties":{"OBJECTID":429,"Massn_ID":6,"GEW":"EVK","stat_von":20700,"stat_bis":21092.0508,"gew_seite":"R","UMnArtBez":"(Kanäle) Mahd, zweimalig, ab dem 15.06 und ab dem ???, Einseitig sind Röhrtricht- und Schilfbestände vor dem 01.09 von der Mahd auszuschließen","UMNGrBez":"Mäh- und Beweidungsarbeiten","Von_km":"20+700","Bis_km":"21+092","IDUabschn":"EVK_4","KTR":"MAAVE20200","Versatz_RE":20,"Akz":"62024-10","UMn_Bemerk":null,"versatz":-20,"Shape_Length":637.86743114003548}},{"type":"Feature","id":430,"geometry":{"type":"LineString","coordinates":[[795417.39660000056,6952361.6035000011],[793431.42790000141,6952937.9869000018],[793014.50659999996,6953064.5388000011],[792904.03110000119,6953106.0200999975]]},"properties":{"OBJECTID":430,"Massn_ID":5,"GEW":"HRK","stat_von":9280,"stat_bis":10865,"gew_seite":"L","UMnArtBez":"keine Mahd","UMNGrBez":"Mäh- und Beweidungsarbeiten","Von_km":"9+280","Bis_km":"10+865","IDUabschn":"HRK_2","KTR":"MAAEN20300","Versatz_RE":-20,"Akz":"62024-16","UMn_Bemerk":null,"versatz":20,"Shape_Length":2621.630517766358}},{"type":"Feature","id":431,"geometry":{"type":"LineString","coordinates":[[757211.79710000008,6909631.5200999975],[757290.80660000071,6909600.1234000027],[757362.88459999859,6909583.2678999975],[757409.63219999894,6909563.9883999974],[757445.00010000169,6909530.7832000032],[757471.48580000177,6909482.8918000013],[757494.08549999818,6909435.5710999966],[757517.93389999866,6909357.0877000019],[757529.35229999945,6909334.4403000027]]},"properties":{"OBJECTID":431,"Massn_ID":24,"GEW":"VEC","stat_von":80300,"stat_bis":80580,"gew_seite":"R","UMnArtBez":"(Vechte), Keine Mahd des unteren Gewässersaumes (2,00m) in den Pralluferbereichen","UMNGrBez":"Mäh- und Beweidungsarbeiten","Von_km":"80+300","Bis_km":"80+580","IDUabschn":"VEC_2","KTR":"MABVE00100","Versatz_RE":20,"Akz":"62024-04","UMn_Bemerk":null,"versatz":10,"Shape_Length":472.67903855613764}},{"type":"Feature","id":432,"geometry":{"type":"LineString","coordinates":[[800055.24780000001,6865212.9349000007],[799986.75800000131,6865188.1410999969],[799955.69069999829,6865172.7392000034],[799933.45089999959,6865150.0261999965],[799917.79259999841,6865115.7410999984],[799907.22940000147,6865064.2686000019]]},"properties":{"OBJECTID":432,"Massn_ID":24,"GEW":"VEC","stat_von":129680,"stat_bis":129810,"gew_seite":"L","UMnArtBez":"(Vechte), Keine Mahd des unteren Gewässersaumes (2,00m) in den Pralluferbereichen","UMNGrBez":"Mäh- und Beweidungsarbeiten","Von_km":"129+680","Bis_km":"129+810","IDUabschn":"VEC_14","KTR":"MABVE00200","Versatz_RE":-20,"Akz":"62024-04","UMn_Bemerk":null,"versatz":-10,"Shape_Length":229.53994643992198}},{"type":"Feature","id":433,"geometry":{"type":"LineString","coordinates":[[773606.9178000018,6896268.8184999973],[773580.11100000143,6896153.3467999995],[773596.92069999874,6896053.4258000031],[773643.28200000152,6895982.2194000036],[773705.95210000128,6895927.3059],[773754.73180000111,6895906.0781999975]]},"properties":{"OBJECTID":433,"Massn_ID":50,"GEW":"VEC","stat_von":98900,"stat_bis":99120,"gew_seite":"L","UMnArtBez":"Gehölzneuanpflanzungen","UMNGrBez":"Gehölzpflege, Gehölzentwicklung","Von_km":"98+900","Bis_km":"99+120","IDUabschn":"VEC_5","KTR":"MABVE00100","Versatz_RE":-20,"Akz":"62024-04","UMn_Bemerk":"Gehölzsaum vervollständigen","versatz":-35,"Shape_Length":441.3598132574765}},{"type":"Feature","id":434,"geometry":{"type":"LineString","coordinates":[[787074.80319999903,6879600.9162999988],[787237.3013000004,6879498.5604000017],[787295.48559999838,6879435.6855999976],[787338.81689999998,6879363.8925999999],[787397.36039999872,6879202.3091999963],[787442.51339999959,6879124.8281000033]]},"properties":{"OBJECTID":434,"Massn_ID":10,"GEW":"VEC","stat_von":115110,"stat_bis":115500,"gew_seite":"L","UMnArtBez":"(Vechte) Mahd, zweimalig, ab dem 15.07 und ab dem 01.09","UMNGrBez":"Mäh- und Beweidungsarbeiten","Von_km":"115+110","Bis_km":"115+500","IDUabschn":"VEC_8","KTR":"MABVE00400","Versatz_RE":-20,"Akz":"62024-04","UMn_Bemerk":null,"versatz":-20,"Shape_Length":623.10960474501906}},{"type":"Feature","id":435,"geometry":{"type":"LineString","coordinates":[[853434.20059999824,6928077.3039000034],[853520.17540000007,6928060.6692000031],[853586.28069999814,6928059.6860999987],[853638.00979999825,6928064.0305000022],[853775.55469999835,6928099.4240999967]]},"properties":{"OBJECTID":435,"Massn_ID":400,"GEW":"HAS","stat_von":52200,"stat_bis":52400,"gew_seite":"L","UMnArtBez":"(Dinkel, A) \tBauwerke und Anlagen instand halten","UMNGrBez":"Bauwerkunterhaltung","Von_km":"52+200","Bis_km":"52+400","IDUabschn":"HAS_16","KTR":"MABHA00200","Versatz_RE":-20,"Akz":"62024-03","UMn_Bemerk":"Verwallung bei Bedarf instand halten (wasserseitig) für den Hochwasserschutz","versatz":-25,"Shape_Length":347.61882702372793}},{"type":"Feature","id":436,"geometry":{"type":"LineString","coordinates":[[788413.83109999821,6899721.174999997],[788408.88030000031,6900124.4183000028],[788421.24570000172,6900481.9632000029],[788474.34290000051,6901355.3624000028],[788449.02950000018,6901917.9963999987],[788415.02739999816,6903768.1598000005],[788394.25789999962,6903838.0389999971],[788348.01069999859,6903897.8602000028],[788314.54820000008,6903921.3025000021],[788279.24590000138,6903937.8369000033],[788202.10990000144,6903947.5386999995],[788105.07389999926,6903937.6332999989],[787245.29540000111,6903781.6757000014],[787209.7025000006,6903778.6793000028],[787172.17119999975,6903782.7431000024],[787039.64240000024,6903815.1124000028]]},"properties":{"OBJECTID":436,"Massn_ID":6,"GEW":"SNK","stat_von":11010,"stat_bis":14350,"gew_seite":"R","UMnArtBez":"(Kanäle) Mahd, zweimalig, ab dem 15.06 und ab dem ???, Einseitig sind Röhrtricht- und Schilfbestände vor dem 01.09 von der Mahd auszuschließen","UMNGrBez":"Mäh- und Beweidungsarbeiten","Von_km":"11+010","Bis_km":"14+350","IDUabschn":"SNK_5","KTR":"MAAVE10100","Versatz_RE":20,"Akz":"62024-12","UMn_Bemerk":null,"versatz":-20,"Shape_Length":5537.062997677971}},{"type":"Feature","id":437,"geometry":{"type":"LineString","coordinates":[[809802.48290000111,6851222.8932999969],[809832.56489999965,6851150.9209000021],[809892.69069999829,6851112.4680999964]]},"properties":{"OBJECTID":437,"Massn_ID":50,"GEW":"VEC","stat_von":141970,"stat_bis":142040,"gew_seite":"L","UMnArtBez":"Gehölzneuanpflanzungen","UMNGrBez":"Gehölzpflege, Gehölzentwicklung","Von_km":"141+970","Bis_km":"142+040","IDUabschn":"VEC_18","KTR":"MABVE00200","Versatz_RE":-20,"Akz":"62024-04","UMn_Bemerk":null,"versatz":-35,"Shape_Length":149.37647885779455}},{"type":"Feature","id":438,"geometry":{"type":"LineString","coordinates":[[753307.75450000167,6910755.876699999],[753387.40529999882,6910754.6889000013],[753440.86549999937,6910778.7216000035],[753508.55810000002,6910849.6692000031],[753526.57310000062,6910890.9378999993]]},"properties":{"OBJECTID":438,"Massn_ID":50,"GEW":"VEC","stat_von":77470,"stat_bis":77600,"gew_seite":"L","UMnArtBez":"Gehölzneuanpflanzungen","UMNGrBez":"Gehölzpflege, Gehölzentwicklung","Von_km":"77+470","Bis_km":"77+600","IDUabschn":"VEC_1","KTR":"MABVE00100","Versatz_RE":-20,"Akz":"62024-04","UMn_Bemerk":null,"versatz":-35,"Shape_Length":281.36316675198628}},{"type":"Feature","id":439,"geometry":{"type":"LineString","coordinates":[[802390.55570000038,6861299.5077999979],[802466.91890000179,6861274.2361999974]]},"properties":{"OBJECTID":439,"Massn_ID":50,"GEW":"VEC","stat_von":133300,"stat_bis":133350,"gew_seite":"R","UMnArtBez":"Gehölzneuanpflanzungen","UMNGrBez":"Gehölzpflege, Gehölzentwicklung","Von_km":"133+300","Bis_km":"133+350","IDUabschn":"VEC_15","KTR":"MABVE00200","Versatz_RE":20,"Akz":"62024-04","UMn_Bemerk":"Gehölzsaum vervollständigen","versatz":35,"Shape_Length":80.436260983743978}},{"type":"Feature","id":440,"geometry":{"type":"LineString","coordinates":[[771321.89909999818,6906463.949500002],[771407.07679999992,6906422.5727000013],[771471.01509999856,6906370.5626000017]]},"properties":{"OBJECTID":440,"Massn_ID":50,"GEW":"VEC","stat_von":90500,"stat_bis":90600,"gew_seite":"R","UMnArtBez":"Gehölzneuanpflanzungen","UMNGrBez":"Gehölzpflege, Gehölzentwicklung","Von_km":"90+500","Bis_km":"90+600","IDUabschn":"VEC_3","KTR":"MABVE00100","Versatz_RE":20,"Akz":"62024-04","UMn_Bemerk":"uh. Einmündung Bathorner Graben","versatz":35,"Shape_Length":177.11633258261446}},{"type":"Feature","id":441,"geometry":{"type":"LineString","coordinates":[[755508.27030000091,6910800.7758999988],[755613.32339999825,6910773.3366999999],[755669.46159999818,6910740.6467000023],[755748.15940000117,6910683.1599999964],[755884.8125,6910566.516900003],[756137.5549999997,6910426.0204999968],[756277.57449999824,6910337.0957000032],[756599.57149999961,6910007.9773999974],[756669.7126000002,6909949.8599999994],[756721.98719999939,6909927.6331999972],[756781.36120000109,6909917.6860999987],[756886.58199999854,6909912.3593000025],[757011.4263000004,6909844.2001999989],[757201.21420000121,6909653.4453999996],[757295.7276000008,6909615.8878000006],[757367.90940000117,6909599.0080000013],[757418.66750000045,6909578.074500002],[757458.11840000004,6909541.0358999968],[757486.62790000066,6909489.4848999977],[757549.30050000176,6909332.0700000003],[757573.53130000085,6909301.8268999979],[757584.61039999872,6909294.066200003],[757657.2041000016,6909274.1449000016],[757813.60649999976,6909263.2784999982],[757865.87079999968,6909245.8854999989],[757929.76579999924,6909204.8068000004],[757994.37860000134,6909143.4161000028],[758070.07730000094,6909052.9236000031],[758155.88809999824,6909000.2044999972],[758235.71730000153,6908970.7741999999],[758276.2041000016,6908965.3259000033],[758361.01559999958,6908965.2409999967],[758495.03020000085,6909000.0547999963],[759836.22580000013,6909432.5217000023],[760423.99650000036,6909576.058799997],[760546.2648999989,6909661.8228999972],[760603.51220000163,6909691.7814000025],[760658.20149999857,6909707.7335999981],[760701.4048999995,6909709.9372999966]]},"properties":{"OBJECTID":441,"Massn_ID":10,"GEW":"VEC","stat_von":79020,"stat_bis":82680,"gew_seite":"R","UMnArtBez":"(Vechte) Mahd, zweimalig, ab dem 15.07 und ab dem 01.09","UMNGrBez":"Mäh- und Beweidungsarbeiten","Von_km":"79+020","Bis_km":"82+680","IDUabschn":"VEC_2","KTR":"MABVE00100","Versatz_RE":20,"Akz":"62024-04","UMn_Bemerk":"von Grabeneinmündung (Grüner Weg)","versatz":20,"Shape_Length":6004.9368630409081}},{"type":"Feature","id":442,"geometry":{"type":"LineString","coordinates":[[761812.45089999959,6909607.2629999965],[761874.30189999938,6909595.5042999983],[761918.35020000115,6909583.4178000018],[761959.49480000138,6909557.9658999965],[762084.89939999953,6909425.8471999988]]},"properties":{"OBJECTID":442,"Massn_ID":24,"GEW":"VEC","stat_von":83380,"stat_bis":83580,"gew_seite":"R","UMnArtBez":"(Vechte), Keine Mahd des unteren Gewässersaumes (2,00m) in den Pralluferbereichen","UMNGrBez":"Mäh- und Beweidungsarbeiten","Von_km":"83+380","Bis_km":"83+580","IDUabschn":"VEC_3","KTR":"MABVE00100","Versatz_RE":20,"Akz":"62024-04","UMn_Bemerk":null,"versatz":10,"Shape_Length":339.17414847548537}},{"type":"Feature","id":443,"geometry":{"type":"LineString","coordinates":[[799894.56430000067,6864306.6356000006],[799882.06650000066,6864229.7861000001],[799888.11180000007,6864172.3198999986],[799913.64620000124,6864087.1948999986],[799952.27210000157,6863982.7160999998]]},"properties":{"OBJECTID":443,"Massn_ID":24,"GEW":"VEC","stat_von":130280,"stat_bis":130480,"gew_seite":"L","UMnArtBez":"(Vechte), Keine Mahd des unteren Gewässersaumes (2,00m) in den Pralluferbereichen","UMNGrBez":"Mäh- und Beweidungsarbeiten","Von_km":"130+280","Bis_km":"130+480","IDUabschn":"VEC_14","KTR":"MABVE00200","Versatz_RE":-20,"Akz":"62024-04","UMn_Bemerk":null,"versatz":-10,"Shape_Length":335.9048405722445}},{"type":"Feature","id":444,"geometry":{"type":"LineString","coordinates":[[774942.31599999964,6892544.9188999981],[774973.08260000125,6892494.2258000001],[775009.81159999967,6892443.4525000006],[775070.72370000184,6892403.5428000018],[775084.28119999915,6892399.315200001]]},"properties":{"OBJECTID":444,"Massn_ID":24,"GEW":"VEC","stat_von":101580,"stat_bis":101700,"gew_seite":"L","UMnArtBez":"(Vechte), Keine Mahd des unteren Gewässersaumes (2,00m) in den Pralluferbereichen","UMNGrBez":"Mäh- und Beweidungsarbeiten","Von_km":"101+580","Bis_km":"101+700","IDUabschn":"VEC_5","KTR":"MABVE00100","Versatz_RE":-20,"Akz":"62024-04","UMn_Bemerk":null,"versatz":-10,"Shape_Length":208.98790299927421}},{"type":"Feature","id":445,"geometry":{"type":"LineString","coordinates":[[811513.85700000077,6849074.7105000019],[811512.06560000032,6848771.3523999974],[811536.43140000105,6848683.9294999987],[811791.94940000027,6848297.3303999975],[811801.35709999874,6848261.9912],[811791.12060000002,6848193.6928000003],[811764.18870000169,6848155.0829999968],[811675.74810000136,6848069.0084000006]]},"properties":{"OBJECTID":445,"Massn_ID":10,"GEW":"VEC","stat_von":143840,"stat_bis":144550,"gew_seite":"L","UMnArtBez":"(Vechte) Mahd, zweimalig, ab dem 15.07 und ab dem 01.09","UMNGrBez":"Mäh- und Beweidungsarbeiten","Von_km":"143+840","Bis_km":"144+550","IDUabschn":"VEC_19","KTR":"MABVE00200","Versatz_RE":-20,"Akz":"62024-04","UMn_Bemerk":null,"versatz":-20,"Shape_Length":1133.6460950690032}},{"type":"Feature","id":446,"geometry":{"type":"LineString","coordinates":[[786699.92480000108,6879159.9952000007],[786749.67119999975,6879084.6055999994],[786784.88720000163,6879041.0370000005],[786821.30559999868,6879010.6064999998],[786850.46979999915,6878996.4610000029],[786868.01619999856,6878993.4285999984],[786931.31760000065,6879000.6596999988],[786970.66279999912,6879014.2717999965]]},"properties":{"OBJECTID":446,"Massn_ID":24,"GEW":"KOR","stat_von":900,"stat_bis":1100,"gew_seite":"L","UMnArtBez":"(Vechte), Keine Mahd des unteren Gewässersaumes (2,00m) in den Pralluferbereichen","UMNGrBez":"Mäh- und Beweidungsarbeiten","Von_km":"0+900","Bis_km":"1+100","IDUabschn":"KOR_1","KTR":"MABVE00400","Versatz_RE":-20,"Akz":"62024-04","UMn_Bemerk":null,"versatz":-10,"Shape_Length":349.36975540691907}},{"type":"Feature","id":447,"geometry":{"type":"LineString","coordinates":[[790437.02690000087,6930982.6020999998],[790451.48350000009,6931213.2665999979],[790472.16580000147,6932585.2229000032],[790542.10049999878,6933730.5082999989],[790629.37409999967,6935384.2167999968],[790755.12040000036,6936193.8774000034]]},"properties":{"OBJECTID":447,"Massn_ID":5,"GEW":"SNK","stat_von":31650,"stat_bis":34815,"gew_seite":"R","UMnArtBez":"keine Mahd","UMNGrBez":"Mäh- und Beweidungsarbeiten","Von_km":"31+650","Bis_km":"34+815","IDUabschn":"SNK_8","KTR":"MAAEN10100","Versatz_RE":20,"Akz":"62024-12","UMn_Bemerk":null,"versatz":-20,"Shape_Length":5226.0247861152793}},{"type":"Feature","id":448,"geometry":{"type":"LineString","coordinates":[[750804.6528000012,6911395.7977000028],[750915.5800999999,6911381.8672999963],[751060.29729999974,6911390.9963999987]]},"properties":{"OBJECTID":448,"Massn_ID":50,"GEW":"VEC","stat_von":75750,"stat_bis":75900,"gew_seite":"L","UMnArtBez":"Gehölzneuanpflanzungen","UMNGrBez":"Gehölzpflege, Gehölzentwicklung","Von_km":"75+750","Bis_km":"75+900","IDUabschn":"VEC_1","KTR":"MABVE00100","Versatz_RE":-20,"Akz":"62024-04","UMn_Bemerk":null,"versatz":-35,"Shape_Length":256.8034341099268}},{"type":"Feature","id":449,"geometry":{"type":"LineString","coordinates":[[804408.25,6858679.4223999977],[804464.5951000005,6858579.7160999998]]},"properties":{"OBJECTID":449,"Massn_ID":201,"GEW":"VEC","stat_von":135500,"stat_bis":135570,"gew_seite":"L","UMnArtBez":"Mahd im Bereich der Bauwerke z.B. Schleusen, Wehranlagen, etc. Abflusshindernisse im Bereich der Bauwerke entfernen","UMNGrBez":"Bauwerke instandhalten bzw. Abfluss im Bereich von Bauwerken sicherstellen","Von_km":"135+500","Bis_km":"135+570","IDUabschn":"VEC_16","KTR":"MABVE00200","Versatz_RE":-20,"Akz":"62024-04","UMn_Bemerk":"Wehr Schüttorf","versatz":-25,"Shape_Length":114.52561527156668}},{"type":"Feature","id":450,"geometry":{"type":"LineString","coordinates":[[774149.21299999952,6898944.6502000019],[774180.1484999992,6898912.0803999975],[774194.5102000013,6898880.5645999983],[774209.70960000157,6898786.9610000029]]},"properties":{"OBJECTID":450,"Massn_ID":24,"GEW":"VEC","stat_von":96680,"stat_bis":96780,"gew_seite":"R","UMnArtBez":"(Vechte), Keine Mahd des unteren Gewässersaumes (2,00m) in den Pralluferbereichen","UMNGrBez":"Mäh- und Beweidungsarbeiten","Von_km":"96+680","Bis_km":"96+780","IDUabschn":"VEC_5","KTR":"MABVE00100","Versatz_RE":20,"Akz":"62024-04","UMn_Bemerk":null,"versatz":10,"Shape_Length":174.38336711056968}},{"type":"Feature","id":451,"geometry":{"type":"LineString","coordinates":[[760706.57149999961,6909709.7928000018],[760831.67870000005,6909696.3716000021],[760907.5634999983,6909699.4174000025],[761119.61560000107,6909773.2783999965],[761179.37849999964,6909787.4978],[761234.30930000171,6909793.7524999976],[761352.61910000071,6909784.1121999994],[761412.74109999835,6909766.9029999971],[761701.09059999883,6909652.308799997],[761924.49049999937,6909598.9763000011],[761969.92720000073,6909570.8691999987],[762097.72199999914,6909436.3479000032],[762142.36360000074,6909405.5405000001],[762231.01359999925,6909373.9173000008],[762417.23350000009,6909388.436999999],[762607.70560000092,6909378.3808000013],[762651.50979999825,6909385.3818000033],[762692.37790000066,6909403.2859999985]]},"properties":{"OBJECTID":451,"Massn_ID":14,"GEW":"VEC","stat_von":82680,"stat_bis":83980,"gew_seite":"R","UMnArtBez":"(Vechte) Mahd, einmalig, drei- bis fünfjährlich, zw. 01.09  und 28.02","UMNGrBez":"Mäh- und Beweidungsarbeiten","Von_km":"82+680","Bis_km":"83+980","IDUabschn":"VEC_3","KTR":"MABVE00100","Versatz_RE":20,"Akz":"62024-04","UMn_Bemerk":null,"versatz":20,"Shape_Length":2118.0732139964198}},{"type":"Feature","id":452,"geometry":{"type":"LineString","coordinates":[[790098.75279999897,6888327.7463999987],[790110.66290000081,6888358.311300002]]},"properties":{"OBJECTID":452,"Massn_ID":201,"GEW":"SNK","stat_von":3790,"stat_bis":3810,"gew_seite":"L","UMnArtBez":"Mahd im Bereich der Bauwerke z.B. Schleusen, Wehranlagen, etc. Abflusshindernisse im Bereich der Bauwerke entfernen","UMNGrBez":"Bauwerke instandhalten bzw. Abfluss im Bereich von Bauwerken sicherstellen","Von_km":"3+790","Bis_km":"3+810","IDUabschn":"SNK_3","KTR":"MAAVE10100","Versatz_RE":-20,"Akz":"62024-12","UMn_Bemerk":null,"versatz":20,"Shape_Length":32.803408272161299}},{"type":"Feature","id":453,"geometry":{"type":"LineString","coordinates":[[809692.46000000089,6851669.5993999988],[809813.30840000138,6851563.9359000027],[809842.6735999994,6851507.1295000017],[809873.8601000011,6851230.8158999979]]},"properties":{"OBJECTID":453,"Massn_ID":24,"GEW":"VEC","stat_von":141680,"stat_bis":141980,"gew_seite":"R","UMnArtBez":"(Vechte), Keine Mahd des unteren Gewässersaumes (2,00m) in den Pralluferbereichen","UMNGrBez":"Mäh- und Beweidungsarbeiten","Von_km":"141+680","Bis_km":"141+980","IDUabschn":"VEC_18","KTR":"MABVE00200","Versatz_RE":20,"Akz":"62024-04","UMn_Bemerk":null,"versatz":10,"Shape_Length":502.54307981253032}},{"type":"Feature","id":454,"geometry":{"type":"LineString","coordinates":[[837726.90579999983,6922649.0253999978],[837722.72720000148,6922719.1696999967],[837727.76579999924,6922741.8874000013],[837739.69530000165,6922766.4626000002],[837761.58540000021,6922794.5784000009],[837800.78810000047,6922831.2149000019],[837854.90929999948,6922874.5754000023],[837923.57440000027,6922915.1687000021],[838391.20859999955,6923165.8303000033],[838481.14970000088,6923220.2646000013],[838569.98460000008,6923289.1401999965],[838610.32690000162,6923328.7863999978],[838691.28339999914,6923429.8061000034]]},"properties":{"OBJECTID":454,"Massn_ID":3,"GEW":"HAS","stat_von":39100,"stat_bis":39900,"gew_seite":"L","UMnArtBez":"Beobachtende Unterhaltung (keine Mahd, Gehölzaufwuchs wird zugelassen, Gehölzeinstürze nach Einzelfallentscheidung in Abstimmung mit UNB sichern oder entfernen, z.B. in Projektgebieten)","UMNGrBez":"keine/beobachtende Unterhaltung","Von_km":"39+100","Bis_km":"39+900","IDUabschn":"HAS_12","KTR":"MAAHA00100","Versatz_RE":-20,"Akz":"62024-03","UMn_Bemerk":"Projektgebiet Andrup","versatz":-20,"Shape_Length":1293.3962741319244}},{"type":"Feature","id":455,"geometry":{"type":"LineString","coordinates":[[800546.32019999996,6867796.2481999993],[800542.73530000076,6867733.8073000014],[800544.8291000016,6867715.4333000034],[800555.23730000108,6867663.5072999969],[800571.01410000026,6867608.9243000001],[800592.27809999883,6867559.8232999966],[800723.83650000021,6867375.5609000027],[800739.10330000147,6867349.4953000024]]},"properties":{"OBJECTID":455,"Massn_ID":24,"GEW":"VEC","stat_von":127680,"stat_bis":127980,"gew_seite":"L","UMnArtBez":"(Vechte), Keine Mahd des unteren Gewässersaumes (2,00m) in den Pralluferbereichen","UMNGrBez":"Mäh- und Beweidungsarbeiten","Von_km":"127+680","Bis_km":"127+980","IDUabschn":"VEC_13","KTR":"MABVE00200","Versatz_RE":-20,"Akz":"62024-04","UMn_Bemerk":null,"versatz":-10,"Shape_Length":500.93518163519275}},{"type":"Feature","id":456,"geometry":{"type":"LineString","coordinates":[[800580.17889999971,6866050.0593999997],[800607.96070000157,6865979.0569000021],[800660.1875,6865907.7458999977],[800683.64499999955,6865843.6555999964],[800675.53370000049,6865774.4908000007],[800647.53150000051,6865684.7568000033],[800652.64860000089,6865631.7190999985],[800694.31720000133,6865507.3166000023],[800691.79509999976,6865437.0293999985],[800680.14689999819,6865410.5511000007]]},"properties":{"OBJECTID":456,"Massn_ID":10,"GEW":"VEC","stat_von":128870,"stat_bis":129270,"gew_seite":"R","UMnArtBez":"(Vechte) Mahd, zweimalig, ab dem 15.07 und ab dem 01.09","UMNGrBez":"Mäh- und Beweidungsarbeiten","Von_km":"128+870","Bis_km":"129+270","IDUabschn":"VEC_13","KTR":"MABVE00200","Versatz_RE":20,"Akz":"62024-04","UMn_Bemerk":null,"versatz":20,"Shape_Length":680.26259310355067}},{"type":"Feature","id":457,"geometry":{"type":"LineString","coordinates":[[803056.13599999994,6945718.3220999986],[802913.65680000186,6945781.9567999989],[802811.50910000131,6945847.7884000018],[802778.84950000048,6945876.4398000017],[802658.89090000093,6946010.2537999973],[802284.55169999972,6946475.4270000011],[802193.0177000016,6946606.4680999964],[801976.26740000024,6947067.7814999968],[801887.3387000002,6947187.0781999975],[801574.49960000068,6947483.1648000032],[800977.60709999874,6948030.9079999998],[800608.52499999851,6948454.0156999975],[800566.45439999923,6948517.4072000012],[800507.58839999884,6948612.6432999969],[800467.19750000164,6948702.4283000007],[800307.6501000002,6949158.8484999985],[800283.97839999944,6949273.9782999977],[800262.4646999985,6949343.8616999984],[800163.94849999994,6949573.2533000037],[799646.76529999822,6951031.6226999983],[799610.93989999965,6951091.1897],[799564.37189999968,6951138.5978000015],[799493.59450000152,6951184.3909000009],[799432.69060000032,6951206.1378000006]]},"properties":{"OBJECTID":457,"Massn_ID":11,"GEW":"HRK","stat_von":2660,"stat_bis":6750,"gew_seite":"R","UMnArtBez":"(Kanäle) Mahd, einmalig, ab dem 15.06, Einseitig sind Röhrtricht- und Schilfbestände vor dem 01.09 von der Mahd auszuschließen","UMNGrBez":"Mäh- und Beweidungsarbeiten","Von_km":"2+660","Bis_km":"6+750","IDUabschn":"HRK_1","KTR":"MAAEN20300","Versatz_RE":20,"Akz":"62024-16","UMn_Bemerk":null,"versatz":20,"Shape_Length":6761.0777637822976}},{"type":"Feature","id":458,"geometry":{"type":"LineString","coordinates":[[825825.31850000098,6922401.1621999964],[825863.41050000116,6922329.4587000012],[825873.36690000072,6922288.7789999992],[825871.49430000037,6922256.7399000004],[825829.17799999937,6922140.7289000005],[825829.09160000086,6922058.2243999988],[825845.55539999902,6922009.8756999969],[825901.63630000129,6921948.9768999964],[826010.52149999887,6921909.8561000004],[826069.31989999861,6921906.2412],[826182.46840000153,6921930.0405000001],[826478.69159999862,6922027.760300003],[826530.1099999994,6922033.808799997],[826571.63969999924,6922027.5263999999],[826572.14649999887,6922027.253700003],[826591.48180000111,6922001.7898999974],[826607.36560000107,6921952.4636000022],[826603.84149999917,6921638.3884999976],[826618.15469999984,6921529.3000999987],[826659.83320000023,6921455.0401000008],[826750.98680000007,6921401.237999998],[826874.42889999971,6921368.6546000019],[826939.30290000141,6921389.9556000009],[827022.1614000015,6921460.7898000032],[827045.25730000064,6921466.818599999],[827084.39330000058,6921460.5654999986],[827128.14350000024,6921435.9706000015],[827273.34760000184,6921262.2753999978],[827351.81949999928,6921183.6362999976]]},"properties":{"OBJECTID":458,"Massn_ID":23,"GEW":"HAS","stat_von":21900,"stat_bis":23500,"gew_seite":"L","UMnArtBez":"(Hase), Mahd der krautigen Ufersaumstreifen ab dem 01.10 jährlich alternierend auf 300-500 m langen Teilstrecken","UMNGrBez":"Mäh- und Beweidungsarbeiten","Von_km":"21+900","Bis_km":"23+500","IDUabschn":"HAS_6","KTR":"MAAHA00100","Versatz_RE":-20,"Akz":"62024-03","UMn_Bemerk":null,"versatz":-30,"Shape_Length":2646.5879946184345}},{"type":"Feature","id":459,"geometry":{"type":"LineString","coordinates":[[800874.92740000039,6861745.1947999969],[800924.44530000165,6861736.2016000003],[800962.1165000014,6861718.2207000032],[800982.35190000013,6861696.9223000035],[801014.29520000145,6861652.5596999973]]},"properties":{"OBJECTID":459,"Massn_ID":24,"GEW":"VEC","stat_von":132280,"stat_bis":132380,"gew_seite":"R","UMnArtBez":"(Vechte), Keine Mahd des unteren Gewässersaumes (2,00m) in den Pralluferbereichen","UMNGrBez":"Mäh- und Beweidungsarbeiten","Von_km":"132+280","Bis_km":"132+380","IDUabschn":"VEC_15","KTR":"MABVE00200","Versatz_RE":20,"Akz":"62024-04","UMn_Bemerk":null,"versatz":10,"Shape_Length":176.11521801458562}},{"type":"Feature","id":460,"geometry":{"type":"MultiLineString","coordinates":[[[781874.12379999831,6885020.3394000009],[781944.34750000015,6884864.2435000017],[782063.76929999888,6884718.4178000018],[782031.15529999882,6884535.7045999989],[782033.41440000013,6884519.9482999966],[782080.5540000014,6884474.0579999983],[782089.35119999945,6884470.2629999965]],[[782089.35119999945,6884470.2629999965],[782134.73739999905,6884615.373999998],[782180.57620000094,6884677.6897],[782274.2928000018,6884732.316399999],[782364.67740000039,6884723.123300001],[782515.9140000008,6884675.9161000028],[782585.48519999906,6884670.491899997],[782641.65179999918,6884675.4993999973],[782801.5625,6884736.1340999976],[782915.77760000154,6884753.7741999999],[783043.93189999834,6884737.5266000032],[783217.60960000008,6884674.6309999973]]]},"properties":{"OBJECTID":460,"Massn_ID":50,"GEW":"VEC","stat_von":109000,"stat_bis":110225,"gew_seite":"R","UMnArtBez":"Gehölzneuanpflanzungen","UMNGrBez":"Gehölzpflege, Gehölzentwicklung","Von_km":"109+000","Bis_km":"110+225","IDUabschn":"VEC_6","KTR":"MABVE00100","Versatz_RE":20,"Akz":"62024-04","UMn_Bemerk":"Im Projektgebiet Gehölzsäume vervollständigen","versatz":35,"Shape_Length":1950.3558095933147}},{"type":"Feature","id":461,"geometry":{"type":"LineString","coordinates":[[789940.04300000146,6875770.5756999999],[789991.94949999824,6875684.0854000002],[790037.77100000158,6875615.4887000024],[790132.25549999997,6875506.1696999967],[790214.88789999858,6875427.574000001],[790348.27710000053,6875323.1318000033],[790509.04410000145,6875207.2837999985]]},"properties":{"OBJECTID":461,"Massn_ID":24,"GEW":"VEC","stat_von":118510,"stat_bis":119000,"gew_seite":"L","UMnArtBez":"(Vechte), Keine Mahd des unteren Gewässersaumes (2,00m) in den Pralluferbereichen","UMNGrBez":"Mäh- und Beweidungsarbeiten","Von_km":"118+510","Bis_km":"119+000","IDUabschn":"VEC_11","KTR":"MABVE00200","Versatz_RE":-20,"Akz":"62024-04","UMn_Bemerk":null,"versatz":-10,"Shape_Length":809.46867822902789}},{"type":"Feature","id":462,"geometry":{"type":"LineString","coordinates":[[768075.35610000044,6908624.2225999981],[768190.77829999849,6908554.3980000019],[768280.60190000013,6908468.4321999997]]},"properties":{"OBJECTID":462,"Massn_ID":50,"GEW":"VEC","stat_von":88000,"stat_bis":88150,"gew_seite":"R","UMnArtBez":"Gehölzneuanpflanzungen","UMNGrBez":"Gehölzpflege, Gehölzentwicklung","Von_km":"88+000","Bis_km":"88+150","IDUabschn":"VEC_3","KTR":"MABVE00100","Versatz_RE":20,"Akz":"62024-04","UMn_Bemerk":null,"versatz":35,"Shape_Length":259.2308753552735}},{"type":"Feature","id":463,"geometry":{"type":"LineString","coordinates":[[786665.51159999892,6876080.7814999968],[787268.17179999873,6876797.3193000033],[787746.88819999993,6877457.7413000017],[787827.09580000117,6877589.496100001],[787876.12359999865,6877695.5063999966],[787902.93079999834,6877794.863499999],[787912.43710000068,6877902.867399998],[787900.73759999871,6878035.8924999982],[787882.28840000182,6878593.2995999977],[787865.57479999959,6878707.8611000031],[787842.37339999899,6878785.7185999975],[787809.99989999831,6878850.2713000029],[787739.31450000033,6878955.4363999963]]},"properties":{"OBJECTID":463,"Massn_ID":6,"GEW":"NAK","stat_von":2290,"stat_bis":4290,"gew_seite":"R","UMnArtBez":"(Kanäle) Mahd, zweimalig, ab dem 15.06 und ab dem ???, Einseitig sind Röhrtricht- und Schilfbestände vor dem 01.09 von der Mahd auszuschließen","UMNGrBez":"Mäh- und Beweidungsarbeiten","Von_km":"2+290","Bis_km":"4+290","IDUabschn":"NAK_2","KTR":"MAAVE30400","Versatz_RE":20,"Akz":"62024-11","UMn_Bemerk":null,"versatz":-20,"Shape_Length":3321.5314834515566}},{"type":"Feature","id":464,"geometry":{"type":"LineString","coordinates":[[789727.54160000011,6930778.7198000029],[787570.20329999924,6930913.4675000012],[787517.31430000067,6930924.9077999964],[787434.51460000128,6930957.945100002],[787362.8104000017,6931004.0222999975],[787308.49810000136,6931050.4572999999],[787281.00679999962,6931080.7268000022],[786999.4673999995,6931497.8979000002],[786940.82400000095,6931559.6371000037],[786831.32770000026,6931633.878899999],[786759.29769999906,6931665.6670000032],[786692.82660000026,6931682.8334999979],[786606.82759999856,6931693.9644000009]]},"properties":{"OBJECTID":464,"Massn_ID":5,"GEW":"SHK","stat_von":395,"stat_bis":2494,"gew_seite":"R","UMnArtBez":"keine Mahd","UMNGrBez":"Mäh- und Beweidungsarbeiten","Von_km":"0+395","Bis_km":"2+494","IDUabschn":"SHK_1","KTR":"MAAEN10200","Versatz_RE":20,"Akz":"62024-14","UMn_Bemerk":null,"versatz":-20,"Shape_Length":3457.2114533307863}},{"type":"Feature","id":465,"geometry":{"type":"LineString","coordinates":[[751650.12920000032,6911284.9509999976],[751749.48790000007,6911186.9824000001],[751832.77089999989,6911146.4541999996]]},"properties":{"OBJECTID":465,"Massn_ID":50,"GEW":"VEC","stat_von":76350,"stat_bis":76480,"gew_seite":"L","UMnArtBez":"Gehölzneuanpflanzungen","UMNGrBez":"Gehölzpflege, Gehölzentwicklung","Von_km":"76+350","Bis_km":"76+480","IDUabschn":"VEC_1","KTR":"MABVE00100","Versatz_RE":-20,"Akz":"62024-04","UMn_Bemerk":null,"versatz":-35,"Shape_Length":232.15562884697229}},{"type":"Feature","id":466,"geometry":{"type":"LineString","coordinates":[[799971.90599999949,6863676.7949000001],[799965.50490000099,6863644.6005000025],[799965.18870000169,6863605.8401999995],[799981.3563000001,6863509.0111000016]]},"properties":{"OBJECTID":466,"Massn_ID":24,"GEW":"VEC","stat_von":130680,"stat_bis":130780,"gew_seite":"L","UMnArtBez":"(Vechte), Keine Mahd des unteren Gewässersaumes (2,00m) in den Pralluferbereichen","UMNGrBez":"Mäh- und Beweidungsarbeiten","Von_km":"130+680","Bis_km":"130+780","IDUabschn":"VEC_14","KTR":"MABVE00200","Versatz_RE":-20,"Akz":"62024-04","UMn_Bemerk":null,"versatz":-10,"Shape_Length":169.75575337888594}},{"type":"Feature","id":467,"geometry":{"type":"LineString","coordinates":[[773791.03819999844,6894964.1406000033],[773782.47929999977,6894746.0961000025],[773795.44139999896,6894644.9737000018],[773814.77439999953,6894559.5053000003],[773863.57620000094,6894411.3530000001],[773941.39990000054,6894256.1744000018],[774003.31740000099,6894144.1740999967],[774045.45080000162,6894084.6538000032],[774088.76709999889,6894041.1283000037]]},"properties":{"OBJECTID":467,"Massn_ID":24,"GEW":"VEC","stat_von":99880,"stat_bis":100480,"gew_seite":"L","UMnArtBez":"(Vechte), Keine Mahd des unteren Gewässersaumes (2,00m) in den Pralluferbereichen","UMNGrBez":"Mäh- und Beweidungsarbeiten","Von_km":"99+880","Bis_km":"100+480","IDUabschn":"VEC_5","KTR":"MABVE00100","Versatz_RE":-20,"Akz":"62024-04","UMn_Bemerk":null,"versatz":-10,"Shape_Length":999.67927229577333}},{"type":"Feature","id":468,"geometry":{"type":"LineString","coordinates":[[785001.2071999982,6880755.2057000026],[785058.19079999998,6880723.1937000006],[785119.89020000026,6880655.0297000036],[785248.74890000001,6880473.4306999967],[785282.14799999818,6880404.3929999992],[785287.21750000119,6880255.752700001],[785303.47929999977,6880201.889700003],[785311.30160000175,6880188.441200003],[785361.08060000092,6880148.0085000023],[785670.73220000044,6879965.6662999988],[785811.54459999874,6879906.753700003],[785912.63830000162,6879892.0269000009],[786153.05950000137,6879893.6441000029],[786211.29419999942,6879878.4192000031],[786290.81179999933,6879829.5791999996],[786358.00319999829,6879761.5729999989],[786403.90170000121,6879701.6453000009],[786483.41149999946,6879576.936999999],[786512.88419999927,6879551.1014999971],[786547.89930000156,6879531.4668999985],[786584.65670000017,6879521.3532000035],[786742.68670000136,6879502.129900001]]},"properties":{"OBJECTID":468,"Massn_ID":10,"GEW":"VEC","stat_von":113340,"stat_bis":114780,"gew_seite":"R","UMnArtBez":"(Vechte) Mahd, zweimalig, ab dem 15.07 und ab dem 01.09","UMNGrBez":"Mäh- und Beweidungsarbeiten","Von_km":"113+340","Bis_km":"114+780","IDUabschn":"VEC_8","KTR":"MABVE00400","Versatz_RE":20,"Akz":"62024-04","UMn_Bemerk":"Moltkebrücke (Sohlgleite ) bei km 113770; Ölmühlenarm ab km 114015; Wehr Ölmühle bei km 114815","versatz":20,"Shape_Length":2345.0733048438674}},{"type":"Feature","id":469,"geometry":{"type":"LineString","coordinates":[[774395.77910000086,6882232.4474999979],[774266.21489999816,6882134.9192000031],[774208.35830000043,6882058.0581],[774169.06540000066,6881929.7703000009],[774169.38419999927,6881826.2563999966]]},"properties":{"OBJECTID":469,"Massn_ID":50,"GEW":"DIN","stat_von":7400,"stat_bis":7670,"gew_seite":"L","UMnArtBez":"Gehölzneuanpflanzungen","UMNGrBez":"Gehölzpflege, Gehölzentwicklung","Von_km":"7+400","Bis_km":"7+670","IDUabschn":"DIN_5","KTR":"MABVE00300","Versatz_RE":-20,"Akz":"62024-05","UMn_Bemerk":"5-3-3","versatz":-35,"Shape_Length":496.05635037837845}},{"type":"Feature","id":470,"geometry":{"type":"LineString","coordinates":[[809431.64770000055,6851837.5393999964],[809467.18140000105,6851783.2563999966],[809524.52180000022,6851728.7497999966]]},"properties":{"OBJECTID":470,"Massn_ID":50,"GEW":"VEC","stat_von":141500,"stat_bis":141580,"gew_seite":"L","UMnArtBez":"Gehölzneuanpflanzungen","UMNGrBez":"Gehölzpflege, Gehölzentwicklung","Von_km":"141+500","Bis_km":"141+580","IDUabschn":"VEC_18","KTR":"MABVE00200","Versatz_RE":-20,"Akz":"62024-04","UMn_Bemerk":"oh. u. uh. Graabeneinmündung","versatz":-35,"Shape_Length":143.99217791465941}},{"type":"Feature","id":471,"geometry":{"type":"LineString","coordinates":[[748951.46159999818,6911209.3284000009],[749017.37390000001,6911199.4959999993],[749089.86600000039,6911193.0878999978],[749127.00180000067,6911195.3266000003],[749164.68420000002,6911212.4807000011],[749196.0998999998,6911235.2938999981],[749219.27189999819,6911262.1926999986],[749242.5775000006,6911302.9808999971],[749246.01220000163,6911316.4038999975]]},"properties":{"OBJECTID":471,"Massn_ID":24,"GEW":"VEC","stat_von":74380,"stat_bis":74580,"gew_seite":"L","UMnArtBez":"(Vechte), Keine Mahd des unteren Gewässersaumes (2,00m) in den Pralluferbereichen","UMNGrBez":"Mäh- und Beweidungsarbeiten","Von_km":"74+380","Bis_km":"74+580","IDUabschn":"VEC_1","KTR":"MABVE00100","Versatz_RE":-20,"Akz":"62024-04","UMn_Bemerk":"ab Einmündung Flutmulde (links)","versatz":-10,"Shape_Length":353.18364656252356}},{"type":"Feature","id":472,"geometry":{"type":"LineString","coordinates":[[805539.7285999991,6857234.6393000036],[805538.05090000108,6857186.758100003],[805530.10590000078,6857109.5342999995],[805508.70380000025,6857031.3383999988],[805461.39750000089,6856926.7907000035],[805376.86639999971,6856771.2492000014]]},"properties":{"OBJECTID":472,"Massn_ID":24,"GEW":"VEC","stat_von":136680,"stat_bis":136980,"gew_seite":"R","UMnArtBez":"(Vechte), Keine Mahd des unteren Gewässersaumes (2,00m) in den Pralluferbereichen","UMNGrBez":"Mäh- und Beweidungsarbeiten","Von_km":"136+680","Bis_km":"136+980","IDUabschn":"VEC_17","KTR":"MABVE00200","Versatz_RE":20,"Akz":"62024-04","UMn_Bemerk":null,"versatz":10,"Shape_Length":498.39355829643705}},{"type":"Feature","id":473,"geometry":{"type":"LineString","coordinates":[[773415.84970000014,6904113.8862999976],[773450.02109999955,6904047.4547000006],[773450.62519999966,6904026.1591999978],[773378.88340000063,6903861.8775999993]]},"properties":{"OBJECTID":473,"Massn_ID":50,"GEW":"VEC","stat_von":92780,"stat_bis":92980,"gew_seite":"L","UMnArtBez":"Gehölzneuanpflanzungen","UMNGrBez":"Gehölzpflege, Gehölzentwicklung","Von_km":"92+780","Bis_km":"92+980","IDUabschn":"VEC_4","KTR":"MABVE00100","Versatz_RE":-20,"Akz":"62024-04","UMn_Bemerk":null,"versatz":-35,"Shape_Length":275.27239823007807}},{"type":"Feature","id":474,"geometry":{"type":"LineString","coordinates":[[780972.71029999852,6886780.3894999996],[781023.82459999993,6886734.7128999978],[781210.10280000046,6886471.876500003],[781375.84620000049,6886329.8557000011],[781449.75239999965,6886249.5907000005],[781496.83339999989,6886136.4998999983],[781507.30759999901,6886006.2569999993]]},"properties":{"OBJECTID":474,"Massn_ID":21,"GEW":"VEC","stat_von":107680,"stat_bis":108300,"gew_seite":"L","UMnArtBez":"(Vechte) Röhriricht-, Schilfsaum belassen","UMNGrBez":"Mäh- und Beweidungsarbeiten","Von_km":"107+680","Bis_km":"108+300","IDUabschn":"VEC_6","KTR":"MABVE00100","Versatz_RE":null,"Akz":"62024-04","UMn_Bemerk":null,"versatz":-35,"Shape_Length":971.24125529256514}},{"type":"Feature","id":475,"geometry":{"type":"LineString","coordinates":[[755237.32459999993,6917268.5807999969],[754367.29190000147,6918225.608099997],[753918.53189999983,6918560.5970000029]]},"properties":{"OBJECTID":475,"Massn_ID":6,"GEW":"PCK","stat_von":22360,"stat_bis":23481.5996,"gew_seite":"R","UMnArtBez":"(Kanäle) Mahd, zweimalig, ab dem 15.06 und ab dem ???, Einseitig sind Röhrtricht- und Schilfbestände vor dem 01.09 von der Mahd auszuschließen","UMNGrBez":"Mäh- und Beweidungsarbeiten","Von_km":"22+360","Bis_km":"23+482","IDUabschn":"PCK_5","KTR":"MAAVE40500","Versatz_RE":20,"Akz":"62024-13","UMn_Bemerk":null,"versatz":-20,"Shape_Length":1853.3929462941528}},{"type":"Feature","id":476,"geometry":{"type":"LineString","coordinates":[[776202.74769999832,6886509.0810000002],[776228.70580000058,6886488.0015999973],[776299.28489999846,6886362.7241000012],[776367.83320000023,6886159.9077999964]]},"properties":{"OBJECTID":476,"Massn_ID":14,"GEW":"DIN","stat_von":4200,"stat_bis":4450,"gew_seite":"L","UMnArtBez":"(Dinkel, B) mehrjährlich keine Mahd, Uferstaudenfluren werden in gehölzarmen Böschungsbereichen entwickelt","UMNGrBez":"Mäh- und Beweidungsarbeiten","Von_km":"4+200","Bis_km":"4+450","IDUabschn":"DIN_3","KTR":"MABVE00300","Versatz_RE":-20,"Akz":"62024-05","UMn_Bemerk":"3-B-1 (Libellen, Eisvogel)","versatz":-20,"Shape_Length":391.31717467195136}},{"type":"Feature","id":477,"geometry":{"type":"LineString","coordinates":[[821188.19999999925,6927613.5781000033],[821141.0102000013,6927558.738499999],[821069.98640000075,6927452.1737999991],[820790.55860000104,6927015.1818000004],[820659.38940000162,6926798.2995000035],[820629.59589999914,6926680.3268000036],[820644.52879999951,6926562.6639999971],[820745.16330000013,6926311.447800003],[820763.95059999824,6926174.2885000035]]},"properties":{"OBJECTID":477,"Massn_ID":9,"GEW":"HAS","stat_von":10900,"stat_bis":11900,"gew_seite":"R","UMnArtBez":"(Hase, Variante 2) Mahd,  zweimalig, ab dem 01.07 (Unterhaltungsweg und obere Hälfte der Böschung) und ab dem 01.10 (Unterhaltunsweg und ganze Böschung)","UMNGrBez":"Mäh- und Beweidungsarbeiten","Von_km":"10+900","Bis_km":"11+900","IDUabschn":"HAS_4","KTR":"MAAHA00100","Versatz_RE":20,"Akz":"62024-03","UMn_Bemerk":null,"versatz":20,"Shape_Length":1621.913793924524}},{"type":"Feature","id":478,"geometry":{"type":"LineString","coordinates":[[800651.31639999896,6865887.0583000034],[800666.75019999966,6865842.0489000008],[800665.25409999862,6865812.1332999989],[800659.27749999985,6865777.0812999979],[800637.73640000075,6865719.0345999971]]},"properties":{"OBJECTID":478,"Massn_ID":24,"GEW":"VEC","stat_von":128980,"stat_bis":129080,"gew_seite":"R","UMnArtBez":"(Vechte), Keine Mahd des unteren Gewässersaumes (2,00m) in den Pralluferbereichen","UMNGrBez":"Mäh- und Beweidungsarbeiten","Von_km":"128+980","Bis_km":"129+080","IDUabschn":"VEC_13","KTR":"MABVE00200","Versatz_RE":20,"Akz":"62024-04","UMn_Bemerk":null,"versatz":10,"Shape_Length":175.00764505574685}},{"type":"Feature","id":479,"geometry":{"type":"LineString","coordinates":[[800612.86100000143,6865425.6938999966],[800575.33920000121,6865401.5252000019],[800529.74390000105,6865387.7278999984],[800502.90480000153,6865384.2785999998],[800351.20219999924,6865393.939000003],[800233.10850000009,6865374.0581],[800172.45980000123,6865337.2920000032],[800113.7958999984,6865265.9241999984],[800089.33799999952,6865248.946800001],[800061.03689999878,6865231.9952000007],[799946.98860000074,6865187.2405000031],[799919.78290000185,6865159.4557999969],[799902.13450000063,6865120.8132999986],[799889.06260000169,6865055.9319000021],[799858.39820000157,6864781.2804000005],[799853.38569999859,6864671.3123999983],[799860.38819999993,6864625.8400000036],[799895.43879999965,6864522.4064999968],[799906.38809999824,6864433.5692000017],[799905.00140000135,6864407.1090999991],[799873.2137000002,6864283.9895000011],[799865.73189999908,6864213.694600001],[799882.46709999815,6864128.7201000005],[799981.73649999872,6863856.2747000009],[799987.6074000001,6863829.8637999967],[799979.81340000033,6863772.2004999965],[799949.18400000036,6863647.0086999983],[799948.83779999986,6863604.5653999969],[799966.81859999895,6863496.060999997],[799967.59279999882,6863417.0628999993],[799959.47690000013,6863391.3849000037],[799926.3599999994,6863340.9998999983],[799690.72060000151,6863072.2391000018],[799662.16820000112,6863029.2160999998],[799646.38320000097,6862956.8412000015],[799665.00259999931,6862799.9624999985],[799688.15529999882,6862718.363499999],[799738.68100000173,6862614.1105000004],[799792.33069999889,6862555.2079999968]]},"properties":{"OBJECTID":479,"Massn_ID":14,"GEW":"VEC","stat_von":129290,"stat_bis":131440,"gew_seite":"L","UMnArtBez":"(Vechte) Mahd, einmalig, drei- bis fünfjährlich, zw. 01.09  und 28.02","UMNGrBez":"Mäh- und Beweidungsarbeiten","Von_km":"129+290","Bis_km":"131+440","IDUabschn":"VEC_14","KTR":"MABVE00200","Versatz_RE":-20,"Akz":"62024-04","UMn_Bemerk":"Einschließlich Kolk","versatz":-20,"Shape_Length":3573.571240118396}},{"type":"Feature","id":480,"geometry":{"type":"LineString","coordinates":[[827869.37920000032,6918014.427699998],[827856.13929999992,6917960.4927999973],[827856.28940000013,6917912.5148999989],[827869.47940000147,6917847.7951999977],[827896.43739999831,6917789.7402999997],[827946.52800000086,6917739.9968999997],[828026.84820000082,6917677.375500001],[828077.77950000018,6917614.6775000021],[828100.17909999937,6917547.5606999993],[828106.08260000125,6917447.2833999991],[828116.42289999872,6917413.2652999982],[828141.48779999837,6917382.9540000036],[828178.3013000004,6917358.5688000023],[828236.01700000092,6917336.5363999978],[828308.29509999976,6917319.6779000014],[828373.18120000139,6917313.6890999973],[828525.26319999993,6917329.5210999995],[828647.38769999892,6917363.9492999986],[828689.97569999844,6917387.7977000028],[828811.38830000162,6917491.7038000003],[828833.78579999879,6917505.4575999975],[828869.93160000071,6917520.8660999984],[829124.55820000172,6917581.9411000013],[829199.17880000174,6917630.9636999965],[829257.6072999984,6917707.2735000029],[829272.3574000001,6917780.2854000032],[829267.55920000002,6917823.7736999989],[829248.55950000137,6917870.4496999979]]},"properties":{"OBJECTID":480,"Massn_ID":3,"GEW":"HAS","stat_von":26550,"stat_bis":27780,"gew_seite":"L","UMnArtBez":"Beobachtende Unterhaltung (keine Mahd, Gehölzaufwuchs wird zugelassen, Gehölzeinstürze nach Einzelfallentscheidung in Abstimmung mit UNB sichern oder entfernen, z.B. in Projektgebieten)","UMNGrBez":"keine/beobachtende Unterhaltung","Von_km":"26+550","Bis_km":"27+780","IDUabschn":"HAS_8","KTR":"MAAHA00100","Versatz_RE":-20,"Akz":"62024-03","UMn_Bemerk":"Teufelsberge (ggf. ist hier das Leitwerk zu unterhalten)","versatz":-20,"Shape_Length":2148.0563884487733}},{"type":"Feature","id":481,"geometry":{"type":"LineString","coordinates":[[782068.00239999965,6903888.1367999986],[781436.44200000167,6904140.7725000009],[781371.84549999982,6904170.3399000019],[781339.26520000026,6904198.5560000017],[780071.59499999881,6905675.2069000006],[777998.27560000122,6908106.4297000021],[777694.18299999833,6908453.2873999998],[776943.23750000075,6909341.6186999977],[776923.15239999816,6909359.7026000023],[776825.07490000129,6909423.2176999971]]},"properties":{"OBJECTID":481,"Massn_ID":5,"GEW":"PCK","stat_von":3130,"stat_bis":7810,"gew_seite":"L","UMnArtBez":"keine Mahd","UMNGrBez":"Mäh- und Beweidungsarbeiten","Von_km":"3+130","Bis_km":"7+810","IDUabschn":"PCK_1","KTR":"MAAVE40500","Versatz_RE":-20,"Akz":"62024-13","UMn_Bemerk":null,"versatz":20,"Shape_Length":7704.099766460743}},{"type":"Feature","id":482,"geometry":{"type":"MultiLineString","coordinates":[[[819859.96730000153,6927129.1057000011],[819991.78350000083,6927145.2738000005],[820158.42029999942,6927257.9327000007],[820226.10330000147,6927350.5658000037],[820275.1959999986,6927456.6551999971],[820340.56839999929,6927632.4038999975],[820325.25659999996,6927692.1436000019],[820206.96649999917,6927873.4460999966],[820185.1763000004,6927937.8214000016],[820196.7164000012,6928014.7725000009],[820283.96950000152,6928059.3430000022],[820598.39070000127,6928134.9387999997],[821049.81069999933,6928122.3772],[821139.60869999975,6928089.7282000035],[821233.3572999984,6928019.9562000036],[821289.94790000096,6927914.3066999987],[821292.47049999982,6927800.0861999989],[821275.82360000163,6927714.0376000032],[821083.50400000066,6927442.6996999979],[820674.64669999853,6926791.442900002],[820646.32699999958,6926679.3073000014],[820660.59910000116,6926566.8498999998],[820761.20219999924,6926315.7106000036],[820783.01240000129,6926156.4796999991],[820773.48140000179,6926029.6586999968],[820722.86120000109,6925922.8620999977],[820505.61569999903,6925793.6393000036],[820454.502700001,6925692.7361999974],[820414.82250000164,6925498.6379000023],[820379.13929999992,6925384.6313000023],[820282.83819999918,6925265.434299998],[820140.06280000135,6925203.5944999978],[820018.22910000011,6925212.6743000001],[820014.80629999936,6925209.626500003],[820016.71750000119,6925199.7993000001],[820064.51309999824,6925149.7586999983],[820131.67410000041,6925122.1616000012],[820267.51790000126,6925104.0372999981],[820441.19559999928,6925117.6516999975],[820787.02479999885,6925182.7295999974],[820857.71189999953,6925160.7226999998],[820919.36699999869,6925098.9422999993],[820944.61540000141,6925000.0859000012],[820947.66679999977,6924934.6595999971],[820828.56720000133,6924588.7343999967],[820830.9525000006,6924460.4632000029],[820849.04720000178,6924356.376699999],[820887.04320000112,6924244.1849000007],[820922.53759999946,6924181.9092999995],[820972.58249999955,6924133.3381000012],[821020.34629999846,6924059.6242000014],[821046.76110000163,6924002.6287999973],[821070.24570000172,6923860.743900001],[821077.80070000142,6923844.3633000031],[821094.99740000069,6923828.8559999987]],[[821094.99740000069,6923828.8559999987],[821104.47610000148,6923830.0631000027],[821273.88859999925,6923976.6862000003],[821361.09230000153,6924001.8074000031],[821435.59279999882,6924004.3834000006],[821515.92500000075,6923988.3774999976],[821577.4915000014,6923956.6613999978],[821629.90579999983,6923906.4263999984],[821676.39669999853,6923837.2945000008],[821713.15850000083,6923742.2356999964],[821817.90549999848,6923291.7229999974],[821811.23290000111,6923196.1744000018],[821770.46299999952,6923079.5300000012],[821770.99390000105,6923064.8818000033]],[[821770.99390000105,6923064.8818000033],[821790.60049999878,6923065.0403999984]]]},"properties":{"OBJECTID":482,"Massn_ID":23,"GEW":"HAS","stat_von":9325,"stat_bis":15140,"gew_seite":"R","UMnArtBez":"(Hase), Mahd der krautigen Ufersaumstreifen ab dem 01.10 jährlich alternierend auf 300-500 m langen Teilstrecken","UMNGrBez":"Mäh- und Beweidungsarbeiten","Von_km":"9+325","Bis_km":"15+140","IDUabschn":"HAS_4","KTR":"MAAHA00100","Versatz_RE":20,"Akz":"62024-03","UMn_Bemerk":null,"versatz":30,"Shape_Length":9573.5325303545033}},{"type":"Feature","id":483,"geometry":{"type":"LineString","coordinates":[[757500.91319999844,6909318.0285999998],[757523.24610000104,6909283.6062000021],[757539.90839999914,6909265.0935999975],[757562.50860000029,6909249.2628000006],[757589.16340000182,6909238.2065000013],[757649.33610000089,6909225.1596999988],[757808.72340000048,6909213.6279999986]]},"properties":{"OBJECTID":483,"Massn_ID":24,"GEW":"VEC","stat_von":80580,"stat_bis":80780,"gew_seite":"L","UMnArtBez":"(Vechte), Keine Mahd des unteren Gewässersaumes (2,00m) in den Pralluferbereichen","UMNGrBez":"Mäh- und Beweidungsarbeiten","Von_km":"80+580","Bis_km":"80+780","IDUabschn":"VEC_2","KTR":"MABVE00100","Versatz_RE":-20,"Akz":"62024-04","UMn_Bemerk":null,"versatz":-10,"Shape_Length":343.76408204503645}},{"type":"Feature","id":484,"geometry":{"type":"LineString","coordinates":[[800373.4523999989,6865416.3827999979],[800225.56069999933,6865398.2035999969],[800156.11740000173,6865356.1058000028],[800119.38809999824,6865311.128899999]]},"properties":{"OBJECTID":484,"Massn_ID":50,"GEW":"VEC","stat_von":129450,"stat_bis":129600,"gew_seite":"L","UMnArtBez":"Gehölzneuanpflanzungen","UMNGrBez":"Gehölzpflege, Gehölzentwicklung","Von_km":"129+450","Bis_km":"129+600","IDUabschn":"VEC_14","KTR":"MABVE00200","Versatz_RE":-20,"Akz":"62024-04","UMn_Bemerk":null,"versatz":-35,"Shape_Length":288.28055441546803}},{"type":"Feature","id":485,"geometry":{"type":"LineString","coordinates":[[787287.38239999861,6879075.057099998],[787343.72030000016,6879082.8898999989],[787443.87060000002,6879077.4553999975]]},"properties":{"OBJECTID":485,"Massn_ID":10,"GEW":"KOR","stat_von":1300,"stat_bis":1400,"gew_seite":"L","UMnArtBez":"(Vechte) Mahd, zweimalig, ab dem 15.07 und ab dem 01.09","UMNGrBez":"Mäh- und Beweidungsarbeiten","Von_km":"1+300","Bis_km":"1+400","IDUabschn":"KOR_1","KTR":"MABVE00400","Versatz_RE":-20,"Akz":"62024-04","UMn_Bemerk":null,"versatz":-20,"Shape_Length":157.17743969880473}},{"type":"Feature","id":486,"geometry":{"type":"LineString","coordinates":[[789926.3925999999,6875761.5138000026],[790024.45030000061,6875605.8489999995],[790120.41230000183,6875494.8209000006],[790204.19570000097,6875415.1305999979],[790338.40150000155,6875310.0493000001],[791042.59010000154,6874797.5649999976],[791251.13830000162,6874617.3325999975],[791326.72459999844,6874526.2493999973],[791369.66890000179,6874456.8938999996],[791402.36369999871,6874386.8069999963],[791426.64389999956,6874318.9865000024],[791464.7864000015,6874152.8180000037],[791488.94700000063,6873912.4412999973],[791513.67909999937,6873537.4221000001],[791526.05950000137,6873437.3337000012],[791549.50649999827,6873354.4363999963]]},"properties":{"OBJECTID":486,"Massn_ID":10,"GEW":"VEC","stat_von":118510,"stat_bis":120400,"gew_seite":"L","UMnArtBez":"(Vechte) Mahd, zweimalig, ab dem 15.07 und ab dem 01.09","UMNGrBez":"Mäh- und Beweidungsarbeiten","Von_km":"118+510","Bis_km":"120+400","IDUabschn":"VEC_11","KTR":"MABVE00200","Versatz_RE":-20,"Akz":"62024-04","UMn_Bemerk":null,"versatz":-20,"Shape_Length":3087.597021930374}},{"type":"Feature","id":487,"geometry":{"type":"LineString","coordinates":[[775782.34169999883,6888412.7320000008],[775775.22619999945,6888336.6400000006],[775680.11459999904,6888086.8859999999],[775654.11419999972,6888035.8207999989],[775555.68239999935,6887897.9949000031],[775441.97030000016,6887827.3649000004],[775429.125,6887802.0936999992]]},"properties":{"OBJECTID":487,"Massn_ID":14,"GEW":"DIN","stat_von":2760,"stat_bis":3200,"gew_seite":"R","UMnArtBez":"(Dinkel, B) mehrjährlich keine Mahd, Uferstaudenfluren werden in gehölzarmen Böschungsbereichen entwickelt","UMNGrBez":"Mäh- und Beweidungsarbeiten","Von_km":"2+760","Bis_km":"3+200","IDUabschn":"DIN_3","KTR":"MABVE00300","Versatz_RE":20,"Akz":"62024-05","UMn_Bemerk":"3-B-1 (Libellen, Eisvogel)","versatz":20,"Shape_Length":732.55501259433959}},{"type":"Feature","id":488,"geometry":{"type":"MultiLineString","coordinates":[[[823422.85060000047,6925883.6415999979],[823521.5903000012,6925823.8955999985],[823654.30539999902,6925696.6367999986],[823693.4439000003,6925637.9050000012],[823704.37550000101,6925537.7162000015],[823672.27749999985,6925404.063000001],[823672.08040000126,6925355.8690000027],[823707.97969999909,6925243.3747999966],[823766.44830000028,6925106.1339000016],[823818.72210000083,6925001.009800002],[823824.57970000058,6924996.875500001],[823845.42040000111,6924992.991899997],[823875.12150000036,6924997.9221000001],[823931.54729999974,6925016.8280000016],[824000.7666000016,6925051.4426999986],[824024.94830000028,6925073.6485000029],[824074.10190000013,6925154.0795999989],[824117.45039999858,6925194.3442000002],[824181.57420000061,6925198.8533999994],[824217.47500000149,6925180.9179000035],[824240.94260000065,6925145.9985999987],[824248.40819999948,6925076.4871999994],[824217.07730000094,6924961.4694000036],[824124.57649999857,6924754.2264000028],[824046.9215000011,6924591.1828000024],[823997.95969999954,6924546.5727000013],[823878.52679999918,6924473.9311000034],[823828.1576000005,6924453.1586000025],[823758.40459999815,6924447.5231999978],[823654.53339999914,6924465.7136999965],[823552.20949999988,6924512.5964000002],[823490.97370000184,6924532.2656999975],[823453.56280000135,6924530.0097000003]],[[823453.56280000135,6924530.0097000003],[823457.58460000157,6924520],[823482.4952000007,6924491.4814999998],[823549.46020000055,6924439.9667999968],[823579.98070000112,6924425.4759000018],[823921.05860000104,6924338.3040999994],[824092.79120000079,6924281.0363999978],[824179.39330000058,6924258.2980000004],[824352.64400000125,6924247.3354000002],[824498.24430000037,6924207.1400000006],[824637.03689999878,6924088.0165999979],[824683.8339000009,6924033.194600001],[824790.53330000117,6923769.3960999995],[824818.01080000028,6923724.2102999985],[824856.95850000158,6923687.4852000028],[824892.18210000172,6923668.2369000018],[825139.17599999905,6923577.2629000023],[825232.72879999876,6923525.813699998],[825301.06289999932,6923465.7383000031],[825419.92289999872,6923337.4855000004],[825480.92579999939,6923262.3272999972],[825603.67990000173,6923082.5537],[825655.20149999857,6922989.1429999992],[825814.03400000185,6922631.3232999966],[825834.40599999949,6922558.0181000009],[825850.19060000032,6922522.7920999974],[825941.38879999891,6922358.4019000009],[825955.37739999965,6922277.0683000013]]]},"properties":{"OBJECTID":488,"Massn_ID":3,"GEW":"HAS","stat_von":18100,"stat_bis":22000,"gew_seite":"R","UMnArtBez":"Beobachtende Unterhaltung (keine Mahd, Gehölzaufwuchs wird zugelassen, Gehölzeinstürze nach Einzelfallentscheidung in Abstimmung mit UNB sichern oder entfernen, z.B. in Projektgebieten)","UMNGrBez":"keine/beobachtende Unterhaltung","Von_km":"18+100","Bis_km":"22+000","IDUabschn":"HAS_6","KTR":"MAAHA00100","Versatz_RE":20,"Akz":"62024-03","UMn_Bemerk":"u.a. Projektgebiet","versatz":20,"Shape_Length":6449.9863953458198}},{"type":"Feature","id":489,"geometry":{"type":"LineString","coordinates":[[797013.32829999924,6870565.9512000009],[797082.97899999842,6870491.8923999965],[797160.77320000157,6870454.4382999986],[797233.44280000031,6870437.2137999982]]},"properties":{"OBJECTID":489,"Massn_ID":50,"GEW":"VEC","stat_von":124570,"stat_bis":124710,"gew_seite":"L","UMnArtBez":"Gehölzneuanpflanzungen","UMNGrBez":"Gehölzpflege, Gehölzentwicklung","Von_km":"124+570","Bis_km":"124+710","IDUabschn":"VEC_13","KTR":"MABVE00200","Versatz_RE":-20,"Akz":"62024-04","UMn_Bemerk":null,"versatz":-35,"Shape_Length":262.68965793173106}},{"type":"Feature","id":490,"geometry":{"type":"LineString","coordinates":[[800574.93809999898,6861898.6873999983],[800629.37999999896,6861859.8370999992],[800727.63960000128,6861802.7254000008],[800797.51179999858,6861777.8440999985],[800929.72069999948,6861751.8224000037],[800973.29850000143,6861731.0222000033],[801030.17790000141,6861658.7348000035],[801063.4514000006,6861603.2511000037],[801082.14339999855,6861584.5847999975],[801250.38839999959,6861464.7229000032],[801272.11430000141,6861457.0318000019],[801370.17370000109,6861442.1711999997],[801407.78720000014,6861442.3541999981],[801508.84760000184,6861467.9690999985],[801732.89180000126,6861434.4852000028],[801939.22509999946,6861425.1840000004]]},"properties":{"OBJECTID":490,"Massn_ID":3,"GEW":"VEC","stat_von":132065,"stat_bis":133010,"gew_seite":"R","UMnArtBez":"Beobachtende Unterhaltung (keine Mahd, Gehölzaufwuchs wird zugelassen, Gehölzeinstürze nach Einzelfallentscheidung in Abstimmung mit UNB sichern oder entfernen, z.B. in Projektgebieten)","UMNGrBez":"keine/beobachtende Unterhaltung","Von_km":"132+065","Bis_km":"133+010","IDUabschn":"VEC_15","KTR":"MABVE00200","Versatz_RE":20,"Akz":"62024-04","UMn_Bemerk":"Projektgebiet Quendorf 1","versatz":20,"Shape_Length":1524.5780707719236}},{"type":"Feature","id":491,"geometry":{"type":"LineString","coordinates":[[823262.03709999844,6925942.1186999977],[823416.94489999861,6925886.4549999982]]},"properties":{"OBJECTID":491,"Massn_ID":9,"GEW":"HAS","stat_von":18000,"stat_bis":18100,"gew_seite":"R","UMnArtBez":"(Hase, Variante 2) Mahd,  zweimalig, ab dem 01.07 (Unterhaltungsweg und obere Hälfte der Böschung) und ab dem 01.10 (Unterhaltunsweg und ganze Böschung)","UMNGrBez":"Mäh- und Beweidungsarbeiten","Von_km":"18+000","Bis_km":"18+100","IDUabschn":"HAS_6","KTR":"MAAHA00100","Versatz_RE":20,"Akz":"62024-03","UMn_Bemerk":null,"versatz":20,"Shape_Length":164.60520647451833}},{"type":"Feature","id":492,"geometry":{"type":"LineString","coordinates":[[792953.97210000083,6951730.9510999992],[792638.73409999907,6952954.0684999973],[792635.00519999862,6952985.1714000031],[792639.69079999998,6953037.9457999989],[792688.683699999,6953187.1048000008]]},"properties":{"OBJECTID":492,"Massn_ID":11,"GEW":"SNK","stat_von":44630,"stat_bis":45550,"gew_seite":"R","UMnArtBez":"(Kanäle) Mahd, einmalig, ab dem 15.06, Einseitig sind Röhrtricht- und Schilfbestände vor dem 01.09 von der Mahd auszuschließen","UMNGrBez":"Mäh- und Beweidungsarbeiten","Von_km":"44+630","Bis_km":"45+550","IDUabschn":"SNK_11","KTR":"MAAEN10100","Versatz_RE":20,"Akz":"62024-12","UMn_Bemerk":null,"versatz":-20,"Shape_Length":1504.3946599694175}},{"type":"Feature","id":493,"geometry":{"type":"LineString","coordinates":[[821805.35680000111,6922968.1665000021],[822147.14290000126,6923072.2707000002],[822309.53680000082,6923141.1787],[822354.62319999933,6923171.7597000003],[822394.93769999966,6923230.9013999999],[822411.24450000003,6923278.0320999995],[822409.48710000142,6923396.3222000003],[822357.29419999942,6923534.6262999997],[822264.95939999819,6923703.8774999976],[822180.29170000181,6923823.6899999976],[822110.83430000022,6923894.3259999976],[821776.26069999859,6924116.8853999972],[821666.10159999877,6924223.8740999997],[821592.4935999997,6924311.4710000008],[821577.58049999923,6924343.9522999972],[821568.38390000165,6924401.6374000013],[821570.28709999844,6924417.1513999999],[821607.76749999821,6924464.5892999992],[821686.63280000165,6924526.8835999966],[821720.43859999999,6924546.0301000029],[822057.68079999834,6924653.5329999998],[822133.41809999943,6924730.1340999976],[822191.59870000184,6924834.2206000015],[822217.27479999885,6924925.7436999977],[822228.65459999815,6925031.3181999996],[822223.02389999852,6925250.2589000016],[822236.62079999968,6925307.2066999972],[822272.24029999971,6925360.2753000036],[822320.17370000109,6925405.8422999978],[822377.17460000142,6925442.8478000015],[822601.7360999994,6925547.7243999988],[822763.28220000118,6925644.4399999976],[822833.95780000091,6925714.2210000008],[822926.91059999913,6925846.9974000007],[822962.87139999866,6925881.1076000035],[823005.25609999895,6925898.2626999989],[823087.2985999994,6925894.3668000028]]},"properties":{"OBJECTID":493,"Massn_ID":23,"GEW":"HAS","stat_von":15140,"stat_bis":17900,"gew_seite":"B","UMnArtBez":"(Hase), Mahd der krautigen Ufersaumstreifen ab dem 01.10 jährlich alternierend auf 300-500 m langen Teilstrecken","UMNGrBez":"Mäh- und Beweidungsarbeiten","Von_km":"15+140","Bis_km":"17+900","IDUabschn":"HAS_5","KTR":"MAAHA00100","Versatz_RE":0,"Akz":"62024-03","UMn_Bemerk":null,"versatz":-30,"Shape_Length":4526.4303387117643}},{"type":"Feature","id":494,"geometry":{"type":"LineString","coordinates":[[799947.55240000039,6863749.8325000033],[799926.02739999816,6863654.0328999981]]},"properties":{"OBJECTID":494,"Massn_ID":50,"GEW":"VEC","stat_von":130640,"stat_bis":130700,"gew_seite":"L","UMnArtBez":"Gehölzneuanpflanzungen","UMNGrBez":"Gehölzpflege, Gehölzentwicklung","Von_km":"130+640","Bis_km":"130+700","IDUabschn":"VEC_14","KTR":"MABVE00200","Versatz_RE":-20,"Akz":"62024-04","UMn_Bemerk":null,"versatz":-35,"Shape_Length":98.188028731831309}},{"type":"Feature","id":495,"geometry":{"type":"LineString","coordinates":[[783206.08280000091,6884634.9267999977],[783305.44619999826,6884579.6023999974],[783394.9103000015,6884513.558600001],[783443.91099999845,6884472.2836000025],[783544.66820000112,6884378.6981000006],[783610.09899999946,6884309.6748000011],[783642.79540000111,6884255.7621999979],[783658.96889999881,6884215.3307000026],[783670.66560000181,6884174.3162999973],[783674.30299999937,6884146.6143999994],[783674.24179999903,6884081.799999997]]},"properties":{"OBJECTID":495,"Massn_ID":24,"GEW":"VEC","stat_von":110225,"stat_bis":110680,"gew_seite":"R","UMnArtBez":"(Vechte), Keine Mahd des unteren Gewässersaumes (2,00m) in den Pralluferbereichen","UMNGrBez":"Mäh- und Beweidungsarbeiten","Von_km":"110+225","Bis_km":"110+680","IDUabschn":"VEC_6","KTR":"MABVE00100","Versatz_RE":20,"Akz":"62024-04","UMn_Bemerk":null,"versatz":10,"Shape_Length":763.62046492904585}},{"type":"Feature","id":496,"geometry":{"type":"LineString","coordinates":[[793699.18659999967,6872237.2484000027],[793727.34840000048,6872211.0749000013],[793984.46119999886,6872041.6273000017],[794368.48330000043,6871853.5244999975],[794605.15799999982,6871732.3378000036],[794679.80620000139,6871721.7558000013],[794737.04600000009,6871728.1744000018],[795042.61910000071,6871810.5659999996]]},"properties":{"OBJECTID":496,"Massn_ID":24,"GEW":"VEC","stat_von":122080,"stat_bis":122980,"gew_seite":"L","UMnArtBez":"(Vechte), Keine Mahd des unteren Gewässersaumes (2,00m) in den Pralluferbereichen","UMNGrBez":"Mäh- und Beweidungsarbeiten","Von_km":"122+080","Bis_km":"122+980","IDUabschn":"VEC_13","KTR":"MABVE00200","Versatz_RE":-20,"Akz":"62024-04","UMn_Bemerk":null,"versatz":-10,"Shape_Length":1489.3662783229538}},{"type":"Feature","id":497,"geometry":{"type":"LineString","coordinates":[[767140.13969999924,6908797.1704000011],[767201.89530000091,6908750.9463],[767302.09230000153,6908698.8925999999]]},"properties":{"OBJECTID":497,"Massn_ID":50,"GEW":"VEC","stat_von":87440,"stat_bis":87550,"gew_seite":"L","UMnArtBez":"Gehölzneuanpflanzungen","UMNGrBez":"Gehölzpflege, Gehölzentwicklung","Von_km":"87+440","Bis_km":"87+550","IDUabschn":"VEC_3","KTR":"MABVE00100","Versatz_RE":-20,"Akz":"62024-04","UMn_Bemerk":"uh. Einmündung Vriengraben","versatz":-35,"Shape_Length":190.0505626350234}},{"type":"Feature","id":498,"geometry":{"type":"LineString","coordinates":[[787818.98669999838,6880168.8081],[786881.1072999984,6880243.8800999969]]},"properties":{"OBJECTID":498,"Massn_ID":5,"GEW":"EVK","stat_von":17095,"stat_bis":17670,"gew_seite":"L","UMnArtBez":"keine Mahd","UMNGrBez":"Mäh- und Beweidungsarbeiten","Von_km":"17+095","Bis_km":"17+670","IDUabschn":"EVK_3","KTR":"MAAVE20200","Versatz_RE":-20,"Akz":"62024-10","UMn_Bemerk":null,"versatz":20,"Shape_Length":940.87914958715601}},{"type":"Feature","id":499,"geometry":{"type":"LineString","coordinates":[[811583.25450000167,6849153.5653000027],[811603.64530000091,6849087.6349999979],[811603.27529999986,6849025.1221000031]]},"properties":{"OBJECTID":499,"Massn_ID":50,"GEW":"VEC","stat_von":143800,"stat_bis":143870,"gew_seite":"R","UMnArtBez":"Gehölzneuanpflanzungen","UMNGrBez":"Gehölzpflege, Gehölzentwicklung","Von_km":"143+800","Bis_km":"143+870","IDUabschn":"VEC_19","KTR":"MABVE00200","Versatz_RE":20,"Akz":"62024-04","UMn_Bemerk":null,"versatz":35,"Shape_Length":131.52550981967875}},{"type":"Feature","id":500,"geometry":{"type":"LineString","coordinates":[[749216.2452000007,6911486.0996000022],[749218.86870000139,6911511.7030000016],[749232.37849999964,6911559.2582999989],[749250.11740000173,6911595.5654999986],[749273.61740000173,6911619.5130999982],[749314.66829999909,6911643.2917999998],[749350.9486999996,6911656.7009000033],[749410.45919999853,6911666.5732999966],[749469.01130000129,6911663.3033000007]]},"properties":{"OBJECTID":500,"Massn_ID":24,"GEW":"VEC","stat_von":74680,"stat_bis":74880,"gew_seite":"R","UMnArtBez":"(Vechte), Keine Mahd des unteren Gewässersaumes (2,00m) in den Pralluferbereichen","UMNGrBez":"Mäh- und Beweidungsarbeiten","Von_km":"74+680","Bis_km":"74+880","IDUabschn":"VEC_1","KTR":"MABVE00100","Versatz_RE":20,"Akz":"62024-04","UMn_Bemerk":null,"versatz":10,"Shape_Length":354.22220982150799}},{"type":"Feature","id":501,"geometry":{"type":"LineString","coordinates":[[800708.16860000044,6865546.0354000032],[800721.82470000163,6865476.9645999968],[800705.85759999976,6865410.3716000021]]},"properties":{"OBJECTID":501,"Massn_ID":50,"GEW":"VEC","stat_von":129200,"stat_bis":129270,"gew_seite":"R","UMnArtBez":"Gehölzneuanpflanzungen","UMNGrBez":"Gehölzpflege, Gehölzentwicklung","Von_km":"129+200","Bis_km":"129+270","IDUabschn":"VEC_13","KTR":"MABVE00200","Versatz_RE":20,"Akz":"62024-04","UMn_Bemerk":"Gehölzsaum vervollständigen","versatz":35,"Shape_Length":138.88832235146083}},{"type":"Feature","id":502,"geometry":{"type":"LineString","coordinates":[[773884.93299999833,6896775.7681000009],[773844.66759999841,6896783.9693000019],[773776.78519999981,6896782.8981999978],[773731.01150000095,6896765.3606000021],[773697.12379999831,6896743.6433999985],[773666.92689999938,6896712.7889000028],[773643.4534999989,6896673.384300001],[773634.2602000013,6896627.5388000011],[773634.94220000133,6896603.4645999968]]},"properties":{"OBJECTID":502,"Massn_ID":24,"GEW":"VEC","stat_von":98480,"stat_bis":98680,"gew_seite":"L","UMnArtBez":"(Vechte), Keine Mahd des unteren Gewässersaumes (2,00m) in den Pralluferbereichen","UMNGrBez":"Mäh- und Beweidungsarbeiten","Von_km":"98+480","Bis_km":"98+680","IDUabschn":"VEC_5","KTR":"MABVE00100","Versatz_RE":-20,"Akz":"62024-04","UMn_Bemerk":null,"versatz":-10,"Shape_Length":358.1314597589631}},{"type":"Feature","id":503,"geometry":{"type":"LineString","coordinates":[[814296.10550000146,6925626.8913000003],[814307.37029999867,6925692.511500001],[814306.09430000186,6925747.2173999995],[814295.28119999915,6925785.4998999983],[814280.39409999922,6925821.5269000009],[814113.34710000083,6926113.6639999971],[814102.83680000156,6926142.2003000006],[814102.16459999979,6926209.2137999982],[814114.81069999933,6926243.1925999969],[814158.72529999912,6926317.8562000021],[814194.60049999878,6926364.5300000012],[814232.06909999996,6926400.0569999963],[814379.82719999924,6926486.7119999975],[814444.17229999974,6926512.1524000019],[814481.27039999887,6926516.4902999997],[814506.34710000083,6926513.8420000002],[814534.48149999976,6926503.8069999963],[814553.91490000114,6926490.2568000033],[814586.67060000077,6926444.2607999966],[814709.85110000148,6926059.8791999966],[814738.61080000177,6925984.9459000006],[814796.4776000008,6925906.9006000012],[814904.46790000051,6925861.1306999996],[815392.29549999908,6925770.4501999989],[815558.07299999893,6925757.0781999975],[815835.83839999884,6925771.9571999982],[815858.7463000007,6925770.1972000003],[815870.43640000001,6925764.2915999964],[815873.93059999868,6925746.6894999966],[815873.05739999935,6925744.0126999989],[815824.0775000006,6925692.5802000016],[815415.63159999996,6925344.0095999986],[815375.15509999916,6925313.5780000016],[815262.59039999917,6925253.3073000014],[815213.05260000005,6925218.1064999998],[815153.70050000027,6925147.1807999983],[815128.55739999935,6925057.2536000013],[815141.12339999899,6924974.550999999],[815170.00989999995,6924878.3674999997],[815198.21389999986,6924824.9650000036],[815229.75820000097,6924785.5455000028],[815447.3599999994,6924582.5324999988],[815581.01339999959,6924483.9301000014],[815708.20749999955,6924402.0776000023],[815836.95160000026,6924340.1767999977],[815966.4739000015,6924295.5605000034],[816085.58509999886,6924269.9848000035],[816179.14290000126,6924263.3435999975],[816623.30590000004,6924284.2497000024],[816716.95089999959,6924300.8346000016],[816853.44509999827,6924349.9782999977],[816984.0346999988,6924425.3526000008],[817075.10669999942,6924504.8537999988],[817163.66099999845,6924637.4453999996],[817238.83150000125,6924826.6120999977],[817291.96400000155,6924999.5666999966],[817304.22049999982,6925132.4817999974],[817301.92810000107,6925214.9126999974],[817279.34730000049,6925377.2463999987],[817295.05739999935,6925412.816399999],[817316.60339999944,6925428.5910999998],[817337.25730000064,6925433.0306999981],[817373.39919999987,6925431.2797999978],[817712.34659999982,6925370.8007000014],[817886.89220000058,6925352.9953999966],[817976.67000000179,6925360.0678000003],[818035.51099999994,6925383.7431999967],[818093.17740000039,6925440.0910999998],[818093.16189999878,6925527.9908000007],[818068.74230000004,6925582.808600001],[817936.58720000088,6925807.1636999995],[817875.46269999817,6925968.1746999994],[817859.49010000005,6926040.9514999986],[817853.60029999912,6926106.746299997],[817846.57679999992,6926218.5151000023],[817849.03599999845,6926276.4292000011]]},"properties":{"OBJECTID":503,"Massn_ID":9,"GEW":"HAS","stat_von":2100,"stat_bis":7600,"gew_seite":"L","UMnArtBez":"(Hase, Variante 2) Mahd,  zweimalig, ab dem 01.07 (Unterhaltungsweg und obere Hälfte der Böschung) und ab dem 01.10 (Unterhaltunsweg und ganze Böschung)","UMNGrBez":"Mäh- und Beweidungsarbeiten","Von_km":"2+100","Bis_km":"7+600","IDUabschn":"HAS_2","KTR":"MAAHA00100","Versatz_RE":-20,"Akz":"62024-03","UMn_Bemerk":"Die Hochwasserverwallungen sollten vom zuständigen Unterhaltungspflichtigen im selben Turnus gemäht werden wie die Unterhaltungstreifen ; Linksseitig sind im Bereich von Standweiden (Nutzflächen mit Pferden, Kühen, Rin\u0002dern etc.) Mäharbeiten entbehrlich.","versatz":-20,"Shape_Length":9062.6934433965089}},{"type":"Feature","id":504,"geometry":{"type":"LineString","coordinates":[[775905.003800001,6886630.1771000028],[776203.36609999835,6886476.5939000025],[776289.29899999872,6886324.9825000018],[776344.253800001,6886152.9192999974]]},"properties":{"OBJECTID":504,"Massn_ID":50,"GEW":"DIN","stat_von":4000,"stat_bis":4450,"gew_seite":"L","UMnArtBez":"Gehölzneuanpflanzungen","UMNGrBez":"Gehölzpflege, Gehölzentwicklung","Von_km":"4+000","Bis_km":"4+450","IDUabschn":"DIN_3","KTR":"MABVE00300","Versatz_RE":-20,"Akz":"62024-05","UMn_Bemerk":"3-l-2","versatz":-35,"Shape_Length":690.46829444764796}},{"type":"Feature","id":505,"geometry":{"type":"LineString","coordinates":[[816963.45540000126,6985326.675499998],[816879.42040000111,6985410.3259000033],[816830.26559999958,6985444.4455000013],[816756.55310000107,6985489.8659000024],[816623.19449999928,6985548.1655000001]]},"properties":{"OBJECTID":505,"Massn_ID":17,"GEW":"GFD","stat_von":4030,"stat_bis":4270,"gew_seite":"R","UMnArtBez":"(Goidfischdever) 1-malige Mahd der Böschungen (Herbstmahd), ab dem 1. September","UMNGrBez":"Mäh- und Beweidungsarbeiten","Von_km":"4+030","Bis_km":"4+270","IDUabschn":"GFD_2","KTR":"MABEN00100","Versatz_RE":20,"Akz":"62024-09","UMn_Bemerk":"Herbstmahd in gehölzfreien Bereichen, keine Mahd zwischen den lückenhaften Gehölzbeständen","versatz":-20,"Shape_Length":410.5353858959258}},{"type":"Feature","id":506,"geometry":{"type":"LineString","coordinates":[[807747.46480000019,6853477.6314999983],[807785.5672999993,6853369.7141000032],[807784.57820000127,6853311.9104999974],[807768.03060000017,6853183.314000003]]},"properties":{"OBJECTID":506,"Massn_ID":24,"GEW":"VEC","stat_von":139900,"stat_bis":140080,"gew_seite":"R","UMnArtBez":"(Vechte), Keine Mahd des unteren Gewässersaumes (2,00m) in den Pralluferbereichen","UMNGrBez":"Mäh- und Beweidungsarbeiten","Von_km":"139+900","Bis_km":"140+080","IDUabschn":"VEC_18","KTR":"MABVE00200","Versatz_RE":20,"Akz":"62024-04","UMn_Bemerk":null,"versatz":10,"Shape_Length":301.91519492279969}},{"type":"Feature","id":507,"geometry":{"type":"LineString","coordinates":[[823267.59360000119,6925957.6590000018],[823422.50160000101,6925901.995099999]]},"properties":{"OBJECTID":507,"Massn_ID":23,"GEW":"HAS","stat_von":18000,"stat_bis":18100,"gew_seite":"R","UMnArtBez":"(Hase), Mahd der krautigen Ufersaumstreifen ab dem 01.10 jährlich alternierend auf 300-500 m langen Teilstrecken","UMNGrBez":"Mäh- und Beweidungsarbeiten","Von_km":"18+000","Bis_km":"18+100","IDUabschn":"HAS_6","KTR":"MAAHA00100","Versatz_RE":20,"Akz":"62024-03","UMn_Bemerk":null,"versatz":30,"Shape_Length":164.60546232573952}},{"type":"Feature","id":508,"geometry":{"type":"LineString","coordinates":[[802340.26850000024,6861261.5724999979],[802394.86160000041,6861260.6079000011],[802419.12139999866,6861253.3686000034],[802626.82559999824,6861145.5261000022],[802666.06899999827,6861114.7387999967],[802686.91589999944,6861084.2831000015],[802697.622299999,6861058.2132999972],[802712.47159999982,6860975.4742999971]]},"properties":{"OBJECTID":508,"Massn_ID":24,"GEW":"VEC","stat_von":133280,"stat_bis":133580,"gew_seite":"R","UMnArtBez":"(Vechte), Keine Mahd des unteren Gewässersaumes (2,00m) in den Pralluferbereichen","UMNGrBez":"Mäh- und Beweidungsarbeiten","Von_km":"133+280","Bis_km":"133+580","IDUabschn":"VEC_15","KTR":"MABVE00200","Versatz_RE":20,"Akz":"62024-04","UMn_Bemerk":null,"versatz":10,"Shape_Length":512.98034753849299}},{"type":"Feature","id":509,"geometry":{"type":"LineString","coordinates":[[773692.00439999998,6903128.514200002],[773750.9598999992,6903056.8134000003],[773769.38899999857,6903004.6595999971],[773766.32580000162,6902914.4430999979],[773723.72179999948,6902824.0952000022],[773658.30200000107,6902772.9817999974]]},"properties":{"OBJECTID":509,"Massn_ID":50,"GEW":"VEC","stat_von":93480,"stat_bis":93680,"gew_seite":"R","UMnArtBez":"Gehölzneuanpflanzungen","UMNGrBez":"Gehölzpflege, Gehölzentwicklung","Von_km":"93+480","Bis_km":"93+680","IDUabschn":"VEC_4","KTR":"MABVE00100","Versatz_RE":20,"Akz":"62024-04","UMn_Bemerk":"vorh. Gehölze ergänzen","versatz":35,"Shape_Length":421.31829378443808}},{"type":"Feature","id":510,"geometry":{"type":"LineString","coordinates":[[772448.84499999881,6904925.4208000004],[772573.78869999945,6904835.8339999989],[772642.81199999899,6904767.2088999972],[772708.93890000135,6904668.4209999964],[772771.58500000089,6904557.1270999983],[772790.75299999863,6904537.4651999995],[773429.63500000164,6904211.7990999967],[773484.88870000094,6904170.9329999983],[773519.18730000034,6904126.0676999986],[773539.78170000017,6904068.369599998],[773541.41930000111,6904010.6172000021],[773527.64990000054,6903963.5342999995],[773467.75239999965,6903843.360299997],[773449.95479999855,6903790.6332999989],[773441.04969999939,6903737.1957999989],[773442.27290000021,6903694.0768000036],[773459.91340000182,6903579.2340999991],[773511.24289999902,6903299.9209000021],[773537.61600000039,6903241.050499998],[773601.99909999967,6903172.4684000015],[773703.29320000112,6903083.8577999994],[773729.84459999949,6903042.626000002],[773744.61569999903,6903000.824500002],[773741.88459999859,6902920.3822999969],[773704.55160000175,6902841.2114999965],[773667.25569999963,6902806.9011000022],[773593.98050000146,6902757.9082999974],[773552.79030000046,6902689.5834000036],[773542.93100000173,6902656.8576999977],[773543.29120000079,6902532.7520999983]]},"properties":{"OBJECTID":510,"Massn_ID":14,"GEW":"VEC","stat_von":91980,"stat_bis":93880,"gew_seite":"R","UMnArtBez":"(Vechte) Mahd, einmalig, drei- bis fünfjährlich, zw. 01.09  und 28.02","UMNGrBez":"Mäh- und Beweidungsarbeiten","Von_km":"91+980","Bis_km":"93+880","IDUabschn":"VEC_4","KTR":"MABVE00100","Versatz_RE":20,"Akz":"62024-04","UMn_Bemerk":null,"versatz":20,"Shape_Length":3154.3699468830455}},{"type":"Feature","id":511,"geometry":{"type":"LineString","coordinates":[[764469.08509999886,6913164.3034999967],[764130.98790000007,6913059.3946999982],[763226.68070000038,6913038.7713000029]]},"properties":{"OBJECTID":511,"Massn_ID":5,"GEW":"PCK","stat_von":15900,"stat_bis":16660,"gew_seite":"L","UMnArtBez":"keine Mahd","UMNGrBez":"Mäh- und Beweidungsarbeiten","Von_km":"15+900","Bis_km":"16+660","IDUabschn":"PCK_3","KTR":"MAAVE40500","Versatz_RE":-20,"Akz":"62024-13","UMn_Bemerk":null,"versatz":20,"Shape_Length":1258.5417322789506}},{"type":"Feature","id":512,"geometry":{"type":"LineString","coordinates":[[790064.74560000002,6888255.4481000006],[790099.62390000001,6888329.7774000019]]},"properties":{"OBJECTID":512,"Massn_ID":201,"GEW":"SNK","stat_von":3740,"stat_bis":3790,"gew_seite":"L","UMnArtBez":"Mahd im Bereich der Bauwerke z.B. Schleusen, Wehranlagen, etc. Abflusshindernisse im Bereich der Bauwerke entfernen","UMNGrBez":"Bauwerke instandhalten bzw. Abfluss im Bereich von Bauwerken sicherstellen","Von_km":"3+740","Bis_km":"3+790","IDUabschn":"SNK_2","KTR":"MAAVE10100","Versatz_RE":-20,"Akz":"62024-12","UMn_Bemerk":null,"versatz":20,"Shape_Length":82.105667584927417}},{"type":"Feature","id":513,"geometry":{"type":"LineString","coordinates":[[796946.80759999901,6870706.7356000021],[797068.06940000132,6870564.5922999978],[797107.80640000105,6870525.4081000015],[797174.54610000178,6870493.2761000022],[797354.71939999983,6870452.125500001]]},"properties":{"OBJECTID":513,"Massn_ID":24,"GEW":"VEC","stat_von":124480,"stat_bis":124780,"gew_seite":"L","UMnArtBez":"(Vechte), Keine Mahd des unteren Gewässersaumes (2,00m) in den Pralluferbereichen","UMNGrBez":"Mäh- und Beweidungsarbeiten","Von_km":"124+480","Bis_km":"124+780","IDUabschn":"VEC_13","KTR":"MABVE00200","Versatz_RE":-20,"Akz":"62024-04","UMn_Bemerk":null,"versatz":-10,"Shape_Length":501.53176332204555}},{"type":"Feature","id":514,"geometry":{"type":"LineString","coordinates":[[807762.84919999912,6853483.0908000022],[807801.93499999866,6853372.3878000006],[807800.87939999998,6853310.7097999975],[807783.79600000009,6853178.5882999972],[807789.11890000105,6853117.2199999988],[807809.17749999836,6853074.5393999964],[807845.02580000088,6853033.9756999984],[808312.07189999893,6852712.4007999972],[808500.17889999971,6852590.0974999964],[808548.20080000162,6852520.250500001],[808588.50539999828,6852475.3193999976],[808621.46200000122,6852456.3170000017],[808684.12920000032,6852449.3997000009],[808889.73000000045,6852448.497299999],[808988.9422999993,6852427.6018999964],[809119.02320000157,6852380.1463000029],[809167.13859999925,6852355.8400000036],[809295.88780000061,6852258.9539000019],[809412.61670000106,6852101.9657000005],[809496.31469999999,6851903.2512999997],[809536.56450000033,6851841.264700003],[809708.68100000173,6851676.5782999992],[809826.34730000049,6851574.262000002],[809858.56760000065,6851511.9321999997],[809888.47780000046,6851240.487999998],[809903.17920000106,6851212.4660999998],[809948.15980000049,6851183.6986000016],[810080.7479000017,6851122.0275000036],[810233.89240000024,6850976.9042999968],[810264.20499999821,6850923.010300003],[810289.183699999,6850823.2934999987],[810321.67590000108,6850755.5829999968],[810541.10440000147,6850456.2744999975],[810634.08540000021,6850379.3429000005],[810687.84010000154,6850316.2947999984],[810708.61740000173,6850236.1920000017],[810692.59209999815,6850131.4637999982],[810652.2463000007,6850041.9223999977],[810584.94189999998,6849957.4078999981],[810574.72159999982,6849914.0278000012],[810586.35080000013,6849883.8840999976],[810682.60139999911,6849833.8449999988]]},"properties":{"OBJECTID":514,"Massn_ID":10,"GEW":"VEC","stat_von":139900,"stat_bis":143120,"gew_seite":"R","UMnArtBez":"(Vechte) Mahd, zweimalig, ab dem 15.07 und ab dem 01.09","UMNGrBez":"Mäh- und Beweidungsarbeiten","Von_km":"139+900","Bis_km":"143+120","IDUabschn":"VEC_18","KTR":"MABVE00200","Versatz_RE":20,"Akz":"62024-04","UMn_Bemerk":null,"versatz":20,"Shape_Length":5232.8358303168707}},{"type":"Feature","id":515,"geometry":{"type":"LineString","coordinates":[[823096.18349999934,6925976.1941],[823257.4721999988,6925943.3959000036]]},"properties":{"OBJECTID":515,"Massn_ID":9,"GEW":"HAS","stat_von":17900,"stat_bis":18000,"gew_seite":"R","UMnArtBez":"(Hase, Variante 2) Mahd,  zweimalig, ab dem 01.07 (Unterhaltungsweg und obere Hälfte der Böschung) und ab dem 01.10 (Unterhaltunsweg und ganze Böschung)","UMNGrBez":"Mäh- und Beweidungsarbeiten","Von_km":"17+900","Bis_km":"18+000","IDUabschn":"HAS_5","KTR":"MAAHA00100","Versatz_RE":20,"Akz":"62024-03","UMn_Bemerk":null,"versatz":20,"Shape_Length":164.58969187198156}},{"type":"Feature","id":516,"geometry":{"type":"LineString","coordinates":[[791155.86549999937,6946629.7399000004],[791130.58819999918,6946670.3632000014],[791123.37750000134,6946690.7622999996],[791121.62269999832,6946728.4297999963],[791132.33929999918,6946766.0975999981],[792604.94709999859,6949372.4224999994]]},"properties":{"OBJECTID":516,"Massn_ID":11,"GEW":"SNK","stat_von":41200,"stat_bis":43120,"gew_seite":"R","UMnArtBez":"(Kanäle) Mahd, einmalig, ab dem 15.06, Einseitig sind Röhrtricht- und Schilfbestände vor dem 01.09 von der Mahd auszuschließen","UMNGrBez":"Mäh- und Beweidungsarbeiten","Von_km":"41+200","Bis_km":"43+120","IDUabschn":"SNK_10","KTR":"MAAEN10100","Versatz_RE":20,"Akz":"62024-12","UMn_Bemerk":null,"versatz":-20,"Shape_Length":3139.9294883893276}},{"type":"Feature","id":517,"geometry":{"type":"LineString","coordinates":[[795842.90960000083,6871593.8839000016],[795949.03940000013,6871607.3325999975],[796033.08370000124,6871601.2679999992],[796101.09699999914,6871580.0446999967],[796188.16739999875,6871515.1171000004]]},"properties":{"OBJECTID":517,"Massn_ID":50,"GEW":"VEC","stat_von":123600,"stat_bis":123800,"gew_seite":"R","UMnArtBez":"Gehölzneuanpflanzungen","UMNGrBez":"Gehölzpflege, Gehölzentwicklung","Von_km":"123+600","Bis_km":"123+800","IDUabschn":"VEC_13","KTR":"MABVE00200","Versatz_RE":20,"Akz":"62024-04","UMn_Bemerk":"Gehölzsaum vervollständigen","versatz":35,"Shape_Length":371.10235070633217}},{"type":"Feature","id":518,"geometry":{"type":"LineString","coordinates":[[757813.68769999966,6909246.0874999985],[757837.24370000139,6909240.5029999986],[757859.4626000002,6909230.4368999973],[757919.58920000121,6909191.7810000032],[757982.48629999906,6909132.0204999968],[758048.0111999996,6909051.1589000002],[758067.50950000063,6909034.6601999998]]},"properties":{"OBJECTID":518,"Massn_ID":24,"GEW":"VEC","stat_von":80780,"stat_bis":80980,"gew_seite":"R","UMnArtBez":"(Vechte), Keine Mahd des unteren Gewässersaumes (2,00m) in den Pralluferbereichen","UMNGrBez":"Mäh- und Beweidungsarbeiten","Von_km":"80+780","Bis_km":"80+980","IDUabschn":"VEC_2","KTR":"MABVE00100","Versatz_RE":20,"Akz":"62024-04","UMn_Bemerk":null,"versatz":10,"Shape_Length":336.46207866028709}},{"type":"Feature","id":519,"geometry":{"type":"LineString","coordinates":[[800328.49670000002,6865375.2048000023],[800239.82550000027,6865358.5358000025],[800209.88010000065,6865345.3568999991],[800182.63910000026,6865323.9191000015],[800171.70800000057,6865310.5503999963]]},"properties":{"OBJECTID":519,"Massn_ID":24,"GEW":"VEC","stat_von":129480,"stat_bis":129580,"gew_seite":"L","UMnArtBez":"(Vechte), Keine Mahd des unteren Gewässersaumes (2,00m) in den Pralluferbereichen","UMNGrBez":"Mäh- und Beweidungsarbeiten","Von_km":"129+480","Bis_km":"129+580","IDUabschn":"VEC_14","KTR":"MABVE00200","Versatz_RE":-20,"Akz":"62024-04","UMn_Bemerk":null,"versatz":-10,"Shape_Length":174.87513115502995}},{"type":"Feature","id":520,"geometry":{"type":"LineString","coordinates":[[785683.79839999974,6879953.6868000031],[785751.45910000056,6879845.6557999998],[785894.48079999909,6879521.5341999978],[785992.54360000044,6879390.6785999984],[786086.75809999928,6879329.819600001],[786129.42720000073,6879308.7334000021],[786234.81599999964,6879274.235299997],[786332.82869999856,6879263.7326000035],[786405.8713000007,6879264.6548999995],[786561.81980000064,6879300.4597000033],[786613.59160000086,6879298.4362000003],[786648.49040000141,6879286.4557999969],[786680.13839999959,6879266.6832000017],[786788.42660000175,6879114.949000001],[786836.83280000091,6879061.3061000034]]},"properties":{"OBJECTID":520,"Massn_ID":10,"GEW":"KOR","stat_von":0,"stat_bis":1000,"gew_seite":"R","UMnArtBez":"(Vechte) Mahd, zweimalig, ab dem 15.07 und ab dem 01.09","UMNGrBez":"Mäh- und Beweidungsarbeiten","Von_km":"0+000","Bis_km":"1+000","IDUabschn":"KOR_1","KTR":"MABVE00400","Versatz_RE":20,"Akz":"62024-04","UMn_Bemerk":null,"versatz":20,"Shape_Length":1632.2356239214628}},{"type":"Feature","id":521,"geometry":{"type":"LineString","coordinates":[]},"properties":{"OBJECTID":521,"Massn_ID":400,"GEW":"GFD","stat_von":4065,"stat_bis":4065,"gew_seite":"R","UMnArtBez":"(Dinkel, A) \tBauwerke und Anlagen instand halten","UMNGrBez":"Bauwerkunterhaltung","Von_km":"4+065","Bis_km":"4+065","IDUabschn":"GFD_2","KTR":"MABEN00100","Versatz_RE":20,"Akz":"62024-09","UMn_Bemerk":"Stützpunkt Lehe mit Bootshaus","versatz":-25,"Shape_Length":0}},{"type":"Feature","id":522,"geometry":{"type":"LineString","coordinates":[[793067.79050000012,6872861.3073000014],[793123.7435999997,6872780.4745000005]]},"properties":{"OBJECTID":522,"Massn_ID":201,"GEW":"VEC","stat_von":121540,"stat_bis":121600,"gew_seite":"L","UMnArtBez":"Mahd im Bereich der Bauwerke z.B. Schleusen, Wehranlagen, etc. Abflusshindernisse im Bereich der Bauwerke entfernen","UMNGrBez":"Bauwerke instandhalten bzw. Abfluss im Bereich von Bauwerken sicherstellen","Von_km":"121+540","Bis_km":"121+600","IDUabschn":"VEC_12","KTR":"MABVE00200","Versatz_RE":-20,"Akz":"62024-04","UMn_Bemerk":"Wehr Brandlecht","versatz":-25,"Shape_Length":98.30916007956283}},{"type":"Feature","id":523,"geometry":{"type":"LineString","coordinates":[[766320.1810999997,6909526.5605000034],[766389.6854000017,6909434.8693000004]]},"properties":{"OBJECTID":523,"Massn_ID":50,"GEW":"VEC","stat_von":86780,"stat_bis":86850,"gew_seite":"L","UMnArtBez":"Gehölzneuanpflanzungen","UMNGrBez":"Gehölzpflege, Gehölzentwicklung","Von_km":"86+780","Bis_km":"86+850","IDUabschn":"VEC_3","KTR":"MABVE00100","Versatz_RE":-20,"Akz":"62024-04","UMn_Bemerk":null,"versatz":-35,"Shape_Length":115.05704618477084}},{"type":"Feature","id":524,"geometry":{"type":"LineString","coordinates":[[813731.05270000175,6885296.3545999974],[813622.85649999976,6885096.3498999998],[813581.79780000076,6885027.9544999972],[813553.15700000152,6884996.358099997],[813037.61769999936,6884655.4567999989]]},"properties":{"OBJECTID":524,"Massn_ID":6,"GEW":"EVK","stat_von":0,"stat_bis":600,"gew_seite":"R","UMnArtBez":"(Kanäle) Mahd, zweimalig, ab dem 15.06 und ab dem ???, Einseitig sind Röhrtricht- und Schilfbestände vor dem 01.09 von der Mahd auszuschließen","UMNGrBez":"Mäh- und Beweidungsarbeiten","Von_km":"0+000","Bis_km":"0+600","IDUabschn":"EVK_1","KTR":"MAAVE20200","Versatz_RE":20,"Akz":"62024-10","UMn_Bemerk":null,"versatz":-20,"Shape_Length":967.8700693694675}},{"type":"Feature","id":525,"geometry":{"type":"LineString","coordinates":[[790354.23099999875,6930714.7449000031],[790385.60619999841,6931215.8576999977],[790395.82660000026,6931843.6366999969]]},"properties":{"OBJECTID":525,"Massn_ID":6,"GEW":"SNK","stat_von":31485,"stat_bis":32170,"gew_seite":"L","UMnArtBez":"(Kanäle) Mahd, zweimalig, ab dem 15.06 und ab dem ???, Einseitig sind Röhrtricht- und Schilfbestände vor dem 01.09 von der Mahd auszuschließen","UMNGrBez":"Mäh- und Beweidungsarbeiten","Von_km":"31+485","Bis_km":"32+170","IDUabschn":"SNK_8","KTR":"MAAEN10100","Versatz_RE":-20,"Akz":"62024-12","UMn_Bemerk":null,"versatz":20,"Shape_Length":1129.9562462496281}},{"type":"Feature","id":526,"geometry":{"type":"LineString","coordinates":[[753463.15879999846,6911105.6460999995],[753512.25149999931,6911180.700000003],[753616.03049999848,6911247.8131999969],[753721.73849999905,6911275.5716999993],[753784.39880000055,6911275.5195999965]]},"properties":{"OBJECTID":526,"Massn_ID":50,"GEW":"VEC","stat_von":77700,"stat_bis":77900,"gew_seite":"R","UMnArtBez":"Gehölzneuanpflanzungen","UMNGrBez":"Gehölzpflege, Gehölzentwicklung","Von_km":"77+700","Bis_km":"77+900","IDUabschn":"VEC_1","KTR":"MABVE00100","Versatz_RE":20,"Akz":"62024-04","UMn_Bemerk":null,"versatz":35,"Shape_Length":385.22507523048586}},{"type":"Feature","id":527,"geometry":{"type":"LineString","coordinates":[[805348.13760000095,6856786.8071999997],[805269.93589999899,6856640.4209000021],[805230.93160000071,6856559.6024999991],[805204.5278000012,6856494.2331999987],[805185.81850000098,6856439.8378000036],[805112.86180000007,6856180.9530000016],[805096.73730000108,6856090.7355000004],[805085.09180000052,6855972.1939999983],[805083.16939999908,6855828.6415000036],[805111.38709999993,6855579.378700003],[805135.29410000145,6855477.1774000004],[805154.62959999964,6855411.6740999967],[805169.09739999846,6855373.1080000028],[805190.22810000181,6855334.3382999972],[805256.43140000105,6855244.319600001],[805301.04710000008,6855202.1708000004],[805340.07959999889,6855172.5139999986],[805397.31109999865,6855138.7804000005],[805441.02050000057,6855118.6140000001],[805542.96539999917,6855081.5986000001],[805688.59589999914,6855046.7635999992],[805892.45839999989,6855004.9680000022]]},"properties":{"OBJECTID":527,"Massn_ID":24,"GEW":"VEC","stat_von":136980,"stat_bis":138380,"gew_seite":"L","UMnArtBez":"(Vechte), Keine Mahd des unteren Gewässersaumes (2,00m) in den Pralluferbereichen","UMNGrBez":"Mäh- und Beweidungsarbeiten","Von_km":"136+980","Bis_km":"138+380","IDUabschn":"VEC_17","KTR":"MABVE00200","Versatz_RE":-20,"Akz":"62024-04","UMn_Bemerk":null,"versatz":-10,"Shape_Length":2319.4860631865286}},{"type":"Feature","id":528,"geometry":{"type":"LineString","coordinates":[[774926.09640000015,6892492.753200002],[774981.14959999919,6892412.5749000013],[775059.76330000162,6892365.5926000029]]},"properties":{"OBJECTID":528,"Massn_ID":50,"GEW":"VEC","stat_von":101600,"stat_bis":101700,"gew_seite":"L","UMnArtBez":"Gehölzneuanpflanzungen","UMNGrBez":"Gehölzpflege, Gehölzentwicklung","Von_km":"101+600","Bis_km":"101+700","IDUabschn":"VEC_5","KTR":"MABVE00100","Versatz_RE":-20,"Akz":"62024-04","UMn_Bemerk":null,"versatz":-35,"Shape_Length":188.84254631454294}},{"type":"Feature","id":529,"geometry":{"type":"LineString","coordinates":[[767210.80970000103,6908775.3985999972],[767291.26150000095,6908728.9543000013],[767377.94339999929,6908696.2298000008],[767958.84629999846,6908571.7116999999],[768037.09090000018,6908542.9197999984],[768135.45600000024,6908482.0988000035],[768254.06700000167,6908368.5832000002],[768543.66209999844,6907976.2167000026]]},"properties":{"OBJECTID":529,"Massn_ID":14,"GEW":"VEC","stat_von":87480,"stat_bis":88480,"gew_seite":"L","UMnArtBez":"(Vechte) Mahd, einmalig, drei- bis fünfjährlich, zw. 01.09  und 28.02","UMNGrBez":"Mäh- und Beweidungsarbeiten","Von_km":"87+480","Bis_km":"88+480","IDUabschn":"VEC_3","KTR":"MABVE00100","Versatz_RE":-20,"Akz":"62024-04","UMn_Bemerk":null,"versatz":-20,"Shape_Length":1630.5133459217834}},{"type":"Feature","id":530,"geometry":{"type":"LineString","coordinates":[[816589.15619999915,6985463.3228999972],[816209.60779999942,6985609.0896999985]]},"properties":{"OBJECTID":530,"Massn_ID":52,"GEW":"GFD","stat_von":4270,"stat_bis":4515,"gew_seite":"L","UMnArtBez":"(Dinkel, G) Gehölze pflegen und entwickeln","UMNGrBez":"Gehölzpflege, Gehölzentwicklung","Von_km":"4+270","Bis_km":"4+515","IDUabschn":"GFD_2","KTR":"MABEN00100","Versatz_RE":-20,"Akz":"62024-09","UMn_Bemerk":"Bestand pflegen, Einkürzen von Ästen ist als Einzelfallentscheidung zulässig zur Verkehrssicherungspflicht","versatz":35,"Shape_Length":406.57711190494888}},{"type":"Feature","id":531,"geometry":{"type":"LineString","coordinates":[[853102.43279999867,6928296.6560000032],[853185.0298999995,6928272.3976000026],[853396.26300000027,6928173.8646000028],[853528.53119999915,6928143.3096000031],[853625.19640000165,6928146.0146000013],[853955.12429999933,6928233.632100001]]},"properties":{"OBJECTID":531,"Massn_ID":400,"GEW":"HAS","stat_von":51970,"stat_bis":52526,"gew_seite":"R","UMnArtBez":"(Dinkel, A) \tBauwerke und Anlagen instand halten","UMNGrBez":"Bauwerkunterhaltung","Von_km":"51+970","Bis_km":"52+526","IDUabschn":"HAS_16","KTR":"MABHA00200","Versatz_RE":20,"Akz":"62024-03","UMn_Bemerk":"Verwallung bei Bedarf instand halten (wasserseitig) für den Hochwasserschutz","versatz":25,"Shape_Length":892.98816626868165}},{"type":"Feature","id":532,"geometry":{"type":"LineString","coordinates":[[795334.41039999947,6871707.7797999978],[795382.24489999935,6871691.8088999987],[795424.5661999993,6871664.8985999972],[795458.78240000084,6871620.6077999994],[795513.7061999999,6871482.7710999995],[795535.71070000157,6871464.1278999969]]},"properties":{"OBJECTID":532,"Massn_ID":24,"GEW":"VEC","stat_von":123180,"stat_bis":123380,"gew_seite":"R","UMnArtBez":"(Vechte), Keine Mahd des unteren Gewässersaumes (2,00m) in den Pralluferbereichen","UMNGrBez":"Mäh- und Beweidungsarbeiten","Von_km":"123+180","Bis_km":"123+380","IDUabschn":"VEC_13","KTR":"MABVE00200","Versatz_RE":20,"Akz":"62024-04","UMn_Bemerk":null,"versatz":10,"Shape_Length":333.76747943490682}},{"type":"Feature","id":533,"geometry":{"type":"LineString","coordinates":[[766285.66349999979,6909706.4918000028],[766322.50910000131,6909606.2176000029],[766346.378800001,6909560.9518999979],[766387.25219999999,6909501.2591999993],[766483.70659999922,6909389.3073000014],[766526.27930000052,6909348.1453000009],[766576.44179999828,6909306.7589000016]]},"properties":{"OBJECTID":533,"Massn_ID":24,"GEW":"VEC","stat_von":86680,"stat_bis":86980,"gew_seite":"L","UMnArtBez":"(Vechte), Keine Mahd des unteren Gewässersaumes (2,00m) in den Pralluferbereichen","UMNGrBez":"Mäh- und Beweidungsarbeiten","Von_km":"86+680","Bis_km":"86+980","IDUabschn":"VEC_3","KTR":"MABVE00100","Versatz_RE":-20,"Akz":"62024-04","UMn_Bemerk":null,"versatz":-10,"Shape_Length":502.37020486433352}},{"type":"Feature","id":534,"geometry":{"type":"LineString","coordinates":[[787824.20320000127,6880234.2564999983],[786886.3161999993,6880309.3295999989]]},"properties":{"OBJECTID":534,"Massn_ID":5,"GEW":"EVK","stat_von":17095,"stat_bis":17670,"gew_seite":"R","UMnArtBez":"keine Mahd","UMNGrBez":"Mäh- und Beweidungsarbeiten","Von_km":"17+095","Bis_km":"17+670","IDUabschn":"EVK_3","KTR":"MAAVE20200","Versatz_RE":20,"Akz":"62024-10","UMn_Bemerk":null,"versatz":-20,"Shape_Length":940.88681312705864}},{"type":"Feature","id":535,"geometry":{"type":"LineString","coordinates":[[810511.72679999843,6850537.0050000027],[810558.90579999983,6850473.3540999964],[810600.43919999897,6850438.9897999987]]},"properties":{"OBJECTID":535,"Massn_ID":50,"GEW":"VEC","stat_von":142580,"stat_bis":142670,"gew_seite":"R","UMnArtBez":"Gehölzneuanpflanzungen","UMNGrBez":"Gehölzpflege, Gehölzentwicklung","Von_km":"142+580","Bis_km":"142+670","IDUabschn":"VEC_19","KTR":"MABVE00200","Versatz_RE":20,"Akz":"62024-04","UMn_Bemerk":"oh. Brücke/Stau Oeding/Erdel","versatz":35,"Shape_Length":133.13604694516661}},{"type":"Feature","id":536,"geometry":{"type":"LineString","coordinates":[[756541.48420000076,6909997.2168999985],[756566.12180000171,6909971.5762000009],[756643.84600000083,6909907.175999999],[756708.10799999908,6909879.8523999974],[756776.03759999946,6909868.4720999971],[756872.8729000017,6909863.5698999986],[756925.74540000036,6909834.704400003]]},"properties":{"OBJECTID":536,"Massn_ID":24,"GEW":"VEC","stat_von":79820,"stat_bis":80080,"gew_seite":"L","UMnArtBez":"(Vechte), Keine Mahd des unteren Gewässersaumes (2,00m) in den Pralluferbereichen","UMNGrBez":"Mäh- und Beweidungsarbeiten","Von_km":"79+820","Bis_km":"80+080","IDUabschn":"VEC_2","KTR":"MABVE00100","Versatz_RE":-20,"Akz":"62024-04","UMn_Bemerk":null,"versatz":-10,"Shape_Length":432.40109477621667}},{"type":"Feature","id":537,"geometry":{"type":"LineString","coordinates":[[807436.20560000092,6853897.1300999969],[807584.3825000003,6853749.3880999982],[807632.10350000113,6853697.1797000021],[807673.42540000007,6853643.0790000036],[807694.68510000035,6853612.2986000031],[807708.84010000154,6853584.1466000006],[807729.23919999972,6853535.5358000025],[807747.64290000126,6853477.0980999991]]},"properties":{"OBJECTID":537,"Massn_ID":24,"GEW":"VEC","stat_von":139580,"stat_bis":139900,"gew_seite":"R","UMnArtBez":"(Vechte), Keine Mahd des unteren Gewässersaumes (2,00m) in den Pralluferbereichen","UMNGrBez":"Mäh- und Beweidungsarbeiten","Von_km":"139+580","Bis_km":"139+900","IDUabschn":"VEC_17","KTR":"MABVE00200","Versatz_RE":20,"Akz":"62024-04","UMn_Bemerk":null,"versatz":10,"Shape_Length":530.95834498067416}},{"type":"Feature","id":538,"geometry":{"type":"LineString","coordinates":[[773746.58720000088,6896480.6407999992],[773759.84589999914,6896441.5500999987],[773757.64620000124,6896379.6722000018]]},"properties":{"OBJECTID":538,"Massn_ID":50,"GEW":"VEC","stat_von":98770,"stat_bis":98820,"gew_seite":"R","UMnArtBez":"Gehölzneuanpflanzungen","UMNGrBez":"Gehölzpflege, Gehölzentwicklung","Von_km":"98+770","Bis_km":"98+820","IDUabschn":"VEC_5","KTR":"MABVE00100","Versatz_RE":20,"Akz":"62024-04","UMn_Bemerk":null,"versatz":35,"Shape_Length":103.19501858433185}},{"type":"Feature","id":539,"geometry":{"type":"LineString","coordinates":[[758055.25690000132,6908954.4513000026],[758116.76480000094,6908918.1019999981],[758214.94170000032,6908881.9077999964],[758312.09679999948,6908872.7713999972],[758402.58540000021,6908881.7255999967]]},"properties":{"OBJECTID":539,"Massn_ID":50,"GEW":"VEC","stat_von":81000,"stat_bis":81200,"gew_seite":"L","UMnArtBez":"Gehölzneuanpflanzungen","UMNGrBez":"Gehölzpflege, Gehölzentwicklung","Von_km":"81+000","Bis_km":"81+200","IDUabschn":"VEC_2","KTR":"MABVE00100","Versatz_RE":-20,"Akz":"62024-04","UMn_Bemerk":null,"versatz":-35,"Shape_Length":364.59617901808201}},{"type":"Feature","id":540,"geometry":{"type":"LineString","coordinates":[[775669.57699999958,6884784.438500002],[775583.03200000152,6884702.1821999997],[775525.2789000012,6884597.3667000011],[775419.44359999895,6883898.0913999975],[775365.66149999946,6883719.2685000002],[775254.94399999827,6883496.6212000027]]},"properties":{"OBJECTID":540,"Massn_ID":50,"GEW":"DIN","stat_von":5600,"stat_bis":6430,"gew_seite":"L","UMnArtBez":"Gehölzneuanpflanzungen","UMNGrBez":"Gehölzpflege, Gehölzentwicklung","Von_km":"5+600","Bis_km":"6+430","IDUabschn":"DIN_4","KTR":"MABVE00300","Versatz_RE":-20,"Akz":"62024-05","UMn_Bemerk":"(4-l-2)oh.  Brücke Grenzstraße bis Ende Abholzung Pappeln","versatz":-35,"Shape_Length":1381.703697427185}},{"type":"Feature","id":541,"geometry":{"type":"LineString","coordinates":[[819003.96629999951,6983641.5878999978],[818809.78029999882,6983822.9183999971]]},"properties":{"OBJECTID":541,"Massn_ID":17,"GEW":"GFD","stat_von":2370,"stat_bis":2530,"gew_seite":"R","UMnArtBez":"(Goidfischdever) 1-malige Mahd der Böschungen (Herbstmahd), ab dem 1. September","UMNGrBez":"Mäh- und Beweidungsarbeiten","Von_km":"2+370","Bis_km":"2+530","IDUabschn":"GFD_1","KTR":"MABEN00100","Versatz_RE":20,"Akz":"62024-09","UMn_Bemerk":"Herbstmahd in gehölzfreien Bereichen,\r\nkeine Mahd zwischen den lückenhaften Gehölzbeständen","versatz":-20,"Shape_Length":265.68581600498584}},{"type":"Feature","id":542,"geometry":{"type":"LineString","coordinates":[[809843.20859999955,6851221.3628999963],[809865.90590000153,6851178.1005999967],[809924.59340000153,6851140.5671999976],[809975.04720000178,6851117.1001999974]]},"properties":{"OBJECTID":542,"Massn_ID":24,"GEW":"VEC","stat_von":141980,"stat_bis":142080,"gew_seite":"L","UMnArtBez":"(Vechte), Keine Mahd des unteren Gewässersaumes (2,00m) in den Pralluferbereichen","UMNGrBez":"Mäh- und Beweidungsarbeiten","Von_km":"141+980","Bis_km":"142+080","IDUabschn":"VEC_18","KTR":"MABVE00200","Versatz_RE":-20,"Akz":"62024-04","UMn_Bemerk":null,"versatz":-10,"Shape_Length":174.16243162956815}},{"type":"Feature","id":543,"geometry":{"type":"LineString","coordinates":[[844915.59750000015,6925171.9588999972],[845091.38630000129,6925146.6603000015],[845743.6334999986,6925022.8971000016],[845880.81850000098,6924970.3901999965],[845952.20219999924,6924924.9807000011],[846025.59640000015,6924868.4275000021],[846062.56560000032,6924829.1273000017],[846169.10509999841,6924685.5769999996],[846335.23589999974,6924415.2980000004],[846521.17430000007,6924072.5191000029],[846613.97320000082,6923926.7100000009],[846667.82050000131,6923857.2204999998],[846732.17029999942,6923793.0903000012],[846794.83190000057,6923742.9399999976],[846855.17960000038,6923701.4673999995],[846915.08529999852,6923673.4126000032],[847098.38549999893,6923610.3020000011],[847314.78819999844,6923555.0239000022]]},"properties":{"OBJECTID":543,"Massn_ID":8,"GEW":"HAS","stat_von":44700,"stat_bis":46580,"gew_seite":"L","UMnArtBez":"(Hase, Variante 1) Mahd, zweimalig, ab dem 15.06 (Unterhaltungsweg und obere Hälfte der Böschung) und am dem 15.09 (Unterhaltungsweg und ganze Böschung)","UMNGrBez":"Mäh- und Beweidungsarbeiten","Von_km":"44+700","Bis_km":"46+580","IDUabschn":"HAS_14","KTR":"MAAHA00100","Versatz_RE":-20,"Akz":"62024-03","UMn_Bemerk":null,"versatz":-20,"Shape_Length":3094.0116768356352}},{"type":"Feature","id":544,"geometry":{"type":"LineString","coordinates":[[769951.51720000058,6906767.3316000029],[770005.88670000061,6906715.0547000021],[770130.76330000162,6906633.6577000022]]},"properties":{"OBJECTID":544,"Massn_ID":50,"GEW":"VEC","stat_von":89650,"stat_bis":89780,"gew_seite":"L","UMnArtBez":"Gehölzneuanpflanzungen","UMNGrBez":"Gehölzpflege, Gehölzentwicklung","Von_km":"89+650","Bis_km":"89+780","IDUabschn":"VEC_3","KTR":"MABVE00100","Versatz_RE":-20,"Akz":"62024-04","UMn_Bemerk":"uh. Grabeneinmündung","versatz":-35,"Shape_Length":224.4874349802225}},{"type":"Feature","id":545,"geometry":{"type":"LineString","coordinates":[[762724.58949999884,6909346.2531000003],[762790.29470000044,6909393.1165999994],[762819.60579999909,6909427.2415999994],[762857.9635999985,6909480.8963000029],[762921.99870000035,6909609.7431999967],[762944.97030000016,6909638.5288000032],[762970.38729999959,6909659.5173999965],[763031.87669999897,6909681.4010000005],[763199.49210000038,6909687.5613999963]]},"properties":{"OBJECTID":545,"Massn_ID":10,"GEW":"VEC","stat_von":83980,"stat_bis":84380,"gew_seite":"L","UMnArtBez":"(Vechte) Mahd, zweimalig, ab dem 15.07 und ab dem 01.09","UMNGrBez":"Mäh- und Beweidungsarbeiten","Von_km":"83+980","Bis_km":"84+380","IDUabschn":"VEC_3","KTR":"MABVE00100","Versatz_RE":-20,"Akz":"62024-04","UMn_Bemerk":null,"versatz":-20,"Shape_Length":638.31490855121024}},{"type":"Feature","id":546,"geometry":{"type":"LineString","coordinates":[[788271.31830000132,6878081.3874000013],[788300.27430000156,6878010.1767000034],[788338.41560000181,6877941.7524999976],[788409.89999999851,6877859.8545000032],[788456.39900000021,6877825.387500003],[788527.71330000088,6877787.8638999984],[788591.64660000056,6877757.9127999991],[788748.23200000077,6877712.4371000007],[789089.15419999883,6877675.0459000021],[789286.08940000087,6877627.7867999971],[789457.33029999956,6877556.7637000009],[789570.87689999864,6877484.8696999997],[789669.24940000102,6877396.0873000026],[789770.36290000007,6877284.869099997],[789812.7771999985,6877216.9937999994],[789878.45899999887,6877093.5395999998],[789909.03480000049,6876996.8059],[789923.4123999998,6876928.2594000027],[789929.46829999983,6876790.5929000005],[789905.27309999987,6876436.0411000028]]},"properties":{"OBJECTID":546,"Massn_ID":10,"GEW":"VEC","stat_von":116480,"stat_bis":118100,"gew_seite":"R","UMnArtBez":"(Vechte) Mahd, zweimalig, ab dem 15.07 und ab dem 01.09","UMNGrBez":"Mäh- und Beweidungsarbeiten","Von_km":"116+480","Bis_km":"118+100","IDUabschn":"VEC_10","KTR":"MABVE00200","Versatz_RE":20,"Akz":"62024-04","UMn_Bemerk":null,"versatz":20,"Shape_Length":2668.6742643368784}},{"type":"Feature","id":547,"geometry":{"type":"LineString","coordinates":[[788036.72269999981,6884418.8020000011],[788088.61290000007,6884471.2682999969]]},"properties":{"OBJECTID":547,"Massn_ID":201,"GEW":"SNK","stat_von":1070,"stat_bis":1115,"gew_seite":"L","UMnArtBez":"Mahd im Bereich der Bauwerke z.B. Schleusen, Wehranlagen, etc. Abflusshindernisse im Bereich der Bauwerke entfernen","UMNGrBez":"Bauwerke instandhalten bzw. Abfluss im Bereich von Bauwerken sicherstellen","Von_km":"1+070","Bis_km":"1+115","IDUabschn":"SNK_2","KTR":"MAAVE10100","Versatz_RE":-20,"Akz":"62024-12","UMn_Bemerk":null,"versatz":20,"Shape_Length":73.792313226472189}},{"type":"Feature","id":548,"geometry":{"type":"LineString","coordinates":[[800606.45910000056,6865728.2858999968],[800597.97729999945,6865689.8338000029],[800598.47619999945,6865665.0639000013],[800604.50169999897,6865620.9843999967],[800625.63509999961,6865560.3391000032]]},"properties":{"OBJECTID":548,"Massn_ID":24,"GEW":"VEC","stat_von":129080,"stat_bis":129180,"gew_seite":"L","UMnArtBez":"(Vechte), Keine Mahd des unteren Gewässersaumes (2,00m) in den Pralluferbereichen","UMNGrBez":"Mäh- und Beweidungsarbeiten","Von_km":"129+080","Bis_km":"129+180","IDUabschn":"VEC_13","KTR":"MABVE00200","Versatz_RE":-20,"Akz":"62024-04","UMn_Bemerk":null,"versatz":-10,"Shape_Length":172.8628606733472}},{"type":"Feature","id":549,"geometry":{"type":"LineString","coordinates":[[800519.31450000033,6866026.1242000014],[800550.21209999919,6865947.1600999981],[800602.00310000032,6865876.4452999979],[800616.8916000016,6865835.7678999975],[800611.31590000167,6865788.2202000022],[800581.183699999,6865691.6577999964],[800588.29520000145,6865617.9548000023],[800628.55660000071,6865497.7568000033],[800626.91369999945,6865451.9613000005],[800620.33089999855,6865436.9971000031]]},"properties":{"OBJECTID":549,"Massn_ID":10,"GEW":"VEC","stat_von":128870,"stat_bis":129270,"gew_seite":"L","UMnArtBez":"(Vechte) Mahd, zweimalig, ab dem 15.07 und ab dem 01.09","UMNGrBez":"Mäh- und Beweidungsarbeiten","Von_km":"128+870","Bis_km":"129+270","IDUabschn":"VEC_13","KTR":"MABVE00200","Versatz_RE":-20,"Akz":"62024-04","UMn_Bemerk":null,"versatz":-20,"Shape_Length":627.77057554982423}},{"type":"Feature","id":550,"geometry":{"type":"LineString","coordinates":[[817849.00690000132,6926275.8598999977],[817861.40980000049,6926483.5002999976],[817902.98519999906,6926686.2006999999],[817995.65799999982,6927000.6198000014],[818001.04960000142,6927009.1441999972],[818009.31599999964,6927014.509800002],[818021.27129999921,6927017.0424000025],[818040.6576000005,6927013.6167000011],[818077.11070000008,6926995.1050999984],[818162.5326000005,6926934.2704999968],[818217.60110000148,6926909.1017000005],[818270.22529999912,6926902.7937000021],[818309.14750000089,6926909.8725000024],[818347.37029999867,6926931.0758000016],[818668.28009999916,6927172.8192000017],[818711.45670000091,6927197.0970999971],[818777.51570000127,6927218.4796999991],[818895.62029999867,6927243.4874000028],[819107.83179999888,6927273.8894999996],[819167.38919999823,6927276.6731999964],[819321.93829999864,6927259.7879000008],[819648.25250000134,6927135.1411999986],[819853.29459999874,6927049.4614000022]]},"properties":{"OBJECTID":550,"Massn_ID":8,"GEW":"HAS","stat_von":7600,"stat_bis":9325,"gew_seite":"L","UMnArtBez":"(Hase, Variante 1) Mahd, zweimalig, ab dem 15.06 (Unterhaltungsweg und obere Hälfte der Böschung) und am dem 15.09 (Unterhaltungsweg und ganze Böschung)","UMNGrBez":"Mäh- und Beweidungsarbeiten","Von_km":"7+600","Bis_km":"9+325","IDUabschn":"HAS_3","KTR":"MAAHA00100","Versatz_RE":-20,"Akz":"62024-03","UMn_Bemerk":"insbesondere soll die Trasse des Fuß-/Radweges, der zwischen Bokeloh und Hofe auf dem Unterhaltungsstreifen verläuft, zugunsten der Befahrbarkeit freigehalten werden.","versatz":-20,"Shape_Length":2779.6137109625261}},{"type":"Feature","id":551,"geometry":{"type":"LineString","coordinates":[[787002.60990000144,6903755.7320000008],[786950.00189999864,6903727.7597000003],[786872.08170000091,6903667.3454999998]]},"properties":{"OBJECTID":551,"Massn_ID":6,"GEW":"PCK","stat_von":0,"stat_bis":100,"gew_seite":"L","UMnArtBez":"(Kanäle) Mahd, zweimalig, ab dem 15.06 und ab dem ???, Einseitig sind Röhrtricht- und Schilfbestände vor dem 01.09 von der Mahd auszuschließen","UMNGrBez":"Mäh- und Beweidungsarbeiten","Von_km":"0+000","Bis_km":"0+100","IDUabschn":"PCK_1","KTR":"MAAVE40500","Versatz_RE":-20,"Akz":"62024-13","UMn_Bemerk":null,"versatz":20,"Shape_Length":158.17963456975178}},{"type":"Feature","id":552,"geometry":{"type":"LineString","coordinates":[[790171.00659999996,6888332.6884000003],[790336.71939999983,6888695.9804999977],[790516.59910000116,6889114.945100002],[790549.621199999,6889259.5987000018],[790546.5951000005,6889375.9715000018],[790534.76799999923,6889451.5447999984],[790001.61870000139,6891462.7106999978],[789997.66860000044,6891506.6984999999],[790003.82600000128,6891598.2626999989],[790185.91349999979,6892196.1044000015],[790183.50070000067,6892264.4114999995],[790164.36600000039,6892322.1336999983],[790072.46119999886,6892518.9012999982],[789962.42049999908,6892785.0297999978],[789729.11960000172,6893934.8669999987]]},"properties":{"OBJECTID":552,"Massn_ID":6,"GEW":"SNK","stat_von":3810,"stat_bis":7355,"gew_seite":"R","UMnArtBez":"(Kanäle) Mahd, zweimalig, ab dem 15.06 und ab dem ???, Einseitig sind Röhrtricht- und Schilfbestände vor dem 01.09 von der Mahd auszuschließen","UMNGrBez":"Mäh- und Beweidungsarbeiten","Von_km":"3+810","Bis_km":"7+355","IDUabschn":"SNK_3","KTR":"MAAVE10100","Versatz_RE":20,"Akz":"62024-12","UMn_Bemerk":null,"versatz":-20,"Shape_Length":5845.6370454015014}},{"type":"Feature","id":553,"geometry":{"type":"LineString","coordinates":[[775089.57389999926,6892355.5258999988],[775125.67179999873,6892313.7547999993],[775147.94629999995,6892272.4768999964],[775155.7949000001,6892249.2553000003],[775155.90929999948,6892189.2744999975],[775134.68600000069,6892139.2480999976],[775014.40100000054,6891966.824000001],[774968.37000000104,6891873.0751999989],[774837.78299999982,6891250.1511999965],[774824.33379999921,6891123.9069000036],[774831.63060000166,6891057.2697999999],[774946.43400000036,6890752.615199998],[774954.75970000029,6890697.6432999969],[774952.85159999877,6890674.9840999991],[774937.94689999893,6890624.6569000036],[774856.08850000054,6890514.4528999999],[774842.20230000094,6890483.3216999993],[774825.62049999833,6890432.9641000032],[774812.34079999849,6890320.3990999982],[774827.03999999911,6890208.2690000013],[774855.89880000055,6890151.0439999998],[774922.06469999999,6890077.0868000016],[775008.49540000036,6890020.3241000026],[775144.43400000036,6889996.3954999968]]},"properties":{"OBJECTID":553,"Massn_ID":7,"GEW":"DIN","stat_von":20,"stat_bis":1650,"gew_seite":"L","UMnArtBez":"(Dinkel, B) 2-malige Mahd. Erste Mahd nach dem 15. Juni, zweite Mahd ab dem 1. September","UMNGrBez":"Mäh- und Beweidungsarbeiten","Von_km":"0+020","Bis_km":"1+650","IDUabschn":"DIN_1","KTR":"MABVE00300","Versatz_RE":-20,"Akz":"62024-05","UMn_Bemerk":"1-B","versatz":-20,"Shape_Length":2698.0509964535681}},{"type":"Feature","id":554,"geometry":{"type":"LineString","coordinates":[[757871.29289999977,6909269.7730000019],[757944.60370000079,6909224.7541000023],[758010.08830000088,6909162.494599998]]},"properties":{"OBJECTID":554,"Massn_ID":50,"GEW":"VEC","stat_von":80800,"stat_bis":80900,"gew_seite":"R","UMnArtBez":"Gehölzneuanpflanzungen","UMNGrBez":"Gehölzpflege, Gehölzentwicklung","Von_km":"80+800","Bis_km":"80+900","IDUabschn":"VEC_2","KTR":"MABVE00100","Versatz_RE":20,"Akz":"62024-04","UMn_Bemerk":null,"versatz":35,"Shape_Length":176.38758257505737}},{"type":"Feature","id":555,"geometry":{"type":"LineString","coordinates":[[800922.17779999971,6866942.7409999967],[800935.53440000117,6866879.0925000012],[800935.01880000159,6866800.7175000012]]},"properties":{"OBJECTID":555,"Massn_ID":50,"GEW":"VEC","stat_von":128250,"stat_bis":128330,"gew_seite":"R","UMnArtBez":"Gehölzneuanpflanzungen","UMNGrBez":"Gehölzpflege, Gehölzentwicklung","Von_km":"128+250","Bis_km":"128+330","IDUabschn":"VEC_13","KTR":"MABVE00200","Versatz_RE":20,"Akz":"62024-04","UMn_Bemerk":null,"versatz":35,"Shape_Length":143.41153519434968}},{"type":"Feature","id":556,"geometry":{"type":"LineString","coordinates":[[781769.58480000123,6884973.0728999972],[781846.06340000033,6884803.0789000019],[781941.56839999929,6884686.4610999972],[781915.01720000058,6884537.7010999992],[781925.47289999947,6884464.7863000035],[782015.82360000163,6884376.8316999972],[782065.14519999921,6884355.5556999967],[782121.27479999885,6884348.1062000021],[782183.14310000092,6884385.9059000015],[782238.41759999841,6884562.624499999],[782258.76330000162,6884590.2828999981],[782299.752700001,6884614.1749000028],[782341.61309999973,6884609.9173000008],[782494.1501000002,6884562.3044999987],[782586.12280000001,6884555.1339000016],[782667.49350000173,6884562.3883000016],[782830.89539999887,6884624.3461000025],[782917.34439999983,6884637.6975999996],[783016.93010000139,6884625.0722000003],[783178.64820000157,6884566.5082999989]]},"properties":{"OBJECTID":556,"Massn_ID":50,"GEW":"VEC","stat_von":109000,"stat_bis":110225,"gew_seite":"L","UMnArtBez":"Gehölzneuanpflanzungen","UMNGrBez":"Gehölzpflege, Gehölzentwicklung","Von_km":"109+000","Bis_km":"110+225","IDUabschn":"VEC_6","KTR":"MABVE00100","Versatz_RE":-20,"Akz":"62024-04","UMn_Bemerk":"Im Projektgebiet Gehölzsäume vervollständigen","versatz":-35,"Shape_Length":2048.2065188212346}},{"type":"Feature","id":557,"geometry":{"type":"LineString","coordinates":[]},"properties":{"OBJECTID":557,"Massn_ID":10,"GEW":"VEC","stat_von":null,"stat_bis":145550,"gew_seite":"R","UMnArtBez":"(Vechte) Mahd, zweimalig, ab dem 15.07 und ab dem 01.09","UMNGrBez":"Mäh- und Beweidungsarbeiten","Von_km":"","Bis_km":"145+550","IDUabschn":"VEC_19","KTR":"MABVE00200","Versatz_RE":20,"Akz":"62024-04","UMn_Bemerk":null,"versatz":20,"Shape_Length":0}},{"type":"Feature","id":558,"geometry":{"type":"LineString","coordinates":[[788225.84470000118,6878062.8037],[788255.93800000101,6877988.7972000018],[788298.0645999983,6877913.2246000022],[788376.43910000101,6877823.4334999993],[788430.3814000003,6877783.449500002],[788573.84840000048,6877711.8867999986],[788674.941300001,6877678.4068000019],[788739.39840000123,6877663.8562000021],[788792.58100000024,6877659.6670999974]]},"properties":{"OBJECTID":558,"Massn_ID":24,"GEW":"VEC","stat_von":116480,"stat_bis":116920,"gew_seite":"L","UMnArtBez":"(Vechte), Keine Mahd des unteren Gewässersaumes (2,00m) in den Pralluferbereichen","UMNGrBez":"Mäh- und Beweidungsarbeiten","Von_km":"116+480","Bis_km":"116+920","IDUabschn":"VEC_10","KTR":"MABVE00200","Versatz_RE":-20,"Akz":"62024-04","UMn_Bemerk":"bis Brücke 403","versatz":-10,"Shape_Length":738.98562235743032}},{"type":"Feature","id":559,"geometry":{"type":"LineString","coordinates":[[763436.99329999834,6909914.2048999965],[763463.01440000162,6909952.2208999991],[763509.59699999914,6910005.3315000013],[763543.27950000018,6910033.6543999985],[763609.14279999956,6910062.0106000006],[763684.69150000066,6910081.6032000035],[763765.87150000036,6910085.7507999986],[763884.44669999927,6910072.0647]]},"properties":{"OBJECTID":559,"Massn_ID":24,"GEW":"VEC","stat_von":84580,"stat_bis":84880,"gew_seite":"R","UMnArtBez":"(Vechte), Keine Mahd des unteren Gewässersaumes (2,00m) in den Pralluferbereichen","UMNGrBez":"Mäh- und Beweidungsarbeiten","Von_km":"84+580","Bis_km":"84+880","IDUabschn":"VEC_3","KTR":"MABVE00100","Versatz_RE":20,"Akz":"62024-04","UMn_Bemerk":null,"versatz":10,"Shape_Length":511.12549981585954}},{"type":"Feature","id":560,"geometry":{"type":"LineString","coordinates":[[788088.18879999965,6884470.8313999996],[788296.94909999892,6884689.8896000013],[788520.61639999971,6884942.553199999],[788632.47190000117,6885102.1447999999],[788692.1425999999,6885209.5050000027],[789208.09039999917,6886313.0681999996],[790064.42790000141,6888254.7498999983]]},"properties":{"OBJECTID":560,"Massn_ID":5,"GEW":"SNK","stat_von":1115,"stat_bis":3740,"gew_seite":"L","UMnArtBez":"keine Mahd","UMNGrBez":"Mäh- und Beweidungsarbeiten","Von_km":"1+115","Bis_km":"3+740","IDUabschn":"SNK_2","KTR":"MAAVE10100","Versatz_RE":-20,"Akz":"62024-12","UMn_Bemerk":null,"versatz":20,"Shape_Length":4298.1060383638815}},{"type":"Feature","id":561,"geometry":{"type":"LineString","coordinates":[[790770.89249999821,6936442.0117999986],[790788.89750000089,6936622.891900003]]},"properties":{"OBJECTID":561,"Massn_ID":11,"GEW":"SNK","stat_von":34965,"stat_bis":35075,"gew_seite":"R","UMnArtBez":"(Kanäle) Mahd, einmalig, ab dem 15.06, Einseitig sind Röhrtricht- und Schilfbestände vor dem 01.09 von der Mahd auszuschließen","UMNGrBez":"Mäh- und Beweidungsarbeiten","Von_km":"34+965","Bis_km":"35+075","IDUabschn":"SNK_9","KTR":"MAAEN10100","Versatz_RE":20,"Akz":"62024-12","UMn_Bemerk":null,"versatz":-20,"Shape_Length":181.77400970075254}},{"type":"Feature","id":562,"geometry":{"type":"LineString","coordinates":[[753487.13010000065,6911046.0864999965],[753494.94330000132,6911077.8078999966],[753511.48539999872,6911114.8194999993],[753542.27939999849,6911150.8554999977],[753585.17170000076,6911184.2071999982],[753632.90980000049,6911209.510300003],[753667.65379999951,6911221.6524000019],[753727.40430000052,6911234.3765999973],[753789.51619999856,6911234.3249000013],[753934.34629999846,6911215.0288999975],[754036.97899999842,6911200.0187000036],[754093.82119999826,6911181.6291000023],[754129.71689999849,6911156.8430999964],[754165.32459999993,6911121.3667000011],[754207.4541000016,6911070.1583999991]]},"properties":{"OBJECTID":562,"Massn_ID":24,"GEW":"VEC","stat_von":77680,"stat_bis":78180,"gew_seite":"R","UMnArtBez":"(Vechte), Keine Mahd des unteren Gewässersaumes (2,00m) in den Pralluferbereichen","UMNGrBez":"Mäh- und Beweidungsarbeiten","Von_km":"77+680","Bis_km":"78+180","IDUabschn":"VEC_1","KTR":"MABVE00100","Versatz_RE":20,"Akz":"62024-04","UMn_Bemerk":null,"versatz":10,"Shape_Length":858.75425406116904}},{"type":"Feature","id":563,"geometry":{"type":"LineString","coordinates":[[799777.02100000158,6862535.7875000015],[799871.65830000117,6862445.4148000032]]},"properties":{"OBJECTID":563,"Massn_ID":50,"GEW":"VEC","stat_von":131440,"stat_bis":131520,"gew_seite":"L","UMnArtBez":"Gehölzneuanpflanzungen","UMNGrBez":"Gehölzpflege, Gehölzentwicklung","Von_km":"131+440","Bis_km":"131+520","IDUabschn":"VEC_15","KTR":"MABVE00200","Versatz_RE":-20,"Akz":"62024-04","UMn_Bemerk":null,"versatz":-35,"Shape_Length":130.85657589972115}},{"type":"Feature","id":564,"geometry":{"type":"LineString","coordinates":[[773194.66409999877,6900150.0376999974],[773204.83159999922,6900094.7725000009],[773220.55160000175,6900050.6013000011],[773237.51749999821,6900019.9628999978],[773258.93470000103,6899995.1938000023],[773287.4459999986,6899970.4523999989],[773371.99859999865,6899932.0988999978],[773408.85640000179,6899912.1296999976]]},"properties":{"OBJECTID":564,"Massn_ID":24,"GEW":"VEC","stat_von":95680,"stat_bis":95880,"gew_seite":"L","UMnArtBez":"(Vechte), Keine Mahd des unteren Gewässersaumes (2,00m) in den Pralluferbereichen","UMNGrBez":"Mäh- und Beweidungsarbeiten","Von_km":"95+680","Bis_km":"95+880","IDUabschn":"VEC_5","KTR":"MABVE00100","Versatz_RE":-20,"Akz":"62024-04","UMn_Bemerk":null,"versatz":-10,"Shape_Length":343.35855365601805}},{"type":"Feature","id":565,"geometry":{"type":"LineString","coordinates":[[773477.66550000012,6902530.8950999975],[773500.38540000096,6902105.7823999971],[773508.94319999963,6902042.6850000024],[773559.50019999966,6901891.2876999974],[773564.93189999834,6901855.9183000028],[773558.69689999893,6901774.9958999977],[773511.49590000138,6901654.5610999987],[773497.74769999832,6901586.8546999991],[773490.46330000088,6901522.7744000033],[773496.98869999871,6901459.0869000033],[773569.29879999906,6901236.6152999997],[773610.4384999983,6901166.0372999981],[773753.57829999924,6900965.0688000023],[773770.69370000064,6900914.4139000028],[773770.66189999878,6900863.4017999992],[773760.37840000167,6900818.5900000036],[773730.55959999934,6900774.2358999997],[773690.68719999865,6900740.9598999992],[773635.1213000007,6900714.8170000017],[773563.89149999991,6900695.8165000007],[773252.33089999855,6900637.8062999994],[773181.40949999914,6900609.5104999989],[773137.4897999987,6900580.8509000018],[773106.87939999998,6900544.2832000032],[773084.26669999957,6900491.4746999964],[773076.83630000055,6900415.6010999978],[773083.44750000164,6900375.9409999996],[773155.07559999824,6900234.9817999974],[773189.46110000089,6900088.6184],[773223.47210000083,6900010.496799998],[773277.16580000147,6899957.2267000005],[773409.56989999861,6899892.8888999969],[773439.61290000007,6899868.6441000029],[773469.63019999862,6899826.1731000021],[773482.98350000009,6899791.9710000008],[773569.75659999996,6899368.0160999969],[773611.86190000176,6899283.7298000008],[773667.93840000033,6899227.0785999969],[773716.66050000116,6899202.5423000008],[773847.64490000159,6899161.8251999989],[773884.33309999853,6899145.617399998],[773911.51880000159,6899123.3202000037],[774138.79919999838,6898884.0415000021],[774146.91200000048,6898866.2387999967],[774195.65909999982,6898546.1748000011],[774183.30009999871,6898473.5881000012],[774172.09650000185,6898456.3408000022],[774126.1072999984,6898421.9034999982],[774015.33889999986,6898389.9974000007],[773923.10640000179,6898342.2490999997],[773883.61690000072,6898281.7479000017],[773871.26940000057,6898240.7762999982],[773871.08460000157,6898163.7515999973],[773883.62959999964,6898110.0749000013],[773964.53759999946,6897953.0223999992],[773982.38269999996,6897905.6076999977],[773987.36950000003,6897857.0935000032],[773983.40579999983,6897821.8918000013],[773942.15540000051,6897745.135300003],[773902.77769999951,6897715.1336999983],[773781.18939999864,6897663.2987999991]]},"properties":{"OBJECTID":565,"Massn_ID":10,"GEW":"VEC","stat_von":93880,"stat_bis":97680,"gew_seite":"L","UMnArtBez":"(Vechte) Mahd, zweimalig, ab dem 15.07 und ab dem 01.09","UMNGrBez":"Mäh- und Beweidungsarbeiten","Von_km":"93+880","Bis_km":"97+680","IDUabschn":"VEC_5","KTR":"MABVE00100","Versatz_RE":-20,"Akz":"62024-04","UMn_Bemerk":null,"versatz":-20,"Shape_Length":6202.6775623935764}},{"type":"Feature","id":566,"geometry":{"type":"LineString","coordinates":[[788530.99890000001,6880164.2943999991],[788196.07250000164,6880186.1400000006]]},"properties":{"OBJECTID":566,"Massn_ID":6,"GEW":"EVK","stat_von":16660,"stat_bis":16865,"gew_seite":"R","UMnArtBez":"(Kanäle) Mahd, zweimalig, ab dem 15.06 und ab dem ???, Einseitig sind Röhrtricht- und Schilfbestände vor dem 01.09 von der Mahd auszuschließen","UMNGrBez":"Mäh- und Beweidungsarbeiten","Von_km":"16+660","Bis_km":"16+865","IDUabschn":"EVK_2","KTR":"MAAVE20200","Versatz_RE":20,"Akz":"62024-10","UMn_Bemerk":null,"versatz":-20,"Shape_Length":335.63808433384338}},{"type":"Feature","id":567,"geometry":{"type":"LineString","coordinates":[[807701.94150000066,6853239.8857999966],[807693.09950000048,6853154.1486999989],[807706.96240000054,6853070.5362000018],[807775.26399999857,6852977.0458000004]]},"properties":{"OBJECTID":567,"Massn_ID":50,"GEW":"VEC","stat_von":140050,"stat_bis":140200,"gew_seite":"L","UMnArtBez":"Gehölzneuanpflanzungen","UMNGrBez":"Gehölzpflege, Gehölzentwicklung","Von_km":"140+050","Bis_km":"140+200","IDUabschn":"VEC_18","KTR":"MABVE00200","Versatz_RE":-20,"Akz":"62024-04","UMn_Bemerk":"Gehölzsaum vervollständigen","versatz":-35,"Shape_Length":286.72816424084658}},{"type":"Feature","id":568,"geometry":{"type":"LineString","coordinates":[[748689.59120000154,6911240.3794],[748751.29699999839,6911222.5274000019],[749016.20360000059,6911183.0131999999],[749131.17080000043,6911178.2721000016],[749207.79850000143,6911222.7185999975],[749257.60229999945,6911295.3893999979],[749267.79019999877,6911335.2038000003],[749262.96420000121,6911458.313000001],[749267.34290000051,6911501.0437000021],[749292.07310000062,6911567.8359000012],[749303.17190000042,6911579.1459999979],[749365.16189999878,6911608.9562000036],[749413.18699999899,6911616.9231999964],[749462.93299999833,6911614.2726000026],[749623.06469999999,6911582.8381000012]]},"properties":{"OBJECTID":568,"Massn_ID":14,"GEW":"VEC","stat_von":74180,"stat_bis":74980,"gew_seite":"L","UMnArtBez":"(Vechte) Mahd, einmalig, drei- bis fünfjährlich, zw. 01.09  und 28.02","UMNGrBez":"Mäh- und Beweidungsarbeiten","Von_km":"74+180","Bis_km":"74+980","IDUabschn":"VEC_1","KTR":"MABVE00100","Versatz_RE":-20,"Akz":"62024-04","UMn_Bemerk":"Froschkraut, Sumpf-Schwertlilie, Blaue Feder\u0002libelle, Gemeine Keiljungfer","versatz":-20,"Shape_Length":1248.6189426584299}},{"type":"Feature","id":569,"geometry":{"type":"LineString","coordinates":[[798741.70859999955,6869142.6511000022],[798898.40040000156,6868975.4253999963]]},"properties":{"OBJECTID":569,"Massn_ID":50,"GEW":"VEC","stat_von":126080,"stat_bis":126220,"gew_seite":"L","UMnArtBez":"Gehölzneuanpflanzungen","UMNGrBez":"Gehölzpflege, Gehölzentwicklung","Von_km":"126+080","Bis_km":"126+220","IDUabschn":"VEC_13","KTR":"MABVE00200","Versatz_RE":-20,"Akz":"62024-04","UMn_Bemerk":null,"versatz":-35,"Shape_Length":229.16534408659842}},{"type":"Feature","id":570,"geometry":{"type":"LineString","coordinates":[[803689.86160000041,6859680.2634999976],[803711.253800001,6859651.7409999967],[803748.75519999862,6859619.8694000021],[803936.70780000091,6859355.0860000029],[804150.10570000112,6859114.264200002],[804239.877700001,6858998.9566000029],[804471.61630000174,6858583.8985000029]]},"properties":{"OBJECTID":570,"Massn_ID":10,"GEW":"VEC","stat_von":134740,"stat_bis":135570,"gew_seite":"L","UMnArtBez":"(Vechte) Mahd, zweimalig, ab dem 15.07 und ab dem 01.09","UMNGrBez":"Mäh- und Beweidungsarbeiten","Von_km":"134+740","Bis_km":"135+570","IDUabschn":"VEC_16","KTR":"MABVE00200","Versatz_RE":-20,"Akz":"62024-04","UMn_Bemerk":null,"versatz":-20,"Shape_Length":1352.8474924823679}},{"type":"Feature","id":571,"geometry":{"type":"LineString","coordinates":[[792901.31760000065,6953107.179899998],[789013.04509999976,6954977.7136000022]]},"properties":{"OBJECTID":571,"Massn_ID":11,"GEW":"HRK","stat_von":10865,"stat_bis":13475,"gew_seite":"L","UMnArtBez":"(Kanäle) Mahd, einmalig, ab dem 15.06, Einseitig sind Röhrtricht- und Schilfbestände vor dem 01.09 von der Mahd auszuschließen","UMNGrBez":"Mäh- und Beweidungsarbeiten","Von_km":"10+865","Bis_km":"13+475","IDUabschn":"HRK_3","KTR":"MAAEN20300","Versatz_RE":-20,"Akz":"62024-16","UMn_Bemerk":null,"versatz":20,"Shape_Length":4314.8069895552317}},{"type":"Feature","id":572,"geometry":{"type":"LineString","coordinates":[[796208.98660000041,6871324.9948000014],[796342.33729999885,6871231.3110999987]]},"properties":{"OBJECTID":572,"Massn_ID":50,"GEW":"VEC","stat_von":123880,"stat_bis":123980,"gew_seite":"L","UMnArtBez":"Gehölzneuanpflanzungen","UMNGrBez":"Gehölzpflege, Gehölzentwicklung","Von_km":"123+880","Bis_km":"123+980","IDUabschn":"VEC_13","KTR":"MABVE00200","Versatz_RE":-20,"Akz":"62024-04","UMn_Bemerk":null,"versatz":-35,"Shape_Length":162.96945982691054}},{"type":"Feature","id":573,"geometry":{"type":"LineString","coordinates":[[808460.35060000047,6852645.6067999974],[808517.33570000157,6852608.120099999],[808575.29349999875,6852526.1730000004]]},"properties":{"OBJECTID":573,"Massn_ID":50,"GEW":"VEC","stat_von":140650,"stat_bis":140740,"gew_seite":"R","UMnArtBez":"Gehölzneuanpflanzungen","UMNGrBez":"Gehölzpflege, Gehölzentwicklung","Von_km":"140+650","Bis_km":"140+740","IDUabschn":"VEC_18","KTR":"MABVE00200","Versatz_RE":20,"Akz":"62024-04","UMn_Bemerk":null,"versatz":35,"Shape_Length":168.58111385243029}},{"type":"Feature","id":574,"geometry":{"type":"LineString","coordinates":[[834417.76509999856,6921822.4690999985],[834404.71379999816,6921740.4860000014],[834232.52730000019,6921441.860799998],[834193.58630000055,6921338.0276999995],[834178.43090000004,6921176.2609999999],[834176.70650000125,6920894.1944999993],[834091.20859999955,6920529.6221000031],[834091.22329999879,6920322.4958999977],[834120.98020000011,6920138.3567000031],[834179.12159999833,6919965.4856000021],[834209.0196999982,6919911.0610999987],[834270.8797999993,6919837.1075000018],[834337.31980000064,6919791.6010999978],[834449.41629999876,6919734.3281000033],[834574.19729999825,6919568.1821999997],[834594.50629999861,6919555.741899997],[834600.46130000055,6919555.1653999984],[834664.18090000004,6919570.764200002],[834732.66450000182,6919618.1838999987],[834899.23160000145,6919766.8078999966],[834979.04639999941,6919857.5569000021],[835026.55680000037,6919925.810800001],[835074.23910000175,6920019.3859999999],[835087.72060000151,6920077.1991999969],[835098.73580000177,6920140.5979999974],[835094.38569999859,6920350.4584000036],[835106.44480000064,6920410.7444000021],[835138.11659999937,6920443.8423999995],[835180.22659999877,6920466.0584999993],[835387.44799999893,6920489.0151000023],[835520.10119999945,6920519.9047999978],[835773.56839999929,6920658.0248999968],[836177.41349999979,6920931.5693000033]]},"properties":{"OBJECTID":574,"Massn_ID":23,"GEW":"HAS","stat_von":34580,"stat_bis":37580,"gew_seite":"R","UMnArtBez":"(Hase), Mahd der krautigen Ufersaumstreifen ab dem 01.10 jährlich alternierend auf 300-500 m langen Teilstrecken","UMNGrBez":"Mäh- und Beweidungsarbeiten","Von_km":"34+580","Bis_km":"37+580","IDUabschn":"HAS_10","KTR":"MAAHA00100","Versatz_RE":20,"Akz":"62024-03","UMn_Bemerk":null,"versatz":30,"Shape_Length":4826.987042122204}},{"type":"Feature","id":575,"geometry":{"type":"LineString","coordinates":[[773479.96689999849,6904150.307599999],[773504.59109999985,6904118.0973000005],[773523.44110000134,6904065.2866000012],[773524.93100000173,6904012.751000002],[773512.21159999818,6903969.2585000023],[773471.90769999847,6903895.8752000034],[773446.78669999912,6903832.6775000021]]},"properties":{"OBJECTID":575,"Massn_ID":24,"GEW":"VEC","stat_von":92780,"stat_bis":92980,"gew_seite":"R","UMnArtBez":"(Vechte), Keine Mahd des unteren Gewässersaumes (2,00m) in den Pralluferbereichen","UMNGrBez":"Mäh- und Beweidungsarbeiten","Von_km":"92+780","Bis_km":"92+980","IDUabschn":"VEC_4","KTR":"MABVE00100","Versatz_RE":20,"Akz":"62024-04","UMn_Bemerk":null,"versatz":10,"Shape_Length":346.21972504426378}},{"type":"Feature","id":576,"geometry":{"type":"LineString","coordinates":[[805539.75739999861,6857079.8488999978],[805524.003800001,6857025.5300000012],[805475.99199999869,6856919.4237999991],[805348.02019999921,6856686.2202999964],[805250.45450000092,6856476.8893000036],[805160.61690000072,6856169.7622999996],[805145.33799999952,6856084.2787000015],[805131.26520000026,6855908.8025000021]]},"properties":{"OBJECTID":576,"Massn_ID":10,"GEW":"VEC","stat_von":136770,"stat_bis":137540,"gew_seite":"R","UMnArtBez":"(Vechte) Mahd, zweimalig, ab dem 15.07 und ab dem 01.09","UMNGrBez":"Mäh- und Beweidungsarbeiten","Von_km":"136+770","Bis_km":"137+540","IDUabschn":"VEC_17","KTR":"MABVE00200","Versatz_RE":20,"Akz":"62024-04","UMn_Bemerk":null,"versatz":20,"Shape_Length":1252.8548976553764}},{"type":"Feature","id":577,"geometry":{"type":"LineString","coordinates":[[755595.0326000005,6916882.0144999996],[755237.12640000135,6917268.7968999967]]},"properties":{"OBJECTID":577,"Massn_ID":5,"GEW":"PCK","stat_von":22040,"stat_bis":22360,"gew_seite":"R","UMnArtBez":"keine Mahd","UMNGrBez":"Mäh- und Beweidungsarbeiten","Von_km":"22+040","Bis_km":"22+360","IDUabschn":"PCK_5","KTR":"MAAVE40500","Versatz_RE":20,"Akz":"62024-13","UMn_Bemerk":null,"versatz":-20,"Shape_Length":526.97008733453038}},{"type":"Feature","id":578,"geometry":{"type":"LineString","coordinates":[[775505.67440000176,6887373.943400003],[775546.47349999845,6887279.8271000013],[775677.90790000185,6887094.8778999969]]},"properties":{"OBJECTID":578,"Massn_ID":14,"GEW":"DIN","stat_von":3500,"stat_bis":3705,"gew_seite":"R","UMnArtBez":"(Dinkel, B) mehrjährlich keine Mahd, Uferstaudenfluren werden in gehölzarmen Böschungsbereichen entwickelt","UMNGrBez":"Mäh- und Beweidungsarbeiten","Von_km":"3+500","Bis_km":"3+705","IDUabschn":"DIN_3","KTR":"MABVE00300","Versatz_RE":20,"Akz":"62024-05","UMn_Bemerk":"3-B-1 (Libellen, Eisvogel)","versatz":20,"Shape_Length":329.47367412509288}},{"type":"Feature","id":579,"geometry":{"type":"LineString","coordinates":[[798566.7052000016,6869622.6468999982],[798724.90830000117,6869248.1745999977],[798748.95609999821,6869199.6058000028],[798778.40560000017,6869161.7141000032],[798985.4096999988,6868943.0424999967],[799044.55600000173,6868897.556599997],[799107.18420000002,6868867.3198999986],[799148.46310000122,6868855.1662999988]]},"properties":{"OBJECTID":579,"Massn_ID":24,"GEW":"VEC","stat_von":125780,"stat_bis":126380,"gew_seite":"L","UMnArtBez":"(Vechte), Keine Mahd des unteren Gewässersaumes (2,00m) in den Pralluferbereichen","UMNGrBez":"Mäh- und Beweidungsarbeiten","Von_km":"125+780","Bis_km":"126+380","IDUabschn":"VEC_13","KTR":"MABVE00200","Versatz_RE":-20,"Akz":"62024-04","UMn_Bemerk":null,"versatz":-10,"Shape_Length":997.00678369699062}},{"type":"Feature","id":580,"geometry":{"type":"LineString","coordinates":[[771473.83419999853,6905908.9299999997],[771450.565200001,6905867.3976000026],[771322.96799999848,6905703.7493999973],[771295.45569999889,6905655.0324999988],[771278.96889999881,6905599.0147999972],[771278.03449999914,6905515.9623999968],[771287.3273999989,6905471.4474999979],[771315.62790000066,6905412.2541000023],[771354.42940000072,6905358.4378999993],[771409.57330000028,6905303.0455000028],[771493.20850000158,6905249.1414000019],[771557.10379999876,6905218.3047999963],[771701.85350000113,6905176.2861000001],[771750.54800000042,6905172.1516000032],[771857.82690000162,6905173.1115000024]]},"properties":{"OBJECTID":580,"Massn_ID":24,"GEW":"VEC","stat_von":90880,"stat_bis":91580,"gew_seite":"L","UMnArtBez":"(Vechte), Keine Mahd des unteren Gewässersaumes (2,00m) in den Pralluferbereichen","UMNGrBez":"Mäh- und Beweidungsarbeiten","Von_km":"90+880","Bis_km":"91+580","IDUabschn":"VEC_3","KTR":"MABVE00100","Versatz_RE":-20,"Akz":"62024-04","UMn_Bemerk":null,"versatz":-10,"Shape_Length":1185.4383239046344}},{"type":"Feature","id":581,"geometry":{"type":"LineString","coordinates":[[789031.57360000163,6910970.5583000034],[789090.93039999902,6911047.3139000013],[789302.98570000008,6911365.9122999981]]},"properties":{"OBJECTID":581,"Massn_ID":6,"GEW":"SNK","stat_von":19280,"stat_bis":19570,"gew_seite":"R","UMnArtBez":"(Kanäle) Mahd, zweimalig, ab dem 15.06 und ab dem ???, Einseitig sind Röhrtricht- und Schilfbestände vor dem 01.09 von der Mahd auszuschließen","UMNGrBez":"Mäh- und Beweidungsarbeiten","Von_km":"19+280","Bis_km":"19+570","IDUabschn":"SNK_6","KTR":"MAAVE10100","Versatz_RE":20,"Akz":"62024-12","UMn_Bemerk":null,"versatz":-20,"Shape_Length":479.7462446233007}},{"type":"Feature","id":582,"geometry":{"type":"LineString","coordinates":[[836234.0540000014,6920850.5],[836378.53280000016,6920955.613499999],[836545.57800000161,6921133.2135000005],[836659.4635999985,6921225.8461000025],[836859.05600000173,6921338.498999998],[837279.54030000046,6921533.4187999964],[837396.25059999898,6921616.0143999979],[837510.45329999924,6921730.4539000019],[837614.71889999881,6921866.3370999992],[837690.38320000097,6921985.3209000006],[837742.64020000026,6922216.4359000027],[837762.65069999918,6922447.5419000015]]},"properties":{"OBJECTID":582,"Massn_ID":23,"GEW":"HAS","stat_von":37580,"stat_bis":38980,"gew_seite":"L","UMnArtBez":"(Hase), Mahd der krautigen Ufersaumstreifen ab dem 01.10 jährlich alternierend auf 300-500 m langen Teilstrecken","UMNGrBez":"Mäh- und Beweidungsarbeiten","Von_km":"37+580","Bis_km":"38+980","IDUabschn":"HAS_11","KTR":"MAAHA00100","Versatz_RE":-20,"Akz":"62024-03","UMn_Bemerk":null,"versatz":-30,"Shape_Length":2347.797632745212}},{"type":"Feature","id":583,"geometry":{"type":"LineString","coordinates":[[757383.62810000032,6909619.2440000027],[757432.22060000151,6909599.2035999969],[757478.7862999998,6909555.4849999994],[757533.21389999986,6909445.4496000037]]},"properties":{"OBJECTID":583,"Massn_ID":50,"GEW":"VEC","stat_von":80400,"stat_bis":80520,"gew_seite":"R","UMnArtBez":"Gehölzneuanpflanzungen","UMNGrBez":"Gehölzpflege, Gehölzentwicklung","Von_km":"80+400","Bis_km":"80+520","IDUabschn":"VEC_2","KTR":"MABVE00100","Versatz_RE":20,"Akz":"62024-04","UMn_Bemerk":null,"versatz":35,"Shape_Length":239.1957340274046}},{"type":"Feature","id":584,"geometry":{"type":"LineString","coordinates":[[800404.13419999927,6868623.7393999994],[800475.03570000082,6868494.7967000008]]},"properties":{"OBJECTID":584,"Massn_ID":50,"GEW":"VEC","stat_von":127160,"stat_bis":127250,"gew_seite":"R","UMnArtBez":"Gehölzneuanpflanzungen","UMNGrBez":"Gehölzpflege, Gehölzentwicklung","Von_km":"127+160","Bis_km":"127+250","IDUabschn":"VEC_13","KTR":"MABVE00200","Versatz_RE":20,"Akz":"62024-04","UMn_Bemerk":"Gehölzsaum vervollständigen","versatz":35,"Shape_Length":147.1504080368218}},{"type":"Feature","id":585,"geometry":{"type":"LineString","coordinates":[[774338.5700000003,6893983.4477000013],[774417.17199999839,6893912.0700000003],[774436.35449999943,6893865.4096999988]]},"properties":{"OBJECTID":585,"Massn_ID":50,"GEW":"VEC","stat_von":100620,"stat_bis":100700,"gew_seite":"R","UMnArtBez":"Gehölzneuanpflanzungen","UMNGrBez":"Gehölzpflege, Gehölzentwicklung","Von_km":"100+620","Bis_km":"100+700","IDUabschn":"VEC_5","KTR":"MABVE00100","Versatz_RE":20,"Akz":"62024-04","UMn_Bemerk":null,"versatz":35,"Shape_Length":156.62412102699039}},{"type":"Feature","id":586,"geometry":{"type":"LineString","coordinates":[[810649.30099999905,6849777.7199999988],[810800.88720000163,6849674.9055000022],[811344.65419999883,6849353.0209999979],[811504.70499999821,6849113.8084999993],[811514.58229999989,6849067.6560999975]]},"properties":{"OBJECTID":586,"Massn_ID":14,"GEW":"VEC","stat_von":143120,"stat_bis":143840,"gew_seite":"L","UMnArtBez":"(Vechte) Mahd, einmalig, drei- bis fünfjährlich, zw. 01.09  und 28.02","UMNGrBez":"Mäh- und Beweidungsarbeiten","Von_km":"143+120","Bis_km":"143+840","IDUabschn":"VEC_19","KTR":"MABVE00200","Versatz_RE":-20,"Akz":"62024-04","UMn_Bemerk":"bis oberhalb Sohlgleite","versatz":-20,"Shape_Length":1150.0750560775766}},{"type":"Feature","id":587,"geometry":{"type":"LineString","coordinates":[[756705.90230000019,6909838.6350999996],[756828.14220000058,6909824.7119000033]]},"properties":{"OBJECTID":587,"Massn_ID":50,"GEW":"VEC","stat_von":79940,"stat_bis":80015,"gew_seite":"L","UMnArtBez":"Gehölzneuanpflanzungen","UMNGrBez":"Gehölzpflege, Gehölzentwicklung","Von_km":"79+940","Bis_km":"80+015","IDUabschn":"VEC_2","KTR":"MABVE00100","Versatz_RE":-20,"Akz":"62024-04","UMn_Bemerk":"uh. Brücke Wildestraße","versatz":-35,"Shape_Length":123.03027534003408}},{"type":"Feature","id":588,"geometry":{"type":"LineString","coordinates":[[790420.00730000064,6930710.6075000018],[790437.02710000053,6930982.6054000035]]},"properties":{"OBJECTID":588,"Massn_ID":6,"GEW":"SNK","stat_von":31485,"stat_bis":31650,"gew_seite":"R","UMnArtBez":"(Kanäle) Mahd, zweimalig, ab dem 15.06 und ab dem ???, Einseitig sind Röhrtricht- und Schilfbestände vor dem 01.09 von der Mahd auszuschließen","UMNGrBez":"Mäh- und Beweidungsarbeiten","Von_km":"31+485","Bis_km":"31+650","IDUabschn":"SNK_8","KTR":"MAAEN10100","Versatz_RE":20,"Akz":"62024-12","UMn_Bemerk":null,"versatz":-20,"Shape_Length":272.5298721193214}},{"type":"Feature","id":589,"geometry":{"type":"LineString","coordinates":[[751685.51330000162,6911451.436300002],[751731.6147999987,6911354.440700002],[751811.30339999869,6911276.2186999992],[752290.80799999833,6911060.6400000006],[752319.80079999939,6911052.1525000036],[752372.45949999988,6911062.316200003],[752479.44350000098,6911144.4593999982],[752528.55020000041,6911173.9768999964],[752575.82160000131,6911184.2378999963],[752624.23849999905,6911186.9592999965],[752704.19530000165,6911168.6330000013],[752774.86450000107,6911109.4055999964]]},"properties":{"OBJECTID":589,"Massn_ID":21,"GEW":"VEC","stat_von":76280,"stat_bis":77080,"gew_seite":"R","UMnArtBez":"(Vechte) Röhriricht-, Schilfsaum belassen","UMNGrBez":"Mäh- und Beweidungsarbeiten","Von_km":"76+280","Bis_km":"77+080","IDUabschn":"VEC_1","KTR":"MABVE00100","Versatz_RE":null,"Akz":"62024-04","UMn_Bemerk":null,"versatz":30,"Shape_Length":1291.9143628595268}},{"type":"Feature","id":590,"geometry":{"type":"LineString","coordinates":[[804479.29219999909,6858719.7714999989],[804535.63670000061,6858620.064199999]]},"properties":{"OBJECTID":590,"Massn_ID":201,"GEW":"VEC","stat_von":135500,"stat_bis":135570,"gew_seite":"R","UMnArtBez":"Mahd im Bereich der Bauwerke z.B. Schleusen, Wehranlagen, etc. Abflusshindernisse im Bereich der Bauwerke entfernen","UMNGrBez":"Bauwerke instandhalten bzw. Abfluss im Bereich von Bauwerken sicherstellen","Von_km":"135+500","Bis_km":"135+570","IDUabschn":"VEC_16","KTR":"MABVE00200","Versatz_RE":20,"Akz":"62024-04","UMn_Bemerk":"Wehr Schüttorf","versatz":25,"Shape_Length":114.52619068881093}},{"type":"Feature","id":591,"geometry":{"type":"LineString","coordinates":[[773524.10779999942,6900671.4464000016],[773257.72300000116,6900622.0744000003],[773226.74060000107,6900613.173299998],[773188.48000000045,6900594.490199998],[773148.49240000173,6900568.3966000006],[773121.00820000097,6900535.563500002],[773100.69849999994,6900488.1335999966],[773092.60480000079,6900448.6468999982],[773093.55680000037,6900415.1270999983],[773099.2452000007,6900381.0024999976],[773142.32800000161,6900299.8645000011]]},"properties":{"OBJECTID":591,"Massn_ID":24,"GEW":"VEC","stat_von":95180,"stat_bis":95580,"gew_seite":"L","UMnArtBez":"(Vechte), Keine Mahd des unteren Gewässersaumes (2,00m) in den Pralluferbereichen","UMNGrBez":"Mäh- und Beweidungsarbeiten","Von_km":"95+180","Bis_km":"95+580","IDUabschn":"VEC_5","KTR":"MABVE00100","Versatz_RE":-20,"Akz":"62024-04","UMn_Bemerk":null,"versatz":-10,"Shape_Length":688.20053322992931}},{"type":"Feature","id":592,"geometry":{"type":"LineString","coordinates":[[781049.03599999845,6886866.2290000021],[781109.82440000027,6886811.9063000008],[781295.39979999885,6886550.0556999967],[781455.52710000053,6886412.8444999978],[781547.7901000008,6886312.6411999986],[781609.69509999827,6886163.9368000031],[781621.63069999963,6886015.4959999993]]},"properties":{"OBJECTID":592,"Massn_ID":21,"GEW":"VEC","stat_von":107680,"stat_bis":108300,"gew_seite":"R","UMnArtBez":"(Vechte) Röhriricht-, Schilfsaum belassen","UMNGrBez":"Mäh- und Beweidungsarbeiten","Von_km":"107+680","Bis_km":"108+300","IDUabschn":"VEC_6","KTR":"MABVE00100","Versatz_RE":null,"Akz":"62024-04","UMn_Bemerk":null,"versatz":35,"Shape_Length":1059.5451200849504}},{"type":"Feature","id":593,"geometry":{"type":"LineString","coordinates":[[776430.30739999935,6886179.7233000025],[776616.05840000138,6885546.820600003],[776614.36169999838,6885453.3911999986],[776585.32209999859,6885369.3803000003],[776544.59919999912,6885302.8879999965],[776502.29300000146,6885257.4752999991],[775710.79060000181,6884703.9963999987],[775654.59789999947,6884645.9513000026],[775628.81560000032,6884606.6436000019],[775612.16310000047,6884569.2679999992],[775512.28200000152,6883903.0719999969],[775472.86279999837,6883747.1093999967],[775424.18010000139,6883629.2325000018],[775145.43210000172,6883075.7282000035],[775088.89079999924,6882993.2150999978],[774971.78330000117,6882866.4676999971]]},"properties":{"OBJECTID":593,"Massn_ID":12,"GEW":"DIN","stat_von":4450,"stat_bis":6850,"gew_seite":"R","UMnArtBez":"(Dinkel, B) einmalige Sommermahd nach dem 15. Juli, \tBöschungsmahd unter Aussparung des Röhrichtsaums und der Gehölzbereiche (! Libellen !)","UMNGrBez":"Mäh- und Beweidungsarbeiten","Von_km":"4+450","Bis_km":"6+850","IDUabschn":"DIN_4","KTR":"MABVE00300","Versatz_RE":20,"Akz":"62024-05","UMn_Bemerk":"Aussparung der Gehölzbereiche (\u2794 Eisvogel) und der Röhrichtsäume (\u2794 Libellen)","versatz":20,"Shape_Length":3970.8743449459248}},{"type":"Feature","id":594,"geometry":{"type":"LineString","coordinates":[[806448.19929999858,6854640.8454999998],[806497.35640000179,6854598.1667999998],[806555.628800001,6854527.2563000023],[806672.18600000069,6854326.6132000014],[806759.56190000102,6854215.4228999987],[806902.9439000003,6854126.4509000033],[807185.97679999843,6854023.891900003]]},"properties":{"OBJECTID":594,"Massn_ID":50,"GEW":"VEC","stat_von":138800,"stat_bis":139400,"gew_seite":"L","UMnArtBez":"Gehölzneuanpflanzungen","UMNGrBez":"Gehölzpflege, Gehölzentwicklung","Von_km":"138+800","Bis_km":"139+400","IDUabschn":"VEC_17","KTR":"MABVE00200","Versatz_RE":-20,"Akz":"62024-04","UMn_Bemerk":"Gehölzsaum vervollständigen (Anpflanzungen ASV, BUND) pflegen","versatz":-35,"Shape_Length":1000.1215391304796}},{"type":"Feature","id":595,"geometry":{"type":"LineString","coordinates":[[848843.42020000145,6924095.7753999978],[849075.50090000033,6924202.2160999998],[849583.40590000153,6924463.4043999985],[849675.9439000003,6924502.5676999986],[849745.71829999983,6924524.1482999995],[849823.85190000013,6924537.0820000023]]},"properties":{"OBJECTID":595,"Massn_ID":5,"GEW":"HAS","stat_von":47600,"stat_bis":48250,"gew_seite":"R","UMnArtBez":"keine Mahd","UMNGrBez":"Mäh- und Beweidungsarbeiten","Von_km":"47+600","Bis_km":"48+250","IDUabschn":"HAS_15","KTR":"MAAHA00100","Versatz_RE":20,"Akz":"62024-03","UMn_Bemerk":null,"versatz":20,"Shape_Length":1079.1695323567621}},{"type":"Feature","id":596,"geometry":{"type":"LineString","coordinates":[[794480.7873999998,6871749.9908000007],[794592.65459999815,6871692.7092999965],[794665.40320000052,6871682.3966000006]]},"properties":{"OBJECTID":596,"Massn_ID":50,"GEW":"VEC","stat_von":122640,"stat_bis":122750,"gew_seite":"L","UMnArtBez":"Gehölzneuanpflanzungen","UMNGrBez":"Gehölzpflege, Gehölzentwicklung","Von_km":"122+640","Bis_km":"122+750","IDUabschn":"VEC_13","KTR":"MABVE00200","Versatz_RE":-20,"Akz":"62024-04","UMn_Bemerk":null,"versatz":-35,"Shape_Length":199.15583197465816}},{"type":"Feature","id":597,"geometry":{"type":"LineString","coordinates":[[793183.3311999999,6872823.7721000016],[793311.6724999994,6872655.5160999969],[793384.33650000021,6872586.367399998],[793444.28220000118,6872541.5468999967],[793757.72340000048,6872249.9296000004],[794008.90080000088,6872084.3925999999],[794619.98020000011,6871779.9182000011],[794680.52540000156,6871771.3352999985],[794727.90159999952,6871776.6479000002],[795044.99659999833,6871861.9842000008],[795091.50970000029,6871852.9606000036],[795143.98350000009,6871826.2414999977],[795217.85469999909,6871764.6234000027],[795389.36230000108,6871706.7005999982],[795435.74450000003,6871677.2080999985],[795473.11969999969,6871628.8281999975],[795527.38089999929,6871492.6534999982],[795541.90989999846,6871480.3438000008],[795592.24029999971,6871466.1653999984],[795659.36510000005,6871461.4133000001],[795686.63120000064,6871475.2493999973],[795787.6726000011,6871551.3588000014],[795842.53280000016,6871569.0173999965],[795949.69920000061,6871582.6257999986],[796028.49689999968,6871576.9397],[796089.84919999912,6871557.7950000018],[796181.00219999999,6871489.4870000035],[796274.64240000024,6871384.7694000006],[796339.27089999989,6871336.0525999963],[796555.32840000093,6871214.8465000018],[796647.8852000013,6871136.0859000012],[797104.01669999957,6870598.1362000033],[797136.39699999988,6870566.2061000019],[797190.7611999996,6870540.0319999978],[797801.19880000129,6870403.0152999982],[797841.26610000059,6870398.6071000025],[797975.17909999937,6870406.0738999993],[798088.79509999976,6870384.1572000012],[798150.11969999969,6870362.8316999972],[798221.15359999985,6870310.2079000026],[798255.89070000127,6870273.3083000034],[798291.3740000017,6870216.8012999967]]},"properties":{"OBJECTID":597,"Massn_ID":10,"GEW":"VEC","stat_von":121600,"stat_bis":125380,"gew_seite":"R","UMnArtBez":"(Vechte) Mahd, zweimalig, ab dem 15.07 und ab dem 01.09","UMNGrBez":"Mäh- und Beweidungsarbeiten","Von_km":"121+600","Bis_km":"125+380","IDUabschn":"VEC_13","KTR":"MABVE00200","Versatz_RE":20,"Akz":"62024-04","UMn_Bemerk":"bis ehem. Schulte-Südhof Br. (ist hier auch einmalig denkbar??)","versatz":20,"Shape_Length":6188.6421171948223}},{"type":"Feature","id":598,"geometry":{"type":"LineString","coordinates":[[825955.68090000004,6922268.0615999997],[825952.68870000169,6922239.0960000008],[825911.46189999953,6922126.0754000023],[825911.40459999815,6922071.8757999986],[825918.26330000162,6922051.7334999964],[825933.82609999925,6922031.8570000008],[825947.65379999951,6922019.6119000018],[825986.28680000082,6922002.5627000034],[826026.01179999858,6921991.5601999983],[826063.88199999928,6921989.2320000008],[826103.9824000001,6921996.1661999971],[826160.44170000032,6922009.6485000029],[826409.9188000001,6922095.8457000032],[826500.03959999979,6922114.6867000014],[826569.2509999983,6922113.6028999984],[826625.21930000186,6922093.5711999983],[826665.48180000111,6922040.5464000031],[826689.55389999971,6921965.7889999971],[826693.28860000148,6921867.5393000022],[826686.24010000005,6921642.9958999977],[826698.02580000088,6921553.1643999964],[826705.38709999993,6921533.0371000022],[826718.46999999881,6921516.1643999964],[826784.5485999994,6921477.1620000005],[826826.46079999954,6921460.8857000023],[826870.16869999841,6921454.064199999],[826898.25919999927,6921463.2876000032],[826983.14029999822,6921535.8517000005],[827041.19460000098,6921551.0059999973],[827111.84169999883,6921539.7180000022],[827181.5373999998,6921500.5370000005],[827334.09039999917,6921318.0481999964],[827409.99769999832,6921241.9780000001]]},"properties":{"OBJECTID":598,"Massn_ID":9,"GEW":"HAS","stat_von":22000,"stat_bis":23500,"gew_seite":"R","UMnArtBez":"(Hase, Variante 2) Mahd,  zweimalig, ab dem 01.07 (Unterhaltungsweg und obere Hälfte der Böschung) und ab dem 01.10 (Unterhaltunsweg und ganze Böschung)","UMNGrBez":"Mäh- und Beweidungsarbeiten","Von_km":"22+000","Bis_km":"23+500","IDUabschn":"HAS_6","KTR":"MAAHA00100","Versatz_RE":20,"Akz":"62024-03","UMn_Bemerk":null,"versatz":20,"Shape_Length":2438.8868718188533}},{"type":"Feature","id":599,"geometry":{"type":"LineString","coordinates":[[791359.17309999838,6943876.9966999963],[791503.68549999967,6945879.4944999963],[791511.04509999976,6946075.1098999977],[791486.93470000103,6946190.8379999995],[791417.30139999837,6946321.5252000019],[791153.02279999852,6946633.6419999972]]},"properties":{"OBJECTID":599,"Massn_ID":5,"GEW":"SNK","stat_von":39475,"stat_bis":41200,"gew_seite":"R","UMnArtBez":"keine Mahd","UMNGrBez":"Mäh- und Beweidungsarbeiten","Von_km":"39+475","Bis_km":"41+200","IDUabschn":"SNK_10","KTR":"MAAEN10100","Versatz_RE":20,"Akz":"62024-12","UMn_Bemerk":null,"versatz":-20,"Shape_Length":2878.7275101418495}},{"type":"Feature","id":600,"geometry":{"type":"MultiLineString","coordinates":[[[814312.33370000124,6925624.0916000009],[814324.3161999993,6925693.8923000023],[814311.89680000022,6925790.434799999],[814128.42170000076,6926120.3968999982],[814119.27499999851,6926145.2308999971],[814118.69299999997,6926203.2656000033],[814172.41809999943,6926308.0675000027],[814243.79239999875,6926387.8057999983],[814387.04870000109,6926471.8202999979],[814446.03240000084,6926495.1410000026],[814502.50160000101,6926496.4636999965],[814544.28500000015,6926475.365699999],[814571.77629999816,6926436.762000002],[814694.31489999965,6926054.3862000033],[814724.05059999973,6925976.9103000015],[814785.93569999933,6925893.4456999972],[814899.70499999821,6925845.2265999988],[815390.12810000032,6925754.0639000013],[815557.85099999979,6925740.5349999964],[815835.64759999886,6925755.4157000035],[815854.2424999997,6925753.9870000035],[815855.8535999991,6925753.1731000021],[815856.39889999852,6925750.4262999967]],[[815856.39889999852,6925750.4262999967],[815812.75499999896,6925704.5966999978],[815407.02329999954,6925358.3416000009],[815202.80689999834,6925231.5464000031],[815138.8040000014,6925155.0627000034],[815111.74529999867,6925058.2839000002],[815125.02120000124,6924970.9108000025],[815155.32719999924,6924870.001500003],[815215.77879999951,6924776.0397000015],[815436.83729999885,6924569.8024000004],[815571.67740000039,6924470.3247999996],[815700.1699000001,6924387.6369000003],[815830.69539999962,6924324.8797999993],[815962.0588000007,6924279.6294],[816083.26819999889,6924253.6032000035],[816178.94709999859,6924246.811499998],[816625.1314000003,6924267.8126000017],[816721.19619999826,6924284.8259999976],[816860.38980000094,6924334.9416000023],[816993.63850000128,6924411.8504000008],[817087.56989999861,6924493.8475999981],[817178.31190000102,6924629.7141999975],[817254.37260000035,6924821.1199999973],[817308.53880000114,6924997.4384000003],[817318.61740000173,6925214.4521000013],[817296.3040000014,6925374.8659000024],[817308.3291000016,6925402.0923999995],[817320.35520000011,6925410.8971000016],[817374.30139999837,6925414.3523000032],[817710.06709999964,6925354.4409999996],[817886.70219999924,6925336.4224999994],[817980.46840000153,6925343.8091000021],[818044.6699000001,6925369.6413000003],[818109.64499999955,6925433.1305999979],[818109.62750000134,6925533.9932999983],[817951.64299999923,6925813.9165999964],[817891.80759999901,6925971.5327999964],[817870.05669999868,6926108.798299998],[817865.51630000025,6926279.1564000025]]]},"properties":{"OBJECTID":600,"Massn_ID":23,"GEW":"HAS","stat_von":2100,"stat_bis":7600,"gew_seite":"L","UMnArtBez":"(Hase), Mahd der krautigen Ufersaumstreifen ab dem 01.10 jährlich alternierend auf 300-500 m langen Teilstrecken","UMNGrBez":"Mäh- und Beweidungsarbeiten","Von_km":"2+100","Bis_km":"7+600","IDUabschn":"HAS_2","KTR":"MAAHA00100","Versatz_RE":-20,"Akz":"62024-03","UMn_Bemerk":null,"versatz":-30,"Shape_Length":9060.2493273301461}},{"type":"Feature","id":601,"geometry":{"type":"LineString","coordinates":[[800043.25649999827,6863585.4331],[800056.18710000068,6863504.5754999965]]},"properties":{"OBJECTID":601,"Massn_ID":50,"GEW":"VEC","stat_von":130740,"stat_bis":130790,"gew_seite":"R","UMnArtBez":"Gehölzneuanpflanzungen","UMNGrBez":"Gehölzpflege, Gehölzentwicklung","Von_km":"130+740","Bis_km":"130+790","IDUabschn":"VEC_14","KTR":"MABVE00200","Versatz_RE":20,"Akz":"62024-04","UMn_Bemerk":null,"versatz":35,"Shape_Length":81.884991877298191}},{"type":"Feature","id":602,"geometry":{"type":"LineString","coordinates":[[786890.8900000006,6879705.1533999965],[786912.25230000168,6879713.9738999978],[786943.82129999995,6879714.8193000033],[786976.76370000094,6879707.4935000017],[787033.94999999925,6879680.0975999981],[787146.43670000136,6879617.1860999987],[787269.01610000059,6879536.686300002],[787334.9076000005,6879465.4824000001],[787383.15289999917,6879385.5467000008],[787407.29329999909,6879326.8259999976]]},"properties":{"OBJECTID":602,"Massn_ID":24,"GEW":"VEC","stat_von":114980,"stat_bis":115380,"gew_seite":"R","UMnArtBez":"(Vechte), Keine Mahd des unteren Gewässersaumes (2,00m) in den Pralluferbereichen","UMNGrBez":"Mäh- und Beweidungsarbeiten","Von_km":"114+980","Bis_km":"115+380","IDUabschn":"VEC_8","KTR":"MABVE00400","Versatz_RE":20,"Akz":"62024-04","UMn_Bemerk":null,"versatz":10,"Shape_Length":681.25173082257766}},{"type":"Feature","id":603,"geometry":{"type":"LineString","coordinates":[[819383.37779999897,6927316.9086999968],[819537.37200000137,6927258.4013999999]]},"properties":{"OBJECTID":603,"Massn_ID":51,"GEW":"HAS","stat_von":9000,"stat_bis":9100,"gew_seite":"R","UMnArtBez":"Gehölze auf Stock setzen","UMNGrBez":"Gehölzpflege, Gehölzentwicklung","Von_km":"9+000","Bis_km":"9+100","IDUabschn":"HAS_3","KTR":"MAAHA00100","Versatz_RE":20,"Akz":"62024-03","UMn_Bemerk":"um die ökologische Durchgängigkeit zum angrenzenden Altarm zu erhöhen (\uF0E8 Muscheln, Fische der Niederungsgewässer).","versatz":25,"Shape_Length":164.7340820453027}},{"type":"Feature","id":604,"geometry":{"type":"LineString","coordinates":[[785789.60889999941,6879637.9672999978],[785851.65199999884,6879496.8783000037],[785886.48559999838,6879444.8005999997],[785958.75809999928,6879353.9289000034],[786062.51990000159,6879286.9033000022],[786110.5223999992,6879263.1815000027],[786175.81030000001,6879238.5085000023],[786224.98589999974,6879225.7713000029],[786330.5196999982,6879214.4627000019],[786411.14880000055,6879215.4808000028],[786455.70749999955,6879222.4547000006],[786566.95030000061,6879251.0760999992],[786591.50189999864,6879251.0552000031]]},"properties":{"OBJECTID":604,"Massn_ID":24,"GEW":"KOR","stat_von":200,"stat_bis":800,"gew_seite":"L","UMnArtBez":"(Vechte), Keine Mahd des unteren Gewässersaumes (2,00m) in den Pralluferbereichen","UMNGrBez":"Mäh- und Beweidungsarbeiten","Von_km":"0+200","Bis_km":"0+800","IDUabschn":"KOR_1","KTR":"MABVE00400","Versatz_RE":-20,"Akz":"62024-04","UMn_Bemerk":null,"versatz":-10,"Shape_Length":1001.8451902418013}},{"type":"Feature","id":605,"geometry":{"type":"LineString","coordinates":[[765617.29949999973,6910482.6425999999],[765639.79390000179,6910492.7800000012],[765702.72569999844,6910508.7603999972],[765754.50519999862,6910508.498300001],[765823.50059999898,6910496.4171999991],[765877.10770000145,6910469.7534999996],[765935.86560000107,6910432.3806999996],[766068.87889999896,6910338.6435000002],[766102.55249999836,6910309.8467999995],[766129.17660000175,6910270.3099000007],[766160.74379999936,6910186.9553000033]]},"properties":{"OBJECTID":605,"Massn_ID":24,"GEW":"VEC","stat_von":85980,"stat_bis":86380,"gew_seite":"R","UMnArtBez":"(Vechte), Keine Mahd des unteren Gewässersaumes (2,00m) in den Pralluferbereichen","UMNGrBez":"Mäh- und Beweidungsarbeiten","Von_km":"85+980","Bis_km":"86+380","IDUabschn":"VEC_3","KTR":"MABVE00100","Versatz_RE":20,"Akz":"62024-04","UMn_Bemerk":null,"versatz":10,"Shape_Length":684.76526152680435}},{"type":"Feature","id":606,"geometry":{"type":"LineString","coordinates":[[786640.6083999984,6883396.9601000026],[786478.12950000167,6883581.5852999985]]},"properties":{"OBJECTID":606,"Massn_ID":6,"GEW":"EVK","stat_von":19600,"stat_bis":19750,"gew_seite":"R","UMnArtBez":"(Kanäle) Mahd, zweimalig, ab dem 15.06 und ab dem ???, Einseitig sind Röhrtricht- und Schilfbestände vor dem 01.09 von der Mahd auszuschließen","UMNGrBez":"Mäh- und Beweidungsarbeiten","Von_km":"19+600","Bis_km":"19+750","IDUabschn":"EVK_4","KTR":"MAAVE20200","Versatz_RE":20,"Akz":"62024-10","UMn_Bemerk":null,"versatz":-20,"Shape_Length":245.93872695792669}},{"type":"Feature","id":607,"geometry":{"type":"LineString","coordinates":[[811007.75970000029,6849611.3844999969],[811265.26269999892,6849460.8601000011],[811379.22459999844,6849389.4189999998],[811550.4824000001,6849133.4536999986],[811562.82779999822,6849080.9864000008],[811561.43549999967,6848845.4975000024]]},"properties":{"OBJECTID":607,"Massn_ID":24,"GEW":"VEC","stat_von":143360,"stat_bis":143980,"gew_seite":"R","UMnArtBez":"(Vechte), Keine Mahd des unteren Gewässersaumes (2,00m) in den Pralluferbereichen","UMNGrBez":"Mäh- und Beweidungsarbeiten","Von_km":"143+360","Bis_km":"143+980","IDUabschn":"VEC_19","KTR":"MABVE00200","Versatz_RE":20,"Akz":"62024-04","UMn_Bemerk":null,"versatz":10,"Shape_Length":1030.1403255612745}},{"type":"Feature","id":608,"geometry":{"type":"LineString","coordinates":[[750349.90370000154,6911546.4475999996],[750402.19370000064,6911583.9886000007],[750443.86569999903,6911597.9601999968],[750481.19689999893,6911600.1745999977],[750519.65230000019,6911596.1894999966],[750571.99870000035,6911575.8998000026],[750710.89149999991,6911505.7342000008]]},"properties":{"OBJECTID":608,"Massn_ID":24,"GEW":"VEC","stat_von":75450,"stat_bis":75680,"gew_seite":"R","UMnArtBez":"(Vechte), Keine Mahd des unteren Gewässersaumes (2,00m) in den Pralluferbereichen","UMNGrBez":"Mäh- und Beweidungsarbeiten","Von_km":"75+450","Bis_km":"75+680","IDUabschn":"VEC_1","KTR":"MABVE00100","Versatz_RE":20,"Akz":"62024-04","UMn_Bemerk":null,"versatz":10,"Shape_Length":396.13141991531177}},{"type":"Feature","id":609,"geometry":{"type":"LineString","coordinates":[[800418.51810000092,6868256.5716999993],[800452.45859999955,6868164.945100002]]},"properties":{"OBJECTID":609,"Massn_ID":50,"GEW":"VEC","stat_von":127370,"stat_bis":127430,"gew_seite":"L","UMnArtBez":"Gehölzneuanpflanzungen","UMNGrBez":"Gehölzpflege, Gehölzentwicklung","Von_km":"127+370","Bis_km":"127+430","IDUabschn":"VEC_13","KTR":"MABVE00200","Versatz_RE":-20,"Akz":"62024-04","UMn_Bemerk":null,"versatz":-35,"Shape_Length":97.710753590476742}},{"type":"Feature","id":610,"geometry":{"type":"LineString","coordinates":[[773657.18490000069,6896291.7832999974],[773630.06700000167,6896200.7294000015],[773622.22850000113,6896152.8153000027],[773622.50059999898,6896117.7832999974],[773636.43180000037,6896067.9624999985],[773674.53290000185,6896009.442400001],[773728.13709999993,6895962.4724999964],[773778.88859999925,6895940.386500001],[773874.17960000038,6895933.7013999969]]},"properties":{"OBJECTID":610,"Massn_ID":24,"GEW":"VEC","stat_von":98880,"stat_bis":99180,"gew_seite":"L","UMnArtBez":"(Vechte), Keine Mahd des unteren Gewässersaumes (2,00m) in den Pralluferbereichen","UMNGrBez":"Mäh- und Beweidungsarbeiten","Von_km":"98+880","Bis_km":"99+180","IDUabschn":"VEC_5","KTR":"MABVE00100","Versatz_RE":-20,"Akz":"62024-04","UMn_Bemerk":null,"versatz":-10,"Shape_Length":522.29810240993027}},{"type":"Feature","id":611,"geometry":{"type":"LineString","coordinates":[[813353.45910000056,6925462.8879999965],[813381.0234999992,6925434.877700001],[813437.26480000094,6925400.3149000034],[813507.1240000017,6925368.434299998],[813571.92009999976,6925350.0160999969],[813649.59369999915,6925349.5527999997],[813742.50710000098,6925359.4277999997],[813939.75279999897,6925406.8246000037],[814097.8300999999,6925456.6045999974],[814198.61710000038,6925501.6006999984],[814250.36890000105,6925547.1401000023],[814291.77879999951,6925615.3210999966]]},"properties":{"OBJECTID":611,"Massn_ID":8,"GEW":"HAS","stat_von":1500,"stat_bis":2100,"gew_seite":"L","UMnArtBez":"(Hase, Variante 1) Mahd, zweimalig, ab dem 15.06 (Unterhaltungsweg und obere Hälfte der Böschung) und am dem 15.09 (Unterhaltungsweg und ganze Böschung)","UMNGrBez":"Mäh- und Beweidungsarbeiten","Von_km":"1+500","Bis_km":"2+100","IDUabschn":"HAS_1","KTR":"MAAHA00100","Versatz_RE":-20,"Akz":"62024-03","UMn_Bemerk":"Die Hochwasserverwallungen sollten vom zuständigen Unterhaltungspflichtigen im selben Turnus gemäht werden wie die Unterhaltungstreifen","versatz":-20,"Shape_Length":1048.2477220100968}},{"type":"Feature","id":612,"geometry":{"type":"LineString","coordinates":[[773831.8498999998,6880769.0640999973],[773758.97190000117,6880636.0375000015],[773634.68079999834,6880494.0754000023]]},"properties":{"OBJECTID":612,"Massn_ID":50,"GEW":"DIN","stat_von":8400,"stat_bis":8600,"gew_seite":"R","UMnArtBez":"Gehölzneuanpflanzungen","UMNGrBez":"Gehölzpflege, Gehölzentwicklung","Von_km":"8+400","Bis_km":"8+600","IDUabschn":"DIN_5","KTR":"MABVE00300","Versatz_RE":20,"Akz":"62024-05","UMn_Bemerk":"5-l-4","versatz":35,"Shape_Length":340.36514409905425}},{"type":"Feature","id":613,"geometry":{"type":"LineString","coordinates":[[789729.14799999818,6893934.7252999991],[789714.23319999874,6894009.9178000018],[789691.95340000093,6894068.2545000017],[789632.25450000167,6894139.3316000029],[789589.61540000141,6894213.2678000033],[789481.01570000127,6894362.1274999976],[789372.30209999904,6894525.1218999997],[789317.79509999976,6894637.1036999971],[789305.43180000037,6894678.5613999963],[789280.52659999952,6894828.1758999974],[789217.51810000092,6895481.1735000014],[789146.17229999974,6895964.8154999986],[789030.72199999914,6896638.2159999982],[788911.82360000163,6897271.7497999966],[788723.17529999837,6898345.1457000002],[788559.35860000178,6899212.3715000004],[788523.26550000161,6899357.4962000027],[788494.39750000089,6899410.4821999967],[788449.44060000032,6899466.626500003],[788434.85410000011,6899495.7810999975],[788414.57950000092,6899607.9791999981],[788413.83289999887,6899720.987999998]]},"properties":{"OBJECTID":613,"Massn_ID":6,"GEW":"SNK","stat_von":7355,"stat_bis":11010,"gew_seite":"R","UMnArtBez":"(Kanäle) Mahd, zweimalig, ab dem 15.06 und ab dem ???, Einseitig sind Röhrtricht- und Schilfbestände vor dem 01.09 von der Mahd auszuschließen","UMNGrBez":"Mäh- und Beweidungsarbeiten","Von_km":"7+355","Bis_km":"11+010","IDUabschn":"SNK_4","KTR":"MAAVE10100","Versatz_RE":20,"Akz":"62024-12","UMn_Bemerk":null,"versatz":-20,"Shape_Length":6003.5141764431719}},{"type":"Feature","id":614,"geometry":{"type":"LineString","coordinates":[[775806.81859999895,6888410.431599997],[775799.34039999917,6888330.4624999985],[775676.6763000004,6888025.0781999975],[775572.80860000104,6887879.6414000019],[775461.43640000001,6887810.4651999995],[775456.64189999923,6887800.3984000012],[775457.30900000036,6887790.9127999991],[775565.72560000047,6887531.4496000037],[775559.10979999974,6887468.173299998],[775522.89039999992,6887406.8161000013],[775523.85220000148,6887399.064199999],[775568.32990000024,6887291.4870999977],[775959.92320000008,6886734.7805999964],[775982.73250000179,6886712.8448999971],[776254.04960000142,6886583.6749000028],[776299.07459999993,6886547.1300999969],[776395.05260000005,6886370.9450000003],[776453.48649999872,6886187.9804000035]]},"properties":{"OBJECTID":614,"Massn_ID":52,"GEW":"DIN","stat_von":2760,"stat_bis":4450,"gew_seite":"R","UMnArtBez":"(Dinkel, G) Gehölze pflegen und entwickeln","UMNGrBez":"Gehölzpflege, Gehölzentwicklung","Von_km":"2+760","Bis_km":"4+450","IDUabschn":"DIN_3","KTR":"MABVE00300","Versatz_RE":20,"Akz":"62024-05","UMn_Bemerk":"3-G","versatz":35,"Shape_Length":2743.6660915958932}},{"type":"Feature","id":615,"geometry":{"type":"LineString","coordinates":[[792419.30889999866,6873218.933799997],[792503.83769999817,6873277.2088000029],[792546.1854000017,6873298.0910999998],[792582.62189999968,6873302.7056000009],[792627.65749999881,6873295.2327999994],[792731.24579999968,6873255.7731999978]]},"properties":{"OBJECTID":615,"Massn_ID":24,"GEW":"VEC","stat_von":120980,"stat_bis":121180,"gew_seite":"R","UMnArtBez":"(Vechte), Keine Mahd des unteren Gewässersaumes (2,00m) in den Pralluferbereichen","UMNGrBez":"Mäh- und Beweidungsarbeiten","Von_km":"120+980","Bis_km":"121+180","IDUabschn":"VEC_12","KTR":"MABVE00200","Versatz_RE":20,"Akz":"62024-04","UMn_Bemerk":null,"versatz":10,"Shape_Length":343.11467431263475}},{"type":"Feature","id":616,"geometry":{"type":"LineString","coordinates":[[765647.34620000049,6910536.742899999],[765754.40709999949,6910550.3268000036],[765837.32440000027,6910535.8079999983],[765916.08130000159,6910493.5557999983]]},"properties":{"OBJECTID":616,"Massn_ID":50,"GEW":"VEC","stat_von":86000,"stat_bis":86150,"gew_seite":"R","UMnArtBez":"Gehölzneuanpflanzungen","UMNGrBez":"Gehölzpflege, Gehölzentwicklung","Von_km":"86+000","Bis_km":"86+150","IDUabschn":"VEC_3","KTR":"MABVE00100","Versatz_RE":20,"Akz":"62024-04","UMn_Bemerk":null,"versatz":35,"Shape_Length":281.47308509784096}},{"type":"Feature","id":617,"geometry":{"type":"LineString","coordinates":[[811847.92559999973,6848277.2875000015],[811851.25329999998,6848264.7867000028],[811837.79839999974,6848175.0182000026],[811801.78249999881,6848123.3861000016],[811741.71139999852,6848060.566200003],[811702.01960000023,6848027.1928000003],[811623.32220000029,6847979.0376999974]]},"properties":{"OBJECTID":617,"Massn_ID":24,"GEW":"VEC","stat_von":144380,"stat_bis":145550,"gew_seite":"R","UMnArtBez":"(Vechte), Keine Mahd des unteren Gewässersaumes (2,00m) in den Pralluferbereichen","UMNGrBez":"Mäh- und Beweidungsarbeiten","Von_km":"144+380","Bis_km":"145+550","IDUabschn":"VEC_19","KTR":"MABVE00200","Versatz_RE":20,"Akz":"62024-04","UMn_Bemerk":null,"versatz":10,"Shape_Length":397.6979530354597}},{"type":"Feature","id":618,"geometry":{"type":"LineString","coordinates":[[752843.23380000144,6910936.9880999997],[752852.88060000166,6910929.4680999964],[752906.32979999855,6910906.1961999983],[753160.52259999886,6910833.0006000027]]},"properties":{"OBJECTID":618,"Massn_ID":24,"GEW":"VEC","stat_von":77180,"stat_bis":77380,"gew_seite":"L","UMnArtBez":"(Vechte), Keine Mahd des unteren Gewässersaumes (2,00m) in den Pralluferbereichen","UMNGrBez":"Mäh- und Beweidungsarbeiten","Von_km":"77+180","Bis_km":"77+380","IDUabschn":"VEC_1","KTR":"MABVE00100","Versatz_RE":-20,"Akz":"62024-04","UMn_Bemerk":null,"versatz":-10,"Shape_Length":335.04875490570862}},{"type":"Feature","id":619,"geometry":{"type":"LineString","coordinates":[[799987.11510000005,6864519.2145000026],[799996.95129999891,6864432.9196999967],[799980.65289999917,6864341.1422000006]]},"properties":{"OBJECTID":619,"Massn_ID":50,"GEW":"VEC","stat_von":130150,"stat_bis":130250,"gew_seite":"R","UMnArtBez":"Gehölzneuanpflanzungen","UMNGrBez":"Gehölzpflege, Gehölzentwicklung","Von_km":"130+150","Bis_km":"130+250","IDUabschn":"VEC_14","KTR":"MABVE00200","Versatz_RE":20,"Akz":"62024-04","UMn_Bemerk":null,"versatz":35,"Shape_Length":180.06702459371914}},{"type":"Feature","id":620,"geometry":{"type":"LineString","coordinates":[[774470.57079999894,6893558.7687999979],[774516.44150000066,6893466.075000003],[774555.22690000013,6893415.1274000034]]},"properties":{"OBJECTID":620,"Massn_ID":24,"GEW":"VEC","stat_von":100880,"stat_bis":100980,"gew_seite":"L","UMnArtBez":"(Vechte), Keine Mahd des unteren Gewässersaumes (2,00m) in den Pralluferbereichen","UMNGrBez":"Mäh- und Beweidungsarbeiten","Von_km":"100+880","Bis_km":"100+980","IDUabschn":"VEC_5","KTR":"MABVE00100","Versatz_RE":-20,"Akz":"62024-04","UMn_Bemerk":null,"versatz":-10,"Shape_Length":167.45370350123403}},{"type":"Feature","id":621,"geometry":{"type":"LineString","coordinates":[[786741.58100000024,6879502.2453999966],[786799.98530000076,6879497.1498000026],[786804.83179999888,6879499.8906000033],[786808.67889999971,6879505.4557000026],[786825.02010000125,6879645.5988000035],[786844.64079999924,6879689.4095000029],[786872.7239000015,6879715.4034999982],[786910.86080000177,6879731.1502000019],[786980.39669999853,6879723.9439999983],[787041.47529999912,6879694.6834999993],[787154.92130000144,6879631.235299997],[787279.80260000005,6879549.2236000001],[787315.73020000011,6879509.5876000002]]},"properties":{"OBJECTID":621,"Massn_ID":5,"GEW":"VEC","stat_von":114780,"stat_bis":115260,"gew_seite":"R","UMnArtBez":"keine Mahd","UMNGrBez":"Mäh- und Beweidungsarbeiten","Von_km":"114+780","Bis_km":"115+260","IDUabschn":"VEC_8","KTR":"MABVE00400","Versatz_RE":20,"Akz":"62024-04","UMn_Bemerk":null,"versatz":20,"Shape_Length":810.09855314053584}},{"type":"Feature","id":622,"geometry":{"type":"LineString","coordinates":[[819293.19570000097,6983189.5684999973],[819236.59560000151,6983386.3883000016],[819190.5672999993,6983469.1701999977],[818943.58130000159,6983709.5155000016]]},"properties":{"OBJECTID":622,"Massn_ID":400,"GEW":"GFD","stat_von":2050,"stat_bis":2425,"gew_seite":"R","UMnArtBez":"(Dinkel, A) \tBauwerke und Anlagen instand halten","UMNGrBez":"Bauwerkunterhaltung","Von_km":"2+050","Bis_km":"2+425","IDUabschn":"GFD_1","KTR":"MABEN00100","Versatz_RE":20,"Akz":"62024-09","UMn_Bemerk":"Verwallung bei Bedarf instand halten für den Hochwasserschutz","versatz":-25,"Shape_Length":644.14147989919798}},{"type":"Feature","id":623,"geometry":{"type":"LineString","coordinates":[[807720.7415000014,6853644.3885999992],[807784.5987999998,6853494.6878999993]]},"properties":{"OBJECTID":623,"Massn_ID":50,"GEW":"VEC","stat_von":139800,"stat_bis":139900,"gew_seite":"R","UMnArtBez":"Gehölzneuanpflanzungen","UMNGrBez":"Gehölzpflege, Gehölzentwicklung","Von_km":"139+800","Bis_km":"139+900","IDUabschn":"VEC_17","KTR":"MABVE00200","Versatz_RE":20,"Akz":"62024-04","UMn_Bemerk":"Mündung Junkergraben (Kolk sichern)","versatz":35,"Shape_Length":162.7515110330917}},{"type":"Feature","id":624,"geometry":{"type":"LineString","coordinates":[[842765.89380000159,6925416.2089999989],[842828.77299999818,6925409.2282999977],[843016.08089999855,6925360.2862000018],[843552.96559999883,6925366.9297999963],[844076.8209999986,6925352.8616999984],[844528.4021999985,6925283.8303999975],[844923.98110000044,6925254.0216000006]]},"properties":{"OBJECTID":624,"Massn_ID":23,"GEW":"HAS","stat_von":43380,"stat_bis":44700,"gew_seite":"R","UMnArtBez":"(Hase), Mahd der krautigen Ufersaumstreifen ab dem 01.10 jährlich alternierend auf 300-500 m langen Teilstrecken","UMNGrBez":"Mäh- und Beweidungsarbeiten","Von_km":"43+380","Bis_km":"44+700","IDUabschn":"HAS_13","KTR":"MAAHA00100","Versatz_RE":20,"Akz":"62024-03","UMn_Bemerk":null,"versatz":30,"Shape_Length":2171.3594257013865}},{"type":"Feature","id":625,"geometry":{"type":"LineString","coordinates":[[803721.12849999964,6860322.1238999963],[803765.96389999986,6860257.1872999966],[803781.46029999852,6860147.7547999993]]},"properties":{"OBJECTID":625,"Massn_ID":50,"GEW":"VEC","stat_von":134350,"stat_bis":134450,"gew_seite":"R","UMnArtBez":"Gehölzneuanpflanzungen","UMNGrBez":"Gehölzpflege, Gehölzentwicklung","Von_km":"134+350","Bis_km":"134+450","IDUabschn":"VEC_15","KTR":"MABVE00200","Versatz_RE":20,"Akz":"62024-04","UMn_Bemerk":null,"versatz":35,"Shape_Length":189.43543781813298}},{"type":"Feature","id":626,"geometry":{"type":"LineString","coordinates":[[773452.18939999864,6903350.2422000021],[773463.73090000078,6903285.8716000021],[773478.41569999978,6903243.4878999963],[773496.3713000007,6903213.1502000019],[773520.59760000184,6903182.6177000031],[773568.23220000044,6903136.454400003],[773637.18569999933,6903079.1939999983]]},"properties":{"OBJECTID":626,"Massn_ID":24,"GEW":"VEC","stat_von":93280,"stat_bis":93480,"gew_seite":"L","UMnArtBez":"(Vechte), Keine Mahd des unteren Gewässersaumes (2,00m) in den Pralluferbereichen","UMNGrBez":"Mäh- und Beweidungsarbeiten","Von_km":"93+280","Bis_km":"93+480","IDUabschn":"VEC_4","KTR":"MABVE00100","Versatz_RE":-20,"Akz":"62024-04","UMn_Bemerk":null,"versatz":-10,"Shape_Length":340.44416057048005}},{"type":"Feature","id":627,"geometry":{"type":"LineString","coordinates":[[773888.19959999993,6896791.8862000033],[773846.18950000033,6896800.4428000003],[773773.63230000064,6896799.2980000004],[773723.58779999986,6896780.1238999963],[773686.7173999995,6896756.4952000007],[773653.84479999915,6896722.9067000002],[773627.92399999872,6896679.3933999985],[773617.80759999901,6896628.9441],[773618.9048999995,6896590.2091000006],[773669.45729999989,6896427.4415000007],[773670.2696999982,6896405.241899997],[773666.66730000079,6896377.9482000023],[773613.72929999977,6896203.4162999988],[773605.6528000012,6896117.1045999974],[773621.3161999993,6896061.0899000019],[773662.03249999881,6895998.553199999],[773719.26309999824,6895948.4059000015],[773774.93699999899,6895924.1777999997],[773905.32860000059,6895915.0300000012],[773937.16959999874,6895907.5719000027],[773970.64710000157,6895886.075000003],[773995.49109999835,6895852.067400001],[774011.30680000037,6895798.1032999977],[774031.74100000039,6895639.5873000026],[774032.4739000015,6895580.0152999982],[774027.42060000077,6895549.3222000003],[773999.17130000144,6895494.4425000027],[773884.62139999866,6895334.8532999977],[773865.89880000055,6895292.8139000013]]},"properties":{"OBJECTID":627,"Massn_ID":10,"GEW":"VEC","stat_von":98480,"stat_bis":99680,"gew_seite":"L","UMnArtBez":"(Vechte) Mahd, zweimalig, ab dem 15.07 und ab dem 01.09","UMNGrBez":"Mäh- und Beweidungsarbeiten","Von_km":"98+480","Bis_km":"99+680","IDUabschn":"VEC_5","KTR":"MABVE00100","Versatz_RE":-20,"Akz":"62024-04","UMn_Bemerk":null,"versatz":-20,"Shape_Length":2015.7732587717064}},{"type":"Feature","id":628,"geometry":{"type":"LineString","coordinates":[[767841.15439999849,6912835.3867999986],[767563.06210000068,6912935.7858999968],[767256.74940000102,6913083.5380000025],[766726.43340000138,6913115.1917999983],[766455.44830000028,6913148.5191999972],[764931.21909999847,6913381.2946999967],[764846.72260000184,6913376.0566999987],[764473.82589999959,6913260.4827999994]]},"properties":{"OBJECTID":628,"Massn_ID":22,"GEW":"PCK","stat_von":13800,"stat_bis":15880,"gew_seite":"R","UMnArtBez":"(Kanäle) Mahd der Röhrricht- und Schilfbestände im jährlichen Wechsel, ab dem 01.10","UMNGrBez":"Mäh- und Beweidungsarbeiten","Von_km":"13+800","Bis_km":"15+880","IDUabschn":"PCK_3","KTR":"MAAVE40500","Versatz_RE":20,"Akz":"62024-13","UMn_Bemerk":null,"versatz":-35,"Shape_Length":3456.9890932116055}},{"type":"Feature","id":629,"geometry":{"type":"LineString","coordinates":[[774933.63269999996,6882918.4139999971],[774907.97120000049,6882906.125500001],[774840.78420000151,6882656.9996000007],[774830.95019999892,6882632.6158000007],[774787.11459999904,6882569.2673999965],[774538.61039999872,6882306.8985999972],[774308.15199999884,6882137.9046000019],[774283.11070000008,6882116.4814999998],[774230.92579999939,6882047.1555000022],[774204.05930000171,6881969.2474000007],[774191.46269999817,6881887.6297999993],[774212.33540000021,6881387.878200002],[774206.89359999821,6881365.0802000016],[774185.08480000123,6881325.1308000013],[774018.61309999973,6881166.1225000024],[773748.5346999988,6880807.1453000009],[773684.67949999869,6880688.0384000018],[773559.41490000114,6880544.748300001],[773532.58399999887,6880504.1745000035],[773519.68310000002,6880456.3350000009],[773535.35009999946,6880102.4657000005],[773530.127700001,6879997.7631999999],[773370.82019999996,6879628.126000002],[773334.71770000085,6879521.430399999],[773341.0177000016,6879464.3391000032]]},"properties":{"OBJECTID":629,"Massn_ID":12,"GEW":"DIN","stat_von":6850,"stat_bis":9280,"gew_seite":"L","UMnArtBez":"(Dinkel, B) einmalige Sommermahd nach dem 15. Juli, \tBöschungsmahd unter Aussparung des Röhrichtsaums und der Gehölzbereiche (! Libellen !)","UMNGrBez":"Mäh- und Beweidungsarbeiten","Von_km":"6+850","Bis_km":"9+280","IDUabschn":"DIN_5","KTR":"MABVE00300","Versatz_RE":-20,"Akz":"62024-05","UMn_Bemerk":"5-B, Aussparung der Gehölzbereiche (\u2794 Eisvogel) und der Röhrichtsäume (\u2794 Libellen)","versatz":-20,"Shape_Length":4025.5514900590811}},{"type":"Feature","id":630,"geometry":{"type":"LineString","coordinates":[[823239.81159999967,6925879.9579000026],[823394.71829999983,6925824.2951000035]]},"properties":{"OBJECTID":630,"Massn_ID":9,"GEW":"HAS","stat_von":18000,"stat_bis":18100,"gew_seite":"L","UMnArtBez":"(Hase, Variante 2) Mahd,  zweimalig, ab dem 01.07 (Unterhaltungsweg und obere Hälfte der Böschung) und ab dem 01.10 (Unterhaltunsweg und ganze Böschung)","UMNGrBez":"Mäh- und Beweidungsarbeiten","Von_km":"18+000","Bis_km":"18+100","IDUabschn":"HAS_6","KTR":"MAAHA00100","Versatz_RE":-20,"Akz":"62024-03","UMn_Bemerk":null,"versatz":-20,"Shape_Length":164.60386693113713}},{"type":"Feature","id":631,"geometry":{"type":"LineString","coordinates":[[796403.61089999974,6871328.1220000014],[796502.98950000107,6871271.1362000033]]},"properties":{"OBJECTID":631,"Massn_ID":50,"GEW":"VEC","stat_von":123980,"stat_bis":124050,"gew_seite":"R","UMnArtBez":"Gehölzneuanpflanzungen","UMNGrBez":"Gehölzpflege, Gehölzentwicklung","Von_km":"123+980","Bis_km":"124+050","IDUabschn":"VEC_13","KTR":"MABVE00200","Versatz_RE":20,"Akz":"62024-04","UMn_Bemerk":null,"versatz":35,"Shape_Length":114.55779126555537}},{"type":"Feature","id":632,"geometry":{"type":"LineString","coordinates":[[792150.11450000107,6873106.1937000006],[792295.60200000182,6873105.3619000018],[792341.67159999907,6873120.5379000008],[792397.68219999969,6873147.4560000002],[792528.46489999816,6873234.5218999982],[792560.48079999909,6873250.3093999997],[792581.67049999908,6873252.992899999],[792614.72399999946,6873247.5084000006],[792713.96409999952,6873209.1215000004],[792760.35640000179,6873201.251000002],[792896.37990000099,6873202.5170999989],[792915.67410000041,6873192.1209999993],[792918.52760000154,6873188.0613999963],[792944.76139999926,6873116.2047000006],[793056.10280000046,6872893.0063000023],[793130.42830000073,6872785.200000003]]},"properties":{"OBJECTID":632,"Massn_ID":5,"GEW":"VEC","stat_von":120800,"stat_bis":121600,"gew_seite":"L","UMnArtBez":"keine Mahd","UMNGrBez":"Mäh- und Beweidungsarbeiten","Von_km":"120+800","Bis_km":"121+600","IDUabschn":"VEC_12","KTR":"MABVE00200","Versatz_RE":-20,"Akz":"62024-04","UMn_Bemerk":"Gehölze","versatz":-20,"Shape_Length":1277.0499455004142}},{"type":"Feature","id":633,"geometry":{"type":"LineString","coordinates":[[830520.39829999954,6918037.8553000018],[830567.92819999903,6918113.8374999985],[830604.5998999998,6918264.3414999992],[830639.70190000162,6918364.064000003],[830756.72549999878,6918556.7185000032],[830769.99390000105,6918582.9914000034],[830776.9765000008,6918619.8426000029],[830772.19159999862,6918694.2236000001],[830743.49210000038,6918778.5754000023],[830600.10190000013,6919053.5310000032],[830576.08529999852,6919126.6314999983],[830562.86659999937,6919299.3236000016],[830566.56899999827,6919352.7961999997],[830598.35310000181,6919426.8632000014],[830723.79500000179,6919581.7061000019],[830833.75400000066,6919679.0833000019],[831211.50780000165,6919962.9200000018],[831598.31599999964,6920331.8772],[831686.44739999995,6920456.5199000016],[831995.21990000084,6920963.804899998],[832146.4765000008,6921194.9600000009],[832379.37849999964,6921503.2857000008],[832669.42029999942,6921914.7289000005],[832868.31940000132,6922136.8105999976],[833004.60680000111,6922260.1379000023],[833113.75459999964,6922329.2902000025],[833758.48360000178,6922555.8262000009],[833883.95729999989,6922593.7109000012],[833979.8387000002,6922595.7224000022],[834033.86950000003,6922582.3474000022],[834109.38540000096,6922531.6806999967],[834172.72910000011,6922443.9332000017],[834393.20829999819,6921994.5938000008],[834417.23919999972,6921906.1163000017],[834418.37649999931,6921831.0217000023]]},"properties":{"OBJECTID":633,"Massn_ID":23,"GEW":"HAS","stat_von":30280,"stat_bis":34580,"gew_seite":"R","UMnArtBez":"(Hase), Mahd der krautigen Ufersaumstreifen ab dem 01.10 jährlich alternierend auf 300-500 m langen Teilstrecken","UMNGrBez":"Mäh- und Beweidungsarbeiten","Von_km":"30+280","Bis_km":"34+580","IDUabschn":"HAS_9","KTR":"MAAHA00100","Versatz_RE":20,"Akz":"62024-03","UMn_Bemerk":null,"versatz":30,"Shape_Length":7210.072541139707}},{"type":"Feature","id":634,"geometry":{"type":"LineString","coordinates":[[806828.41739999875,6943941.5833000019],[806660.15839999914,6943891.8942999989],[806280.78330000117,6943828.0659999996],[806193.45960000157,6943821.1860999987],[806030.63509999961,6943819.5471000001],[805943.56080000103,6943830.5253000036],[805866.58650000021,6943844.242399998],[805751.40019999817,6943882.8404000029],[805609.36250000075,6943977.1664000005],[804684.37099999934,6944949.9544999972],[804608.07649999857,6945016.4094000012],[804128.29080000147,6945242.811999999],[803223.84079999849,6945649.1464999989],[803102.72410000116,6945698.4755000025]]},"properties":{"OBJECTID":634,"Massn_ID":6,"GEW":"HRK","stat_von":0,"stat_bis":2630,"gew_seite":"R","UMnArtBez":"(Kanäle) Mahd, zweimalig, ab dem 15.06 und ab dem ???, Einseitig sind Röhrtricht- und Schilfbestände vor dem 01.09 von der Mahd auszuschließen","UMNGrBez":"Mäh- und Beweidungsarbeiten","Von_km":"0+000","Bis_km":"2+630","IDUabschn":"HRK_1","KTR":"MAAEN20300","Versatz_RE":20,"Akz":"62024-16","UMn_Bemerk":null,"versatz":20,"Shape_Length":4364.8816235524664}},{"type":"Feature","id":635,"geometry":{"type":"LineString","coordinates":[[830604.02470000088,6917985.2833999991],[830660.03280000016,6918074.8166999966],[830699.32449999824,6918236.0656000003],[830729.36540000141,6918321.4065999985],[830843.05029999837,6918508.5599000007],[830864.37079999968,6918550.7758999988],[830876.29369999841,6918613.6952999979],[830869.86039999872,6918713.7194000036],[830834.48310000077,6918817.7018999979],[830691.33839999884,6919092.1944999993],[830673.60229999945,6919146.1806999967],[830661.85429999977,6919299.6845000014],[830663.8946999982,6919329.1489000022],[830683.62840000167,6919375.1330000013],[830795.28180000186,6919512.9530000016],[830896.14389999956,6919602.2726999968],[831275.36410000175,6919887.2065000013],[831673.32360000163,6920266.7936000004],[831768.96590000018,6920402.0561000034],[832078.67100000009,6920910.8614000008],[832227.2146999985,6921137.8654000014],[832459.08669999987,6921444.8213],[832746.74940000102,6921852.8808000013],[832938.34209999815,6922066.8007000014],[833064.51089999825,6922180.9697000012],[833157.02369999886,6922239.5817999989],[833789.0727000013,6922461.6590000018],[833899.51709999889,6922495.0055999979],[833968.84420000017,6922496.4598999992],[833993.35190000013,6922490.3932999969],[834039.74769999832,6922459.2648999989],[834087.80579999834,6922392.6930999979],[834300.40810000151,6921959.4191000015],[834318.68200000003,6921892.1413000003],[834319.63109999895,6921829.5182000026]]},"properties":{"OBJECTID":635,"Massn_ID":23,"GEW":"HAS","stat_von":30280,"stat_bis":34580,"gew_seite":"L","UMnArtBez":"(Hase), Mahd der krautigen Ufersaumstreifen ab dem 01.10 jährlich alternierend auf 300-500 m langen Teilstrecken","UMNGrBez":"Mäh- und Beweidungsarbeiten","Von_km":"30+280","Bis_km":"34+580","IDUabschn":"HAS_9","KTR":"MAAHA00100","Versatz_RE":-20,"Akz":"62024-03","UMn_Bemerk":null,"versatz":-30,"Shape_Length":6954.9809766790004}},{"type":"Feature","id":636,"geometry":{"type":"LineString","coordinates":[[756265.10720000044,6910376.0371000022],[756338.5326000005,6910310.5487999991]]},"properties":{"OBJECTID":636,"Massn_ID":50,"GEW":"VEC","stat_von":79540,"stat_bis":79600,"gew_seite":"R","UMnArtBez":"Gehölzneuanpflanzungen","UMNGrBez":"Gehölzpflege, Gehölzentwicklung","Von_km":"79+540","Bis_km":"79+600","IDUabschn":"VEC_2","KTR":"MABVE00100","Versatz_RE":20,"Akz":"62024-04","UMn_Bemerk":"oh. und uh. Einmündung Altarm","versatz":35,"Shape_Length":98.387025579936832}},{"type":"Feature","id":637,"geometry":{"type":"LineString","coordinates":[[801568.22529999912,6861444.7353999987],[801617.64999999851,6861433.9448999986],[801695.75079999864,6861422.4966999963]]},"properties":{"OBJECTID":637,"Massn_ID":24,"GEW":"VEC","stat_von":132780,"stat_bis":132860,"gew_seite":"R","UMnArtBez":"(Vechte), Keine Mahd des unteren Gewässersaumes (2,00m) in den Pralluferbereichen","UMNGrBez":"Mäh- und Beweidungsarbeiten","Von_km":"132+780","Bis_km":"132+860","IDUabschn":"VEC_15","KTR":"MABVE00200","Versatz_RE":20,"Akz":"62024-04","UMn_Bemerk":null,"versatz":10,"Shape_Length":129.52428352776283}},{"type":"Feature","id":638,"geometry":{"type":"LineString","coordinates":[[783641.47989999875,6884081.875],[783641.37310000136,6884052.3109000027],[783648.18420000002,6884009.4417999983],[783658.82299999893,6883977.4518000036],[783675.64689999819,6883944.8091999963],[783691.06439999864,6883923.5311999992],[783720.08060000092,6883901.881099999],[783759.36620000005,6883885.2005999982],[783856.6895999983,6883858.3571999967]]},"properties":{"OBJECTID":638,"Massn_ID":24,"GEW":"VEC","stat_von":110680,"stat_bis":110880,"gew_seite":"L","UMnArtBez":"(Vechte), Keine Mahd des unteren Gewässersaumes (2,00m) in den Pralluferbereichen","UMNGrBez":"Mäh- und Beweidungsarbeiten","Von_km":"110+680","Bis_km":"110+880","IDUabschn":"VEC_6","KTR":"MABVE00100","Versatz_RE":-20,"Akz":"62024-04","UMn_Bemerk":null,"versatz":-10,"Shape_Length":349.52407670987418}},{"type":"Feature","id":639,"geometry":{"type":"LineString","coordinates":[[817324.80139999837,6984972.1387000009],[817259.2648999989,6985018.5595000014],[817216.26099999994,6985059.7189999968],[816931.62260000035,6985373.8558000028],[816883.48730000108,6985417.7263000011],[816760.94069999829,6985496.994099997],[816642.30490000173,6985549.8328000009]]},"properties":{"OBJECTID":639,"Massn_ID":400,"GEW":"GFD","stat_von":3720,"stat_bis":4260,"gew_seite":"R","UMnArtBez":"(Dinkel, A) \tBauwerke und Anlagen instand halten","UMNGrBez":"Bauwerkunterhaltung","Von_km":"3+720","Bis_km":"4+260","IDUabschn":"GFD_2","KTR":"MABEN00100","Versatz_RE":20,"Akz":"62024-09","UMn_Bemerk":"Verwallung bei Bedarf instand halten für den Hochwasserschutz","versatz":-25,"Shape_Length":904.69691871940779}},{"type":"Feature","id":640,"geometry":{"type":"LineString","coordinates":[[754255.44209999964,6910957.4292000011],[754298.36919999868,6910917.863499999],[754340.39719999954,6910891.9419],[754391.92130000144,6910872.5129999965],[754483.80810000002,6910856.9188999981]]},"properties":{"OBJECTID":640,"Massn_ID":24,"GEW":"VEC","stat_von":78250,"stat_bis":78400,"gew_seite":"L","UMnArtBez":"(Vechte), Keine Mahd des unteren Gewässersaumes (2,00m) in den Pralluferbereichen","UMNGrBez":"Mäh- und Beweidungsarbeiten","Von_km":"78+250","Bis_km":"78+400","IDUabschn":"VEC_1","KTR":"MABVE00100","Versatz_RE":-20,"Akz":"62024-04","UMn_Bemerk":null,"versatz":-10,"Shape_Length":256.02478451553793}},{"type":"Feature","id":641,"geometry":{"type":"LineString","coordinates":[[771103.81219999865,6906461.2479000017],[771155.91829999909,6906460.5364999995],[771231.99810000136,6906448.6257999986],[771324.79919999838,6906420.9126000032],[771385.00899999961,6906387.447300002],[771436.50549999997,6906348.3073000014],[771473.30389999971,6906308.0458000004],[771528.07530000061,6906217.0129000023],[771538.20109999925,6906184.994099997],[771551.03579999879,6906116.6453000009],[771551.88659999892,6906048.6911000013],[771543.65170000121,6905991.2313999981],[771531.37649999931,6905950.4560000002],[771502.83309999853,6905893.4770999998]]},"properties":{"OBJECTID":641,"Massn_ID":24,"GEW":"VEC","stat_von":90380,"stat_bis":90880,"gew_seite":"R","UMnArtBez":"(Vechte), Keine Mahd des unteren Gewässersaumes (2,00m) in den Pralluferbereichen","UMNGrBez":"Mäh- und Beweidungsarbeiten","Von_km":"90+380","Bis_km":"90+880","IDUabschn":"VEC_3","KTR":"MABVE00100","Versatz_RE":20,"Akz":"62024-04","UMn_Bemerk":null,"versatz":10,"Shape_Length":855.76315047100809}},{"type":"Feature","id":642,"geometry":{"type":"LineString","coordinates":[[790513.25070000067,6878982.9672000036],[790092.02679999918,6879665.3836999983],[790043.49230000004,6879723.2202999964],[789937.54800000042,6879804.0173999965],[789900.45910000056,6879821.7695999965],[789092.7846999988,6880047.1818000004],[788688.95529999956,6880087.9509999976]]},"properties":{"OBJECTID":642,"Massn_ID":6,"GEW":"EVK","stat_von":15140,"stat_bis":16560,"gew_seite":"L","UMnArtBez":"(Kanäle) Mahd, zweimalig, ab dem 15.06 und ab dem ???, Einseitig sind Röhrtricht- und Schilfbestände vor dem 01.09 von der Mahd auszuschließen","UMNGrBez":"Mäh- und Beweidungsarbeiten","Von_km":"15+140","Bis_km":"16+560","IDUabschn":"EVK_2","KTR":"MAAVE20200","Versatz_RE":-20,"Akz":"62024-10","UMn_Bemerk":null,"versatz":20,"Shape_Length":2296.2297256935453}},{"type":"Feature","id":643,"geometry":{"type":"LineString","coordinates":[[790237.21689999849,6928976.5018000007],[790354.24100000039,6930714.8999999985]]},"properties":{"OBJECTID":643,"Massn_ID":6,"GEW":"SNK","stat_von":30430,"stat_bis":31485,"gew_seite":"L","UMnArtBez":"(Kanäle) Mahd, zweimalig, ab dem 15.06 und ab dem ???, Einseitig sind Röhrtricht- und Schilfbestände vor dem 01.09 von der Mahd auszuschließen","UMNGrBez":"Mäh- und Beweidungsarbeiten","Von_km":"30+430","Bis_km":"31+485","IDUabschn":"SNK_7","KTR":"MAAEN10100","Versatz_RE":-20,"Akz":"62024-12","UMn_Bemerk":null,"versatz":20,"Shape_Length":1742.3326151274885}},{"type":"Feature","id":644,"geometry":{"type":"LineString","coordinates":[[752766.95309999958,6910953.5306999981],[752830.71449999884,6910893.4638999999],[752940.63940000162,6910854.2779999971]]},"properties":{"OBJECTID":644,"Massn_ID":50,"GEW":"VEC","stat_von":77140,"stat_bis":77250,"gew_seite":"L","UMnArtBez":"Gehölzneuanpflanzungen","UMNGrBez":"Gehölzpflege, Gehölzentwicklung","Von_km":"77+140","Bis_km":"77+250","IDUabschn":"VEC_1","KTR":"MABVE00100","Versatz_RE":-20,"Akz":"62024-04","UMn_Bemerk":"bis Einmündung Altarm Deichweg","versatz":-35,"Shape_Length":204.29927495603934}},{"type":"Feature","id":645,"geometry":{"type":"LineString","coordinates":[[799982.91099999845,6863994.1172000021],[800028.87510000169,6863870.1550000012],[800037.36199999973,6863831.9743999988],[800028.02589999884,6863762.9051000029],[800003.74320000038,6863669.4628999978]]},"properties":{"OBJECTID":645,"Massn_ID":24,"GEW":"VEC","stat_von":130480,"stat_bis":130680,"gew_seite":"R","UMnArtBez":"(Vechte), Keine Mahd des unteren Gewässersaumes (2,00m) in den Pralluferbereichen","UMNGrBez":"Mäh- und Beweidungsarbeiten","Von_km":"130+480","Bis_km":"130+680","IDUabschn":"VEC_14","KTR":"MABVE00200","Versatz_RE":20,"Akz":"62024-04","UMn_Bemerk":null,"versatz":10,"Shape_Length":337.56511379487654}},{"type":"Feature","id":646,"geometry":{"type":"LineString","coordinates":[[774783.49469999969,6893221.7106000036],[774814.1185999997,6893151.2048000023],[774819.23180000111,6893042.8307000026]]},"properties":{"OBJECTID":646,"Massn_ID":50,"GEW":"VEC","stat_von":101150,"stat_bis":101250,"gew_seite":"R","UMnArtBez":"Gehölzneuanpflanzungen","UMNGrBez":"Gehölzpflege, Gehölzentwicklung","Von_km":"101+150","Bis_km":"101+250","IDUabschn":"VEC_5","KTR":"MABVE00100","Versatz_RE":20,"Akz":"62024-04","UMn_Bemerk":null,"versatz":35,"Shape_Length":185.36396765301402}},{"type":"Feature","id":647,"geometry":{"type":"LineString","coordinates":[[813400.34820000082,6925509.259300001],[813422.28220000118,6925486.9701000005],[813468.23770000041,6925458.7281000018],[813529.88159999996,6925430.5964000002],[813581.26949999854,6925415.9892999977],[813646.30730000138,6925415.6014000028],[813731.31140000001,6925424.6358999982],[813922.18569999933,6925470.5020999983],[814074.48600000143,6925518.4632999972],[814162.68349999934,6925557.8391999975],[814199.34789999947,6925590.1027000025],[814235.51949999854,6925649.6596999988]]},"properties":{"OBJECTID":647,"Massn_ID":8,"GEW":"HAS","stat_von":1500,"stat_bis":2100,"gew_seite":"R","UMnArtBez":"(Hase, Variante 1) Mahd, zweimalig, ab dem 15.06 (Unterhaltungsweg und obere Hälfte der Böschung) und am dem 15.09 (Unterhaltungsweg und ganze Böschung)","UMNGrBez":"Mäh- und Beweidungsarbeiten","Von_km":"1+500","Bis_km":"2+100","IDUabschn":"HAS_1","KTR":"MAAHA00100","Versatz_RE":20,"Akz":"62024-03","UMn_Bemerk":"Die Hochwasserverwallungen sollten vom zuständigen Unterhaltungspflichtigen im selben Turnus gemäht werden wie die Unterhaltungstreifen","versatz":20,"Shape_Length":928.00538189386384}},{"type":"Feature","id":648,"geometry":{"type":"LineString","coordinates":[[775684.43360000104,6888421.9328000024],[775678.62779999897,6888359.8381000012],[775568.15900000185,6888084.8034000024],[775487.17709999904,6887971.4087999985],[775366.05150000006,6887896.1727000028],[775331.75349999964,6887824.1555999964],[775336.12480000034,6887762.0122999996],[775440.20839999989,6887512.9297999963],[775439.66919999942,6887507.7722000033],[775395.74370000139,6887433.3579000011],[775403.94069999829,6887367.298299998],[775460.02070000023,6887231.6644999981],[775866.30669999868,6886654.0854000002],[775912.02690000087,6886610.1172000021],[776188.10139999911,6886478.6850999966],[776202.86320000142,6886466.7038000003],[776281.58579999954,6886322.1984999999],[776336.45149999857,6886150.4148999974]]},"properties":{"OBJECTID":648,"Massn_ID":9,"GEW":"DIN","stat_von":2760,"stat_bis":4450,"gew_seite":"L","UMnArtBez":"(Dinkel, K) Monitoring zur Profilentwicklung durchführen","UMNGrBez":"Monitoring","Von_km":"2+760","Bis_km":"4+450","IDUabschn":"DIN_3","KTR":"MABVE00300","Versatz_RE":-20,"Akz":"62024-05","UMn_Bemerk":"3-K","versatz":-40,"Shape_Length":2796.9010569134634}},{"type":"Feature","id":649,"geometry":{"type":"LineString","coordinates":[[819697.1501000002,6981575.9496999979],[819285.48690000176,6983186.3105999976]]},"properties":{"OBJECTID":649,"Massn_ID":17,"GEW":"GFD","stat_von":1050,"stat_bis":2050,"gew_seite":"R","UMnArtBez":"(Goidfischdever) 1-malige Mahd der Böschungen (Herbstmahd), ab dem 1. September","UMNGrBez":"Mäh- und Beweidungsarbeiten","Von_km":"1+050","Bis_km":"2+050","IDUabschn":"GFD_1","KTR":"MABEN00100","Versatz_RE":20,"Akz":"62024-09","UMn_Bemerk":"Herbstmahd in offenen Bereichen, keine\r\nMahd zwischen den lückenhaften Gehölzbeständen","versatz":-20,"Shape_Length":1662.1458475359254}},{"type":"Feature","id":650,"geometry":{"type":"LineString","coordinates":[[809230.29450000077,6852342.0847000033],[809313.83900000155,6852275.8682999983],[809434.01150000095,6852114.2480999976],[809518.01469999924,6851914.807599999],[809555.23460000008,6851857.4868000001],[809846.32090000063,6851588.947800003],[809882.39310000092,6851519.1661000028],[809912.29410000145,6851247.798299998],[809920.71049999818,6851231.755900003],[810038.43710000068,6851168.6535999998]]},"properties":{"OBJECTID":650,"Massn_ID":50,"GEW":"VEC","stat_von":142100,"stat_bis":141180,"gew_seite":"R","UMnArtBez":"Gehölzneuanpflanzungen","UMNGrBez":"Gehölzpflege, Gehölzentwicklung","Von_km":"142+100","Bis_km":"141+180","IDUabschn":"VEC_18","KTR":"MABVE00200","Versatz_RE":20,"Akz":"62024-04","UMn_Bemerk":null,"versatz":35,"Shape_Length":1492.0467991430482}},{"type":"Feature","id":651,"geometry":{"type":"LineString","coordinates":[[847318.90129999816,6923554.2484000027],[847472.2265000008,6923535.3514000028],[847753.63239999861,6923528.5587000027],[847905.70100000128,6923532.5077000037],[848057.38729999959,6923548.809299998],[848119.76350000128,6923562.123499997],[848235.253800001,6923615.3060000017],[848297.44810000062,6923657.1733999997],[848542.92399999872,6923860.4434999973],[848654.77730000019,6923932.0549999997],[849104.36829999834,6924142.8596000001],[849611.28150000051,6924403.5354999974],[849698.51639999822,6924440.4541999996],[849761.81850000098,6924460.0327999964],[849805.28990000114,6924469.9761999995],[849923.5465000011,6924471.2589000016],[850358.28480000049,6924422.383100003],[850590.92770000175,6924380.0961999968],[850658.65410000086,6924377.9826000035],[850750.93079999834,6924402.6948999986],[850812.01330000162,6924429.6670999974],[850891.88309999928,6924492.9305000007],[851039.99089999869,6924657.4628999978],[851239.30920000002,6924852.6665999964],[851329.27560000122,6924931.7731999978]]},"properties":{"OBJECTID":651,"Massn_ID":8,"GEW":"HAS","stat_von":46580,"stat_bis":49280,"gew_seite":"L","UMnArtBez":"(Hase, Variante 1) Mahd, zweimalig, ab dem 15.06 (Unterhaltungsweg und obere Hälfte der Böschung) und am dem 15.09 (Unterhaltungsweg und ganze Böschung)","UMNGrBez":"Mäh- und Beweidungsarbeiten","Von_km":"46+580","Bis_km":"49+280","IDUabschn":"HAS_15","KTR":"MAAHA00100","Versatz_RE":-20,"Akz":"62024-03","UMn_Bemerk":null,"versatz":-20,"Shape_Length":4474.5335490064954}},{"type":"Feature","id":652,"geometry":{"type":"LineString","coordinates":[[805579.16950000077,6857197.2436999977],[805570.44909999892,6857102.3187000006],[805549.89429999888,6857026.7621999979]]},"properties":{"OBJECTID":652,"Massn_ID":50,"GEW":"VEC","stat_von":136700,"stat_bis":136800,"gew_seite":"R","UMnArtBez":"Gehölzneuanpflanzungen","UMNGrBez":"Gehölzpflege, Gehölzentwicklung","Von_km":"136+700","Bis_km":"136+800","IDUabschn":"VEC_17","KTR":"MABVE00200","Versatz_RE":20,"Akz":"62024-04","UMn_Bemerk":"oh. u. uh. Grabeneinmündung","versatz":35,"Shape_Length":173.6272325722008}},{"type":"Feature","id":653,"geometry":{"type":"LineString","coordinates":[[773415.97780000046,6903844.0477000028],[773402.01960000023,6903802.6943000033],[773391.67139999941,6903740.5942000002],[773393.12079999968,6903689.5117999986],[773422.25829999894,6903512.3351000026]]},"properties":{"OBJECTID":653,"Massn_ID":24,"GEW":"VEC","stat_von":92980,"stat_bis":93180,"gew_seite":"L","UMnArtBez":"(Vechte), Keine Mahd des unteren Gewässersaumes (2,00m) in den Pralluferbereichen","UMNGrBez":"Mäh- und Beweidungsarbeiten","Von_km":"92+980","Bis_km":"93+180","IDUabschn":"VEC_4","KTR":"MABVE00100","Versatz_RE":-20,"Akz":"62024-04","UMn_Bemerk":null,"versatz":-10,"Shape_Length":337.26152681293968}},{"type":"Feature","id":654,"geometry":{"type":"LineString","coordinates":[[775098.89200000092,6892446.4055999964],[775152.86490000039,6892429.5755999982],[775590.9525000006,6892367.0022],[775707.0102000013,6892356.9646999985]]},"properties":{"OBJECTID":654,"Massn_ID":10,"GEW":"VEC","stat_von":101700,"stat_bis":102080,"gew_seite":"R","UMnArtBez":"(Vechte) Mahd, zweimalig, ab dem 15.07 und ab dem 01.09","UMNGrBez":"Mäh- und Beweidungsarbeiten","Von_km":"101+700","Bis_km":"102+080","IDUabschn":"VEC_6","KTR":"MABVE00100","Versatz_RE":20,"Akz":"62024-04","UMn_Bemerk":null,"versatz":20,"Shape_Length":615.56079303580668}},{"type":"Feature","id":655,"geometry":{"type":"LineString","coordinates":[[788210.68690000102,6878056.6092000008],[788241.15920000151,6877981.6706999987],[788284.61430000141,6877903.7153000012],[788365.28559999913,6877811.2932000011],[788421.80449999869,6877769.3993000016],[788567.60370000079,6877696.6735000014],[788670.56590000167,6877662.574500002],[788736.45729999989,6877647.7000999972],[789077.92850000039,6877610.2492000014],[789266.41560000181,6877565.0177000016],[789356.27910000086,6877531.5615999997],[789426.48860000074,6877498.6612000018],[789531.20939999819,6877432.3559999987],[789623.04100000113,6877349.4777999967],[789717.80059999973,6877245.2496000007],[789793.52019999921,6877118.8981000036],[789817.37150000036,6877069.2203999981],[789858.28840000182,6876919.0240999982],[789863.90520000085,6876791.3628999963],[789831.33410000056,6876302.5195999965],[789828.84860000014,6876183.4513999969],[789835.27109999955,6876094.3836999983],[789862.5859999992,6875942.6889000013],[789883.38870000094,6875869.9513000026],[789923.59109999985,6875767.0658999979]]},"properties":{"OBJECTID":655,"Massn_ID":10,"GEW":"VEC","stat_von":116480,"stat_bis":118510,"gew_seite":"L","UMnArtBez":"(Vechte) Mahd, zweimalig, ab dem 15.07 und ab dem 01.09","UMNGrBez":"Mäh- und Beweidungsarbeiten","Von_km":"116+480","Bis_km":"118+510","IDUabschn":"VEC_10","KTR":"MABVE00200","Versatz_RE":-20,"Akz":"62024-04","UMn_Bemerk":null,"versatz":-20,"Shape_Length":3325.8464188655394}},{"type":"Feature","id":656,"geometry":{"type":"LineString","coordinates":[[776244.002700001,6886560.1385999992],[776279.64579999819,6886531.1942000017],[776359.38320000097,6886389.6586000025],[776429.90700000152,6886180.9921000004]]},"properties":{"OBJECTID":656,"Massn_ID":14,"GEW":"DIN","stat_von":4200,"stat_bis":4450,"gew_seite":"R","UMnArtBez":"(Dinkel, B) mehrjährlich keine Mahd, Uferstaudenfluren werden in gehölzarmen Böschungsbereichen entwickelt","UMNGrBez":"Mäh- und Beweidungsarbeiten","Von_km":"4+200","Bis_km":"4+450","IDUabschn":"DIN_3","KTR":"MABVE00300","Versatz_RE":20,"Akz":"62024-05","UMn_Bemerk":"3-B-1 (Libellen, Eisvogel)","versatz":20,"Shape_Length":428.62831728255776}},{"type":"Feature","id":657,"geometry":{"type":"LineString","coordinates":[[800855.03379999846,6866558.5159000009],[800844.83520000055,6866428.3716999963],[800833.94090000167,6866397.2185999975],[800814.79190000147,6866362.8430999964],[800778.11309999973,6866309.4570000023],[800730.36129999906,6866256.8452999964],[800597.6213000007,6866156.7340999991]]},"properties":{"OBJECTID":657,"Massn_ID":24,"GEW":"VEC","stat_von":128480,"stat_bis":128780,"gew_seite":"R","UMnArtBez":"(Vechte), Keine Mahd des unteren Gewässersaumes (2,00m) in den Pralluferbereichen","UMNGrBez":"Mäh- und Beweidungsarbeiten","Von_km":"128+480","Bis_km":"128+780","IDUabschn":"VEC_13","KTR":"MABVE00200","Versatz_RE":20,"Akz":"62024-04","UMn_Bemerk":null,"versatz":10,"Shape_Length":504.97760158242431}},{"type":"Feature","id":658,"geometry":{"type":"LineString","coordinates":[[792150.48710000142,6873171.7929999977],[792285.308699999,6873171.0222999975],[792317.21200000122,6873181.5318000019],[792365.28209999949,6873204.6339000016],[792495.78799999878,6873291.5164000019],[792541.42020000145,6873314.0183999985],[792582.93899999931,6873319.2765000015],[792632.02430000156,6873311.1318000033],[792731.37590000033,6873272.7014999986],[792765.55220000073,6873266.9033999965],[792912.56639999896,6873268.2717000023],[792960.26449999958,6873242.5709000006],[792977.00340000167,6873218.7559999973],[793004.91059999913,6873142.314199999],[793098.79170000181,6872956.5900000036]]},"properties":{"OBJECTID":658,"Massn_ID":5,"GEW":"VEC","stat_von":120800,"stat_bis":121500,"gew_seite":"R","UMnArtBez":"keine Mahd","UMNGrBez":"Mäh- und Beweidungsarbeiten","Von_km":"120+800","Bis_km":"121+500","IDUabschn":"VEC_12","KTR":"MABVE00200","Versatz_RE":20,"Akz":"62024-04","UMn_Bemerk":"Gehölze","versatz":20,"Shape_Length":1181.9950519761924}},{"type":"Feature","id":659,"geometry":{"type":"LineString","coordinates":[[810214.99590000138,6851028.6090999991],[810254.82490000129,6850990.8184999973],[810289.40049999952,6850918.4420000017]]},"properties":{"OBJECTID":659,"Massn_ID":50,"GEW":"VEC","stat_von":142230,"stat_bis":142300,"gew_seite":"R","UMnArtBez":"Gehölzneuanpflanzungen","UMNGrBez":"Gehölzpflege, Gehölzentwicklung","Von_km":"142+230","Bis_km":"142+300","IDUabschn":"VEC_18","KTR":"MABVE00200","Versatz_RE":20,"Akz":"62024-04","UMn_Bemerk":null,"versatz":35,"Shape_Length":135.11542640334935}},{"type":"Feature","id":660,"geometry":{"type":"LineString","coordinates":[[844924.95659999922,6925237.3184999973],[845102.19539999962,6925211.810999997],[845761.64770000055,6925086.6796000004],[845910.50829999894,6925029.7034000009],[845989.99280000106,6924979.1401999965],[846069.90569999814,6924917.5634000003],[846113.11690000072,6924871.6272],[846223.66620000079,6924722.6721000001],[846392.24240000173,6924448.4103000015],[846577.93189999834,6924106.0847000033],[846667.85200000182,6923964.7965999991],[846717.24109999835,6923901.0596000031],[846776.05860000104,6923842.4421000034],[846834.04580000043,6923796.0323999971],[846887.95380000025,6923758.9849999994],[846939.78689999878,6923734.7105000019],[847117.2424999997,6923673.6116999984],[847331.04960000142,6923618.9962000027]]},"properties":{"OBJECTID":660,"Massn_ID":8,"GEW":"HAS","stat_von":44700,"stat_bis":46580,"gew_seite":"R","UMnArtBez":"(Hase, Variante 1) Mahd, zweimalig, ab dem 15.06 (Unterhaltungsweg und obere Hälfte der Böschung) und am dem 15.09 (Unterhaltungsweg und ganze Böschung)","UMNGrBez":"Mäh- und Beweidungsarbeiten","Von_km":"44+700","Bis_km":"46+580","IDUabschn":"HAS_14","KTR":"MAAHA00100","Versatz_RE":20,"Akz":"62024-03","UMn_Bemerk":null,"versatz":20,"Shape_Length":3101.1181108797336}},{"type":"Feature","id":661,"geometry":{"type":"LineString","coordinates":[[803150.0540000014,6860454.0527999997],[803307.29410000145,6860410.8056000024]]},"properties":{"OBJECTID":661,"Massn_ID":50,"GEW":"VEC","stat_von":134000,"stat_bis":134100,"gew_seite":"L","UMnArtBez":"Gehölzneuanpflanzungen","UMNGrBez":"Gehölzpflege, Gehölzentwicklung","Von_km":"134+000","Bis_km":"134+100","IDUabschn":"VEC_15","KTR":"MABVE00200","Versatz_RE":-20,"Akz":"62024-04","UMn_Bemerk":null,"versatz":-35,"Shape_Length":163.07902794545299}},{"type":"Feature","id":662,"geometry":{"type":"LineString","coordinates":[[773554.94139999896,6902841.1140000001],[773508.98369999975,6902795.075000003]]},"properties":{"OBJECTID":662,"Massn_ID":50,"GEW":"VEC","stat_von":93700,"stat_bis":93740,"gew_seite":"L","UMnArtBez":"Gehölzneuanpflanzungen","UMNGrBez":"Gehölzpflege, Gehölzentwicklung","Von_km":"93+700","Bis_km":"93+740","IDUabschn":"VEC_4","KTR":"MABVE00100","Versatz_RE":-20,"Akz":"62024-04","UMn_Bemerk":"oh. un. uh Oberleitung","versatz":-35,"Shape_Length":65.051515815918975}},{"type":"Feature","id":663,"geometry":{"type":"LineString","coordinates":[[780104.33529999852,6888439.3746000007],[780176.71550000086,6888312.4606000036],[780217.12449999899,6888268.3452999964],[780286.09189999849,6888218.2289000005],[780429.50360000134,6888152.4069000036],[780506.42269999906,6888081.9501999989],[780587.98270000145,6887955.8616999984],[780626.42790000141,6887920.756099999],[780730.79879999906,6887856.5543000028],[780858.05900000036,6887804.6391000003],[780907.78500000015,6887769.5832000002],[780943.27760000154,6887733.5658999979],[780971.37370000035,6887694.875],[780999.06949999928,6887635.1642000005],[781006.87029999867,6887602.1850999966],[781015.92220000178,6887526.4865999967],[781012.64519999921,6887475.9171999991],[780988.39029999822,6887398.4126999974],[780878.55200000107,6887129.8266000003],[780866.9963000007,6887053.0254999995],[780878.59540000185,6886965.1994000003],[780891.11039999872,6886923.5424999967],[780908.82499999925,6886885.0609000027],[780938.67130000144,6886845.9861000031],[781042.14499999955,6886751.4067000002],[781227.80200000107,6886489.4456999972],[781287.78090000153,6886431.4324999973],[781394.1772999987,6886346.5238000005],[781442.97300000116,6886300.2160999998],[781471.36019999906,6886262.9692000002],[781493.28550000116,6886224.1177000031],[781521.29039999843,6886142.4082000032],[781532.80649999902,6886064.4714000002],[781531.70650000125,6886011.561300002]]},"properties":{"OBJECTID":663,"Massn_ID":14,"GEW":"VEC","stat_von":106380,"stat_bis":108300,"gew_seite":"L","UMnArtBez":"(Vechte) Mahd, einmalig, drei- bis fünfjährlich, zw. 01.09  und 28.02","UMNGrBez":"Mäh- und Beweidungsarbeiten","Von_km":"106+380","Bis_km":"108+300","IDUabschn":"VEC_6","KTR":"MABVE00100","Versatz_RE":-20,"Akz":"62024-04","UMn_Bemerk":null,"versatz":-20,"Shape_Length":3131.6419561379794}},{"type":"Feature","id":664,"geometry":{"type":"LineString","coordinates":[[759491.42300000042,6914199.8183000013],[757891.66059999913,6915026.4415000007],[757333.44949999824,6915204.1247999966],[756975.61160000041,6915308.9789000005],[756912.29729999974,6915336.7069000006],[756791.69460000098,6915458.6494000033],[755546.53319999948,6916837.4561000019]]},"properties":{"OBJECTID":664,"Massn_ID":11,"GEW":"PCK","stat_von":19095,"stat_bis":22040,"gew_seite":"L","UMnArtBez":"(Kanäle) Mahd, einmalig, ab dem 15.06, Einseitig sind Röhrtricht- und Schilfbestände vor dem 01.09 von der Mahd auszuschließen","UMNGrBez":"Mäh- und Beweidungsarbeiten","Von_km":"19+095","Bis_km":"22+040","IDUabschn":"PCK_4","KTR":"MAAVE40500","Versatz_RE":-20,"Akz":"62024-13","UMn_Bemerk":null,"versatz":20,"Shape_Length":4857.8572069736292}},{"type":"Feature","id":665,"geometry":{"type":"LineString","coordinates":[[790159.81810000166,6888303.8320000023],[790171.72839999944,6888334.3967000023]]},"properties":{"OBJECTID":665,"Massn_ID":201,"GEW":"SNK","stat_von":3790,"stat_bis":3810,"gew_seite":"R","UMnArtBez":"Mahd im Bereich der Bauwerke z.B. Schleusen, Wehranlagen, etc. Abflusshindernisse im Bereich der Bauwerke entfernen","UMNGrBez":"Bauwerke instandhalten bzw. Abfluss im Bereich von Bauwerken sicherstellen","Von_km":"3+790","Bis_km":"3+810","IDUabschn":"SNK_3","KTR":"MAAVE10100","Versatz_RE":20,"Akz":"62024-12","UMn_Bemerk":null,"versatz":-20,"Shape_Length":32.803294531591064}},{"type":"Feature","id":666,"geometry":{"type":"LineString","coordinates":[[827433.82339999825,6921233.499499999],[827453.68939999864,6921170.2150000036],[827459.57959999889,6921102.2097000033],[827457.32189999893,6921040.4956],[827428.56390000135,6920971.5196999982],[827389.1427000016,6920923.2163999975],[827176.7976000011,6920737.2735000029],[827069.02859999985,6920611.2400000021],[826987.33159999922,6920498.1577999964],[826930.86030000076,6920383.2942999974],[826917.64020000026,6920327.875],[826929.92060000077,6920251.1115999967],[826930.11659999937,6920250.7634000033],[826999.17980000004,6920210.4746000022],[827056.69709999859,6920201.067900002],[827268.26559999958,6920212.7859999985],[827539.18180000037,6920249.2476999983],[827591.80810000002,6920276.2185999975],[827675.34059999883,6920362.012000002],[827742.94090000167,6920393.6882999986],[827824.95179999992,6920378.2365999967],[827901.63679999858,6920318.8597000018]]},"properties":{"OBJECTID":666,"Massn_ID":23,"GEW":"HAS","stat_von":23500,"stat_bis":24880,"gew_seite":"R","UMnArtBez":"(Hase), Mahd der krautigen Ufersaumstreifen ab dem 01.10 jährlich alternierend auf 300-500 m langen Teilstrecken","UMNGrBez":"Mäh- und Beweidungsarbeiten","Von_km":"23+500","Bis_km":"24+880","IDUabschn":"HAS_7","KTR":"MAAHA00100","Versatz_RE":20,"Akz":"62024-03","UMn_Bemerk":null,"versatz":30,"Shape_Length":2241.5738944512668}},{"type":"Feature","id":667,"geometry":{"type":"LineString","coordinates":[[799471.06929999962,6868814.9316999987],[799535.38580000028,6868816.7912999988],[799718.99139999971,6868845.7031999975],[799808.81300000101,6868845.1809],[799836.70450000092,6868837.9717999995],[799909.89939999953,6868805.7283999994],[800057.30440000072,6868707.4371000007],[800089.69460000098,6868692.6845000014]]},"properties":{"OBJECTID":667,"Massn_ID":24,"GEW":"VEC","stat_von":126580,"stat_bis":126980,"gew_seite":"R","UMnArtBez":"(Vechte), Keine Mahd des unteren Gewässersaumes (2,00m) in den Pralluferbereichen","UMNGrBez":"Mäh- und Beweidungsarbeiten","Von_km":"126+580","Bis_km":"126+980","IDUabschn":"VEC_13","KTR":"MABVE00200","Versatz_RE":20,"Akz":"62024-04","UMn_Bemerk":null,"versatz":10,"Shape_Length":661.58687530879718}},{"type":"Feature","id":668,"geometry":{"type":"LineString","coordinates":[[793131.35350000113,6872783.9246999994],[793262.85390000045,6872611.5293999985],[793342.10570000112,6872536.1124000028],[793402.34849999845,6872491.0702000037],[793717.21849999949,6872198.1265999973],[793976.25299999863,6872027.4130000025],[794600.3387000002,6871716.4606000036],[794679.56639999896,6871705.2294000015],[794740.08900000155,6871712.0160999969],[795047.38280000165,6871794.7144000009],[795070.06659999862,6871790.313699998],[795107.79439999908,6871771.1032999977],[795185.39579999819,6871706.3742000014],[795360.98990000039,6871647.0720999986],[795391.03130000085,6871627.9702000022],[795415.77079999819,6871595.9466999993],[795472.68219999969,6871453.1238999963],[795510.53280000016,6871421.0555000007],[795580.97069999948,6871401.2128999978],[795672.78539999947,6871394.7128000036],[795721.32129999995,6871419.3421000019],[795818.16340000182,6871492.2876999974],[795856.76469999924,6871504.7127000019],[795951.47870000079,6871516.739699997],[796016.26550000161,6871512.0647],[796059.67790000141,6871498.5182000026],[796136.62649999931,6871440.8552000001],[796230.20490000024,6871336.2078000009],[796303.47729999945,6871280.9759000018],[796517.83689999953,6871160.7236000001],[796601.49020000175,6871089.5401000008],[797056.0634999983,6870553.434299998],[797098.27629999816,6870511.8088999987],[797169.17850000039,6870477.672799997],[797790.45050000027,6870338.2254000008],[797839.50259999931,6870332.8286999986],[797970.74879999831,6870340.1468999982],[798071.80849999934,6870320.6524000019],[798119.26240000129,6870304.1506000012],[798177.58529999852,6870260.9438000023],[798203.93499999866,6870232.9540000036],[798236.0166000016,6870181.8650000021]]},"properties":{"OBJECTID":668,"Massn_ID":10,"GEW":"VEC","stat_von":121600,"stat_bis":125380,"gew_seite":"L","UMnArtBez":"(Vechte) Mahd, zweimalig, ab dem 15.07 und ab dem 01.09","UMNGrBez":"Mäh- und Beweidungsarbeiten","Von_km":"121+600","Bis_km":"125+380","IDUabschn":"VEC_13","KTR":"MABVE00200","Versatz_RE":-20,"Akz":"62024-04","UMn_Bemerk":"bis ehem. Schulte-Südhof Br.","versatz":-20,"Shape_Length":6183.5876364622663}},{"type":"Feature","id":669,"geometry":{"type":"LineString","coordinates":[[814214.96460000053,6925640.8888999969],[814224.42529999837,6925696.0034999996],[814216.33850000054,6925758.8605000004],[814038.38709999993,6926078.8800999969],[814020.64600000158,6926127.0467000008],[814019.64490000159,6926226.757600002],[814090.36180000007,6926364.7092000023],[814180.565200001,6926465.4851000011],[814343.71930000186,6926561.1704000011],[814426.14070000127,6926593.7581999972],[814524.88969999924,6926596.0710999966],[814610.52800000086,6926552.8286999986],[814661.14220000058,6926481.7541999966],[814787.53249999881,6926087.3436999992],[814811.41220000014,6926025.1234000027],[814849.18730000034,6925974.174999997],[814928.28269999847,6925940.6513999999],[815403.13259999827,6925852.3822999969],[815559.18279999867,6925839.7947999984],[815836.79239999875,6925854.6655000001],[815881.26529999822,6925851.248499997],[815943.35060000047,6925819.8840999976],[815958.8927000016,6925741.5878999978],[815945.5075000003,6925700.5600999966],[815880.6895999983,6925632.4975999966],[815465.38580000028,6925278.0793000013],[815268.30600000173,6925155.7172000036],[815228.18290000036,6925107.7709999979],[815212.61740000173,6925052.1014999971],[815221.63459999859,6924992.7514000013],[815245.90529999882,6924911.9343999997],[815292.11279999837,6924840.1110000014],[815499.9737999998,6924646.1831],[815627.69370000064,6924551.9570000023],[815748.39600000158,6924474.2810999975],[815868.23290000111,6924416.6622999981],[815988.54980000108,6924375.2166000009],[816097.17000000179,6924351.8932999969],[816180.12220000103,6924346.004900001],[816614.17830000073,6924366.4355000034],[816695.72430000082,6924380.8778000027],[816818.72129999846,6924425.1625000015],[816936.01550000161,6924492.8636000007],[817012.78990000114,6924559.8847000003],[817090.40619999915,6924676.1011999995],[817161.12609999999,6924854.0725999996],[817210.43510000035,6925014.5869000033],[817219.50230000168,6925209.876500003],[817194.56359999999,6925389.1481000036],[817228.69830000028,6925466.4362000003],[817285.32990000024,6925507.8989000022],[817379.88740000129,6925513.9553000033],[817723.74419999868,6925452.6000000015],[817887.84259999916,6925435.8602000028],[817957.67799999937,6925441.3618000001],[817989.71599999815,6925454.2528000027],[818010.83879999816,6925474.8929999992],[818010.83260000125,6925507.9086999968],[817861.96389999986,6925771.6731000021],[817795.82950000092,6925945.876000002],[817771.45820000023,6926099.6661000028],[817766.74280000106,6926276.5100999996]]},"properties":{"OBJECTID":669,"Massn_ID":23,"GEW":"HAS","stat_von":2100,"stat_bis":7600,"gew_seite":"R","UMnArtBez":"(Hase), Mahd der krautigen Ufersaumstreifen ab dem 01.10 jährlich alternierend auf 300-500 m langen Teilstrecken","UMNGrBez":"Mäh- und Beweidungsarbeiten","Von_km":"2+100","Bis_km":"7+600","IDUabschn":"HAS_2","KTR":"MAAHA00100","Versatz_RE":20,"Akz":"62024-03","UMn_Bemerk":null,"versatz":30,"Shape_Length":9048.1717192954366}},{"type":"Feature","id":670,"geometry":{"type":"LineString","coordinates":[[803083.00879999995,6945778.7858000025],[802945.12909999862,6945840.366899997],[802851.32239999995,6945900.8234999999],[802825.31610000134,6945923.6384000033],[802709.18149999902,6946053.1881999969],[802337.35779999942,6946515.2414999977],[802250.35300000012,6946639.8003000021],[802033.16750000045,6947102.0486000031],[801936.82660000026,6947231.2906000018],[801619.47019999847,6947531.6559000015],[801024.91180000082,6948077.2634999976],[800661.11030000076,6948494.3227000013],[800622.04050000012,6948553.1934999973],[800566.02070000023,6948643.8263000026],[800528.58929999918,6948727.0341999978],[800371.45529999956,6949176.5615999997],[800348.03689999878,6949290.4642999992],[800324.54230000079,6949366.7845000029],[800225.47549999878,6949597.4629999995],[799706.78999999911,6951060.1033999994],[799663.4963000007,6951132.0892999992],[799606.33339999989,6951190.2839000002],[799522.98589999974,6951244.2104000002],[799454.86160000041,6951268.5358000025]]},"properties":{"OBJECTID":670,"Massn_ID":5,"GEW":"HRK","stat_von":2660,"stat_bis":6750,"gew_seite":"L","UMnArtBez":"keine Mahd","UMNGrBez":"Mäh- und Beweidungsarbeiten","Von_km":"2+660","Bis_km":"6+750","IDUabschn":"HRK_1","KTR":"MAAEN20300","Versatz_RE":-20,"Akz":"62024-16","UMn_Bemerk":null,"versatz":-20,"Shape_Length":6766.3935066171207}},{"type":"Feature","id":671,"geometry":{"type":"LineString","coordinates":[[775155.32349999994,6890061.2160999998],[775261.99199999869,6890043.9723000005],[775309.47700000182,6890027.7704999968],[775352.17350000143,6890002.3936000019],[775389.56399999931,6889969.1191999987],[775418.81579999998,6889929.3316999972],[775444.40199999884,6889869.0782999992],[775496.41290000081,6889567.8524999991],[775609.51700000092,6889099.5930000022],[775679.92280000076,6888927.8435999975],[775736.02809999883,6888713.0129000023],[775774.93349999934,6888524.5883999988],[775782.40399999917,6888418.1045000032]]},"properties":{"OBJECTID":671,"Massn_ID":12,"GEW":"DIN","stat_von":1650,"stat_bis":2760,"gew_seite":"R","UMnArtBez":"(Dinkel, B) einmalige Sommermahd nach dem 15. Juli, \tBöschungsmahd unter Aussparung des Röhrichtsaums und der Gehölzbereiche (! Libellen !)","UMNGrBez":"Mäh- und Beweidungsarbeiten","Von_km":"1+650","Bis_km":"2+760","IDUabschn":"DIN_2","KTR":"MABVE00300","Versatz_RE":20,"Akz":"62024-05","UMn_Bemerk":"2-B-2","versatz":20,"Shape_Length":1867.0010194522504}},{"type":"Feature","id":672,"geometry":{"type":"LineString","coordinates":[[762885.12889999896,6909642.6511999965],[762909.67469999939,6909673.4098000005],[762945.73079999909,6909703.1841000021],[763022.51170000061,6909730.5099000037],[763197.6865000017,6909736.9483999982]]},"properties":{"OBJECTID":672,"Massn_ID":24,"GEW":"VEC","stat_von":84180,"stat_bis":84380,"gew_seite":"R","UMnArtBez":"(Vechte), Keine Mahd des unteren Gewässersaumes (2,00m) in den Pralluferbereichen","UMNGrBez":"Mäh- und Beweidungsarbeiten","Von_km":"84+180","Bis_km":"84+380","IDUabschn":"VEC_3","KTR":"MABVE00100","Versatz_RE":20,"Akz":"62024-04","UMn_Bemerk":null,"versatz":10,"Shape_Length":342.90425947998051}},{"type":"Feature","id":673,"geometry":{"type":"LineString","coordinates":[[800694.65309999883,6865387.6344000027],[800659.32059999928,6865343.993900001],[800579.70829999819,6865305.1833000034],[800506.4851000011,6865293.7321999967],[800392.91250000149,6865301.3545000032]]},"properties":{"OBJECTID":673,"Massn_ID":50,"GEW":"VEC","stat_von":129270,"stat_bis":129440,"gew_seite":"R","UMnArtBez":"Gehölzneuanpflanzungen","UMNGrBez":"Gehölzpflege, Gehölzentwicklung","Von_km":"129+270","Bis_km":"129+440","IDUabschn":"VEC_14","KTR":"MABVE00200","Versatz_RE":20,"Akz":"62024-04","UMn_Bemerk":"Gehölzsaum vervollständigen bis Einmündung kleiner Limbeckgrabe n","versatz":35,"Shape_Length":332.66029366890956}},{"type":"Feature","id":674,"geometry":{"type":"LineString","coordinates":[[784210.00950000063,6883720.064199999],[784254.41820000112,6883654.1823000014],[784301.85139999911,6883540.9803000018],[784325.53799999878,6883385.8178000003],[784298.53440000117,6883218.1093000025],[784226.01170000061,6883080.2932000011]]},"properties":{"OBJECTID":674,"Massn_ID":50,"GEW":"VEC","stat_von":111100,"stat_bis":111480,"gew_seite":"R","UMnArtBez":"Gehölzneuanpflanzungen","UMNGrBez":"Gehölzpflege, Gehölzentwicklung","Von_km":"111+100","Bis_km":"111+480","IDUabschn":"VEC_6","KTR":"MABVE00100","Versatz_RE":20,"Akz":"62024-04","UMn_Bemerk":"Gehölzanpflanzung (WWZ)","versatz":35,"Shape_Length":684.75133872281992}},{"type":"Feature","id":675,"geometry":{"type":"LineString","coordinates":[[851344.13080000132,6924944.8351000026],[851374.24949999899,6924971.3181999996],[851451.14629999921,6925063.130400002],[851487.0709999986,6925119.9848999977],[851510.4395999983,6925199.7211999968],[851512.13179999962,6925287.940200001],[851493.15340000018,6925371.5979999974],[851302.40900000185,6925866.3233999982],[851272.17280000076,6925976.7559999973],[851253.33819999918,6926140.4222000018],[851237.83170000091,6926436.0249999985],[851240.72019999847,6926483.3975000009],[851246.19049999863,6926522.5952999964],[851284.6726000011,6926617.4899000004],[851435.10720000044,6926928.5863000005],[851498.18450000137,6927044.7378000021],[851561.86120000109,6927137.9428000003],[851725.8590000011,6927327.9777999967],[851780.68629999831,6927387.0085999966],[851812.94970000163,6927411.1581000015],[851888.57079999894,6927437.4179000035],[852129.80629999936,6927431.9457999989],[852175.44009999931,6927440.2422000021],[852259.32820000127,6927485.9856999964],[852365.78669999912,6927596.7621000037],[852414.87029999867,6927659.5991000012],[852691.34849999845,6928079.6400000006],[852731.4001000002,6928123.2088999972],[852784.03350000083,6928166.2754999995],[852829.16470000148,6928197.0364999995],[852863.72789999843,6928212.5283999965],[852954.7239000015,6928234.7924999967],[853048.29600000009,6928231.8454999998],[853099.42040000111,6928221.6550000012],[853158.47929999977,6928202.8194999993],[853372.03999999911,6928103.2014999986],[853521.12339999899,6928068.7624000013],[853635.86400000006,6928071.9732000008],[853974.1053000018,6928161.7977000028]]},"properties":{"OBJECTID":675,"Massn_ID":26,"GEW":"HAS","stat_von":49292,"stat_bis":52526,"gew_seite":"L","UMnArtBez":"Einmalige Mahd (Sommermahd) zwischen dem 16. Juli und dem 31. August jeweils auf einer Seite im jährlichen Wechsel. Bevorzugt nach dem 01 August.","UMNGrBez":"Mäh- und Beweidungsarbeiten","Von_km":"49+292","Bis_km":"52+526","IDUabschn":"HAS_16","KTR":"MABHA00200","Versatz_RE":-20,"Akz":"62024-03","UMn_Bemerk":"in Kombination mit der Herbstmahd im jährlichen Wechsel (in geraden Jahren Sommermahd in ungeraden Herbstmahd","versatz":-20,"Shape_Length":5315.6695601692618}},{"type":"Feature","id":676,"geometry":{"type":"LineString","coordinates":[[763414.51199999824,6909763.2207999974],[763451.66580000147,6909807.2331999987]]},"properties":{"OBJECTID":676,"Massn_ID":50,"GEW":"VEC","stat_von":84500,"stat_bis":84535,"gew_seite":"L","UMnArtBez":"Gehölzneuanpflanzungen","UMNGrBez":"Gehölzpflege, Gehölzentwicklung","Von_km":"84+500","Bis_km":"84+535","IDUabschn":"VEC_3","KTR":"MABVE00100","Versatz_RE":-20,"Akz":"62024-04","UMn_Bemerk":"oh. Brücke","versatz":-35,"Shape_Length":57.597710098174772}},{"type":"Feature","id":677,"geometry":{"type":"LineString","coordinates":[[763246.26300000027,6909667.3259000033],[763330.85370000079,6909690.5637999997],[763369.76309999824,6909719.2449999973]]},"properties":{"OBJECTID":677,"Massn_ID":50,"GEW":"VEC","stat_von":84400,"stat_bis":84470,"gew_seite":"L","UMnArtBez":"Gehölzneuanpflanzungen","UMNGrBez":"Gehölzpflege, Gehölzentwicklung","Von_km":"84+400","Bis_km":"84+470","IDUabschn":"VEC_3","KTR":"MABVE00100","Versatz_RE":-20,"Akz":"62024-04","UMn_Bemerk":"ab Bootsanleger, oh. u. uh. Brücke B 403","versatz":-35,"Shape_Length":136.06239282204623}},{"type":"Feature","id":678,"geometry":{"type":"LineString","coordinates":[[789810.4673999995,6876100.9072000012],[789838.86230000108,6875935.7106000036],[789899.98809999973,6875760.114699997]]},"properties":{"OBJECTID":678,"Massn_ID":50,"GEW":"VEC","stat_von":118300,"stat_bis":118510,"gew_seite":"L","UMnArtBez":"Gehölzneuanpflanzungen","UMNGrBez":"Gehölzpflege, Gehölzentwicklung","Von_km":"118+300","Bis_km":"118+510","IDUabschn":"VEC_10","KTR":"MABVE00200","Versatz_RE":-20,"Akz":"62024-04","UMn_Bemerk":"uh. Mündung Brandlechter Bruchgraben (evtl. durch Dritte (Oppel)","versatz":-35,"Shape_Length":353.55002935993491}},{"type":"Feature","id":679,"geometry":{"type":"LineString","coordinates":[[755502.82779999822,6910785.1164000034],[755545.71269999817,6910777.5612000003],[755607.40850000083,6910757.7280000001],[755660.4710999988,6910726.8290000036],[755737.97870000079,6910670.2119000033],[755867.75319999829,6910559.4404999986]]},"properties":{"OBJECTID":679,"Massn_ID":24,"GEW":"VEC","stat_von":79020,"stat_bis":79280,"gew_seite":"R","UMnArtBez":"(Vechte), Keine Mahd des unteren Gewässersaumes (2,00m) in den Pralluferbereichen","UMNGrBez":"Mäh- und Beweidungsarbeiten","Von_km":"79+020","Bis_km":"79+280","IDUabschn":"VEC_2","KTR":"MABVE00100","Versatz_RE":20,"Akz":"62024-04","UMn_Bemerk":null,"versatz":10,"Shape_Length":436.35967640209287}},{"type":"Feature","id":680,"geometry":{"type":"LineString","coordinates":[[800663.49190000072,6861733.9125000015],[800750.14710000157,6861697.3106999993],[800901.00219999999,6861665.766900003],[800915.07149999961,6861659.0515000001],[801020.61349999905,6861517.9193999991],[801208.6035999991,6861383.992399998],[801251.49639999866,6861368.8082000017],[801416.09270000085,6861351.5534999967],[801513.41149999946,6861376.2199999988],[801724.04390000179,6861344.7405000031],[801975.61520000175,6861331.7656999975],[802080.77439999953,6861298.170599997],[802185.82889999822,6861226.8694000021]]},"properties":{"OBJECTID":680,"Massn_ID":50,"GEW":"VEC","stat_von":132160,"stat_bis":133200,"gew_seite":"L","UMnArtBez":"Gehölzneuanpflanzungen","UMNGrBez":"Gehölzpflege, Gehölzentwicklung","Von_km":"132+160","Bis_km":"133+200","IDUabschn":"VEC_15","KTR":"MABVE00200","Versatz_RE":-20,"Akz":"62024-04","UMn_Bemerk":null,"versatz":-35,"Shape_Length":1684.4580591914237}},{"type":"Feature","id":681,"geometry":{"type":"LineString","coordinates":[[773667.37680000067,6896607.4095999971],[773679.81500000134,6896549.7802999988],[773718.39299999923,6896436.0434999987],[773719.60590000078,6896402.8936000019],[773714.92370000109,6896367.420599997],[773688.57449999824,6896282.2085999995]]},"properties":{"OBJECTID":681,"Massn_ID":24,"GEW":"VEC","stat_von":98680,"stat_bis":98880,"gew_seite":"R","UMnArtBez":"(Vechte), Keine Mahd des unteren Gewässersaumes (2,00m) in den Pralluferbereichen","UMNGrBez":"Mäh- und Beweidungsarbeiten","Von_km":"98+680","Bis_km":"98+880","IDUabschn":"VEC_5","KTR":"MABVE00100","Versatz_RE":20,"Akz":"62024-04","UMn_Bemerk":null,"versatz":10,"Shape_Length":337.20320693776694}},{"type":"Feature","id":682,"geometry":{"type":"LineString","coordinates":[[800624.34380000085,6865443.7718999982],[800604.63489999995,6865418.1221000031]]},"properties":{"OBJECTID":682,"Massn_ID":10,"GEW":"VEC","stat_von":129270,"stat_bis":129290,"gew_seite":"L","UMnArtBez":"(Vechte) Mahd, zweimalig, ab dem 15.07 und ab dem 01.09","UMNGrBez":"Mäh- und Beweidungsarbeiten","Von_km":"129+270","Bis_km":"129+290","IDUabschn":"VEC_14","KTR":"MABVE00200","Versatz_RE":-20,"Akz":"62024-04","UMn_Bemerk":"Stau Gansfort (100 m oberhalb Stau)","versatz":-20,"Shape_Length":32.347379786241696}},{"type":"Feature","id":683,"geometry":{"type":"LineString","coordinates":[[816598.05970000103,6985486.6174999997],[816218.51040000096,6985632.3850999996]]},"properties":{"OBJECTID":683,"Massn_ID":17,"GEW":"GFD","stat_von":4270,"stat_bis":4515,"gew_seite":"L","UMnArtBez":"(Goidfischdever) 1-malige Mahd der Böschungen (Herbstmahd), ab dem 1. September","UMNGrBez":"Mäh- und Beweidungsarbeiten","Von_km":"4+270","Bis_km":"4+515","IDUabschn":"GFD_2","KTR":"MABEN00100","Versatz_RE":-20,"Akz":"62024-09","UMn_Bemerk":"Herbstmahd in gehölzfreien Bereichen, keine Mahd zwischen den lückenhaften Gehölzbeständen","versatz":20,"Shape_Length":406.57823889170032}},{"type":"Feature","id":684,"geometry":{"type":"LineString","coordinates":[[818809.79659999907,6983822.9032000005],[818421.64189999923,6984185.8232000023]]},"properties":{"OBJECTID":684,"Massn_ID":16,"GEW":"GFD","stat_von":2530,"stat_bis":2850,"gew_seite":"R","UMnArtBez":"(Goidfischdever) 1-malige Mahd der Böschungen (Sommermahd), zwischen 16. Juli und 31. August","UMNGrBez":"Mäh- und Beweidungsarbeiten","Von_km":"2+530","Bis_km":"2+850","IDUabschn":"GFD_1","KTR":"MABEN00100","Versatz_RE":20,"Akz":"62024-09","UMn_Bemerk":"Einzelbäume\r\nberücksichtigen","versatz":-20,"Shape_Length":531.38968519652599}},{"type":"Feature","id":685,"geometry":{"type":"LineString","coordinates":[[808486.23840000108,6852454.7697999999],[808531.34849999845,6852404.4822999984],[808592.9860999994,6852368.9431999996],[808659.30480000004,6852361.6230999976]]},"properties":{"OBJECTID":685,"Massn_ID":50,"GEW":"VEC","stat_von":140740,"stat_bis":140840,"gew_seite":"L","UMnArtBez":"Gehölzneuanpflanzungen","UMNGrBez":"Gehölzpflege, Gehölzentwicklung","Von_km":"140+740","Bis_km":"140+840","IDUabschn":"VEC_18","KTR":"MABVE00200","Versatz_RE":-20,"Akz":"62024-04","UMn_Bemerk":null,"versatz":-35,"Shape_Length":205.42631450409235}},{"type":"Feature","id":686,"geometry":{"type":"LineString","coordinates":[[836185.72080000117,6920917.2622999996],[836324.81599999964,6921018.4604000002],[836377.78599999845,6921067.9808999971],[836450.92660000175,6921156.6692999974],[836490.11569999903,6921194.3347000033],[836612.57119999826,6921293.939199999],[836732.84930000082,6921367.5124000013],[836822.49419999868,6921412.4486000016],[837120.16250000149,6921545.0543000028],[837238.68519999832,6921605.2965999991],[837289.24599999934,6921636.2731000036],[837342.36930000037,6921678.6701000035],[837448.4860999994,6921785.0085000023],[837547.27369999886,6921913.7547999993],[837613.65729999915,6922018.1466000006],[837648.19359999895,6922146.3528999984],[837661.03750000149,6922228.0829000026],[837680.65500000119,6922454.6765000001]]},"properties":{"OBJECTID":686,"Massn_ID":8,"GEW":"HAS","stat_von":37580,"stat_bis":38980,"gew_seite":"R","UMnArtBez":"(Hase, Variante 1) Mahd, zweimalig, ab dem 15.06 (Unterhaltungsweg und obere Hälfte der Böschung) und am dem 15.09 (Unterhaltungsweg und ganze Böschung)","UMNGrBez":"Mäh- und Beweidungsarbeiten","Von_km":"37+580","Bis_km":"38+980","IDUabschn":"HAS_11","KTR":"MAAHA00100","Versatz_RE":20,"Akz":"62024-03","UMn_Bemerk":null,"versatz":20,"Shape_Length":2278.2163169657692}},{"type":"Feature","id":687,"geometry":{"type":"LineString","coordinates":[[774074.6697999984,6898391.4957000017],[774021.72749999911,6898374.6906000003],[773981.71550000086,6898357.0892999992],[773934.22179999948,6898329.2339999974],[773898.64189999923,6898274.7228000015],[773887.83929999918,6898238.8778999969],[773885.38120000064,6898204.3822000027],[773887.61070000008,6898165.1533999965],[773899.13729999959,6898115.8339999989],[773963.14240000024,6897990.7704000026]]},"properties":{"OBJECTID":687,"Massn_ID":24,"GEW":"VEC","stat_von":97080,"stat_bis":97380,"gew_seite":"L","UMnArtBez":"(Vechte), Keine Mahd des unteren Gewässersaumes (2,00m) in den Pralluferbereichen","UMNGrBez":"Mäh- und Beweidungsarbeiten","Von_km":"97+080","Bis_km":"97+380","IDUabschn":"VEC_5","KTR":"MABVE00100","Versatz_RE":-20,"Akz":"62024-04","UMn_Bemerk":null,"versatz":-10,"Shape_Length":521.8642384547004}},{"type":"Feature","id":688,"geometry":{"type":"LineString","coordinates":[[807701.31170000136,6853461.2536000013],[807736.46440000087,6853361.692900002],[807735.67399999872,6853315.4921000004],[807718.24949999899,6853180.7229000032],[807720.48660000041,6853126.2109000012],[807730.43169999868,6853080.7089999989],[807780.28909999877,6853002.0817999989],[808275.77560000122,6852658.0056999996],[808453.79060000181,6852542.2652999982],[808496.85040000081,6852479.6362999976],[808546.93659999967,6852423.8015000001],[808600.75219999999,6852392.7723999992],[808680.40459999815,6852383.9804000035],[808883.15909999982,6852383.0904999971],[808933.86210000142,6852373.5437999964],[809092.57200000063,6852320.0881000012],[809169.89990000054,6852275.3677999973],[809248.92390000075,6852212.6308000013],[809355.56419999897,6852069.2127000019],[809438.44830000028,6851872.4346000031],[809485.99929999933,6851799.2047000006],[809529.24610000104,6851757.7268999964]]},"properties":{"OBJECTID":688,"Massn_ID":14,"GEW":"VEC","stat_von":139900,"stat_bis":141570,"gew_seite":"L","UMnArtBez":"(Vechte) Mahd, einmalig, drei- bis fünfjährlich, zw. 01.09  und 28.02","UMNGrBez":"Mäh- und Beweidungsarbeiten","Von_km":"139+900","Bis_km":"141+570","IDUabschn":"VEC_18","KTR":"MABVE00200","Versatz_RE":-20,"Akz":"62024-04","UMn_Bemerk":"Gehölzanpflanzung BUND, ASV ( von 140500 bis 140850)","versatz":-20,"Shape_Length":2742.2828211573228}},{"type":"Feature","id":689,"geometry":{"type":"LineString","coordinates":[[767802.16270000115,6912726.8526000008],[767518.50239999965,6912829.260300003],[767227.28099999949,6912969.7313999981],[766715.99799999967,6913000.2480999976],[766439.76889999956,6913034.2199999988],[764926.05169999972,6913265.3885999992],[764867.55119999871,6913261.7621999979],[764476.33949999884,6913140.6767000034]]},"properties":{"OBJECTID":689,"Massn_ID":22,"GEW":"PCK","stat_von":13800,"stat_bis":15900,"gew_seite":"L","UMnArtBez":"(Kanäle) Mahd der Röhrricht- und Schilfbestände im jährlichen Wechsel, ab dem 01.10","UMNGrBez":"Mäh- und Beweidungsarbeiten","Von_km":"13+800","Bis_km":"15+900","IDUabschn":"PCK_3","KTR":"MAAVE40500","Versatz_RE":-20,"Akz":"62024-13","UMn_Bemerk":null,"versatz":35,"Shape_Length":3414.8146321948052}},{"type":"Feature","id":690,"geometry":{"type":"LineString","coordinates":[[788025.39840000123,6884407.7534999996],[788037.13080000132,6884419.2074000016]]},"properties":{"OBJECTID":690,"Massn_ID":201,"GEW":"SNK","stat_von":1060,"stat_bis":1070,"gew_seite":"L","UMnArtBez":"Mahd im Bereich der Bauwerke z.B. Schleusen, Wehranlagen, etc. Abflusshindernisse im Bereich der Bauwerke entfernen","UMNGrBez":"Bauwerke instandhalten bzw. Abfluss im Bereich von Bauwerken sicherstellen","Von_km":"1+060","Bis_km":"1+070","IDUabschn":"SNK_1","KTR":"MAAVE10100","Versatz_RE":-20,"Akz":"62024-12","UMn_Bemerk":null,"versatz":20,"Shape_Length":16.396372617647788}},{"type":"Feature","id":691,"geometry":{"type":"LineString","coordinates":[[800859.17770000175,6866723.6454000026],[800834.28299999982,6866632.9708999991],[800822.61259999871,6866562.4826000035]]},"properties":{"OBJECTID":691,"Massn_ID":24,"GEW":"VEC","stat_von":128380,"stat_bis":128480,"gew_seite":"L","UMnArtBez":"(Vechte), Keine Mahd des unteren Gewässersaumes (2,00m) in den Pralluferbereichen","UMNGrBez":"Mäh- und Beweidungsarbeiten","Von_km":"128+380","Bis_km":"128+480","IDUabschn":"VEC_13","KTR":"MABVE00200","Versatz_RE":-20,"Akz":"62024-04","UMn_Bemerk":null,"versatz":-10,"Shape_Length":165.47771502922964}},{"type":"Feature","id":692,"geometry":{"type":"LineString","coordinates":[[823083.08920000121,6925911.4785000011],[823244.37660000101,6925878.6807999983]]},"properties":{"OBJECTID":692,"Massn_ID":9,"GEW":"HAS","stat_von":17900,"stat_bis":18000,"gew_seite":"L","UMnArtBez":"(Hase, Variante 2) Mahd,  zweimalig, ab dem 01.07 (Unterhaltungsweg und obere Hälfte der Böschung) und ab dem 01.10 (Unterhaltunsweg und ganze Böschung)","UMNGrBez":"Mäh- und Beweidungsarbeiten","Von_km":"17+900","Bis_km":"18+000","IDUabschn":"HAS_5","KTR":"MAAHA00100","Versatz_RE":-20,"Akz":"62024-03","UMn_Bemerk":null,"versatz":-20,"Shape_Length":164.5883183101632}},{"type":"Feature","id":693,"geometry":{"type":"LineString","coordinates":[[786866.1623999998,6903663.6887999997],[786790.28570000082,6903627.2990999967],[785450.71020000055,6903384.6991999969],[784138.01060000062,6903135.0508999974],[783992.86080000177,6903115.1499999985],[783868.19370000064,6903156.3495000005],[782067.83740000054,6903888.2032999992]]},"properties":{"OBJECTID":693,"Massn_ID":11,"GEW":"PCK","stat_von":100,"stat_bis":3130,"gew_seite":"L","UMnArtBez":"(Kanäle) Mahd, einmalig, ab dem 15.06, Einseitig sind Röhrtricht- und Schilfbestände vor dem 01.09 von der Mahd auszuschließen","UMNGrBez":"Mäh- und Beweidungsarbeiten","Von_km":"0+100","Bis_km":"3+130","IDUabschn":"PCK_1","KTR":"MAAVE40500","Versatz_RE":-20,"Akz":"62024-13","UMn_Bemerk":null,"versatz":20,"Shape_Length":5002.9743417393966}},{"type":"Feature","id":694,"geometry":{"type":"LineString","coordinates":[[791157.31529999897,6941926.5628999993],[791178.98849999905,6942220.6755999997],[791190.82160000131,6942303.7203999981],[791293.31489999965,6943881.5341999978]]},"properties":{"OBJECTID":694,"Massn_ID":6,"GEW":"SNK","stat_von":38290,"stat_bis":39475,"gew_seite":"L","UMnArtBez":"(Kanäle) Mahd, zweimalig, ab dem 15.06 und ab dem ???, Einseitig sind Röhrtricht- und Schilfbestände vor dem 01.09 von der Mahd auszuschließen","UMNGrBez":"Mäh- und Beweidungsarbeiten","Von_km":"38+290","Bis_km":"39+475","IDUabschn":"SNK_9","KTR":"MAAEN10100","Versatz_RE":-20,"Akz":"62024-12","UMn_Bemerk":null,"versatz":20,"Shape_Length":1959.933015178226}},{"type":"Feature","id":695,"geometry":{"type":"LineString","coordinates":[[756845.74219999835,6909939.1687999964],[756893.43659999967,6909936.7541000023],[757026.77589999884,6909863.9569000006],[757055.57470000163,6909834.0503000021]]},"properties":{"OBJECTID":695,"Massn_ID":50,"GEW":"VEC","stat_von":80020,"stat_bis":80140,"gew_seite":"R","UMnArtBez":"Gehölzneuanpflanzungen","UMNGrBez":"Gehölzpflege, Gehölzentwicklung","Von_km":"80+020","Bis_km":"80+140","IDUabschn":"VEC_2","KTR":"MABVE00100","Versatz_RE":20,"Akz":"62024-04","UMn_Bemerk":null,"versatz":35,"Shape_Length":241.19095078720883}},{"type":"Feature","id":696,"geometry":{"type":"LineString","coordinates":[[800744.5139000006,6867472.0645999983],[800802.11450000107,6867391.0838000029],[800816.48669999838,6867342.5402999967]]},"properties":{"OBJECTID":696,"Massn_ID":50,"GEW":"VEC","stat_von":127920,"stat_bis":128000,"gew_seite":"R","UMnArtBez":"Gehölzneuanpflanzungen","UMNGrBez":"Gehölzpflege, Gehölzentwicklung","Von_km":"127+920","Bis_km":"128+000","IDUabschn":"VEC_13","KTR":"MABVE00200","Versatz_RE":20,"Akz":"62024-04","UMn_Bemerk":null,"versatz":35,"Shape_Length":150.0030442236889}},{"type":"Feature","id":697,"geometry":{"type":"LineString","coordinates":[[774078.54199999943,6895556.875],[774074.71180000156,6895533.6119000018],[774041.23770000041,6895468.5829000026],[773927.50510000065,6895310.1340999976],[773910.8339000009,6895272.7016000003]]},"properties":{"OBJECTID":697,"Massn_ID":24,"GEW":"VEC","stat_von":99480,"stat_bis":99680,"gew_seite":"R","UMnArtBez":"(Vechte), Keine Mahd des unteren Gewässersaumes (2,00m) in den Pralluferbereichen","UMNGrBez":"Mäh- und Beweidungsarbeiten","Von_km":"99+480","Bis_km":"99+680","IDUabschn":"VEC_5","KTR":"MABVE00100","Versatz_RE":20,"Akz":"62024-04","UMn_Bemerk":null,"versatz":10,"Shape_Length":332.73354593147741}},{"type":"Feature","id":698,"geometry":{"type":"LineString","coordinates":[[786806.42379999906,6879449.1508999988],[786857.44090000167,6879407.9632999972],[786861.15170000121,6879400.119599998],[786874.32310000062,6879320.4512000009],[786870.51559999958,6879226.0012999997],[786875.9477000013,6879188.0577000007],[786918.46339999884,6879055.130900003],[786940.07919999957,6879015.1027999967]]},"properties":{"OBJECTID":698,"Massn_ID":10,"GEW":"VBA","stat_von":0,"stat_bis":297.5,"gew_seite":"L","UMnArtBez":"(Vechte) Mahd, zweimalig, ab dem 15.07 und ab dem 01.09","UMNGrBez":"Mäh- und Beweidungsarbeiten","Von_km":"0+000","Bis_km":"0+298","IDUabschn":"VBA_1","KTR":"MABVE00400","Versatz_RE":-20,"Akz":"62024-04","UMn_Bemerk":null,"versatz":-20,"Shape_Length":472.90424525481114}},{"type":"Feature","id":699,"geometry":{"type":"MultiLineString","coordinates":[[[825878.94269999862,6922522.3412000015],[825976.08999999985,6922333.4482000023],[825978.22800000012,6922235.6647000015],[825941.24020000175,6922146.4258000031],[825933.52659999952,6922097.2458000034],[825941.46449999884,6922063.8434000015],[825962.4422999993,6922041.0627999976],[826032.27629999816,6922015.9721999988],[826061.46939999983,6922014.1774000004],[826154.6763000004,6922033.7823999971],[826455.50299999863,6922133.0219999999],[826531.88910000026,6922142.007600002],[826615.31379999965,6922129.3874000013],[826686.59099999815,6922055.5612000003],[826714.54219999909,6921968.7562000006],[826710.90300000086,6921644.8100999966],[826721.5271999985,6921563.8295999989],[826738.94110000134,6921532.8018999994],[826792.52450000122,6921501.1745000035],[826871.13569999859,6921480.4244000018],[826885.9459999986,6921485.2872999981],[826971.43389999866,6921558.3703000024],[827039.97580000013,6921576.2624000013],[827120.07629999891,6921563.4638999999],[827196.82510000095,6921520.3175999969],[827442.90469999984,6921242.2679999992],[827467.92190000042,6921105.1573000029],[827465.49040000141,6921038.6965000033],[827435.69310000166,6920967.2278999984],[827395.07510000095,6920917.4580999985],[827183.47920000181,6920732.1715999991],[826993.83579999954,6920492.7286999971],[826938.64829999954,6920380.4768000022],[826926.02439999953,6920327.556599997],[826937.46889999881,6920256.0177000016]],[[826937.46889999881,6920256.0177000016],[827002.00450000167,6920218.370099999],[827057.13769999892,6920209.3532000035],[827267.48999999836,6920221.0040000007],[827536.69079999998,6920257.2348999977],[827586.86190000176,6920282.9475999996],[827670.4990000017,6920368.8483999968],[827741.85680000111,6920402.2855999991],[827828.9765000008,6920385.8712000027],[827933.808699999,6920301.5182000026],[827952.85990000144,6920183.0648000017],[827940.5196999982,6919914.4826999977],[827952.95760000125,6919788.2305999994],[828049.7965000011,6919493.010300003],[828113.54459999874,6919227.4716999978],[828156.33410000056,6919128.6193000004],[828277.53929999843,6918907.2783000022],[828279.5700000003,6918813.1570999995],[828231.70839999989,6918621.4869000018],[828235.82609999925,6918578.0161999986],[828240.58680000156,6918566.0806000009],[828372.16759999841,6918426.3988000005],[828397.13399999961,6918354.4764999971],[828402.60660000145,6918278.623300001],[828369.32789999992,6918138.3966000006],[828337.67269999906,6918089.7032999992],[828266.55620000139,6918038.1920000017],[828211.69750000164,6918026.7242999971],[828046.9224999994,6918055.0009000003],[828000.82559999824,6918047.3751000017],[827994.9979000017,6918043.4241999984],[827963.89530000091,6918006.2761000022],[827953.20980000123,6917981.3753999993],[827952.19110000134,6917890.4223999977],[827971.58439999819,6917844.0073999986],[828091.34200000018,6917741.6253999993],[828158.35159999877,6917659.1330000013],[828189.79259999841,6917564.9217000008],[828195.40300000086,6917469.6040000021],[828205.2285999991,6917451.7749999985],[828264.90619999915,6917422.9213000014],[828322.76170000061,6917409.4267000034],[828372.65080000088,6917404.8220999986],[828508.22030000016,6917418.9351999983],[828610.40790000185,6917447.7434],[828676.31590000167,6917491.7005999982],[828759.27710000053,6917566.6124000028],[828839.78020000085,6917606.8966000006],[829088.16059999913,6917666.4745000005],[829134.83549999818,6917697.1384999976],[829176.90769999847,6917761.8052000031],[829171.55000000075,6917820.2115999982],[829147.97540000081,6917848.8003999963],[828839.62170000002,6918041.8202000037],[828697.86389999837,6918105.302699998],[828625.10570000112,6918159.9719000012],[828590.44900000095,6918231.1639999971],[828584.83249999955,6918319.4829000011],[828594.28649999946,6918393.5261000022],[828628.85049999878,6918473.0710999966],[828698.3423999995,6918530.3636000007],[828825.73140000179,6918541.4613000005],[828883.45259999856,6918534.0534999967],[829168.14869999886,6918429.6273000017],[829273.65769999847,6918424.4452999979],[829318.04360000044,6918443.9532999992],[829364.35480000079,6918496.5688999966],[829379.3161999993,6918528.2501000017],[829451.42289999872,6918812.4641000032],[829500.46590000018,6918912.9069000036],[829535.64860000089,6918971.4270000011],[829631.02470000088,6919079.5747999996],[829711.06610000134,6919139.5305000022],[829763.31769999862,6919155.5533000007],[829872.6185999997,6919155.1388000026],[829949.22450000048,6919123.7308999971],[830027.29100000113,6919056.4453999996],[830096.31069999933,6918973.2531000003],[830333.95540000126,6918580.7256999984],[830360.71409999952,6918520.2060000002],[830372.2146999985,6918442.4777000025],[830307.84409999847,6918157.8958000019],[830317.16259999946,6918102.6061000004],[830341.20650000125,6918059.9010000005],[830379.02290000021,6918028.998999998],[830439.16209999844,6918014.8909000009],[830477.14710000157,6918022.5337999985],[830527.43490000069,6918059.7236000001],[830560.56370000169,6918117.0463000014],[830631.29039999843,6918366.0719999969],[830747.1174999997,6918556.7572000027],[830768.47060000151,6918623.9223000035],[830764.05260000005,6918692.5988999978],[830735.90949999914,6918775.3148000017],[830592.49890000001,6919050.3090000004],[830567.9589000009,6919125.0023000017],[830554.61769999936,6919299.2933999971],[830558.45850000158,6919354.7666999996],[830591.24680000171,6919431.1740000024],[830717.83769999817,6919587.4355000034],[830828.55480000004,6919685.4842000008],[831206.18640000001,6919969.2295000032],[831592.06529999897,6920337.3008000031],[831679.74240000173,6920461.3012000024],[832139.35880000144,6921199.202200003],[832372.7360999994,6921508.1577999964],[832663.29729999974,6921920.3383999988],[832938.13450000063,6922215.5784000009],[833051.64110000059,6922302.6517999992],[833177.49190000072,6922363.3795000017],[833756.98000000045,6922564.0298999995],[833915.24199999869,6922606.0283000022],[833986.38019999862,6922603.4482999966],[834070.58889999986,6922569.8668000028],[834115.88940000162,6922536.7444999963],[834179.80600000173,6922448.2031999975],[834400.94159999862,6921997.5249999985],[834425.40870000049,6921907.4416000023],[834427.04259999841,6921828.9367000014],[834412.61620000005,6921737.7056000009],[834239.9915000014,6921438.3210999966],[834201.67650000006,6921336.1574999988],[834186.6576000005,6921175.8492999971],[834184.92650000006,6920892.738499999],[834110.63410000131,6920597.5112999976],[834095.03970000148,6920460.5978000015],[834099.30680000037,6920324.0552999973],[834128.99379999936,6920140.3474000022],[834186.68340000138,6919968.8191],[834215.83980000019,6919915.744599998],[834275.08430000022,6919844.9178000018],[834455.85509999841,6919739.4676000029],[834579.82620000094,6919574.3998999968],[834592.76350000128,6919566.4751000032],[834624.97599999979,6919568.7651000023],[834691.07699999958,6919596.4042999968],[834893.61419999972,6919772.8925999999],[834971.86800000072,6919861.866899997],[835048.58630000055,6919981.129900001],[835065.74610000104,6920019.9035999998],[835090.47610000148,6920142.0376000032],[835086.14050000161,6920351.1922999993],[835098.84820000082,6920414.7212999985],[835133.10300000012,6920450.5186000019],[835177.77369999886,6920474.0856999978],[835386.0604000017,6920497.1604000032],[835517.1521999985,6920527.686499998],[835769.06670000032,6920664.9606999978],[836308.07620000094,6921037.0262999982],[836472.63639999926,6921211.9873000011],[836599.08949999884,6921314.8439999968],[836810.28440000117,6921434.0473999977],[837225.79800000042,6921626.6664000005],[837327.08170000091,6921698.3457000032],[837429.10159999877,6921800.5790999979],[837591.18769999966,6922029.6718999967],[837623.62590000033,6922150.0908000022],[837659.58590000123,6922491.4594999999],[837630.75459999964,6922728.3192000017],[837661.96009999886,6922816.4809999987],[837802.07889999822,6922948.9747999981],[838388.42870000005,6923268.7216999978],[838544.81230000034,6923392.0886999965],[838633.84479999915,6923505.9007999972],[839238.36730000004,6924476.6138999984],[839268.55669999868,6924555.9309],[839276.08659999818,6924634.7405000031],[839260.52639999986,6924690.0217999965],[839163.06810000166,6924869.9780000001],[839154.4541000016,6924943.3104000017],[839173.09849999845,6925054.8293000013],[839205.70030000061,6925107.7586999983],[839279.86730000004,6925176.7106000036],[839393.13749999925,6925186.1851999983],[839480.8189000003,6925162.0979999974],[839624.04679999873,6925100.8693000004],[840120.22569999844,6924850.8266000003],[840205.58689999953,6924818.5821999982],[840506.46249999851,6924781.4624999985],[841462.98829999939,6924728.1616000012],[841553.03550000116,6924739.6841000021],[841618.2835999988,6924793.2250000015],[841885.15049999952,6925155.3113999963],[841994.71000000089,6925267.7298000008],[842167.21290000156,6925335.6362000033],[842504.28299999982,6925412.1832000017],[842678.45699999854,6925429.6972000003],[842775.53290000185,6925423.8069999963],[843018.06379999965,6925368.1174999997],[843066.43569999933,6925365.5547999963],[843552.81120000035,6925375.190700002],[844077.55460000038,6925361.0988000035],[844529.23519999906,6925292.0522999987],[844870.46200000122,6925267.5155000016],[845105.93389999866,6925236.3025000021],[845768.40309999883,6925110.5980999991],[845922.20470000058,6925051.7304999977],[846051.20580000058,6924965.8676000014],[846131.23119999841,6924888.6997999996],[846244.48800000176,6924736.0958999991],[846687.75230000168,6923979.8686000034],[846793.2771999985,6923860.559799999],[846899.37029999867,6923781.4853999987],[847124.73999999836,6923697.2796000019],[847376.88390000165,6923635.8404999971],[847754.11080000177,6923619.3743999973],[847898.85790000111,6923623.1332999989],[848093.06030000001,6923649.7189999968],[848190.82899999991,6923694.7414000034],[848243.24130000174,6923730.0244000033],[848489.52180000022,6923933.9633999988],[848611.03730000183,6924011.7619000003],[849064.78990000114,6924224.5208000019],[849666.53130000085,6924525.7223000005],[849793.32869999856,6924560.6352000013],[849928.55279999971,6924562.1019999981],[850649.03319999948,6924470.1086999997],[850767.05299999937,6924509.7563000023],[850830.22320000082,6924559.7929000035],[851072.6053000018,6924818.2276000008],[851307.97780000046,6925033.6585000008],[851404.49190000072,6925160.3005999997],[851420.12240000069,6925213.6356000006],[851421.36800000072,6925278.6086999997],[851406.30020000041,6925345.0248999968],[851216.2760999985,6925837.8660999984],[851182.68310000002,6925960.5538000017],[851146.98580000177,6926436.8242999986],[851157.50129999965,6926544.3713999987],[851175.38379999995,6926592.4127999991],[851354.65469999984,6926970.427699998],[851459.81049999967,6927155.6317000017],[851659.53920000046,6927389.9623999968],[851766.79800000042,6927491.2427000031],[851874.32180000097,6927528.5812000036],[852122.67610000074,6927522.9481000006],[852144.94469999894,6927526.9966999963],[852202.86030000076,6927558.5780000016],[852342.24720000103,6927714.2076999992],[852588.12829999998,6928092.0458000004],[852644.46279999986,6928162.4606999978]]]},"properties":{"OBJECTID":699,"Massn_ID":52,"GEW":"HAS","stat_von":51700,"stat_bis":21850,"gew_seite":"R","UMnArtBez":"(Dinkel, G) Gehölze pflegen und entwickeln","UMNGrBez":"Gehölzpflege, Gehölzentwicklung","Von_km":"51+700","Bis_km":"21+850","IDUabschn":"HAS_16","KTR":"MABHA00200","Versatz_RE":20,"Akz":"62024-03","UMn_Bemerk":"Der Bestand an Ufergehölzen wird gepflegt. Gehölzbestände sind zumeist lückenhaft vorhanden, die Pflege ist entsprechend auszuführen.","versatz":35,"Shape_Length":49013.364533613145}},{"type":"Feature","id":700,"geometry":{"type":"LineString","coordinates":[[786793.60689999908,6879002.9169000015],[786860.66160000116,6878967.811499998],[786936.77809999883,6878976.5064999983],[786978.67350000143,6878991.0007999986]]},"properties":{"OBJECTID":700,"Massn_ID":200,"GEW":"KOR","stat_von":1000,"stat_bis":1100,"gew_seite":"L","UMnArtBez":"(Vechte) Mahd im Bereich von Bauwerken (Brücken, Wehranlagen, …)","UMNGrBez":"Mäh- und Beweidungsarbeiten","Von_km":"1+000","Bis_km":"1+100","IDUabschn":"KOR_1","KTR":"MABVE00400","Versatz_RE":-20,"Akz":"62024-04","UMn_Bemerk":null,"versatz":-25,"Shape_Length":196.6316469929518}},{"type":"Feature","id":701,"geometry":{"type":"LineString","coordinates":[[767085.7201000005,6908889.2959000021],[767223.54710000008,6908786.1308000013],[767298.37579999864,6908743.8693000004],[767382.49199999869,6908712.1133999974],[767530.78950000182,6908678.5128000006]]},"properties":{"OBJECTID":701,"Massn_ID":24,"GEW":"VEC","stat_von":87380,"stat_bis":87680,"gew_seite":"L","UMnArtBez":"(Vechte), Keine Mahd des unteren Gewässersaumes (2,00m) in den Pralluferbereichen","UMNGrBez":"Mäh- und Beweidungsarbeiten","Von_km":"87+380","Bis_km":"87+680","IDUabschn":"VEC_3","KTR":"MABVE00100","Versatz_RE":-20,"Akz":"62024-04","UMn_Bemerk":null,"versatz":-10,"Shape_Length":500.06621947938163}},{"type":"Feature","id":702,"geometry":{"type":"LineString","coordinates":[[811497.31689999998,6848733.1275999993],[811513.86930000037,6848673.7392999977],[811543.52340000123,6848628.4070999995]]},"properties":{"OBJECTID":702,"Massn_ID":50,"GEW":"VEC","stat_von":144040,"stat_bis":144100,"gew_seite":"L","UMnArtBez":"Gehölzneuanpflanzungen","UMNGrBez":"Gehölzpflege, Gehölzentwicklung","Von_km":"144+040","Bis_km":"144+100","IDUabschn":"VEC_19","KTR":"MABVE00200","Versatz_RE":-20,"Akz":"62024-04","UMn_Bemerk":null,"versatz":-35,"Shape_Length":115.82172478461808}},{"type":"Feature","id":703,"geometry":{"type":"LineString","coordinates":[[830590.08700000122,6917994.0455000028],[830644.68210000172,6918081.3202999979],[830683.53709999844,6918240.7783000022],[830715.03950000182,6918330.2718999982],[830732.07149999961,6918367.0380000025],[830828.4550999999,6918516.1748000011],[830848.64139999822,6918556.1451999992],[830859.74089999869,6918614.7198999971],[830853.5821999982,6918710.4701000005],[830819.31789999828,6918811.1809],[830676.13230000064,6919085.7506000027],[830656.63360000029,6919145.1015999988],[830650.12070000172,6919175.060999997],[830645.31320000067,6919299.0014000013],[830647.67379999906,6919333.0901999995],[830669.41589999944,6919383.7547999993],[830783.36740000173,6919524.4117999971],[830885.58170000091,6919614.9292000011],[831195.13679999858,6919841.1538999975],[831265.39939999953,6919900.4720000029],[831660.82239999995,6920277.6409000009],[831755.0689000003,6920410.9297999963],[831930.24350000173,6920689.1758000031],[832064.92969999835,6920919.940700002],[832213.75840000063,6921147.3812000006],[832446.00609999895,6921454.8355000019],[832555.45809999853,6921617.065700002],[832733.71680000052,6921863.0275000036],[832926.67179999873,6922078.4689999968],[833054.52699999884,6922194.1643999964],[833149.81230000034,6922254.5331000015],[833783.97459999844,6922477.3535000011],[833896.92379999906,6922511.4563999996],[833970.67660000175,6922513.0036000013],[834000.10480000079,6922505.7189000025],[834051.35390000045,6922471.3342000023],[834101.95960000157,6922401.2331999987],[834315.87480000034,6921965.2815999985],[834335.10819999874,6921894.4704999998],[834336.0887000002,6921829.7687999979]]},"properties":{"OBJECTID":703,"Massn_ID":8,"GEW":"HAS","stat_von":30280,"stat_bis":34580,"gew_seite":"L","UMnArtBez":"(Hase, Variante 1) Mahd, zweimalig, ab dem 15.06 (Unterhaltungsweg und obere Hälfte der Böschung) und am dem 15.09 (Unterhaltungsweg und ganze Böschung)","UMNGrBez":"Mäh- und Beweidungsarbeiten","Von_km":"30+280","Bis_km":"34+580","IDUabschn":"HAS_9","KTR":"MAAHA00100","Versatz_RE":-20,"Akz":"62024-03","UMn_Bemerk":null,"versatz":-20,"Shape_Length":6998.6370200442861}},{"type":"Feature","id":704,"geometry":{"type":"LineString","coordinates":[[791109.96970000118,6946580.8571000025],[791070.85390000045,6946641.1515000015],[791057.4785999991,6946678.9895000011],[791059.3610999994,6946764.2321999967],[791179.95850000158,6946985.0015999973]]},"properties":{"OBJECTID":704,"Massn_ID":11,"GEW":"SNK","stat_von":41190,"stat_bis":41440,"gew_seite":"L","UMnArtBez":"(Kanäle) Mahd, einmalig, ab dem 15.06, Einseitig sind Röhrtricht- und Schilfbestände vor dem 01.09 von der Mahd auszuschließen","UMNGrBez":"Mäh- und Beweidungsarbeiten","Von_km":"41+190","Bis_km":"41+440","IDUabschn":"SNK_10","KTR":"MAAEN10100","Versatz_RE":-20,"Akz":"62024-12","UMn_Bemerk":null,"versatz":20,"Shape_Length":448.82791319630599}},{"type":"Feature","id":705,"geometry":{"type":"LineString","coordinates":[[834320.24240000173,6921838.0707999989],[834310.07110000029,6921774.1736000031],[834142.95639999956,6921484.3368000016],[834096.50329999998,6921360.4689000025],[834079.71059999987,6921181.2014999986],[834078.03130000085,6920905.9729000032],[833992.46689999849,6920541.0969000012],[833992.48580000177,6920314.5260000005],[834024.81749999896,6920114.4686999992],[834088.38100000098,6919925.4835999981],[834127.17940000072,6919854.8593999967],[834203.95969999954,6919763.0702999979],[834286.84860000014,6919706.2986000031],[834384.26179999858,6919656.5284999982],[834506.65100000054,6919493.570100002],[834562.4096999988,6919459.4156000018],[834607.62700000033,6919455.0381999984],[834705.30009999871,6919478.9486000016],[834793.76999999955,6919540.2065000013],[834969.33619999886,6919696.8576000035],[835056.80820000172,6919796.310800001],[835111.4010999985,6919874.7378000021],[835167.64130000025,6919985.1046999991],[835184.50659999996,6920057.4248000011],[835197.64930000156,6920133.0632999986],[835193.32820000127,6920341.6504999995],[835197.60330000147,6920363.0214999989],[835198.27939999849,6920363.7280000001],[835209.66120000184,6920369.7326999977],[835404.09899999946,6920391.2725000009],[835555.48950000107,6920426.5248000026],[835824.90680000186,6920573.3346000016],[836232.69449999928,6920849.5454000011]]},"properties":{"OBJECTID":705,"Massn_ID":23,"GEW":"HAS","stat_von":34580,"stat_bis":37580,"gew_seite":"L","UMnArtBez":"(Hase), Mahd der krautigen Ufersaumstreifen ab dem 01.10 jährlich alternierend auf 300-500 m langen Teilstrecken","UMNGrBez":"Mäh- und Beweidungsarbeiten","Von_km":"34+580","Bis_km":"37+580","IDUabschn":"HAS_10","KTR":"MAAHA00100","Versatz_RE":-20,"Akz":"62024-03","UMn_Bemerk":null,"versatz":-30,"Shape_Length":5056.0062750091483}},{"type":"Feature","id":706,"geometry":{"type":"LineString","coordinates":[[762063.49890000001,6909401.0489000008],[762119.19509999827,6909361.5077000037],[762172.41569999978,6909338.5239999965],[762224.47969999909,6909324.0177000016],[762290.19179999828,6909325.1059999987],[762384.27059999853,6909337.2681000009]]},"properties":{"OBJECTID":706,"Massn_ID":24,"GEW":"VEC","stat_von":83580,"stat_bis":83780,"gew_seite":"L","UMnArtBez":"(Vechte), Keine Mahd des unteren Gewässersaumes (2,00m) in den Pralluferbereichen","UMNGrBez":"Mäh- und Beweidungsarbeiten","Von_km":"83+580","Bis_km":"83+780","IDUabschn":"VEC_3","KTR":"MABVE00100","Versatz_RE":-20,"Akz":"62024-04","UMn_Bemerk":null,"versatz":-10,"Shape_Length":340.9063182075393}},{"type":"Feature","id":707,"geometry":{"type":"LineString","coordinates":[[800205.00490000099,6868721.4930000007],[800310.84490000084,6868704.7716000006],[800364.75349999964,6868668.0892999992]]},"properties":{"OBJECTID":707,"Massn_ID":50,"GEW":"VEC","stat_von":127050,"stat_bis":127140,"gew_seite":"R","UMnArtBez":"Gehölzneuanpflanzungen","UMNGrBez":"Gehölzpflege, Gehölzentwicklung","Von_km":"127+050","Bis_km":"127+140","IDUabschn":"VEC_13","KTR":"MABVE00200","Versatz_RE":20,"Akz":"62024-04","UMn_Bemerk":"Gehölzsaum vervollständigen","versatz":35,"Shape_Length":172.35802332811232}},{"type":"Feature","id":708,"geometry":{"type":"LineString","coordinates":[[785237.52270000055,6880268.3740999997],[785238.3396999985,6880248.1106000021],[785245.49309999868,6880217.6982000023],[785258.34739999846,6880181.7260999978],[785273.32070000097,6880155.9831999987],[785317.77690000087,6880118.5402000025]]},"properties":{"OBJECTID":708,"Massn_ID":24,"GEW":"VEC","stat_von":113680,"stat_bis":113780,"gew_seite":"L","UMnArtBez":"(Vechte), Keine Mahd des unteren Gewässersaumes (2,00m) in den Pralluferbereichen","UMNGrBez":"Mäh- und Beweidungsarbeiten","Von_km":"113+680","Bis_km":"113+780","IDUabschn":"VEC_8","KTR":"MABVE00400","Versatz_RE":-20,"Akz":"62024-04","UMn_Bemerk":null,"versatz":-10,"Shape_Length":177.6263592564205}},{"type":"Feature","id":709,"geometry":{"type":"LineString","coordinates":[[787753.41019999981,6878963.4694999978],[788014.87489999831,6878982.1899999976],[788051.85310000181,6878966.5139999986],[788075.85649999976,6878928.1555000022],[788088.3077000007,6878861.9958000034],[788104.51370000094,6878432.2634999976],[788122.91050000116,6878306.8325999975],[788210.11710000038,6878058.1150000021]]},"properties":{"OBJECTID":709,"Massn_ID":5,"GEW":"VEC","stat_von":115700,"stat_bis":116480,"gew_seite":"L","UMnArtBez":"keine Mahd","UMNGrBez":"Mäh- und Beweidungsarbeiten","Von_km":"115+700","Bis_km":"116+480","IDUabschn":"VEC_9","KTR":"MABVE00100","Versatz_RE":-20,"Akz":"62024-04","UMn_Bemerk":null,"versatz":-20,"Shape_Length":1235.2421998039511}},{"type":"Feature","id":710,"geometry":{"type":"LineString","coordinates":[[791465.35420000181,6873896.2832000032],[791469.39770000055,6873830.8025000021]]},"properties":{"OBJECTID":710,"Massn_ID":50,"GEW":"VEC","stat_von":120070,"stat_bis":120110,"gew_seite":"L","UMnArtBez":"Gehölzneuanpflanzungen","UMNGrBez":"Gehölzpflege, Gehölzentwicklung","Von_km":"120+070","Bis_km":"120+110","IDUabschn":"VEC_11","KTR":"MABVE00200","Versatz_RE":-20,"Akz":"62024-04","UMn_Bemerk":"oh. Einmündung Schultegraben","versatz":-35,"Shape_Length":65.605426337130297}},{"type":"Feature","id":711,"geometry":{"type":"LineString","coordinates":[[763472.67799999937,6910025.0720999986],[763522.17680000141,6910070.2414000034],[763678.3339000009,6910123.0940999985],[763834.9001000002,6910119.799999997]]},"properties":{"OBJECTID":711,"Massn_ID":50,"GEW":"VEC","stat_von":84640,"stat_bis":84850,"gew_seite":"R","UMnArtBez":"Gehölzneuanpflanzungen","UMNGrBez":"Gehölzpflege, Gehölzentwicklung","Von_km":"84+640","Bis_km":"84+850","IDUabschn":"VEC_3","KTR":"MABVE00100","Versatz_RE":20,"Akz":"62024-04","UMn_Bemerk":"ab. Einleitung Kläranlage, uh. u. oh. Grabeneinmündung Hofsfstelle Reinkink","versatz":35,"Shape_Length":388.47014539587786}},{"type":"Feature","id":712,"geometry":{"type":"LineString","coordinates":[[790705.22769999877,6936448.1696999967],[791020.97810000181,6940072.5798999965],[791157.31489999965,6941926.5582000017]]},"properties":{"OBJECTID":712,"Massn_ID":11,"GEW":"SNK","stat_von":34965,"stat_bis":38290,"gew_seite":"L","UMnArtBez":"(Kanäle) Mahd, einmalig, ab dem 15.06, Einseitig sind Röhrtricht- und Schilfbestände vor dem 01.09 von der Mahd auszuschließen","UMNGrBez":"Mäh- und Beweidungsarbeiten","Von_km":"34+965","Bis_km":"38+290","IDUabschn":"SNK_9","KTR":"MAAEN10100","Versatz_RE":-20,"Akz":"62024-12","UMn_Bemerk":null,"versatz":20,"Shape_Length":5497.1224021571143}},{"type":"Feature","id":713,"geometry":{"type":"LineString","coordinates":[[752567.24859999865,6911189.4645999968],[752672.93389999866,6911189.4208000004],[752748.99689999968,6911143.4292000011]]},"properties":{"OBJECTID":713,"Massn_ID":50,"GEW":"VEC","stat_von":76960,"stat_bis":77060,"gew_seite":"R","UMnArtBez":"Gehölzneuanpflanzungen","UMNGrBez":"Gehölzpflege, Gehölzentwicklung","Von_km":"76+960","Bis_km":"77+060","IDUabschn":"VEC_1","KTR":"MABVE00100","Versatz_RE":20,"Akz":"62024-04","UMn_Bemerk":null,"versatz":35,"Shape_Length":194.57179421120952}},{"type":"Feature","id":714,"geometry":{"type":"LineString","coordinates":[[804934.6398999989,6858228.5613999963],[805007.36740000173,6858187.0395999998],[805073.46059999987,6858119.9627000019],[805110.74240000173,6858076.9319000021],[805129.98290000111,6858044.1238999963],[805141.06839999929,6858011.6133999974],[805167.98849999905,6857902.0104999989],[805181.53889999911,6857860.7785999998],[805194.63569999859,6857831.1206],[805216.86850000173,6857803.8608999997],[805264.41369999945,6857760.5825000033],[805404.68180000037,6857673.9240000024],[805468.33280000091,6857623.5227999985],[805504.67709999904,6857569.4717999995]]},"properties":{"OBJECTID":714,"Massn_ID":24,"GEW":"VEC","stat_von":135930,"stat_bis":136480,"gew_seite":"R","UMnArtBez":"(Vechte), Keine Mahd des unteren Gewässersaumes (2,00m) in den Pralluferbereichen","UMNGrBez":"Mäh- und Beweidungsarbeiten","Von_km":"135+930","Bis_km":"136+480","IDUabschn":"VEC_17","KTR":"MABVE00200","Versatz_RE":20,"Akz":"62024-04","UMn_Bemerk":null,"versatz":10,"Shape_Length":906.5847437498436}},{"type":"Feature","id":715,"geometry":{"type":"LineString","coordinates":[[774704.79190000147,6893045.8731999993],[774693.52210000157,6892933.5984999985],[774709.42610000074,6892851.5625],[774737.84200000018,6892804.8756999969]]},"properties":{"OBJECTID":715,"Massn_ID":50,"GEW":"VEC","stat_von":101250,"stat_bis":101380,"gew_seite":"L","UMnArtBez":"Gehölzneuanpflanzungen","UMNGrBez":"Gehölzpflege, Gehölzentwicklung","Von_km":"101+250","Bis_km":"101+380","IDUabschn":"VEC_5","KTR":"MABVE00100","Versatz_RE":-20,"Akz":"62024-04","UMn_Bemerk":"Gehölzsaum vervollständigen","versatz":-35,"Shape_Length":251.05685864362417}},{"type":"Feature","id":716,"geometry":{"type":"LineString","coordinates":[[770939.94750000164,6906480.8707000017],[771157.37379999831,6906476.9752999991],[771235.62649999931,6906464.7242999971],[771331.20129999891,6906436.1828000024],[771393.99890000001,6906401.2791000009],[771447.61290000007,6906360.5295000002],[771486.52250000089,6906317.9582000002],[771543.86349999905,6906222.6538999975],[771567.43420000002,6906118.9135999978],[771568.3396999985,6906046.5724999979],[771547.27450000122,6905945.3057999983],[771491.95800000057,6905840.2735999972],[771364.04360000044,6905676.2202999964],[771341.11679999903,6905635.6235999987],[771328.16180000082,6905591.6071000025],[771327.3647999987,6905520.7999000028],[771334.33480000123,6905487.4109999985],[771358.14999999851,6905437.5983999968],[771392.06960000098,6905390.5527999997],[771440.69209999964,6905341.7106999978],[771517.30799999833,6905292.3303000033],[771575.04019999877,6905264.4679000005],[771658.82059999928,6905238.4526999965],[771709.08949999884,6905225.4663000032],[771931.11510000005,6905224.5618000031],[771980.67889999971,6905220.0848999992],[772021.63919999823,6905206.0135999992],[772117.19570000097,6905148.5430999994],[772448.03979999945,6904925.9800999984]]},"properties":{"OBJECTID":716,"Massn_ID":10,"GEW":"VEC","stat_von":90280,"stat_bis":91980,"gew_seite":"R","UMnArtBez":"(Vechte) Mahd, zweimalig, ab dem 15.07 und ab dem 01.09","UMNGrBez":"Mäh- und Beweidungsarbeiten","Von_km":"90+280","Bis_km":"91+980","IDUabschn":"VEC_3","KTR":"MABVE00100","Versatz_RE":20,"Akz":"62024-04","UMn_Bemerk":null,"versatz":20,"Shape_Length":2813.2059686569955}},{"type":"Feature","id":717,"geometry":{"type":"LineString","coordinates":[[816978.55669999868,6985346.6630999967],[816846.82349999994,6985463.5244999975],[816768.09910000116,6985512.0332999974],[816633.14209999889,6985571.0319000036]]},"properties":{"OBJECTID":717,"Massn_ID":52,"GEW":"GFD","stat_von":4030,"stat_bis":4270,"gew_seite":"R","UMnArtBez":"(Dinkel, G) Gehölze pflegen und entwickeln","UMNGrBez":"Gehölzpflege, Gehölzentwicklung","Von_km":"4+030","Bis_km":"4+270","IDUabschn":"GFD_2","KTR":"MABEN00100","Versatz_RE":20,"Akz":"62024-09","UMn_Bemerk":"Bestand pflegen, Einkürzen von Ästen ist als Einzelfallentscheidung zulässig zur Verkehrssicherungspflicht","versatz":-35,"Shape_Length":415.85644106862151}},{"type":"Feature","id":718,"geometry":{"type":"LineString","coordinates":[[809988.78009999916,6851146.7744000033],[810071.47140000015,6851108.311499998],[810220.8927000016,6850966.7167999968],[810248.9160999991,6850916.8929999992],[810261.67159999907,6850865.9728000015]]},"properties":{"OBJECTID":718,"Massn_ID":24,"GEW":"VEC","stat_von":142080,"stat_bis":142320,"gew_seite":"R","UMnArtBez":"(Vechte), Keine Mahd des unteren Gewässersaumes (2,00m) in den Pralluferbereichen","UMNGrBez":"Mäh- und Beweidungsarbeiten","Von_km":"142+080","Bis_km":"142+320","IDUabschn":"VEC_18","KTR":"MABVE00200","Versatz_RE":20,"Akz":"62024-04","UMn_Bemerk":null,"versatz":10,"Shape_Length":406.71023904771789}},{"type":"Feature","id":719,"geometry":{"type":"LineString","coordinates":[[842756.83150000125,6925334.1719999984],[842813.78049999848,6925327.8496999964],[843005.53539999947,6925277.7459999993],[843143.06830000132,6925275.253899999],[843552.86019999906,6925284.3809999973],[843778.37489999831,6925282.8118000031],[844069.23429999873,6925270.5295000002],[844519.09710000083,6925201.7613999993],[844917.8077000007,6925171.7167999968]]},"properties":{"OBJECTID":719,"Massn_ID":8,"GEW":"HAS","stat_von":43380,"stat_bis":44700,"gew_seite":"L","UMnArtBez":"(Hase, Variante 1) Mahd, zweimalig, ab dem 15.06 (Unterhaltungsweg und obere Hälfte der Böschung) und am dem 15.09 (Unterhaltungsweg und ganze Böschung)","UMNGrBez":"Mäh- und Beweidungsarbeiten","Von_km":"43+380","Bis_km":"44+700","IDUabschn":"HAS_13","KTR":"MAAHA00100","Versatz_RE":-20,"Akz":"62024-03","UMn_Bemerk":"Baugebiet Busemühle!","versatz":-20,"Shape_Length":2174.5088281631984}},{"type":"Feature","id":720,"geometry":{"type":"LineString","coordinates":[[773567.02070000023,6899475.3343999982],[773585.2210999988,6899374.1146000028],[773605.50950000063,6899326.6582999974],[773625.45630000159,6899293.5954999998],[773651.13980000094,6899262.6761000007],[773678.46139999852,6899240.1908999979],[773722.81590000167,6899217.8540000021],[773853.07779999822,6899177.3614000008],[773900.95369999856,6899153.7989000008]]},"properties":{"OBJECTID":720,"Massn_ID":24,"GEW":"VEC","stat_von":96180,"stat_bis":96480,"gew_seite":"L","UMnArtBez":"(Vechte), Keine Mahd des unteren Gewässersaumes (2,00m) in den Pralluferbereichen","UMNGrBez":"Mäh- und Beweidungsarbeiten","Von_km":"96+180","Bis_km":"96+480","IDUabschn":"VEC_5","KTR":"MABVE00100","Versatz_RE":-20,"Akz":"62024-04","UMn_Bemerk":null,"versatz":-10,"Shape_Length":508.07958280868775}},{"type":"Feature","id":721,"geometry":{"type":"LineString","coordinates":[[805531.85330000147,6857531.3144999966],[805556.2098999992,6857235.0480000004],[805540.88459999859,6857085.6398999989]]},"properties":{"OBJECTID":721,"Massn_ID":10,"GEW":"VEC","stat_von":136500,"stat_bis":136770,"gew_seite":"R","UMnArtBez":"(Vechte) Mahd, zweimalig, ab dem 15.07 und ab dem 01.09","UMNGrBez":"Mäh- und Beweidungsarbeiten","Von_km":"136+500","Bis_km":"136+770","IDUabschn":"VEC_17","KTR":"MABVE00200","Versatz_RE":20,"Akz":"62024-04","UMn_Bemerk":null,"versatz":20,"Shape_Length":447.45804147703666}},{"type":"Feature","id":722,"geometry":{"type":"LineString","coordinates":[[791372.86789999902,6874572.8861000016],[791427.19339999929,6874488.4609000012],[791462.93569999933,6874411.8395999968],[791489.55290000141,6874337.4895000011],[791529.48800000176,6874163.5051999986],[791554.1726000011,6873917.8954000026],[791578.85209999979,6873543.6274999976],[791590.38379999995,6873450.3944000006],[791612.46249999851,6873372.3320999965]]},"properties":{"OBJECTID":722,"Massn_ID":10,"GEW":"VEC","stat_von":119650,"stat_bis":120400,"gew_seite":"R","UMnArtBez":"(Vechte) Mahd, zweimalig, ab dem 15.07 und ab dem 01.09","UMNGrBez":"Mäh- und Beweidungsarbeiten","Von_km":"119+650","Bis_km":"120+400","IDUabschn":"VEC_11","KTR":"MABVE00200","Versatz_RE":20,"Akz":"62024-04","UMn_Bemerk":null,"versatz":20,"Shape_Length":1239.4170003800007}},{"type":"Feature","id":723,"geometry":{"type":"LineString","coordinates":[[788645.45780000091,6880156.3989999965],[788531.11989999935,6880164.2863000035]]},"properties":{"OBJECTID":723,"Massn_ID":5,"GEW":"EVK","stat_von":16590,"stat_bis":16660,"gew_seite":"R","UMnArtBez":"keine Mahd","UMNGrBez":"Mäh- und Beweidungsarbeiten","Von_km":"16+590","Bis_km":"16+660","IDUabschn":"EVK_2","KTR":"MAAVE20200","Versatz_RE":20,"Akz":"62024-10","UMn_Bemerk":"(Brücke Ufermauer)","versatz":-20,"Shape_Length":114.60961948356203}},{"type":"Feature","id":724,"geometry":{"type":"LineString","coordinates":[[795813.92909999937,6871542.5888999999],[795845.63030000031,6871552.7929999977],[795892.41090000048,6871561.558600001],[795950.53680000082,6871566.1259000003],[796025.43899999931,6871560.7208999991],[796081.95609999821,6871543.0851000026],[796124.77519999817,6871513.8322999999],[796170.127700001,6871477.0870999992],[796254.03620000184,6871382.9151000008]]},"properties":{"OBJECTID":724,"Massn_ID":24,"GEW":"VEC","stat_von":123580,"stat_bis":123880,"gew_seite":"R","UMnArtBez":"(Vechte), Keine Mahd des unteren Gewässersaumes (2,00m) in den Pralluferbereichen","UMNGrBez":"Mäh- und Beweidungsarbeiten","Von_km":"123+580","Bis_km":"123+880","IDUabschn":"VEC_13","KTR":"MABVE00200","Versatz_RE":20,"Akz":"62024-04","UMn_Bemerk":null,"versatz":10,"Shape_Length":509.86296104092287}},{"type":"Feature","id":725,"geometry":{"type":"LineString","coordinates":[[762001.73750000075,6909405.2996999994],[762098.43149999902,6909325.0474999994],[762217.12159999833,6909282.7088999972],[762285.32679999992,6909283.8386000022]]},"properties":{"OBJECTID":725,"Massn_ID":50,"GEW":"VEC","stat_von":83550,"stat_bis":83720,"gew_seite":"L","UMnArtBez":"Gehölzneuanpflanzungen","UMNGrBez":"Gehölzpflege, Gehölzentwicklung","Von_km":"83+550","Bis_km":"83+720","IDUabschn":"VEC_3","KTR":"MABVE00100","Versatz_RE":-20,"Akz":"62024-04","UMn_Bemerk":null,"versatz":-35,"Shape_Length":319.88886266301745}},{"type":"Feature","id":726,"geometry":{"type":"LineString","coordinates":[[812036.9803000018,6884885.6138999984],[810002.17410000041,6884749.3291999996],[808713.30209999904,6884653.7779000029],[808643.6185999997,6884640.1367999986],[808441.40399999917,6884547.4189999998]]},"properties":{"OBJECTID":726,"Massn_ID":13,"GEW":"EVK","stat_von":1280,"stat_bis":3500,"gew_seite":"L","UMnArtBez":"(Kanäle) Mahd, einmalig, alle zwei Jahre, ab dem 01.09","UMNGrBez":"Mäh- und Beweidungsarbeiten","Von_km":"1+280","Bis_km":"3+500","IDUabschn":"EVK_1","KTR":"MAAVE20200","Versatz_RE":-20,"Akz":"62024-10","UMn_Bemerk":null,"versatz":20,"Shape_Length":3625.2376843004804}},{"type":"Feature","id":727,"geometry":{"type":"LineString","coordinates":[[781532.41330000013,6886017.6966999993],[781512.63109999895,6885924.247299999],[781430.98669999838,6885759.4688000008],[781418.79630000144,6885651.0283999965],[781427.81590000167,6885583.5398000032],[781508.11279999837,6885365.9460999966],[781566.80730000138,6885245.4786000028],[781623.63049999997,6885166.5119000003],[781787.80999999866,6884988.4827999994],[781807.21909999847,6884959.8641000018],[781866.08159999922,6884818.3329000026],[781893.11569999903,6884776.2255000025],[781966.68430000171,6884698.1894999966],[781968.67370000109,6884669.9836999997],[781939.81129999831,6884537.9197999984],[781948.38439999893,6884478.1313999966],[781989.15309999883,6884431.0498000011],[782031.09820000082,6884397.0603],[782071.73750000075,6884379.5295000002],[782115.89710000157,6884373.6686000004],[782160.4990000017,6884400.9192000031],[782177.89970000088,6884439.0031000003],[782199.56439999864,6884539.6149000004],[782214.84499999881,6884572.0851999968],[782243.20809999853,6884610.6428999975],[782278.55339999869,6884637.3687999994],[782289.31379999965,6884639.9975999966],[782346.55539999902,6884634.1755999997],[782498.81379999965,6884586.6498000026],[782585.9860999994,6884579.8533999994],[782661.95609999821,6884586.626199998],[782824.60990000144,6884648.3005999997],[782917.00869999826,6884662.5710000023],[783024.03130000085,6884649.002700001],[783088.60649999976,6884631.3378000036],[783185.36740000173,6884590.3172999993]]},"properties":{"OBJECTID":727,"Massn_ID":3,"GEW":"VEC","stat_von":108300,"stat_bis":110225,"gew_seite":"L","UMnArtBez":"Beobachtende Unterhaltung (keine Mahd, Gehölzaufwuchs wird zugelassen, Gehölzeinstürze nach Einzelfallentscheidung in Abstimmung mit UNB sichern oder entfernen, z.B. in Projektgebieten)","UMNGrBez":"keine/beobachtende Unterhaltung","Von_km":"108+300","Bis_km":"110+225","IDUabschn":"VEC_6","KTR":"MABVE00100","Versatz_RE":-20,"Akz":"62024-04","UMn_Bemerk":null,"versatz":-20,"Shape_Length":3200.4308012646543}},{"type":"Feature","id":728,"geometry":{"type":"LineString","coordinates":[[761019.20769999921,6909719.1542999968],[761124.10460000113,6909757.4153999984],[761182.21330000088,6909771.2413000017],[761234.12970000133,6909777.1526999995],[761294.53950000182,6909775.5094000027],[761350.13259999827,6909767.6921000034],[761407.36459999904,6909751.3101999983],[761505.37810000032,6909713.501699999]]},"properties":{"OBJECTID":728,"Massn_ID":24,"GEW":"VEC","stat_von":82880,"stat_bis":83180,"gew_seite":"R","UMnArtBez":"(Vechte), Keine Mahd des unteren Gewässersaumes (2,00m) in den Pralluferbereichen","UMNGrBez":"Mäh- und Beweidungsarbeiten","Von_km":"82+880","Bis_km":"83+180","IDUabschn":"VEC_3","KTR":"MABVE00100","Versatz_RE":20,"Akz":"62024-04","UMn_Bemerk":null,"versatz":10,"Shape_Length":504.79522453646587}},{"type":"Feature","id":729,"geometry":{"type":"LineString","coordinates":[[799186.82220000029,6868803.3394000009],[799329.60429999977,6868767.6472999975]]},"properties":{"OBJECTID":729,"Massn_ID":50,"GEW":"VEC","stat_von":126410,"stat_bis":126500,"gew_seite":"L","UMnArtBez":"Gehölzneuanpflanzungen","UMNGrBez":"Gehölzpflege, Gehölzentwicklung","Von_km":"126+410","Bis_km":"126+500","IDUabschn":"VEC_13","KTR":"MABVE00200","Versatz_RE":-20,"Akz":"62024-04","UMn_Bemerk":null,"versatz":-35,"Shape_Length":147.17558929018628}},{"type":"Feature","id":730,"geometry":{"type":"LineString","coordinates":[[773957.0251000002,6897287.3056000024],[774019.16750000045,6897249.5719999969],[774074.92610000074,6897207.0618000031],[774111.87379999831,6897155.7795000002],[774124.36309999973,6897123.7468999997],[774174.58850000054,6896930.1062999964],[774170.14130000025,6896869.8523999974],[774154.18299999833,6896816.5473000035],[774114.69179999828,6896769.5212000012],[774061.28119999915,6896736.1476000026],[774010.80860000104,6896721.5152999982],[773955.84800000116,6896727.7569999993],[773878.39979999885,6896743.5319999978]]},"properties":{"OBJECTID":730,"Massn_ID":24,"GEW":"VEC","stat_von":97980,"stat_bis":98480,"gew_seite":"R","UMnArtBez":"(Vechte), Keine Mahd des unteren Gewässersaumes (2,00m) in den Pralluferbereichen","UMNGrBez":"Mäh- und Beweidungsarbeiten","Von_km":"97+980","Bis_km":"98+480","IDUabschn":"VEC_5","KTR":"MABVE00100","Versatz_RE":20,"Akz":"62024-04","UMn_Bemerk":null,"versatz":10,"Shape_Length":867.80429206498127}},{"type":"Feature","id":731,"geometry":{"type":"LineString","coordinates":[[783182.22080000117,6884591.8548000008],[783278.83610000089,6884538.060800001],[783364.06320000067,6884475.1454000026],[783510.29410000145,6884343.4403999969],[783570.84479999915,6884279.565700002],[783598.69399999827,6884233.6462000012],[783612.06439999864,6884200.2224999964],[783625.1521999985,6884141.9243000001],[783624.99230000004,6884051.0104999989],[783632.21880000085,6884005.5270000026],[783643.99960000068,6883970.1032999977],[783678.04340000078,6883912.7758999988],[783711.87950000167,6883887.5293999985],[783753.93180000037,6883869.6743000001],[783900.55310000107,6883828.7731000036],[783954.7324000001,6883808.8339999989],[784004.72470000014,6883780.8681999967],[784100.79329999909,6883706.5104999989],[784142.35799999908,6883661.3451000005],[784174.67210000008,6883611.2959999964],[784215.11219999939,6883514.7858999968],[784229.78579999879,6883457.2158000022],[784234.67570000142,6883385.9570999965],[784231.63060000166,6883337.3342999965],[784212.30339999869,6883247.6204999983],[784162.87640000135,6883149.3902999982],[784135.3414000012,6883109.4411000013],[784084.51379999891,6883059.6345999986]]},"properties":{"OBJECTID":731,"Massn_ID":14,"GEW":"VEC","stat_von":110225,"stat_bis":111540,"gew_seite":"L","UMnArtBez":"(Vechte) Mahd, einmalig, drei- bis fünfjährlich, zw. 01.09  und 28.02","UMNGrBez":"Mäh- und Beweidungsarbeiten","Von_km":"110+225","Bis_km":"111+540","IDUabschn":"VEC_6","KTR":"MABVE00100","Versatz_RE":-20,"Akz":"62024-04","UMn_Bemerk":null,"versatz":-20,"Shape_Length":2094.9421950270862}},{"type":"Feature","id":732,"geometry":{"type":"LineString","coordinates":[[788348.18420000002,6899720.3647999987],[788343.21110000089,6900125.1537000015],[788355.65680000186,6900485.1058000028],[788408.58740000054,6901355.8830000013],[788383.38690000027,6901915.9064000025],[788349.51880000159,6903757.9650000036],[788334.81509999931,6903807.4341999963],[788302.20540000126,6903849.614699997],[788281.58810000122,6903864.0581],[788260.80970000103,6903873.7898999974],[788201.33850000054,6903881.2699000016],[788114.26089999825,6903872.381099999],[787253.9123999998,6903716.3211999983],[787208.91690000147,6903712.5332999974],[787159.98160000145,6903717.8317999989],[787088.18690000102,6903739.3165000007],[787010.24100000039,6903752.0051999986]]},"properties":{"OBJECTID":732,"Massn_ID":6,"GEW":"SNK","stat_von":11010,"stat_bis":14360,"gew_seite":"L","UMnArtBez":"(Kanäle) Mahd, zweimalig, ab dem 15.06 und ab dem ???, Einseitig sind Röhrtricht- und Schilfbestände vor dem 01.09 von der Mahd auszuschließen","UMNGrBez":"Mäh- und Beweidungsarbeiten","Von_km":"11+010","Bis_km":"14+360","IDUabschn":"SNK_5","KTR":"MAAVE10100","Versatz_RE":-20,"Akz":"62024-12","UMn_Bemerk":null,"versatz":20,"Shape_Length":5463.5188927656973}},{"type":"Feature","id":733,"geometry":{"type":"LineString","coordinates":[[810136.49460000172,6850945.454400003],[810162.38560000062,6850920.8888999969],[810180.1165000014,6850889.3650999963],[810204.37570000067,6850792.5252000019],[810241.22960000113,6850715.7273000032]]},"properties":{"OBJECTID":733,"Massn_ID":50,"GEW":"VEC","stat_von":142230,"stat_bis":142400,"gew_seite":"L","UMnArtBez":"Gehölzneuanpflanzungen","UMNGrBez":"Gehölzpflege, Gehölzentwicklung","Von_km":"142+230","Bis_km":"142+400","IDUabschn":"VEC_18","KTR":"MABVE00200","Versatz_RE":-20,"Akz":"62024-04","UMn_Bemerk":null,"versatz":-35,"Shape_Length":256.8737280981839}},{"type":"Feature","id":734,"geometry":{"type":"LineString","coordinates":[[753322.54800000042,6910794.8887000009],[753336.49749999866,6910792.8857000023],[753379.64359999821,6910796.3392999992],[753415.74280000106,6910812.5675999969],[753445.50510000065,6910836.6925000027],[753474.18039999902,6910873.6550000012],[753492.10599999875,6910914.7194000036],[753506.33269999921,6910962.370099999],[753519.29170000181,6911039.3968999982]]},"properties":{"OBJECTID":734,"Massn_ID":24,"GEW":"VEC","stat_von":77480,"stat_bis":77680,"gew_seite":"L","UMnArtBez":"(Vechte), Keine Mahd des unteren Gewässersaumes (2,00m) in den Pralluferbereichen","UMNGrBez":"Mäh- und Beweidungsarbeiten","Von_km":"77+480","Bis_km":"77+680","IDUabschn":"VEC_1","KTR":"MABVE00100","Versatz_RE":-20,"Akz":"62024-04","UMn_Bemerk":null,"versatz":-10,"Shape_Length":354.69401551636554}},{"type":"Feature","id":735,"geometry":{"type":"LineString","coordinates":[[800804.87480000034,6861725.5916000009],[800914.27160000056,6861704.7800000012],[800942.62150000036,6861691.2484000027],[800957.17009999976,6861675.9355999976],[800989.60319999978,6861631.0399999991],[801024.57209999859,6861572.7296999991],[801050.43930000067,6861546.8982999995],[801227.59659999982,6861420.688000001],[801259.46310000122,6861409.4070999995],[801290.72529999912,6861401.6231999993],[801366.92000000179,6861393.0247000009],[801414.35029999912,6861393.2555000037],[801485.33289999887,6861414.4416000023],[801511.23110000044,6861418.1653999984],[801535.36400000006,6861416.8522000015],[801612.0196999982,6861401.6653999984],[801728.04690000042,6861385.5429000035],[801797.33900000155,6861380.6771000028],[801892.26940000057,6861380.5970000029],[801983.70389999822,6861372.385300003],[802032.0764000006,6861363.3518000022],[802063.61219999939,6861352.2914000005],[802098.10280000046,6861335.8982999995],[802172.72329999879,6861288.6106999964],[802243.26630000025,6861236.0159000009],[802272.08480000123,6861227.6221999973],[802340.26790000126,6861228.8247999996]]},"properties":{"OBJECTID":735,"Massn_ID":24,"GEW":"VEC","stat_von":132240,"stat_bis":133280,"gew_seite":"L","UMnArtBez":"(Vechte), Keine Mahd des unteren Gewässersaumes (2,00m) in den Pralluferbereichen","UMNGrBez":"Mäh- und Beweidungsarbeiten","Von_km":"132+240","Bis_km":"133+280","IDUabschn":"VEC_15","KTR":"MABVE00200","Versatz_RE":-20,"Akz":"62024-04","UMn_Bemerk":null,"versatz":-10,"Shape_Length":1702.7285461934273}},{"type":"Feature","id":736,"geometry":{"type":"LineString","coordinates":[[771271.59490000084,6905695.0600999966],[771238.00140000135,6905607.5670000017],[771236.87829999998,6905507.686999999],[771278.54699999839,6905393.4165999964],[771319.75299999863,6905336.2661999986]]},"properties":{"OBJECTID":736,"Massn_ID":50,"GEW":"VEC","stat_von":91050,"stat_bis":91250,"gew_seite":"L","UMnArtBez":"Gehölzneuanpflanzungen","UMNGrBez":"Gehölzpflege, Gehölzentwicklung","Von_km":"91+050","Bis_km":"91+250","IDUabschn":"VEC_3","KTR":"MABVE00100","Versatz_RE":-20,"Akz":"62024-04","UMn_Bemerk":"uh. Brücke K14 Wilsumer Straße","versatz":-35,"Shape_Length":385.69399040063763}},{"type":"Feature","id":737,"geometry":{"type":"LineString","coordinates":[[777078.20879999921,6892671.5781000033],[777101.18679999933,6892640.9800999984],[777171.54870000109,6892503.7837999985],[777215.47340000048,6892463.0709000006],[777290.95490000024,6892417.4754000008],[777350.98429999873,6892362.7052000016],[777361.09310000017,6892345.3900000006],[777394.35720000044,6892244.7833999991],[777429.22789999843,6892026.8122000024],[777455.67410000041,6891913.3355000019],[777512.79100000113,6891770.8975000009],[777577.00659999996,6891656.2106000036],[777653.88219999894,6891559.7474000007],[777731.13879999891,6891479.1831],[777885.54419999942,6891357.2039000019],[777965.10080000013,6891279.5045000017],[778039.77230000123,6891176.7273000032],[778116.28620000184,6891052.7019999996],[778181.87049999833,6890974.8439999968],[778292.54809999838,6890877.185999997],[778432.64999999851,6890781.7466999963],[778473.33199999854,6890739.7268000022],[778506.5859999992,6890674.7254000008],[778512.38399999961,6890647.6846000031],[778512.87390000001,6890604.4231000021],[778500.5859999992,6890523.0873000026],[778502.7751000002,6890444.0925000012],[778525.4785999991,6890366.7546000034],[778554.02730000019,6890315.8584999964],[778610.45980000123,6890245.2036999986],[778653.07079999894,6890215.9116000012],[778855.11659999937,6890125.9601000026],[778897.96489999816,6890099.2458999977],[778959.46310000122,6890034.3699999973],[779028.69150000066,6889929.8856000006],[779211.76830000058,6889608.1555999964],[779263.4541000016,6889489.8101999983],[779313.18349999934,6889312.9716000035],[779355.27910000086,6889226.2312999964],[779424.83280000091,6889147.697300002],[779941.06269999966,6888690.997299999],[780003.06359999999,6888621.6585000008],[780028.50290000066,6888583.8198999986],[780103.78280000016,6888440.3840999976]]},"properties":{"OBJECTID":737,"Massn_ID":7,"GEW":"VEC","stat_von":103080,"stat_bis":106380,"gew_seite":"L","UMnArtBez":"(Vechte) Mahd, zweimalig, ab dem 15.06. und ab dem 01.09 (Prallufer mit Gehölzen keine Mahd)","UMNGrBez":"Mäh- und Beweidungsarbeiten","Von_km":"103+080","Bis_km":"106+380","IDUabschn":"VEC_6","KTR":"MABVE00100","Versatz_RE":-20,"Akz":"62024-04","UMn_Bemerk":null,"versatz":-20,"Shape_Length":5409.9718145921597}},{"type":"Feature","id":738,"geometry":{"type":"LineString","coordinates":[[788083.25490000099,6884372.5502000004],[788135.14510000125,6884425.0160000026]]},"properties":{"OBJECTID":738,"Massn_ID":201,"GEW":"SNK","stat_von":1070,"stat_bis":1115,"gew_seite":"R","UMnArtBez":"Mahd im Bereich der Bauwerke z.B. Schleusen, Wehranlagen, etc. Abflusshindernisse im Bereich der Bauwerke entfernen","UMNGrBez":"Bauwerke instandhalten bzw. Abfluss im Bereich von Bauwerken sicherstellen","Von_km":"1+070","Bis_km":"1+115","IDUabschn":"SNK_2","KTR":"MAAVE10100","Versatz_RE":20,"Akz":"62024-12","UMn_Bemerk":null,"versatz":-20,"Shape_Length":73.791957732121887}},{"type":"Feature","id":739,"geometry":{"type":"LineString","coordinates":[[825912.49020000175,6922447.7009999976],[825956.38529999927,6922365.0716999993],[825972.82950000092,6922297.8809999973],[825969.2360999994,6922236.4127999991],[825927.91860000044,6922123.1446999982],[825927.86719999835,6922074.6058999971],[825932.27589999884,6922061.6585000008],[825957.7648999989,6922033.9792999998],[826030.60289999843,6922007.8093999997],[826062.07330000028,6922005.8746000007],[826156.81419999897,6922025.802199997],[826457.28680000082,6922124.9249000028],[826531.75230000168,6922133.6846000031],[826603.28420000151,6922122.863499999],[826637.74439999834,6922104.318599999],[826680.28189999983,6922048.2977000028],[826706.29780000076,6921967.5029999986],[826702.66750000045,6921644.316200003],[826713.57539999858,6921561.1736000031],[826732.85579999909,6921526.8202000037],[826789.32919999957,6921493.4870999977],[826871.38910000026,6921471.826700002],[826890.05040000007,6921477.9540999979],[826975.3359999992,6921550.8641000018],[827040.38199999928,6921567.8435999975],[827117.33139999956,6921555.5486000031],[827192.21620000154,6921513.4503000006],[827346.23910000175,6921329.2026999965],[827421.6334999986,6921253.6463999972]]},"properties":{"OBJECTID":739,"Massn_ID":23,"GEW":"HAS","stat_von":21900,"stat_bis":23500,"gew_seite":"R","UMnArtBez":"(Hase), Mahd der krautigen Ufersaumstreifen ab dem 01.10 jährlich alternierend auf 300-500 m langen Teilstrecken","UMNGrBez":"Mäh- und Beweidungsarbeiten","Von_km":"21+900","Bis_km":"23+500","IDUabschn":"HAS_6","KTR":"MAAHA00100","Versatz_RE":20,"Akz":"62024-03","UMn_Bemerk":null,"versatz":30,"Shape_Length":2615.2340578016178}},{"type":"Feature","id":740,"geometry":{"type":"LineString","coordinates":[[800248.55330000073,6868676.3093999997],[800295.40459999815,6868665.509300001],[800323.99700000137,6868648.6925999969],[800350.87099999934,6868626.8998999968],[800393.00910000131,6868564.9953000024],[800422.94539999962,6868511.1894999966],[800434.33900000155,6868488.9351999983],[800456.11199999973,6868425.8932999969]]},"properties":{"OBJECTID":740,"Massn_ID":24,"GEW":"VEC","stat_von":127080,"stat_bis":127280,"gew_seite":"R","UMnArtBez":"(Vechte), Keine Mahd des unteren Gewässersaumes (2,00m) in den Pralluferbereichen","UMNGrBez":"Mäh- und Beweidungsarbeiten","Von_km":"127+080","Bis_km":"127+280","IDUabschn":"VEC_13","KTR":"MABVE00200","Versatz_RE":20,"Akz":"62024-04","UMn_Bemerk":null,"versatz":10,"Shape_Length":344.00639988667831}},{"type":"Feature","id":741,"geometry":{"type":"LineString","coordinates":[[804472.27699999884,6858582.7687999979],[804565.54199999943,6858430.3568999991],[804644.54050000012,6858347.4094000012],[804684.46269999817,6858314.7700000033],[804977.26289999858,6858147.7094999999],[805036.9990000017,6858087.0847999975],[805080.6660999991,6858031.9475999996]]},"properties":{"OBJECTID":741,"Massn_ID":10,"GEW":"VEC","stat_von":135570,"stat_bis":136080,"gew_seite":"L","UMnArtBez":"(Vechte) Mahd, zweimalig, ab dem 15.07 und ab dem 01.09","UMNGrBez":"Mäh- und Beweidungsarbeiten","Von_km":"135+570","Bis_km":"136+080","IDUabschn":"VEC_17","KTR":"MABVE00200","Versatz_RE":-20,"Akz":"62024-04","UMn_Bemerk":null,"versatz":-20,"Shape_Length":837.34881469866923}},{"type":"Feature","id":742,"geometry":{"type":"LineString","coordinates":[[834336.496199999,6921835.4706000015],[834325.78449999914,6921768.179399997],[834219.0839000009,6921573.0885000005],[834159.0175999999,6921479.3280000016],[834133.90590000153,6921427.9447999969],[834112.57090000063,6921355.5227999985],[834096.13259999827,6921180.0437999964],[834099.30930000171,6920955.6498000026],[834094.68840000033,6920904.1792000011],[834084.53290000185,6920840.6723999977],[834021.66440000013,6920615.0542000011],[834009.09259999916,6920539.0957999974],[834004.39319999889,6920463.4915999994],[834009.02470000088,6920315.3427999988],[834040.84459999949,6920118.4500999972],[834103.50429999828,6919932.1507000029],[834140.81940000132,6919864.2264000028],[834215.11300000176,6919775.4099000022],[834295.26040000096,6919720.5156000033],[834395.12079999968,6919669.495099999],[834517.9085999988,6919506.005400002],[834567.75910000131,6919475.4698999971],[834606.4327000007,6919471.7260000035],[834698.44700000063,6919494.251199998],[834783.10200000182,6919552.8677000031],[834878.18640000001,6919631.8057999983],[834958.08540000021,6919709.0085999966],[835043.84800000116,6919806.5185000002],[835097.26040000096,6919883.25],[835152.07429999858,6919990.8183000013],[835168.37559999898,6920060.7206000015],[835181.16369999945,6920134.3192000017],[835176.83779999986,6920343.1185000017],[835182.4103000015,6920370.9752999991],[835188.25230000168,6920377.0803999975],[835204.75549999997,6920385.7868999988],[835401.32380000129,6920407.5627999976],[835549.59149999917,6920442.0879999995],[835816.35049999878,6920587.4496000037],[836223.48110000044,6920863.2159999982]]},"properties":{"OBJECTID":742,"Massn_ID":8,"GEW":"HAS","stat_von":34580,"stat_bis":37580,"gew_seite":"L","UMnArtBez":"(Hase, Variante 1) Mahd, zweimalig, ab dem 15.06 (Unterhaltungsweg und obere Hälfte der Böschung) und am dem 15.09 (Unterhaltungsweg und ganze Böschung)","UMNGrBez":"Mäh- und Beweidungsarbeiten","Von_km":"34+580","Bis_km":"37+580","IDUabschn":"HAS_10","KTR":"MAAHA00100","Versatz_RE":-20,"Akz":"62024-03","UMn_Bemerk":null,"versatz":-20,"Shape_Length":5019.5669117093967}}]}