{
"type": "FeatureCollection",
"name": "exp_bw_bru_nlwkn",
"crs": { "type": "name", "properties": { "name": "urn:ogc:def:crs:EPSG::3857" } },
"features": [
{ "type": "Feature", "properties": { "ID_con": 65, "bw_id": "HRK_BRU_45", "name": "Schleusendrehbrücke (Schleuse I )", "GEW": "HRK", "stat_von": "45", "bauart": "2-Feld-Stahldrehbrücke (Typ: Feldwegdrehbrücke\")", "baujahr": "1890 / 1988", "upflicht": "NLWKN", "KTR": "MBREN21000", "FSK": "033103003002700004__", "km": "0+045", "bemerk": "Baudenkmal: Kennziffer: 454018.00015", "beschreib": "Die für den Fuß- und Radwegverkehr vorgesehene Brücke verbindet das innerstädtische Radwegenetz.  Die drehbare Schleusenbrücke ist als Zweifeld-Brücke ausgebildet, deren Hauptöffnung das Unterhaupt der Schleuse überbrückt.", "beschreib_lang": "Über dem Unterhaupt der Schleuse I befindet sich diese denkmalgeschützte Drehbrücke (ID: 35921770). Die für den Fuß- und Radwegverkehr vorgesehene Brücke verbindet das innerstädtische Radwegenetz._x000d_\nDie drehbare Schleusenbrücke ist als Zweifeld-Brücke ausgebildet, deren Hauptöffnung das Unterhaupt der Schleuse überbrückt. Die Hauptkonstruktion der Brücke besteht aus einer Stahlkonstruktion mit Holzbohlen als Brückenbelag. Der Antrieb aller beweglichen Teile erfolgt elektromechanisch. _x000d_\n1988 wurde die Brücke grundinstandgesetzt, 2020 erfolgte eine Reparatur des Verriegelungszylinders, des Königsstuhls und des Antriebsritzels. Die Brücke wurde dazu abgehoben._x000d_\nDie Brücke ist als Baudenkmal eingestuft.", "foto1": "https://nlwkn.hannit-share.de/index.php/core/preview?fileId=11062339&x=1280&y=819&a=true", "foto2": "https://nlwkn.hannit-share.de/index.php/core/preview?fileId=11062342&x=1280&y=819&a=true", "foto3": "https://nlwkn.hannit-share.de/index.php/core/preview?fileId=11062345&x=1280&y=819&a=true", "foto4": "https://nlwkn.hannit-share.de/index.php/core/preview?fileId=11062348&x=1280&y=819&a=true", "link1": null, "link2": null, "rwert": "381797", "hwert": 5850174, "denkmal": "Ja", "bez_urpl": "Drehbrücke Schleuse I", "Beweglich": "Ja", "BW_NR": "HRK-B1095", "Teil_Nr": "111", "AIS_NR": 1137, "bw_buch": "HRK-B1095_BWB.pdf", "WS": 7.5, "Str_KL": "Fuß-/Radweg", "Str_Name": "Püntkers Patt / Schleusenstraße", "F_Breite": "3.45000004768372", "D_Breite": 6.5, "L_hoehe": "3.20000004768372", "bw_bru_bruklasse": "5 to", "Field37": null, "Field38": null, "Field39": null, "Field40": null }, "geometry": { "type": "Point", "coordinates": [ 806750.269246930372901, 6943955.874858854338527 ] } },
{ "type": "Feature", "properties": { "ID_con": 68, "bw_id": "HRK_BRU_6770", "name": "Klappbrücke (Schleuse 68)", "GEW": "HRK", "stat_von": "6770", "bauart": "Klappbrücke (Waagbalkenbrücke)", "baujahr": "1989", "upflicht": "NLWKN", "KTR": "MBREN21100", "FSK": "03310302800021______", "km": "6+770", "bemerk": "Lichte Höhe (Durchfahrtshöhe unter Waagbalken bis  FOK: 5,80 m)", "beschreib": "Waagbalkenbrücke über dem Unterhaupt der Schleuse II (Schleuse 68) HRK. Der bewegliche Brückenteil über die Durchfahrtsöffnung für die Schifffahrt ist als Waagebalkenklappbrücke aus Stahl hergestellt. In 2017 wurde das Widerlager zurückgestellt.", "beschreib_lang": "Der bewegliche Brückenteil über die Durchfahrtsöffnung für die Schifffahrt ist als Waagebalkenklappbrücke aus Stahl hergestellt. Der Betrieb erfolgt über einen elektrohydraulischen Antrieb. _x000d_\n2017 wurde das Widerlager auf der Bundesstraßenseite mit einem bautechnisch aufwendigen Verfahren zurückgezogen und rückverankert. Das Widerlager hatte sich über die Jahre aufgrund von Bremskräften in Richtung Gewässermitte bewegt._x000d_\nDie Brücke ist als Baudenkmal (ID: 35921369) eingestuft.", "foto1": "https://nlwkn.hannit-share.de/index.php/core/preview?fileId=11062363&x=1280&y=819&a=true", "foto2": "https://nlwkn.hannit-share.de/index.php/core/preview?fileId=11062366&x=1280&y=819&a=true", "foto3": "https://nlwkn.hannit-share.de/index.php/core/preview?fileId=11062369&x=1280&y=819&a=true", "foto4": "https://nlwkn.hannit-share.de/index.php/core/preview?fileId=11062372&x=1280&y=819&a=true", "link1": null, "link2": null, "rwert": "377460", "hwert": 5854688, "denkmal": "Ja", "bez_urpl": "Brücke Schleuse 68", "Beweglich": "Ja", "BW_NR": "HRK-B1102", "Teil_Nr": "118", "AIS_NR": 1138, "bw_buch": "HRK-B1102_BWB", "WS": 8.75, "Str_KL": "Kreisstraße", "Str_Name": "Süd-Nord-Straße (K225 / K147)", "F_Breite": "6.5", "D_Breite": 6.5, "L_hoehe": "4.08400011062622", "bw_bru_bruklasse": "60/30", "Field37": null, "Field38": null, "Field39": null, "Field40": null }, "geometry": { "type": "Point", "coordinates": [ 799406.375372435082681, 6951246.973340624012053 ] } },
{ "type": "Feature", "properties": { "ID_con": 90, "bw_id": "PCK_BRU_14465", "name": "Dükerbrücke Entlastungskanal (Einlauf)", "GEW": "PCK", "stat_von": "14465", "bauart": "Einfeld Plattenbrücke (Dükerbrücke)", "baujahr": "1890 / 2004", "upflicht": "NLWKN", "KTR": "MBDVE44000", "FSK": "033129007000250014__", "km": "14+465", "bemerk": "Was wurde hier in 2024 für Arbeiten durchgeführt (siehe EPE)", "beschreib": "Über dem Dükereinlauf befindet sich eine Brücke aus Stahlträgern mit Holzbohlen als Brückenbelag. Das Bauwerk ist als Baudenkmal eingestuft. Die Dükerbrücke Entlastungskanal/ Einlauf ist als Einfeld Plattenbrücke ausgebildet.", "beschreib_lang": "Über dem Dükereinlauf befindet sich eine Brücke aus Stahlträgern mit Holzbohlen als Brückenbelag. Das Bauwerk ist als Baudenkmal eingestuft. Die Dükerbrücke Entlastungskanal/ Einlauf ist als Einfeld Plattenbrücke ausgebildet.", "foto1": "https://nlwkn.hannit-share.de/index.php/core/preview?fileId=11060804&x=1280&y=819&a=true", "foto2": "https://nlwkn.hannit-share.de/index.php/core/preview?fileId=11060807&x=1280&y=819&a=true", "foto3": "https://nlwkn.hannit-share.de/index.php/core/preview?fileId=11060810&x=1280&y=819&a=true", "foto4": "https://nlwkn.hannit-share.de/index.php/core/preview?fileId=11970774&x=1280&y=819&a=true", "link1": null, "link2": null, "rwert": "357040", "hwert": 5832130, "denkmal": "Ja", "bez_urpl": "Dükerbrücke Entlastungskanal (Einlauf)", "Beweglich": "Nein", "BW_NR": "PCK-B1028", "Teil_Nr": "142", "AIS_NR": 1179, "bw_buch": null, "WS": 14.800000190734901, "Str_KL": "Unterhaltungsweg", "Str_Name": "Am Kanal", "F_Breite": "2.79999995231628", "D_Breite": 0.0, "L_hoehe": "0", "bw_bru_bruklasse": "3", "Field37": null, "Field38": null, "Field39": null, "Field40": null }, "geometry": { "type": "Point", "coordinates": [ 766783.185537765501067, 6913074.498113874346018 ] } },
{ "type": "Feature", "properties": { "ID_con": 91, "bw_id": "PCK_BRU_14625", "name": "Drehbrücke Hahnenberger Diek", "GEW": "PCK", "stat_von": "14625", "bauart": "3-Feld-Stahldrehbrücke (Landstraßendrehbrücke)", "baujahr": "1890", "upflicht": "NLWKN", "KTR": "MBRVE43100", "FSK": "033129007000250014__", "km": "14+625", "bemerk": null, "beschreib": "Die Drehbrücke liegt im Zuge der Gemeindestraße „Hahnenberger Diek\". Die denkmalgeschützte Brücke ist als 3-feldrige Brücke ausgebildet. Sie besteht aus einem festen Brückenteil (Vorlandbrücke) sowie einer ungleicharmigen Drehbrück.", "beschreib_lang": "Die Drehbrücke liegt im Zuge der Gemeindestraße „Hahnenberger Diek._x000d_\nDie denkmalgeschützte Brücke ist als 3-feldrige Brücke ausgebildet. Sie besteht aus einem festen Brückenteil (Vorlandbrücke) sowie einer ungleicharmigen Drehbrücke (Typ: Landstraßendrehbrücke), wobei der lange Arm als Hauptöffnung den Kanal überspannt. Der Drehpunkt (Königstuhl) der Brücke lagert auf einem Mittelpfeiler (Rundpfeiler). Die Hauptkonstruktion besteht aus einer Stahlkonstruktion mit Holzbohlenbelag. Die Widerlager und Pfeiler bestehen aus Klinkermauerwerk, das mit Formblöcken aus Sandstein eingefasst ist. _x000d_\n2009/10 wurde die Brücke saniert. Der Überbau wurde komplett erneuert und die Widerlager und Wasserpfeiler saniert. Das äußere Bild der neuen Drehbrücke wurde nach der historischen Bauweise der vorhandenen Brücke nachgebaut, jedoch wurden die heutigen statischen Vorgaben berücksichtigt. Die Funktionstüchtigkeit der Drehvorrichtung ist weiterhin vorhanden, der Antrieb erfolgt manuell._x000d_\n_x000d_\nPRESSEINFORMATION VOM 4. JUNI 2010 // LAND NIEDERSACHSEN INVESTIERTE RUND 200.000 EURO_x000d_\nDie seit September 2009 laufende Sanierung an der Brücke „Hanenberger Diek“ über den Piccardie-Coevorden-Kanal in Emlichheim ist abgeschlossen. „Eigentlich sollte die Brücke bereits Ende Dezember wieder dem Verkehr übergeben werden. Doch technische Verzögerungen und der ungewöhnlich lange Winter machten uns einen Strich durch die Rechnung“, berichtet Leo Hegemann vom NLWKN (Niedersächsischer Landesbetrieb für Wasserwirtschaft, Küsten- und Naturschutz) am Freitag. Die Drehfunktion wurde getestet und für gut befunden, dann wurde die mehr als 120 Jahre alte Drehbrücke in Emlichheim offiziell wieder freigegeben. Das Niedersächsische Ministerium für Umwelt und Klimaschutz hat für die Sanierung rund 200.000 Euro bereit gestellt._x000d_\nSchiffe fahren nicht mehr auf dem Piccardie-Coevorden-Kanal, deshalb war die Beibehaltung der Drehfunktion der Brücke „Hanenberger Diek“ eigentlich nicht erforderlich. Dennoch hat sich der Landesbetrieb dafür entschieden, das Baudenkmal wieder in den alten Zustand zu versetzten. Der NLWKN sanierte das denkmalgeschützte Bauwerk „System Landstraßenbrücke“ nach originalen Plänen. Der Rundpfeiler mit dem so genannten „König“ als Drehpunkt der Brücke wurde wieder hergerichtet und das Mauerwerk mit Original-Formblöcken aus Sandstein eingefasst. Der Brückenbelag besteht aus 8,5 cm starken Eichenbohlen.", "foto1": "https://nlwkn.hannit-share.de/index.php/core/preview?fileId=11060813&x=1280&y=819&a=true", "foto2": "https://nlwkn.hannit-share.de/index.php/core/preview?fileId=11060816&x=1280&y=819&a=true", "foto3": "https://nlwkn.hannit-share.de/index.php/core/preview?fileId=11060819&x=1280&y=819&a=true", "foto4": "https://nlwkn.hannit-share.de/index.php/core/preview?fileId=11060822&x=1280&y=819&a=true", "link1": "https://nlwkn.hannit-share.de/index.php/core/preview?fileId=11060825&x=1280&y=819&a=true", "link2": "https://nlwkn.hannit-share.de/index.php/core/preview?fileId=11060828&x=1280&y=819&a=true", "rwert": "356879", "hwert": 5832140, "denkmal": "Ja", "bez_urpl": "Drehbrücke Hahnenberger Diek", "Beweglich": "Ja", "BW_NR": "PCK-B1129", "Teil_Nr": "84", "AIS_NR": 1170, "bw_buch": "PCK-B1129_BWB.pdf", "WS": 13.699999809265099, "Str_KL": "Gemeindestraße", "Str_Name": "Hahnenberger Diek", "F_Breite": "3.73000001907349", "D_Breite": 7.0, "L_hoehe": "1.10000002384186", "bw_bru_bruklasse": "3", "Field37": null, "Field38": null, "Field39": null, "Field40": null }, "geometry": { "type": "Point", "coordinates": [ 766518.141192380338907, 6913083.195364152081311 ] } },
{ "type": "Feature", "properties": { "ID_con": 99, "bw_id": "PCK_BRU_17300", "name": "Drehbrücke Markowski", "GEW": "PCK", "stat_von": "17300", "bauart": "Feldwegdrehbrücke; 3-Feld-Stahldrehbrücke", "baujahr": "1890", "upflicht": "NLWKN", "KTR": "MBRVE43300", "FSK": "033129019000140015__", "km": "17+300", "bemerk": null, "beschreib": "Die auch „Stöffer-Richterveen-Brücke“ genannte Drehbrücke \"Markowski\" verbindet den nördlichen mit dem südlichen Unterhaltungsweg. Die Brücke ist nur noch für den Fuß- und Radwegverkehr zugelassen. Die Drehbrücke ist als 3-feldrige Brücke ausgebildet.", "beschreib_lang": "Die auch „Stöffer-Richterveen-Brücke“ genannte Drehbrücke verbindet den nördlichen mit dem südlichen Unterhaltungsweg. Die Brücke ist nur noch für den Fuß- und Radwegverkehr zugelassen und für den öffentlichen Verkehr relativ bedeutungslos. Die Drehbrücke ist als 3-feldrige Brücke ausgebildet. Sie besteht aus einem festen Brückenteil (Vorlandbrücke) sowie einer ungleicharmigen Drehbrücke (Typ: Feldwegdrehbrücke), wobei der lange Arm als Hauptöffnung den Kanal überspannt. Der Drehpunkt (Königstuhl) der Brücke lagert auf einem Mittelpfeiler (Rundpfeiler). Die Hauptkonstruktion besteht aus einer Stahlkonstruktion mit Holzbohlenbelag. Die Widerlager und Pfeiler bestehen aus Klinkermauerwerk, das mit Formblöcken aus Sandstein eingefasst ist. Die Funktionstüchtigkeit der Drehvorrichtung ist weiterhin vorhanden, der Antrieb erfolgt manuell. _x000d_\n2010 wurde die Brücke umfangreich saniert._x000d_\nDas Bauwerk ist als Baudenkmal eingestuft._x000d_\n_x000d_\nAls Haupttragkonstruktion der Drehbrücke sind zwei genietete Hauptträger von 600 mm Bauhöhe und Fachwerkquerscheiben von ca. 2200 mm Achsabstand vorhanden. Auf den Hauptträgern sind Querträger aus 80 mm hohen U-Profilen angeordnet. Als Fahrbahnbelag ist ein 6 cm starker Holzbohlenbelag vorhanden. Beidseitig ist ein ca. 80 cm breiter Gehsteig (Trittuar) angelegt. Die Hauptkonstruktion des festen Brückenteils (Vorlandbrücke) besteht aus 120 mm starken HEB-Trägern mit 8 cm starken Holzbohlen als Fahrbahnbelag. Die Widerlager und Pfeiler bestehen aus Klinkermauerwerk, das mit Formblöcken aus Sandstein eingefasst ist. Die Funktionstüchtigkeit der Drehvorrichtung ist weiterhin vorhanden.", "foto1": "https://nlwkn.hannit-share.de/index.php/core/preview?fileId=11060873&x=1280&y=819&a=true", "foto2": "https://nlwkn.hannit-share.de/index.php/core/preview?fileId=11060876&x=1280&y=819&a=true", "foto3": "https://nlwkn.hannit-share.de/index.php/core/preview?fileId=11060879&x=1280&y=819&a=true", "foto4": "https://nlwkn.hannit-share.de/index.php/core/preview?fileId=11060882&x=1280&y=819&a=true", "link1": "https://nlwkn.hannit-share.de/index.php/core/preview?fileId=11060885&x=1280&y=819&a=true", "link2": "https://nlwkn.hannit-share.de/index.php/core/preview?fileId=11060888&x=1280&y=819&a=true", "rwert": "354237", "hwert": 5832197, "denkmal": "Ja", "bez_urpl": "Drehbrücke Markowski", "Beweglich": "Ja", "BW_NR": "PCK-B1136", "Teil_Nr": "87", "AIS_NR": 1172, "bw_buch": null, "WS": 13.699999809265099, "Str_KL": "Unterhaltungsweg", "Str_Name": "Am Kanal / Hinter dem Kanal", "F_Breite": null, "D_Breite": 7.0, "L_hoehe": "0.800000011920929", "bw_bru_bruklasse": "3", "Field37": null, "Field38": null, "Field39": null, "Field40": null }, "geometry": { "type": "Point", "coordinates": [ 762173.978238654904999, 6913048.238253409974277 ] } },
{ "type": "Feature", "properties": { "ID_con": 101, "bw_id": "PCK_BRU_19095", "name": "Schleusenbrücke Schleuse III", "GEW": "PCK", "stat_von": "19095", "bauart": "2-Feld-Stahldrehbrücke (Landstraßenbrücke)", "baujahr": "1890", "upflicht": "NLWKN", "KTR": "MBDVE43400", "FSK": "033129019000070011__", "km": "19+095", "bemerk": "Investiert wurden 2011 insgesamt rd. 143.000 Euro, die aus Mitteln des Niedersächsischen Umweltministeriums stammen.", "beschreib": "Über dem Unterhaupt der Schleuse III befindet sich diese ehemalige Drehbrücke. Die ehemals drehbare Schleusenbrücke (Typ: Landstraßenbrücke) ist als Einfeld-Brücke ausgebildet, deren Hauptöffnung das Unterhaupt der Schleuse überbrückt.", "beschreib_lang": "Über dem Unterhaupt der Schleuse III befindet sich diese ehemalige Drehbrücke._x000d_\nDie ehemals drehbare Schleusenbrücke (Typ: Landstraßenbrücke) ist als Einfeld-Brücke ausgebildet, deren Hauptöffnung das Unterhaupt der Schleuse überbrückt. Die Hauptkonstruktion der Brücke besteht aus einer Stahlkonstruktion mit Holzbohlen als Brückenbelag. _x000d_\n2010/11 wurde die Brücke saniert. Der Überbau wurde komplett erneuert und die Widerlager saniert. Das äußere Bild der neuen Schleusenbrücke wurde nach der historischen Bauweise der vorhandenen Brücke nachgebaut, jedoch wurden die heutigen statischen Vorgaben berücksichtigt. Aufgrund des breiteren Überbaus musste die Drehvorrichtung entfernt werden._x000d_\nDie Brücke steht als Bestandteil der Schleuse unter Denkmalschutz._x000d_\n_x000d_\nEmlichheim: Brücke bei Schleuse III freigegeben_x000d_\nPRESSEINFORMATION VOM 25. JULI 2011/ ÜBERWEG QUERT DEN PICCARDIE-COEVORDEN-KANAL_x000d_\nMeppen/ Emlichheim – In Gegenwart von Bürgermeister Heinrich Strenge und Gemeindedirektorin Daniela Kösters, Vertretern der bauausführenden Firmen und des zuständigen NLWKN (Niedersächsischer Landesbetrieb für Wasserwirtschaft, Küsten- und Naturschutz) fand nun die offizielle Abnahme der Brücke bei Schleuse III über den Piccardie-Coevorden-Kanal (PCK) in Emlichheim statt. Martin Gaebel und Leo Hegemann vom NLWKN in Meppen dankten den beauftragten Firmen – Becker aus Meppen sowie J & K aus Lehe – für die gute Zusammenarbeit und den gelungenen Nachbau des historischen, 120 Jahre alten Vorgängerbaus._x000d_\n_x000d_\n„Ursprünglich wurde die Brücke zusammen mit der Schleuse III des PCK in den 1880iger Jahren von der Linksemsischen Kanalgenossenschaft gebaut. Die damalige Brücke war drehbar und bestand aus einer Stahlkonstruktion mit Holzbohlenbelag“, informierte Martin Gaebel._x000d_\n_x000d_\nIn den 1980iger Jahren wurde der Stahlüberbau durch eine baugleiche Brückenkonstruktion aus dem Kanalsystem ersetzt. Die Drehfunktion der Brücke und damit der hierfür erforderliche Rundpfeiler, der so genannte „König“, wurden damals wegen der Einstellung der Schifffahrt auf dem Kanal nicht wiederhergestellt. Dadurch hat auch die neue Brücke diese Drehfunktion nicht wieder erhalten._x000d_\n_x000d_\nAuch der neue Überweg ist lastbeschränkt und kann nur von PKW mit maximal drei Tonnen zulässigem Gesamtgewicht befahren werden. „Damit Ihre Funktion möglichst lange erhalten bleibt, bitten wir die Nutzer, die Beschränkungen bei Last und Geschwindigkeit einzuhalten“ appellierte Leo Hegemann._x000d_\n_x000d_\nInvestiert wurden insgesamt rd. 143.000 Euro, die aus Mitteln des Niedersächsischen Umweltministeriums stammen.", "foto1": "https://nlwkn.hannit-share.de/index.php/core/preview?fileId=11060909&x=1280&y=819&a=true", "foto2": "https://nlwkn.hannit-share.de/index.php/core/preview?fileId=11060912&x=1280&y=819&a=true", "foto3": "https://nlwkn.hannit-share.de/index.php/core/preview?fileId=11060915&x=1280&y=819&a=true", "foto4": "https://nlwkn.hannit-share.de/index.php/core/preview?fileId=11060918&x=1280&y=819&a=true", "link1": "https://nlwkn.hannit-share.de/index.php/core/preview?fileId=11060921&x=1280&y=819&a=true", "link2": "https://nlwkn.hannit-share.de/index.php/core/preview?fileId=11060924&x=1280&y=819&a=true", "rwert": "352637", "hwert": 5832963, "denkmal": "Ja", "bez_urpl": "Brücke Schleuse III", "Beweglich": "Nein", "BW_NR": "PCK-B1138", "Teil_Nr": "89", "AIS_NR": 1173, "bw_buch": "PCK-B1138_BWB", "WS": 11.3999996185303, "Str_KL": "Gemeindestraße", "Str_Name": "Hinter dem Kanal", "F_Breite": "3.5", "D_Breite": 6.5, "L_hoehe": "3.09999990463257", "bw_bru_bruklasse": "3", "Field37": null, "Field38": null, "Field39": null, "Field40": null }, "geometry": { "type": "Point", "coordinates": [ 759506.871270494535565, 6914230.941693254746497 ] } },
{ "type": "Feature", "properties": { "ID_con": 10, "bw_id": "ELK_BRU_1325", "name": "Feldwegbrücke 3  (Hahnenberger Diek)", "GEW": "ELK", "stat_von": "1325", "bauart": "Feldwegbrücke (Plattenbalkenbrücke, Trägerrostbrücke )", "baujahr": "1997", "upflicht": "NLWKN", "KTR": "MBDVE44300", "FSK": "03312900900474______", "km": "1+325", "bemerk": "Warum steht die Brücke nicht unter Denkmalschutz??", "beschreib": "Einfeldkonstruktion mit Holzbohlenbelag (Feldwegbrücke). Die Brücke dient hauptsächlich der Erschließung der südlich des Kanals gelegenen landwirtschaftlichen Flächen.", "beschreib_lang": "Die Brücke dient hauptsächlich der Erschließung der südlich des Kanals gelegenen landwirtschaftlichen Flächen. Bei der Brücke handelt es sich um eine Einfeld-Brücke. Der Überbau besteht aus Stahlträgern mit Holzbohlen als Brückenbelag. Die Gründung erfolgte auf Stahlbetonfundamenten._x000d_\n _x000d_\nPlattenbalkenbrücke, Trägerrostbrücke ; Geländer: Winkelprofil ; Geländerhöhe 1,0 m ; Neubau 1997", "foto1": "https://nlwkn.hannit-share.de/index.php/core/preview?fileId=11067310&x=1280&y=819&a=true", "foto2": "https://nlwkn.hannit-share.de/index.php/core/preview?fileId=11067313&x=1280&y=819&a=true", "foto3": "https://nlwkn.hannit-share.de/index.php/core/preview?fileId=11067316&x=1280&y=819&a=true", "foto4": "https://nlwkn.hannit-share.de/index.php/core/preview?fileId=11067319&x=1280&y=819&a=true", "link1": "https://nlwkn.hannit-share.de/index.php/core/preview?fileId=11067322&x=1280&y=819&a=true", "link2": "https://nlwkn.hannit-share.de/index.php/core/preview?fileId=11067325&x=1280&y=819&a=true", "rwert": "356355", "hwert": 5831072, "denkmal": "Nein", "bez_urpl": "Feldwegbrücke (Holzbrücke)", "Beweglich": "Nein", "BW_NR": "ELK-B1147", "Teil_Nr": "100", "AIS_NR": 1182, "bw_buch": null, "WS": null, "Str_KL": "Unterhaltungsweg", "Str_Name": "Feldweg (Hahnenberger Diek)", "F_Breite": "3.29999995231628", "D_Breite": null, "L_hoehe": null, "bw_bru_bruklasse": "12 to", "Field37": null, "Field38": null, "Field39": null, "Field40": null }, "geometry": { "type": "Point", "coordinates": [ 765708.741331433644518, 6911298.686671000905335 ] } },
{ "type": "Feature", "properties": { "ID_con": 14, "bw_id": "ELK_BRU_635", "name": "Feldwegbrücke 1(Brücke Duling)", "GEW": "ELK", "stat_von": "635", "bauart": "Feldwegbrücke (Plattenbalkenbrücke, Trägerrostbrücke )", "baujahr": "1997", "upflicht": "NLWKN", "KTR": "MBDVE44100", "FSK": "03312900900474______", "km": "0+635", "bemerk": "Warum steht die Brücke nicht unter Denkmalschutz??", "beschreib": "Die Brücke dient hauptsächlich der Erschließung der südlich des Kanals gelegenen landwirtschaftlichen Flächen. Bei der Brücke handelt es sich um eine Einfeld-Brücke.", "beschreib_lang": "Die Brücke dient hauptsächlich der Erschließung der südlich des Kanals gelegenen landwirtschaftlichen Flächen. Bei der Brücke handelt es sich um eine Einfeld-Brücke. Der Überbau besteht aus Stahlträgern mit Holzbohlen als Brückenbelag. Die Gründung erfolgte auf Stahlbetonfundamenten._x000d_\n1996 wurde ein Neubau der Brücke erforderlich, da aufgrund der Brückenprüfung die alte Holzbrücke als sehr reparaturbedüftig eingestuft worden ist und die Vekehrssicherheit nicht mehr gegeben war. Der Neubau wurde durch Personal der Kanalgenossenschaft durchgeführt._x000d_\n _x000d_\nPlattenbalkenbrücke, Trägerrostbrücke, Bohlenstärke = 8 cm ; Geländer: Winkelprofil ; Geländerhöhe 1,0 m  ; Neubau 1996", "foto1": "https://nlwkn.hannit-share.de/index.php/core/preview?fileId=11067337&x=1280&y=819&a=true", "foto2": "https://nlwkn.hannit-share.de/index.php/core/preview?fileId=11067340&x=1280&y=819&a=true", "foto3": "https://nlwkn.hannit-share.de/index.php/core/preview?fileId=11067343&x=1280&y=819&a=true", "foto4": "https://nlwkn.hannit-share.de/index.php/core/preview?fileId=11067346&x=1280&y=819&a=true", "link1": null, "link2": null, "rwert": "356819", "hwert": 5831556, "denkmal": "Nein", "bez_urpl": "Brücke Duling", "Beweglich": "Nein", "BW_NR": "ELK-B1145", "Teil_Nr": "97", "AIS_NR": 1180, "bw_buch": null, "WS": null, "Str_KL": "Gemeindestraße", "Str_Name": "Wulfweg", "F_Breite": "3.29999995231628", "D_Breite": null, "L_hoehe": null, "bw_bru_bruklasse": "12", "Field37": null, "Field38": null, "Field39": null, "Field40": null }, "geometry": { "type": "Point", "coordinates": [ 766447.706116497400217, 6912118.314273843541741 ] } },
{ "type": "Feature", "properties": { "ID_con": 16, "bw_id": "ELK_BRU_895", "name": "Feldwegbrücke 2 (Haselaarweg)", "GEW": "ELK", "stat_von": "895", "bauart": "Feldwegbrücke (Plattenbalkenbrücke, Trägerrostbrücke )", "baujahr": "1998", "upflicht": "NLWKN", "KTR": "MBDVE44200", "FSK": "03312900900474______", "km": "0+895", "bemerk": "Warum steht die Brücke nicht unter Denkmalschutz??", "beschreib": "Die Brücke dient hauptsächlich der Erschließung der südlich des Kanals gelegenen landwirtschaftlichen Flächen. Bei der Brücke handelt es sich um eine Einfeld-Brücke.", "beschreib_lang": "Die Brücke dient hauptsächlich der Erschließung der südlich des Kanals gelegenen landwirtschaftlichen Flächen. Bei der Brücke handelt es sich um eine Einfeld-Brücke. Der Überbau besteht aus Stahlträgern mit Holzbohlen als Brückenbelag. Die Gründung erfolgte auf Stahlbetonfundamenten._x000d_\n _x000d_\nPlattenbalkenbrücke, Trägerrostbrücke ; Geländer: Winkelprofil ; Geländerhöhe 1,0 m ; Neubau 1998", "foto1": "https://nlwkn.hannit-share.de/index.php/core/preview?fileId=11067349&x=1280&y=819&a=true", "foto2": "https://nlwkn.hannit-share.de/index.php/core/preview?fileId=11067352&x=1280&y=819&a=true", "foto3": "https://nlwkn.hannit-share.de/index.php/core/preview?fileId=11067355&x=1280&y=819&a=true", "foto4": "https://nlwkn.hannit-share.de/index.php/core/preview?fileId=11067358&x=1280&y=819&a=true", "link1": null, "link2": null, "rwert": "356628", "hwert": 5831380, "denkmal": "Nein", "bez_urpl": "Feldwegbrücke Entlastungskanal", "Beweglich": "Nein", "BW_NR": "ELK-B1146", "Teil_Nr": "99", "AIS_NR": 1181, "bw_buch": null, "WS": null, "Str_KL": "Unterhaltungsweg", "Str_Name": "Feldweg (Haselaarweg)", "F_Breite": "3.29999995231628", "D_Breite": null, "L_hoehe": null, "bw_bru_bruklasse": "12", "Field37": null, "Field38": null, "Field39": null, "Field40": null }, "geometry": { "type": "Point", "coordinates": [ 766142.380520686972886, 6911819.188143623061478 ] } },
{ "type": "Feature", "properties": { "ID_con": 17, "bw_id": "EVK_BRU_15140", "name": "Drehbrücke Evers-Kotting", "GEW": "EVK", "stat_von": "15140", "bauart": "Landstraßenbrücke, 3-Feld-Stahldrehbrücke", "baujahr": "1886", "upflicht": "NLWKN", "KTR": "MBRVE21900", "FSK": "03315107000114______", "km": "15+140", "bemerk": "Montags-Sonntags und auch an Feiertagen: Bedienungszeiten : 10.00 bis 11.00 Uhr und 14.30 bis 15.30 Uhr; Auf rechtzeitige Anforderung per Telefon: 0160-96545459", "beschreib": "Die Drehbrücke liegt im Zuge eines Geh- und Radweges. Die denkmalgeschützte Brücke ist als 3-feldrige Brücke ausgebildet. Sie besteht aus einem festen Brückenteil (Vorlandbrücke) sowie einer ungleicharmigen Drehbrücke.", "beschreib_lang": "Die Drehbrücke liegt im Zuge eines Geh- und Radweges. Die denkmalgeschützte Brücke (ID: 35905012) ist als 3-feldrige Brücke ausgebildet. Sie besteht aus einem festen Brückenteil (Vorlandbrücke) sowie einer ungleicharmigen Drehbrücke (Typ: Landstraßendrehbrücke), wobei der lange Arm als Hauptöffnung den Kanal überspannt. Der Drehpunkt (Königstuhl) der Brücke lagert auf einem Mittelpfeiler (Rundpfeiler). Die Hauptkonstruktion des beweglichen Teils besteht aus einer Stahlkonstruktion mit Holzbohlen als Brückenbelag, der feste Brückenteil aus einer Stahlbetonplatte. Die Widerlager und Pfeiler bestehen aus Klinkermauerwerk, das mit Formblöcken aus Sandstein eingefasst ist. Die Funktionstüchtigkeit der Drehvorrichtung ist weiterhin vorhanden, der Antrieb erfolgt manuell._x000d_\n_x000d_\nIn 2000 erfolgte eine Grundinstandsetzung der Brücke. In 2005 wurde die Drehfunktion der Brücke für die Schifffahrt wiederhergestellt._x000d_\nBei der letzten Brückenhauptprüfung in 2023 wurde festgestellt, dass die Brücke nicht mehr sicher gedreht werden kann. Die Drehfunktion ist seitdem gesperrt._x000d_\n_x000d_\n_x000d_\nDrehbrücke über den 1870-1879 erbauten Ems-Vechte-Kanal. Konstruktion aus genieteten Vollwandträgern auf Widerlagern und Rundpfeiler im Kanal aus Ziegelmauerwerk und Sandsteinquadern. Holzbohlenbelag. Festes Brückenteil in Beton ersetzt. Drehfunktion ist noch  vorhanden. Geländer erneuert._x000d_\n_x000d_\nAn der Erhaltung der Drehbrücke besteht aufgrund ihrer geschichtlichen und städtebaulichen Bedeutung ein öffentliches Interesse._x000d_\n_x000d_\nBetriebszeiten der Evers-Kotting Brücke, Nordhorn:_x000d_\nMontags-Sonntags und auch an Feiertagen:_x000d_\nBedienungszeiten : 10.00 bis 11.00 Uhr und 14.30 bis 15.30 Uhr_x000d_\nAuf rechtzeitige Anforderung per Telefon: 0160-96545459_x000d_\nMindestens 2. Std. vorher oder schriftlich an den NLWKN, Haselünner Str. 78, 49716 Meppen", "foto1": "https://nlwkn.hannit-share.de/index.php/core/preview?fileId=11066641&x=1280&y=819&a=true", "foto2": "https://nlwkn.hannit-share.de/index.php/core/preview?fileId=11066644&x=1280&y=819&a=true", "foto3": "https://nlwkn.hannit-share.de/index.php/core/preview?fileId=11066647&x=1280&y=819&a=true", "foto4": "https://nlwkn.hannit-share.de/index.php/core/preview?fileId=11066650&x=1280&y=819&a=true", "link1": null, "link2": null, "rwert": "370939", "hwert": 5811014, "denkmal": "Ja", "bez_urpl": "Drehbrücke Evers-Kotting", "Beweglich": "Ja", "BW_NR": "EVK-B1006", "Teil_Nr": "6", "AIS_NR": 1158, "bw_buch": null, "WS": 21.569999694824201, "Str_KL": "Fuß-/Radweg", "Str_Name": "Immenweg", "F_Breite": "3.15000009536743", "D_Breite": null, "L_hoehe": "1.85000002384186", "bw_bru_bruklasse": "Fuß-/Radweg", "Field37": null, "Field38": null, "Field39": null, "Field40": null }, "geometry": { "type": "Point", "coordinates": [ 790538.068350193905644, 6878995.270812466740608 ] } },
{ "type": "Feature", "properties": { "ID_con": 27, "bw_id": "EVK_BRU_18495", "name": "Drehbrücke Proes", "GEW": "EVK", "stat_von": "18495", "bauart": "Feldwegbrücke; 3-Feld-Stahldrehbrücke", "baujahr": "1886", "upflicht": "NLWKN", "KTR": "MBRVE22000", "FSK": "033151020004510001__", "km": "18+495", "bemerk": null, "beschreib": "Die Fuß- und Radwegbrücke verbindet das innerstädtische Radwegenetz. Die denkmalgeschützte Brücke ist als 3-feldrige Brücke ausgebildet. Sie besteht aus einem festen Brückenteil (Vorlandbrücke) sowie einer ungleicharmigen Drehbrücke.", "beschreib_lang": "Die denkmalgeschützte Brücke (Einzeldenkmal gem. § 3 Abs. 2 NDSchG, Objekt-ID 36074788) ist als 3-feldrige Brücke ausgebildet. Sie besteht aus einem festen Brückenteil (Vorlandbrücke) sowie einer ungleicharmigen Drehbrücke (Typ: Feldwegdrehbrücke), wobei der lange Arm als Hauptöffnung den Kanal überspannt. Der Drehpunkt (Königstuhl) der Brücke lagert auf einem Mittelpfeiler (Rundpfeiler). Die Hauptkonstruktion besteht aus einer Stahlkonstruktion mit Holzbohlen als Brückenbelag. Die Widerlager und Pfeiler bestehen aus Klinkermauerwerk, das mit Formblöcken aus Sandstein eingefasst ist. Aufgrund von Sanierungsarbeiten wurde die ursprüngliche Breite der Brücke (3,65 m) auf 2,35 m verringert. Die Funktionstüchtigkeit der Drehvorrichtung ist weiterhin vorhanden, der Antrieb erfolgt manuell._x000d_\n1994 ?? wurde die Brücke durch eine baugleiche Brücke vom Piccardie-Coevorden-Kanal ersetzt. Es erfolgte zudem ein Umbau zur Fuß- und Radwegbrücke, 2005 wurde der Brückenüberbau saniert.", "foto1": "https://nlwkn.hannit-share.de/index.php/core/preview?fileId=11066704&x=1280&y=819&a=true", "foto2": "https://nlwkn.hannit-share.de/index.php/core/preview?fileId=11066707&x=1280&y=819&a=true", "foto3": "https://nlwkn.hannit-share.de/index.php/core/preview?fileId=11066710&x=1280&y=819&a=true", "foto4": "https://nlwkn.hannit-share.de/index.php/core/preview?fileId=11066713&x=1280&y=819&a=true", "link1": null, "link2": null, "rwert": "368713", "hwert": 5812649, "denkmal": "Ja", "bez_urpl": "Drehbrücke Proes", "Beweglich": "Ja", "BW_NR": "EVK-B1014", "Teil_Nr": "13", "AIS_NR": 1159, "bw_buch": null, "WS": 21.399999618530298, "Str_KL": "Fuß-/Radweg", "Str_Name": "Am Ems-Vechte-Kanal / Hohenkörber Weg", "F_Breite": "2", "D_Breite": null, "L_hoehe": "1.10000002384186", "bw_bru_bruklasse": "3", "Field37": null, "Field38": null, "Field39": null, "Field40": null }, "geometry": { "type": "Point", "coordinates": [ 786823.681408240576275, 6881581.270809830166399 ] } },
{ "type": "Feature", "properties": { "ID_con": 33, "bw_id": "EVK_BRU_600", "name": "Beesten-Brücke", "GEW": "EVK", "stat_von": "600", "bauart": "3-Feld-Stahlbetonbrücke (Plattenbalkenbrücke)", "baujahr": "1989", "upflicht": "NLWKN", "KTR": "MBDVE21700", "FSK": "033163002000360009__", "km": "0+600", "bemerk": "Stand: 05.12.1989, 1-stegiger Plattenbalken, 3-Feld-Brücke, Brücke mit balkenartigem oder plattenartigem Tragwerk", "beschreib": "3-Feld-Stahlbetonbrücke (Plattenbalkenbrücke) Beesten. Dient als Querung für eine Gemeindestraße und erschließt die nördlich des Kanals gelegenen Flächen der Ortschaft Elbergen für den Anlieger-, Fuß- und Radwegverkehr.", "beschreib_lang": "Die dreifeldrige Stahlbetonbrücke dient als Querung für eine Gemeindestraße und erschließt die nördlich des Kanals gelegenen Flächen der Ortschaft Elbergen für den Anlieger-, Fuß- und Radwegverkehr._x000d_\nAuftragnehmer: H. Dulle, Haselünne_x000d_\nEntwürfe, Berechnungen: Prof. Dr. Ing. Hartung, Braunschweig und Ing.-Büro List & Lindschulte, Nordhorn_x000d_\nStatische Prüfung: Ing.-Büro Watermann, Osnabrück_x000d_\nBaugrundgutachten: GGU, Braunschweig", "foto1": "https://nlwkn.hannit-share.de/index.php/core/preview?fileId=11066758&x=1280&y=819&a=true", "foto2": "https://nlwkn.hannit-share.de/index.php/core/preview?fileId=11066761&x=1280&y=819&a=true", "foto3": "https://nlwkn.hannit-share.de/index.php/core/preview?fileId=11066764&x=1280&y=819&a=true", "foto4": "https://nlwkn.hannit-share.de/index.php/core/preview?fileId=11066767&x=1280&y=819&a=true", "link1": null, "link2": null, "rwert": "384769", "hwert": 5814102, "denkmal": "Nein", "bez_urpl": "Beesten-Brücke", "Beweglich": "Nein", "BW_NR": "EVK-B1002", "Teil_Nr": "2", "AIS_NR": 1156, "bw_buch": "EVK-B1002_BWB", "WS": 21.569999694824201, "Str_KL": "Gemeindestraße", "Str_Name": "Elbergen", "F_Breite": "3.5", "D_Breite": 10.0, "L_hoehe": "4", "bw_bru_bruklasse": "30 nach DIN 1072", "Field37": null, "Field38": null, "Field39": null, "Field40": null }, "geometry": { "type": "Point", "coordinates": [ 813054.608153516659513, 6884628.282654462382197 ] } },
{ "type": "Feature", "properties": { "ID_con": 34, "bw_id": "EVK_BRU_75", "name": "Fußgängerbrücke Schleuse Hanekenfähr", "GEW": "EVK", "stat_von": "75", "bauart": "Fußgängerbrücke", "baujahr": "1890?; 2004", "upflicht": "NLWKN", "KTR": "MBLVE20400", "FSK": "033163002000360007__", "km": "0+075", "bemerk": "keine BW-Prüfung erforderlich?? ;  e-Akte?? ; Bw-Buch??_x000d_\nDenkmalschutz: Kennziffer: 454010.00021 Bezeichnung: Schleuse (Schleuse Elbergen)", "beschreib": "Über das Unterhaupt der Schleuse Hanekenfähr führt diese Einfeld-Stahlbrücke. Sie besteht aus einer Stahlkonstruktion mit Holzbohlenbelag", "beschreib_lang": "Über das Unterhaupt der Schleuse Hanekenfähr führt diese Einfeld-Stahlbrücke. Sie besteht aus einer Stahlkonstruktion mit Holzbohlenbelag. Die Brücke steht zusammen mit der Schleuse unter Denkmalschutz (ID: 35905012)", "foto1": "https://nlwkn.hannit-share.de/index.php/core/preview?fileId=11066782&x=1280&y=819&a=true", "foto2": "https://nlwkn.hannit-share.de/index.php/core/preview?fileId=11066785&x=1280&y=819&a=true", "foto3": "https://nlwkn.hannit-share.de/index.php/core/preview?fileId=11066788&x=1280&y=819&a=true", "foto4": "https://nlwkn.hannit-share.de/index.php/core/preview?fileId=11066791&x=1280&y=819&a=true", "link1": "https://nlwkn.hannit-share.de/index.php/core/preview?fileId=11066794&x=1280&y=819&a=true", "link2": null, "rwert": "385170", "hwert": 5814424, "denkmal": "Ja", "bez_urpl": "Fußgängerbrücke (Schleuse Hanekenfähr)", "Beweglich": "Nein", "BW_NR": "EVK-B1001", "Teil_Nr": "1", "AIS_NR": null, "bw_buch": null, "WS": 21.569999694824201, "Str_KL": "Fuß-/Radweg", "Str_Name": "Elbergen", "F_Breite": "1.20000004768372", "D_Breite": 6.5, "L_hoehe": "4.65000009536743", "bw_bru_bruklasse": "Fuß-/Radweg", "Field37": null, "Field38": null, "Field39": null, "Field40": null }, "geometry": { "type": "Point", "coordinates": [ 813699.044578666915186, 6885172.443549222312868 ] } },
{ "type": "Feature", "properties": { "ID_con": 52, "bw_id": "HAS_BRU_39970", "name": "Brücke Wehlage", "GEW": "HAS", "stat_von": "39970", "bauart": "3-Feld-Stahlbetonbrücke", "baujahr": "1982", "upflicht": "NLWKN", "KTR": "MBDHA00100", "FSK": "033210001000040010__", "km": "39+970", "bemerk": "Privatweg Durchfahrt verboten", "beschreib": "Die Brücke dient zur Zuwegung zur Hofstelle Wehlage und ist nur für den Privatverkehr und Unterhaltungsfahrzeuge zugelassen (3-Feld-Stahlbetonbrücke).", "beschreib_lang": "Die Brücke dient zur Zuwegung zur Hofstelle Wehlage und ist nur für den Privatverkehr und Unterhaltungsfahrzeuge zugelassen (3-Feld-Stahlbetonbrücke).", "foto1": "https://nlwkn.hannit-share.de/index.php/core/preview?fileId=11063665&x=1280&y=819&a=true", "foto2": "https://nlwkn.hannit-share.de/index.php/core/preview?fileId=11063668&x=1280&y=819&a=true", "foto3": "https://nlwkn.hannit-share.de/index.php/core/preview?fileId=11063671&x=1280&y=819&a=true", "foto4": "https://nlwkn.hannit-share.de/index.php/core/preview?fileId=11063674&x=1280&y=819&a=true", "link1": "https://nlwkn.hannit-share.de/index.php/core/preview?fileId=11063677&x=1280&y=819&a=true", "link2": "https://nlwkn.hannit-share.de/index.php/core/preview?fileId=11063680&x=1280&y=819&a=true", "rwert": "400915", "hwert": 5837397, "denkmal": "Nein", "bez_urpl": "Brücke Wehlage", "Beweglich": "Nein", "BW_NR": "HAS-B1152", "Teil_Nr": "0", "AIS_NR": 649, "bw_buch": "HAS-B1152_BWB", "WS": null, "Str_KL": "Unterhaltungsweg", "Str_Name": "Privatweg", "F_Breite": null, "D_Breite": null, "L_hoehe": null, "bw_bru_bruklasse": "12 to DIN 1072", "Field37": null, "Field38": null, "Field39": null, "Field40": null }, "geometry": { "type": "Point", "coordinates": [ 838726.495049992459826, 6923554.117130797356367 ] } },
{ "type": "Feature", "properties": { "ID_con": 60, "bw_id": "HRK_BRU_11160", "name": "Klappbrücke (Hinterm-Busch-Brücke)", "GEW": "HRK", "stat_von": "11160", "bauart": "Klappbrücke (Waagbalkenbrücke)", "baujahr": "1987", "upflicht": "NLWKN", "KTR": "MBREN21200", "FSK": "031726022001980002__", "km": "11+160", "bemerk": "Lichte Höhe (Durchfahrtshöhe unter Waagbalken bis  FOK: 5,36 m);  Nicht im Denkmalviewer!!!", "beschreib": "Klappbrücke im Zuge der Kreisstraße K 202.Die Brücke wurde als Dreifeldbrücke mit zwei seitlich angeordneten festen Stahlbetonüberbauten ausgebildet. Eine Waagebalkenklappenkonstruktion in Stahlbauweise überbrückt den mittleren Brückenteil.", "beschreib_lang": "Die Brücke wurde als Dreifeldbrücke mit zwei seitlich angeordneten festen Stahlbetonüberbauten ausgebildet. Eine Waagebalkenklappenkonstruktion in Stahlbauweise überbrückt den mittleren Brückenteil. Der bewegliche Brückenteil über die Durchfahrtsöffnung für die Schifffahrt ist als Waagebalkenklappbrücke aus Stahl hergestellt. Der Betrieb erfolgt über einen elektrohydraulischen Antrieb. _x000d_\n2015 wurde das Widerlager auf der Bundesstraßenseite mit einem bautechnisch aufwendigen Verfahren zurückgezogen und rückverankert. Das Widerlager hatte sich über die Jahre aufgrund von Bremskräften in Richtung Gewässermitte bewegt._x000d_\nDie Brücke ist als Baudenkmal eingestuft.", "foto1": "https://nlwkn.hannit-share.de/index.php/core/preview?fileId=11062282&x=1280&y=819&a=true", "foto2": "https://nlwkn.hannit-share.de/index.php/core/preview?fileId=11062285&x=1280&y=819&a=true", "foto3": "https://nlwkn.hannit-share.de/index.php/core/preview?fileId=11062288&x=1280&y=819&a=true", "foto4": "https://nlwkn.hannit-share.de/index.php/core/preview?fileId=11062291&x=1280&y=819&a=true", "link1": null, "link2": null, "rwert": "373300", "hwert": 5856063, "denkmal": "Ja", "bez_urpl": "Klappbrücke Hinterm Busch", "Beweglich": "Ja", "BW_NR": "HRK-B1104", "Teil_Nr": "120", "AIS_NR": 1139, "bw_buch": "HRK-B1104_BWB", "WS": 11.3999996185303, "Str_KL": "Kreisstraße", "Str_Name": "Hinterm Busch / Twister Straße", "F_Breite": "5.5", "D_Breite": 5.5, "L_hoehe": "1.46000003814697", "bw_bru_bruklasse": "60/30", "Field37": null, "Field38": null, "Field39": null, "Field40": null }, "geometry": { "type": "Point", "coordinates": [ 792477.485113667906262, 6953346.169638223946095 ] } },
{ "type": "Feature", "properties": { "ID_con": 81, "bw_id": "NAK_BRU_310", "name": "Schleusenbrücke (Frensdorfer Haar)", "GEW": "NAK", "stat_von": "310", "bauart": "1-Feld-Stahlbrücke", "baujahr": "1890 / 2004", "upflicht": "NLWKN", "KTR": "MBDVE32300", "FSK": "033151010000710105__", "km": "0+310", "bemerk": null, "beschreib": "Die Brücke verbindet das städtische Straßennetz und liegt im Verlauf der Gemeindestraße Frensdorfer Haar. Die Schleusenbrücke ist als feste Einfeld-Brücke ausgebildet. Sie besteht aus einer Stahlkonstruktion mit Holzbohlen als Fahrbahnbelag.", "beschreib_lang": "Über dem Unterhaupt der Grenzschleuse befindet sich diese feste Brücke. Sie verbindet das städtische Straßennetz und liegt im Verlauf der Gemeindestraße Frensdorfer Haar. Die Schleusenbrücke ist als feste Einfeld-Brücke ausgebildet. Sie besteht aus einer Stahlkonstruktion mit Holzbohlen als Fahrbahnbelag. Schleusenanlage und Brücke sind als Baudenkmal eingestuft._x000d_\n Bei der Straßenbrücke wurde neben den Widerlagern der gesamte Überbau 2003/2004 mit stählernen Längsträgern und aufliegendem hölzernem Überbau wieder hergestellt._x000d_\n_x000d_\nStraßenbrücke aus genieteten Eisenträgern mit Holzbohlenauflage auf Sandsteinauflagern am Oberhaupt der Schleuse Frensdorferhaar, erbaut 1903-1905, 2003-2004 instandgesetzt.", "foto1": "https://nlwkn.hannit-share.de/index.php/core/preview?fileId=11061809&x=1280&y=819&a=true", "foto2": "https://nlwkn.hannit-share.de/index.php/core/preview?fileId=11061812&x=1280&y=819&a=true", "foto3": "https://nlwkn.hannit-share.de/index.php/core/preview?fileId=11061815&x=1280&y=819&a=true", "foto4": "https://nlwkn.hannit-share.de/index.php/core/preview?fileId=11061818&x=1280&y=819&a=true", "link1": null, "link2": null, "rwert": "367648", "hwert": 5807533, "denkmal": "Ja", "bez_urpl": "Schleusenbrücke Frensdorfer Haar", "Beweglich": "Nein", "BW_NR": "NAK-B1021", "Teil_Nr": "26", "AIS_NR": 1162, "bw_buch": "NAK-B1021_BWB", "WS": 21.649999618530298, "Str_KL": "Gemeindestraße", "Str_Name": "Frensdorferhaar", "F_Breite": "3.48000001907349", "D_Breite": 6.5, "L_hoehe": "4.44999980926514", "bw_bru_bruklasse": "12", "Field37": null, "Field38": null, "Field39": null, "Field40": null }, "geometry": { "type": "Point", "coordinates": [ 785305.73689019982703, 6873142.867604079656303 ] } },
{ "type": "Feature", "properties": { "ID_con": 106, "bw_id": "PCK_BRU_22065", "name": "Schleusendrehbrücke Schleuse IV", "GEW": "PCK", "stat_von": "22065", "bauart": "Feldwegbrücke; 1-Feld-Stahldrehbrücke", "baujahr": "1890", "upflicht": "NLWKN", "KTR": "MBLVE20400", "FSK": "033131106000410002__", "km": "22+065", "bemerk": "Gewicht beweglicher Teil ca. 13 to", "beschreib": "Über dem Unterhaupt der Schleuse IV befindet sich diese Drehbrücke. Die drehbare Schleusenbrücke (Typ: Feldwegbrücke) ist als Einfeld-Brücke ausgebildet, deren Hauptöffnung das Unterhaupt der Schleuse überbrückt.", "beschreib_lang": "Über dem Unterhaupt der Schleuse IV befindet sich diese Drehbrücke. Die drehbare Schleusenbrücke (Typ: Feldwegbrücke) ist als Einfeld-Brücke ausgebildet, deren Hauptöffnung das Unterhaupt der Schleuse überbrückt. Die Hauptkonstruktion der Brücke besteht aus einer Stahlkonstruktion mit Holzbohlen als Brückenbelag. Die Drehbrücke steht als Bestandteil der Schleuse incl. Schleusenwärterhaus unter Denkmalschutz (Kennziffer: 456012.00013)_x000d_\n_x000d_\nIm Dezember 2022 wurde die Brücke aufgrund einer zu hohen Belastung durch unsachgemäßes Befahren mit einem LKW (40 to) schwer beschädigt.", "foto1": "https://nlwkn.hannit-share.de/index.php/core/preview?fileId=11060963&x=1280&y=819&a=true", "foto2": "https://nlwkn.hannit-share.de/index.php/core/preview?fileId=11060966&x=1280&y=819&a=true", "foto3": "https://nlwkn.hannit-share.de/index.php/core/preview?fileId=11060969&x=1280&y=819&a=true", "foto4": "https://nlwkn.hannit-share.de/index.php/core/preview?fileId=11060972&x=1280&y=819&a=true", "link1": "https://nlwkn.hannit-share.de/index.php/core/preview?fileId=11060975&x=1280&y=819&a=true", "link2": "https://nlwkn.hannit-share.de/index.php/core/preview?fileId=11060978&x=1280&y=819&a=true", "rwert": "350276", "hwert": 5834647, "denkmal": "Ja", "bez_urpl": "Drehbrücke Schleuse IV", "Beweglich": "Ja", "BW_NR": "PCK-B1141", "Teil_Nr": "92", "AIS_NR": 1174, "bw_buch": null, "WS": 9.1999998092651403, "Str_KL": "Gemeindestraße", "Str_Name": "Zum Kanal / Hintter dem Kanal", "F_Breite": "2", "D_Breite": 6.5, "L_hoehe": "2.84999990463257", "bw_bru_bruklasse": "3", "Field37": null, "Field38": null, "Field39": null, "Field40": null }, "geometry": { "type": "Point", "coordinates": [ 755541.860764408716932, 6916887.230573821812868 ] } },
{ "type": "Feature", "properties": { "ID_con": 111, "bw_id": "PCK_BRU_4360", "name": "Drehbrücke Hoesmann", "GEW": "PCK", "stat_von": "4360", "bauart": "Feldwegdrehbrücke; 3-Feld-Stahldrehbrücke mit festem Teil aus Stahlbetonplatte", "baujahr": "1890", "upflicht": "NLWKN", "KTR": "MBRVE42600", "FSK": "033124007000170094__", "km": "4+360", "bemerk": null, "beschreib": "Die Drehbrücke liegt im Zuge der Gemeindestraße „Deilmannstraße“. Die denkmalgeschützte Brücke ist als 3-feldrige Brücke ausgebildet. Sie besteht aus einem festen Brückenteil (Vorlandbrücke) sowie einer ungleicharmigen Drehbrücke (Typ: Feldwegdrehbrücke).", "beschreib_lang": "Die Drehbrücke liegt im Zuge der Gemeindestraße „Deilmannstraße“._x000d_\nDie denkmalgeschützte Brücke ist als 3-feldrige Brücke ausgebildet. Sie besteht aus einem festen Brückenteil (Vorlandbrücke) sowie einer ungleicharmigen Drehbrücke (Typ: Feldwegdrehbrücke), wobei der lange Arm als Hauptöffnung den Kanal überspannt. Der Drehpunkt (Königstuhl) der Brücke lagert auf einem Mittelpfeiler (Rundpfeiler). Die Hauptkonstruktion des beweglichen Teils besteht aus einer Stahlkonstruktion mit Holzbohlenbelag, der feste Brückenteil aus einer Stahlbetonplatte. Die Widerlager und Pfeiler bestehen aus Klinkermauerwerk, das mit Formblöcken aus Sandstein eingefasst ist. Die Funktionstüchtigkeit der Drehvorrichtung ist weiterhin vorhanden, der Antrieb erfolgt manuell. 2007 wurde die Brücke umfangreich saniert  Beton-, Sandstein- und Mauerwerksanierung, Sanierung des Überbaus (drehbarer Teil)). Die Brücke ist als Baudenkmal eingestuft.", "foto1": "https://nlwkn.hannit-share.de/index.php/core/preview?fileId=11061014&x=1280&y=819&a=true", "foto2": "https://nlwkn.hannit-share.de/index.php/core/preview?fileId=11061017&x=1280&y=819&a=true", "foto3": "https://nlwkn.hannit-share.de/index.php/core/preview?fileId=11061020&x=1280&y=819&a=true", "foto4": "https://nlwkn.hannit-share.de/index.php/core/preview?fileId=11061023&x=1280&y=819&a=true", "link1": "https://nlwkn.hannit-share.de/index.php/core/preview?fileId=11061026&x=1280&y=819&a=true", "link2": "https://nlwkn.hannit-share.de/index.php/core/preview?fileId=11061029&x=1280&y=819&a=true", "rwert": "365285", "hwert": 5827090, "denkmal": "Ja", "bez_urpl": "Drehbrücke Hoesmann", "Beweglich": "Ja", "BW_NR": "PCK-B1112", "Teil_Nr": "75", "AIS_NR": 1165, "bw_buch": null, "WS": 15.5, "Str_KL": "Fuß-/Radweg", "Str_Name": "Deilmannstraße / Am Kanal", "F_Breite": "2.45000004768372", "D_Breite": 6.5, "L_hoehe": "1.25", "bw_bru_bruklasse": "9", "Field37": null, "Field38": null, "Field39": null, "Field40": null }, "geometry": { "type": "Point", "coordinates": [ 780561.01392845925875, 6905161.736665423028171 ] } },
{ "type": "Feature", "properties": { "ID_con": 112, "bw_id": "PCK_BRU_5410", "name": "Drehbrücke Nöst", "GEW": "PCK", "stat_von": "5410", "bauart": "Feldwegdrehbrücke; 3-Feld-Stahldrehbrücke", "baujahr": "1890", "upflicht": "NLWKN", "KTR": "MBRVE42700", "FSK": "033124007000170094__", "km": "5+410", "bemerk": null, "beschreib": "Die Brücke ist als Einfeld-Drehbrücke (Feldwegdrehbrücke) ausgebildet, deren Hauptöffnung den Kanal überbrückt. Die Funktionstüchtigkeit der Drehvorrichtung ist weiterhin vorhanden.", "beschreib_lang": "Die Brücke ist als Einfeld-Drehbrücke ausgebildet, deren Hauptöffnung den Kanal überbrückt._x000d_\n_x000d_\nDie Hauptkonstruktion besteht aus einer Stahlkonstruktion mit Holzbohlenbelag. Gegründet ist die Brücke in ihrem Drehpunkt auf einen Rundpfeiler, das Gegenauflager des beweglichen Teils bildet ein Längspfeiler. Die Pfeiler bestehen aus Klinkermauerwerk, das mit Formblöcken aus Sandstein eingefasst ist. Die Funktionstüchtigkeit der Drehvorrichtung ist weiterhin vorhanden._x000d_\n_x000d_\nDie Drehbrücke liegt im Zuge der Gemeindestraße „Scheerhorner Diek“. Die Drehbrücke ist als 3-feldrige Brücke ausgebildet. Sie besteht aus einem festen Brückenteil (Vorlandbrücke) sowie einer ungleicharmigen Drehbrücke (Typ: Feldwegdrehbrücke), wobei der lange Arm als Hauptöffnung den Kanal überspannt. Der Drehpunkt (Königstuhl) der Brücke lagert auf einem Mittelpfeiler (Rundpfeiler). Die Hauptkonstruktion besteht aus einer Stahlkonstruktion mit Holzbohlenbelag. Die Widerlager und Pfeiler bestehen aus Klinkermauerwerk, das mit Formblöcken aus Sandstein eingefasst ist. _x000d_\n_x000d_\nDie Funktionstüchtigkeit der Drehvorrichtung ist weiterhin vorhanden, der Antrieb erfolgt manuell. _x000d_\n_x000d_\nAls Haupttragkonstruktion der Drehbrücke sind zwei genietete Hauptträger von 600 mm Bauhöhe (Achsabstand = 2000 mm) mit Fachwerkquerscheiben von ca. 2200 mm Achsabstand vorhanden. Auf den Hauptträgern sind Querträger aus 80 mm hohen U-Profilen angeordnet. Als Fahrbahnbelag ist ein 8 cm starker Holzbohlenbelag vorhanden. Ursprünglich war beidseitig ein ca. 80 cm breiter Gehsteig (Trittuar) angelegt. 1988 wurde der drehbare Teil ausgebaut und durch ein formgleiches Teil einer Brücke vom Haren-Rütenbrock-Kanal ersetzt, der jedoch keine beidseitigen Fußsteige hatte._x000d_\n_x000d_\nDie Hauptkonstruktion des festen Brückenteils (Vorlandbrücke) besteht aus 120 mm starken HEB-Trägern mit 8 cm starken Holzbohlen als Fahrbahnbelag._x000d_\n_x000d_\nDie Widerlager und Pfeiler bestehen aus Klinkermauerwerk, das mit Formblöcken aus Sandstein eingefasst ist._x000d_\nDie Funktionstüchtigkeit der Drehvorrichtung ist weiterhin vorhanden._x000d_\n_x000d_\nDas Bauwerk ist als Baudenkmal i. S. des § 3 Abs. 3 Niedersächsischen Denkmalschutzgesetzes (NDSchG) eingestuft. Sie ist als Bestandteil der Gruppe „Piccardie-Coevorden-Kanal“ im Verzeichnis der Kulturdenkmale der Gemeinde Hoogstede unter der laufenden Nummer 8 geführt (Kennziffer: 456009.00008)._x000d_\n_x000d_\nIn 2020 wurde die Brücke aufgrund unsachgemäßer Nutzung beschädigt (Geländer incl. Halterung, siehe Sonderprüfung und Schadensermittlung mit Sperrung). Am 19.06.2023 wurde die Brücke nach Sanierung auf dem BH Georgsdorf wieder für den Verkehr freigegeben. Es wurden der Bohlenbelag und das Geländer erneuert. Zudem wurde der Korrosionsschutz der Stahlbauteile neu aufgebracht.", "foto1": "https://nlwkn.hannit-share.de/index.php/core/preview?fileId=11061032&x=1280&y=819&a=true", "foto2": "https://nlwkn.hannit-share.de/index.php/core/preview?fileId=11061035&x=1280&y=819&a=true", "foto3": "https://nlwkn.hannit-share.de/index.php/core/preview?fileId=11061038&x=1280&y=819&a=true", "foto4": "https://nlwkn.hannit-share.de/index.php/core/preview?fileId=11061041&x=1280&y=819&a=true", "link1": "https://nlwkn.hannit-share.de/index.php/core/preview?fileId=11061044&x=1280&y=819&a=true", "link2": "https://nlwkn.hannit-share.de/index.php/core/preview?fileId=11061047&x=1280&y=819&a=true", "rwert": "364620", "hwert": 5827908, "denkmal": "Ja", "bez_urpl": "Drehbrücke Nöst", "Beweglich": "Ja", "BW_NR": "PCK-B1113", "Teil_Nr": "76", "AIS_NR": 1166, "bw_buch": null, "WS": 15.5, "Str_KL": "Gemeindestraße", "Str_Name": "Scheerhorner Diek", "F_Breite": "3.29999995231628", "D_Breite": 6.5, "L_hoehe": "1.25", "bw_bru_bruklasse": "3", "Field37": null, "Field38": null, "Field39": null, "Field40": null }, "geometry": { "type": "Point", "coordinates": [ 779432.036773999570869, 6906477.889181742444634 ] } },
{ "type": "Feature", "properties": { "ID_con": 116, "bw_id": "PCK_BRU_6925", "name": "Dükerbrücke Bathorn  (Auslauf)", "GEW": "PCK", "stat_von": "6925", "bauart": "Einfeld Plattenbrücke (Dükerbrücke, mit gemauertem Tonnengewölbe??)", "baujahr": "1953 / 2011", "upflicht": "NLWKN", "KTR": "MBDVE43700", "FSK": "033125007001300111__", "km": "6+925", "bemerk": "keine Prüfung erforderlich??", "beschreib": "Die über dem Auslaufbauwerk befindliche Brücke wurde abgebrochen und durch eine feste Überfahrt ersetzt. Das historische Geländer inkl. Träger wurde zur Wiedererkennung einer vormaligen Dükerbrücke erhalten. Es ist keine Brückenprüfung erforderlich", "beschreib_lang": "Die über dem Dükereinlauf gelegene ehemalige Stahlbetonbrücke im Zuge der Kreisstraße 19 wurde im Jahr 2011 abgebrochen und aufgrund fehlender Entwässerungsfunktion verfüllt. Die über dem Auslaufbauwerk befindliche Brücke wurde abgebrochen und durch eine feste Überfahrt ersetzt. Das historische Geländer inkl. Träger wurde zur Wiedererkennung einer vormaligen Dükerbrücke erhalten. Das Bauwerk ist als Baudenkmal eingestuft.", "foto1": "https://nlwkn.hannit-share.de/index.php/core/preview?fileId=11061077&x=1280&y=819&a=true", "foto2": "https://nlwkn.hannit-share.de/index.php/core/preview?fileId=11061080&x=1280&y=819&a=true", "foto3": "https://nlwkn.hannit-share.de/index.php/core/preview?fileId=11061083&x=1280&y=819&a=true", "foto4": "https://nlwkn.hannit-share.de/index.php/core/preview?fileId=11061086&x=1280&y=819&a=true", "link1": null, "link2": null, "rwert": "363653", "hwert": 5829077, "denkmal": "Ja", "bez_urpl": "Dükerbrücke Bathorn Auslauf", "Beweglich": "Nein", "BW_NR": "PCK-B1118", "Teil_Nr": "138", "AIS_NR": 1176, "bw_buch": null, "WS": null, "Str_KL": "Unterhaltungsweg", "Str_Name": "Leinpfad", "F_Breite": null, "D_Breite": null, "L_hoehe": null, "bw_bru_bruklasse": "3", "Field37": null, "Field38": null, "Field39": null, "Field40": null }, "geometry": { "type": "Point", "coordinates": [ 777790.629670812515542, 6908358.116164818406105 ] } },
{ "type": "Feature", "properties": { "ID_con": 117, "bw_id": "PCK_BRU_7914", "name": "Hamko-Durchlass  VI (Umlaufgraben)", "GEW": "PCK", "stat_von": "7914", "bauart": "Hamco", "baujahr": "1890 / 2004", "upflicht": "NLWKN", "KTR": "MBDVE42900", "FSK": "033125007001300111__", "km": "7+914", "bemerk": null, "beschreib": "Brücke (Hamcodurchlass) im Zuge der Gemeindestraße „Wagenholter Diek“ über den Umlaufgraben der Schleuse I. Die ehemals hier vorhandene Holzbrücke wurde 2004 abgebrochen", "beschreib_lang": "Brücke (Hamcodurchlass) im Zuge der Gemeindestraße „Wagenholter Diek“ über den Umlaufgraben der Schleuse I. Die ehemals hier vorhandene Holzbrücke wurde 2004 abgebrochen", "foto1": "https://nlwkn.hannit-share.de/index.php/core/preview?fileId=11061089&x=1280&y=819&a=true", "foto2": "https://nlwkn.hannit-share.de/index.php/core/preview?fileId=11061092&x=1280&y=819&a=true", "foto3": "https://nlwkn.hannit-share.de/index.php/core/preview?fileId=11061095&x=1280&y=819&a=true", "foto4": "https://nlwkn.hannit-share.de/index.php/core/preview?fileId=11061098&x=1280&y=819&a=true", "link1": null, "link2": null, "rwert": "362994", "hwert": 5829793, "denkmal": "Ja", "bez_urpl": "Brücke (Hamcodurchlass) Umlaufgraben Schleuse I", "Beweglich": "Nein", "BW_NR": "PCK-B1121", "Teil_Nr": "0", "AIS_NR": 1168, "bw_buch": null, "WS": 14.800000190734901, "Str_KL": "Gemeindestraße", "Str_Name": "Wagenholter Diek / Kanalstraße", "F_Breite": null, "D_Breite": null, "L_hoehe": null, "bw_bru_bruklasse": "3", "Field37": null, "Field38": null, "Field39": null, "Field40": null }, "geometry": { "type": "Point", "coordinates": [ 776675.30598847719375, 6909506.696144151501358 ] } },
{ "type": "Feature", "properties": { "ID_con": 118, "bw_id": "PCK_BRU_7915", "name": "Schleusendrehbrücke Schleuse I", "GEW": "PCK", "stat_von": "7915", "bauart": "1-Feld-Stahldrehbrücke (Landstraßendrehbrücke)", "baujahr": "1890 / 2001", "upflicht": "NLWKN", "KTR": "MBDVE43400", "FSK": "033127004000790009__", "km": "7+915", "bemerk": null, "beschreib": "Über dem Unterhaupt der Schleuse I befindet sich diese Drehbrücke. Die drehbare Schleusenbrücke (Typ: Landstraßenbrücke) ist als Einfeld-Brücke ausgebildet, deren Hauptöffnung das Unterhaupt der Schleuse überbrückt", "beschreib_lang": "Über dem Unterhaupt der Schleuse I befindet sich diese Drehbrücke._x000d_\nDie drehbare Schleusenbrücke (Typ: Landstraßendrehbrücke) ist als Einfeld-Brücke ausgebildet, deren Hauptöffnung das Unterhaupt der Schleuse überbrückt. Die Hauptkonstruktion der Brücke besteht aus einer Stahlkonstruktion mit Holzbohlen als Brückenbelag._x000d_\nDie Brücke wurde 2001 grundlegend saniert._x000d_\nSchleusenanlage und Brücke sind als Baudenkmal eingestuft.", "foto1": "https://nlwkn.hannit-share.de/index.php/core/preview?fileId=11061101&x=1280&y=819&a=true", "foto2": "https://nlwkn.hannit-share.de/index.php/core/preview?fileId=11061104&x=1280&y=819&a=true", "foto3": "https://nlwkn.hannit-share.de/index.php/core/preview?fileId=11061107&x=1280&y=819&a=true", "foto4": "https://nlwkn.hannit-share.de/index.php/core/preview?fileId=11061110&x=1280&y=819&a=true", "link1": "https://nlwkn.hannit-share.de/index.php/core/preview?fileId=11061113&x=1280&y=819&a=true", "link2": null, "rwert": "363007", "hwert": 5829812, "denkmal": "Ja", "bez_urpl": "Brücke Schleuse I", "Beweglich": "Ja", "BW_NR": "PCK-B1120", "Teil_Nr": "78", "AIS_NR": 1167, "bw_buch": null, "WS": 14.800000190734901, "Str_KL": "Gemeindestraße", "Str_Name": "Wagenholter Diek / Kanalstraße", "F_Breite": "3.45000004768372", "D_Breite": 6.5, "L_hoehe": "1.89999997615814", "bw_bru_bruklasse": "3", "Field37": null, "Field38": null, "Field39": null, "Field40": null }, "geometry": { "type": "Point", "coordinates": [ 776695.784214097307995, 6909538.584068206138909 ] } },
{ "type": "Feature", "properties": { "ID_con": 119, "bw_id": "PCK_BRU_9350", "name": "Drehbrücke Lübbering", "GEW": "PCK", "stat_von": "9350", "bauart": "Feldwegdrehbrücke; 3-Feld-Stahldrehbrücke", "baujahr": "ca. 1884", "upflicht": "NLWKN", "KTR": "MBRVE43000", "FSK": "033127004000170016__", "km": "9+350", "bemerk": null, "beschreib": "Die Drehbrücke (Typ: Feldwegbrücke) verbindet die K 19 mit dem Straßennetz an der südlichen Seite des Kanals und liegt im Zuge der Gemeindestraße „Brookdiek“. Die Drehbrücke ist als 3-feldrige Brücke ausgebildet (Drehfunktion ist gegeben).", "beschreib_lang": "Die Drehbrücke verbindet die K 19 mit dem Straßennetz an der südlichen Seite des Kanals und liegt im Zuge der Gemeindestraße „Brookdiek“ Die Drehbrücke ist als 3-feldrige Brücke ausgebildet. Sie besteht aus einem festen Brückenteil (Vorlandbrücke) sowie einer ungleicharmigen Drehbrücke (Typ: Feldwegdrehbrücke), wobei der lange Arm als Hauptöffnung den Kanal überspannt. Der Drehpunkt (Königstuhl) der Brücke lagert auf einem Mittelpfeiler (Rundpfeiler). Die Hauptkonstruktion besteht aus einer Stahlkonstruktion mit Holzbohlenbelag. Die Widerlager und Pfeiler bestehen aus Klinkermauerwerk, das mit Formblöcken aus Sandstein eingefasst ist. Die Funktionstüchtigkeit der Drehvorrichtung ist weiterhin vorhanden, der Antrieb erfolgt manuell. _x000d_\n2013 wurde die Brücke komplett saniert._x000d_\nDas Bauwerk ist als Baudenkmal eingestuft. _x000d_\n_x000d_\nPRESSEINFORMATION VOM 27. JUNI 2013 Meppen/ Ringe – Der NLWKN (Niedersächsischer Landesbetrieb für Wasserwirtschaft, Küsten- und Naturschutz) saniert über den Sommer die so genannte „Lübberings-Brücke“ über den Piccardie-Coevorden-Kanal in Ringe. „Dafür ist es erforderlich, den denkmalgeschützten Überweg vom 1. Juli bis voraussichtlich Ende August komplett für den Verkehr zu sperren“, berichtet Werner Schnöink von der zuständigen NLWKN-Betriebsstelle in Meppen. Die historische Feldwegdrehbrücke aus dem Jahr 1885 zeigte bei vergangenen Bauwerkshauptprüfungen Schäden an den Stahlbauteilen sowie den Holzbohlen, die als Brückenbelag dienen. „Den Fahrbahnbelag sowie einzelne Querträger werden wir komplett ersetzen. Zudem werden die Hauptträger verstärkt und der Korrosionsschutz sämtlicher Stahlbauteile erneuert“, erklärte Schnöink als zuständiger Projektleiter des NLWKN weiter. „Darüber hinaus werden die groben Schadstellen im Mauerwerk saniert“. Für die Arbeiten wird der komplette Überbau zum Betriebshof Georgsdorf transportiert, wo die Sanierung vollständig durch eigenes Personal des Landesbetriebes erfolgt. Die Kosten beziffert der NLWKN auf rund 70.000 Euro. PRESSEINFORMATION VOM 16. OKTOBER 2013 Meppen/ Ringe – Die seit Anfang Juli gesperrte „Lübberinks-Brücke“ über den Piccardie-Coevorden-Kanal in Ringe wurde am Mittwoch wieder für den Verkehr freigegeben. In gut drei Monaten hatte die Betriebsstelle Meppen des NLWKN (Niedersächsischer Landesbetrieb für Wasserwirtschaft, Küsten- und Naturschutz) weitestgehend in Eigenleistung die denkmalgeschützte Feldwegdrehbrücke aus dem Jahr 1885 wieder hergerichtet. „An vielen Stellen – etwa bei den genieteten Trägern oder dem Drehkranz – war es sogar möglich, die Originalbauteile weiter zu verwenden“, berichtete Martin Gaebel als Leiter des zuständigen NLWKN- Geschäftsbereiches in Meppen. „Lediglich beim Geländer mussten wir aus Gründen der Verkehrssicherheit andere Maße verwenden“. Hierbei habe man sich jedoch optisch sehr eng an der historischen Vorlage orientiert. Vom Erfolg der Maßnahme überzeugten sich am Mittwoch Vertreter der Gemeinde Ringe, des Landkreises Grafschaft Bentheim und der Oberen Denkmalschutzbehörde von der Regionalvertretung aus Oldenburg als der NLWKN die Drehfunktion der Brücke vorführte und die Bedeutung der einzelnen Bauteile erläuterte.", "foto1": "https://nlwkn.hannit-share.de/index.php/core/preview?fileId=11061116&x=1280&y=819&a=true", "foto2": "https://nlwkn.hannit-share.de/index.php/core/preview?fileId=11061119&x=1280&y=819&a=true", "foto3": "https://nlwkn.hannit-share.de/index.php/core/preview?fileId=11061122&x=1280&y=819&a=true", "foto4": "https://nlwkn.hannit-share.de/index.php/core/preview?fileId=11061125&x=1280&y=819&a=true", "link1": "https://nlwkn.hannit-share.de/index.php/core/preview?fileId=11061128&x=1280&y=819&a=true", "link2": "https://nlwkn.hannit-share.de/index.php/core/preview?fileId=11061131&x=1280&y=819&a=true", "rwert": "361819", "hwert": 5830620, "denkmal": "Ja", "bez_urpl": "Drehbrücke Lübbering", "Beweglich": "Ja", "BW_NR": "PCK-B1122", "Teil_Nr": "0", "AIS_NR": 1169, "bw_buch": null, "WS": 14.800000190734901, "Str_KL": "Gemeindestraße", "Str_Name": "Brookdiek", "F_Breite": "1.89999997615814", "D_Breite": 7.0, "L_hoehe": "0.850000023841858", "bw_bru_bruklasse": "3", "Field37": null, "Field38": null, "Field39": null, "Field40": null }, "geometry": { "type": "Point", "coordinates": [ 774706.802264993079007, 6910814.075256193988025 ] } },
{ "type": "Feature", "properties": { "ID_con": 120, "bw_id": "PCK_BRU_9380", "name": "Dükerbrücke Neugnadenfelder Graben (Einlauf)", "GEW": "PCK", "stat_von": "9380", "bauart": "Einfeld Plattenbrücke (Dükerbrücke)", "baujahr": "1886", "upflicht": "NLWKN", "KTR": "MBDVE43800", "FSK": "033127004000170016__", "km": "9+380", "bemerk": "Was wurde hier 2024 an Arbeiten durchgeführt?? / Steht der Düker nicht unter Denkmalschutz ??", "beschreib": "Über dem Ein- und Auslaufbauwerk befindet sich je eine Einfeldbrücke aus Stahlträgern mit Tonnengewölbe aus Mauerwerk.", "beschreib_lang": "Über dem Ein- und Auslaufbauwerk befindet sich je eine Einfeldbrücke aus Stahlträgern mit Tonnengewölbe aus Mauerwerk.", "foto1": "https://nlwkn.hannit-share.de/index.php/core/preview?fileId=11970821&x=1280&y=819&a=true", "foto2": "https://nlwkn.hannit-share.de/index.php/core/preview?fileId=11970823&x=1280&y=819&a=true", "foto3": "https://nlwkn.hannit-share.de/index.php/core/preview?fileId=11970820&x=1280&y=819&a=true", "foto4": "https://nlwkn.hannit-share.de/index.php/core/preview?fileId=11970822&x=1280&y=819&a=true", "link1": null, "link2": null, "rwert": "361801", "hwert": 5830649, "denkmal": "Ja", "bez_urpl": "Dükerbrücke Neugnadenfelder Graben (Einlauf)", "Beweglich": "Nein", "BW_NR": "PCK-B1123", "Teil_Nr": "141a", "AIS_NR": 1177, "bw_buch": null, "WS": 14.800000190734901, "Str_KL": "Unterhaltungsweg", "Str_Name": "Fuß-/Radweg", "F_Breite": null, "D_Breite": null, "L_hoehe": null, "bw_bru_bruklasse": "3", "Field37": null, "Field38": null, "Field39": null, "Field40": null }, "geometry": { "type": "Point", "coordinates": [ 774675.881881387904286, 6910860.997404159978032 ] } },
{ "type": "Feature", "properties": { "ID_con": 121, "bw_id": "PCK_BRU_9381", "name": "Dükerbrücke Neugnadenfelder Graben (Auslauf)", "GEW": "PCK", "stat_von": "9381", "bauart": "Einfeld Plattenbrücke (Dükerbrücke)", "baujahr": "1886", "upflicht": "NLWKN", "KTR": "MBDVE43900", "FSK": "033127004000170016__", "km": "9+381", "bemerk": null, "beschreib": "Über dem Ein- und Auslaufbauwerk befindet sich je eine Einfeldbrücke aus Stahlträgern mit Tonnengewölbe aus Mauerwerk.", "beschreib_lang": "Über dem Ein- und Auslaufbauwerk befindet sich je eine Einfeldbrücke aus Stahlträgern mit Tonnengewölbe aus Mauerwerk.", "foto1": "https://nlwkn.hannit-share.de/index.php/core/preview?fileId=11061146&x=1280&y=819&a=true", "foto2": "https://nlwkn.hannit-share.de/index.php/core/preview?fileId=11970798&x=1280&y=819&a=true", "foto3": "https://nlwkn.hannit-share.de/index.php/core/preview?fileId=11970799&x=1280&y=819&a=true", "foto4": "https://nlwkn.hannit-share.de/index.php/core/preview?fileId=11970797&x=1280&y=819&a=true", "link1": null, "link2": null, "rwert": "361786", "hwert": 5830626, "denkmal": "Ja", "bez_urpl": "Dükerbrücke Neugnadenfelder Graben (Auslauf)", "Beweglich": "Nein", "BW_NR": "PCK-B1124", "Teil_Nr": "141", "AIS_NR": 1178, "bw_buch": null, "WS": 14.800000190734901, "Str_KL": "Unterhaltungsweg", "Str_Name": "Fuß-/Radweg (zum Brookdiek)", "F_Breite": null, "D_Breite": null, "L_hoehe": null, "bw_bru_bruklasse": "3", "Field37": null, "Field38": null, "Field39": null, "Field40": null }, "geometry": { "type": "Point", "coordinates": [ 774652.308825930231251, 6910822.418128778226674 ] } },
{ "type": "Feature", "properties": { "ID_con": 124, "bw_id": "SHK_BRU_380", "name": "Drehbrücke (Egon-Schöningh-Brücke)", "GEW": "SHK", "stat_von": "380", "bauart": "3-Feld-Feldwegdrehbrücke (Feldwegdrehbrücke)", "baujahr": "1890", "upflicht": "NLWKN", "KTR": "MBREN10900", "FSK": "033118041000010636__", "km": "0+380", "bemerk": null, "beschreib": "Die Brücke verbindet die Zollstraße mit der parallel zum nördlichen Kanalufer verlaufenden Egon-Schöningh-Straße. Die Drehbrücke ist als 3-feldrige Brücke ausgebildet", "beschreib_lang": "Die Brücke verbindet die Zollstraße mit der parallel zum nördlichen Kanalufer verlaufenden Egon-Schöningh-Straße. Die Drehbrücke ist als 3-feldrige Brücke ausgebildet. Sie besteht aus einem festen Brückenteil (Vorlandbrücke) sowie einer ungleicharmigen Drehbrücke (Typ: Feldwegdrehbrücke), wobei der lange Arm als Hauptöffnung den Kanal überspannt. Der Drehpunkt (Königstuhl) der Brücke lagert auf einem Mittelpfeiler (Rundpfeiler). Die Hauptkonstruktion besteht aus einer Stahlkonstruktion mit Holzbohlenbelag. Die Widerlager und Pfeiler bestehen aus Klinkermauerwerk, das mit Formblöcken aus Sandstein eingefasst ist. Die Funktionstüchtigkeit der Drehvorrichtung ist weiterhin vorhanden, der Antrieb erfolgt manuell. Die Brücke ist mit einem Knieleistengeländer ausgerüstet. Ein Schrammbord fehlt. Das Bauwerk ist als Baudenkmal (Objektkennziffer: 45405400011) eingestuft.", "foto1": "https://nlwkn.hannit-share.de/index.php/core/preview?fileId=11060696&x=1280&y=819&a=true", "foto2": "https://nlwkn.hannit-share.de/index.php/core/preview?fileId=11060699&x=1280&y=819&a=true", "foto3": "https://nlwkn.hannit-share.de/index.php/core/preview?fileId=11060702&x=1280&y=819&a=true", "foto4": "https://nlwkn.hannit-share.de/index.php/core/preview?fileId=11060705&x=1280&y=819&a=true", "link1": null, "link2": null, "rwert": "371287", "hwert": 5842453, "denkmal": "Ja", "bez_urpl": "Drehbrücke (Egon-Schöningh-Brücke)", "Beweglich": "Ja", "BW_NR": "SHK-B1092", "Teil_Nr": "105", "AIS_NR": 1136, "bw_buch": "Egon-Schöningh-Brücke", "WS": 15.5, "Str_KL": "Fuß-/Radweg", "Str_Name": "Zollstraße / Egon-Schönigh-Straße", "F_Breite": "2.84999990463257", "D_Breite": 7.0, "L_hoehe": null, "bw_bru_bruklasse": "9", "Field37": null, "Field38": null, "Field39": null, "Field40": null }, "geometry": { "type": "Point", "coordinates": [ 789748.148170039057732, 6930754.85661187581718 ] } },
{ "type": "Feature", "properties": { "ID_con": 125, "bw_id": "SNK_BRU_10965", "name": "Dükerbrücke Böltbach-Düker (Einlauf)", "GEW": "SNK", "stat_von": "10965", "bauart": "Einfeld Plattenbrücke (Dükerbrücke)", "baujahr": "1999", "upflicht": "NLWKN", "KTR": "MBDVE11100", "FSK": "033121015000010033__", "km": "10+965", "bemerk": null, "beschreib": "Die Dükerbrücke (Böltbach-Düker / Einlauf) ist als Einfeld-Stahlbetondükerbrücke ausgebildet.", "beschreib_lang": "Die Dükerbrücke (Böltbach-Düker / Einlauf) ist als Einfeld-Stahlbetondükerbrücke ausgebildet._x000d_\n1999/2000 erfolgte eine Sanierung des Mauerwerkes und ein Neubau des Überbaues (Stahlbeton).", "foto1": "https://nlwkn.hannit-share.de/index.php/core/preview?fileId=11058269&x=1280&y=819&a=true", "foto2": "https://nlwkn.hannit-share.de/index.php/core/preview?fileId=11058272&x=1280&y=819&a=true", "foto3": "https://nlwkn.hannit-share.de/index.php/core/preview?fileId=11058275&x=1280&y=819&a=true", "foto4": "https://nlwkn.hannit-share.de/index.php/core/preview?fileId=11058278&x=1280&y=819&a=true", "link1": null, "link2": null, "rwert": "369967", "hwert": 5823623, "denkmal": "Nein", "bez_urpl": "Dükerbrücke Böltbach Einlauf", "Beweglich": "Nein", "BW_NR": "SNK-B1042", "Teil_Nr": "131", "AIS_NR": 1150, "bw_buch": null, "WS": null, "Str_KL": "Gemeindestraße", "Str_Name": "Eichenweg", "F_Breite": "3.70000004768372", "D_Breite": null, "L_hoehe": null, "bw_bru_bruklasse": "12", "Field37": null, "Field38": null, "Field39": null, "Field40": null }, "geometry": { "type": "Point", "coordinates": [ 788399.322137197828852, 6899665.971767295151949 ] } },
{ "type": "Feature", "properties": { "ID_con": 126, "bw_id": "SNK_BRU_10966", "name": "Dükerbrücke Böltbach-Düker (Auslauf)", "GEW": "SNK", "stat_von": "10966", "bauart": "Einfeld Plattenbrücke (Dükerbrücke)", "baujahr": "1999", "upflicht": "NLWKN", "KTR": "MBDVE11200", "FSK": "033121015000010032__", "km": "10+966", "bemerk": null, "beschreib": "Die Dükerbrücke (Böltbach-Düker / Auslauf) ist als Einfeld-Stahlbetondükerbrücke ausgebildet.", "beschreib_lang": "Die Dükerbrücke (Böltbach-Düker / Auslauf) ist als Einfeld-Stahlbetondükerbrücke ausgebildet._x000d_\n1999/2000 erfolgte eine Sanierung des Mauerwerkes und ein Neubau des Überbaues (Stahlbeton).", "foto1": "https://nlwkn.hannit-share.de/index.php/core/preview?fileId=11058281&x=1280&y=819&a=true", "foto2": "https://nlwkn.hannit-share.de/index.php/core/preview?fileId=11058284&x=1280&y=819&a=true", "foto3": "https://nlwkn.hannit-share.de/index.php/core/preview?fileId=11058287&x=1280&y=819&a=true", "foto4": "https://nlwkn.hannit-share.de/index.php/core/preview?fileId=11058290&x=1280&y=819&a=true", "link1": "https://nlwkn.hannit-share.de/index.php/core/preview?fileId=11058293&x=1280&y=819&a=true", "link2": "https://nlwkn.hannit-share.de/index.php/core/preview?fileId=11058296&x=1280&y=819&a=true", "rwert": "369946", "hwert": 5823623, "denkmal": "Nein", "bez_urpl": "Dükerbrücke Böltbach Auslauf", "Beweglich": "Nein", "BW_NR": "SNK-B1043", "Teil_Nr": "130", "AIS_NR": 1151, "bw_buch": null, "WS": null, "Str_KL": "Gemeindestraße", "Str_Name": "Fischerweg", "F_Breite": "3.70000004768372", "D_Breite": null, "L_hoehe": null, "bw_bru_bruklasse": "12", "Field37": null, "Field38": null, "Field39": null, "Field40": null }, "geometry": { "type": "Point", "coordinates": [ 788364.867290941649117, 6899665.053593180142343 ] } },
{ "type": "Feature", "properties": { "ID_con": 127, "bw_id": "SNK_BRU_11020", "name": "Schleusenbrücke Schleuse IV", "GEW": "SNK", "stat_von": "11020", "bauart": "2-Feld-Stahlbrücke (Schleusenbrücke)", "baujahr": "1890", "upflicht": "NLWKN", "KTR": "MBDVE10400", "FSK": "033121015000010032__", "km": "11+020", "bemerk": null, "beschreib": "Über dem Unterhaupt der Schleuse IV befindet sich diese Brücke. Es handelt sich um eine ehemalige Drehbrücke, deren Drehkranz jedoch entfernt wurde", "beschreib_lang": "Über dem Unterhaupt der Schleuse IV befindet sich diese Brücke. _x000d_\n _x000d_\nEs handelt sich um eine ehemalige Drehbrücke, deren Drehkranz jedoch entfernt wurde. Die Brückenkonstruktion aus Stahl ist mit einem Holzbohlenbelag ausgestattet. _x000d_\nSchleusenanlage und Brücke sind als Baudenkmal eingestuft", "foto1": "https://nlwkn.hannit-share.de/index.php/core/preview?fileId=11058299&x=1280&y=819&a=true", "foto2": "https://nlwkn.hannit-share.de/index.php/core/preview?fileId=11058302&x=1280&y=819&a=true", "foto3": "https://nlwkn.hannit-share.de/index.php/core/preview?fileId=11058305&x=1280&y=819&a=true", "foto4": "https://nlwkn.hannit-share.de/index.php/core/preview?fileId=11058308&x=1280&y=819&a=true", "link1": "https://nlwkn.hannit-share.de/index.php/core/preview?fileId=11058311&x=1280&y=819&a=true", "link2": "https://nlwkn.hannit-share.de/index.php/core/preview?fileId=11058314&x=1280&y=819&a=true", "rwert": "369956", "hwert": 5823665, "denkmal": "Ja", "bez_urpl": "Brücke Schleuse IV", "Beweglich": "Nein", "BW_NR": "SNK-B1044", "Teil_Nr": "31", "AIS_NR": 1143, "bw_buch": null, "WS": 15.5, "Str_KL": "Gemeindestraße", "Str_Name": "Zur Schleuse / Eichenweg", "F_Breite": null, "D_Breite": 6.5, "L_hoehe": "2.09999990463257", "bw_bru_bruklasse": "45 to n. DIN 1072", "Field37": null, "Field38": null, "Field39": null, "Field40": null }, "geometry": { "type": "Point", "coordinates": [ 788379.442548970808275, 6899734.572563305497169 ] } },
{ "type": "Feature", "properties": { "ID_con": 128, "bw_id": "SNK_BRU_1110", "name": "Schleusenbrücke Schleuse I", "GEW": "SNK", "stat_von": "1110", "bauart": "Schleusendrehbrücke, 2-Feld-Stahlbrücke", "baujahr": "1886", "upflicht": "NLWKN", "KTR": "MBDVE10200", "FSK": "033151032001640080__", "km": "1+110", "bemerk": null, "beschreib": "Die ehemals drehbare Schleusenbrücke ist als Zweifeld-Brücke ausgebildet, deren Hauptöffnung das Unterhaupt der Schleuse überbrückt.", "beschreib_lang": "Über dem Unterhaupt der Schleuse I befindet sich diese Brücke. Die ehemals drehbare Schleusenbrücke ist als Zweifeld-Brücke ausgebildet, deren Hauptöffnung das Unterhaupt der Schleuse überbrückt. Die Hauptkonstruktion der Brücke besteht aus einer Stahlkonstruktion mit Holzbohlen als Brückenbelag. _x000d_\n1998 erfolgte eine Sanierung des Überbaus und des Mauerwerks, die Tragfähigkeit wurde erhöht und der Fahrbahnbelag erneuert._x000d_\nSeit 2018 ist die Brücke nur noch für Radfahrer- und Fußgängerverkehr freigegeben._x000d_\nSchleusenanlage (ID: 36075785) und Brücke (ID: 36078864) sind als Baudenkmal eingestuft.", "foto1": "https://nlwkn.hannit-share.de/index.php/core/preview?fileId=11058317&x=1280&y=819&a=true", "foto2": "https://nlwkn.hannit-share.de/index.php/core/preview?fileId=11058320&x=1280&y=819&a=true", "foto3": "https://nlwkn.hannit-share.de/index.php/core/preview?fileId=11058323&x=1280&y=819&a=true", "foto4": "https://nlwkn.hannit-share.de/index.php/core/preview?fileId=11058326&x=1280&y=819&a=true", "link1": null, "link2": null, "rwert": "369542", "hwert": 5814370, "denkmal": "Ja", "bez_urpl": "Brücke Schleuse I", "Beweglich": "Nein", "BW_NR": "SNK-B1033", "Teil_Nr": "28", "AIS_NR": 1141, "bw_buch": null, "WS": 18.299999237060501, "Str_KL": "Fuß-/Radweg", "Str_Name": "Nach Schleuse I", "F_Breite": "3.45000004768372", "D_Breite": 6.5, "L_hoehe": "4.19999980926514", "bw_bru_bruklasse": "Fuß- und Radweg", "Field37": null, "Field38": null, "Field39": null, "Field40": null }, "geometry": { "type": "Point", "coordinates": [ 788105.878661867696792, 6884442.419639786705375 ] } },
{ "type": "Feature", "properties": { "ID_con": 130, "bw_id": "SNK_BRU_11425", "name": "Dükerbrücke Georgsdorfer Graben (Einlauf)", "GEW": "SNK", "stat_von": "11425", "bauart": "Feste Brücke mit Rohrdurchlass", "baujahr": "1995", "upflicht": "NLWKN", "KTR": "MAAVE10100", "FSK": "033121015000010033__", "km": "11+425", "bemerk": null, "beschreib": "Ein Rohrdurchlass ersetzt die ehemalige Brücke über dem Einlaufbauwerk des Dükers. Das Bauwerk ist als Baudenkmal eingestuft.", "beschreib_lang": "Ein Rohrdurchlass ersetzt die ehemalige Brücke über dem Einlaufbauwerk des Dükers (1994/95). Das Bauwerk ist als Baudenkmal eingestuft.", "foto1": "https://nlwkn.hannit-share.de/index.php/core/preview?fileId=11058347&x=1280&y=819&a=true", "foto2": "https://nlwkn.hannit-share.de/index.php/core/preview?fileId=11058350&x=1280&y=819&a=true", "foto3": "https://nlwkn.hannit-share.de/index.php/core/preview?fileId=11058353&x=1280&y=819&a=true", "foto4": null, "link1": null, "link2": null, "rwert": "369992", "hwert": 5824071, "denkmal": "Ja", "bez_urpl": "Dükerbrücke Georgsdorfer Graben Einlauf", "Beweglich": "Nein", "BW_NR": "SNK-B1046", "Teil_Nr": "133", "AIS_NR": null, "bw_buch": null, "WS": null, "Str_KL": "Gemeindestraße", "Str_Name": "Eichenweg", "F_Breite": null, "D_Breite": null, "L_hoehe": null, "bw_bru_bruklasse": "3", "Field37": null, "Field38": null, "Field39": null, "Field40": null }, "geometry": { "type": "Point", "coordinates": [ 788420.803815751918592, 6900403.967116590589285 ] } },
{ "type": "Feature", "properties": { "ID_con": 131, "bw_id": "SNK_BRU_11426", "name": "Dükerbrücke  Georgsdorfer Graben (Auslauf)", "GEW": "SNK", "stat_von": "11426", "bauart": "Einfeld Plattenbrücke (Dükerbrücke)", "baujahr": "2005", "upflicht": "NLWKN", "KTR": "MBDVE11500", "FSK": "033121015000010061__", "km": "11+426", "bemerk": "!!keine Prüfung erforderlich!! ; !!Brücke fehlt im Denkmalatlas!!", "beschreib": "Die über dem Auslaufbauwerk befindliche Brücke wurde abgebrochen und durch eine feste Überfahrt ersetzt", "beschreib_lang": "Die über dem Auslaufbauwerk befindliche Brücke wurde abgebrochen und durch eine feste Überfahrt ersetzt", "foto1": "https://nlwkn.hannit-share.de/index.php/core/preview?fileId=11058356&x=1280&y=819&a=true", "foto2": "https://nlwkn.hannit-share.de/index.php/core/preview?fileId=11058359&x=1280&y=819&a=true", "foto3": "https://nlwkn.hannit-share.de/index.php/core/preview?fileId=11058362&x=1280&y=819&a=true", "foto4": "https://nlwkn.hannit-share.de/index.php/core/preview?fileId=11058365&x=1280&y=819&a=true", "link1": null, "link2": null, "rwert": "369958", "hwert": 5824073, "denkmal": "Ja", "bez_urpl": "Dükerbrücke Georgsdorfer Graben Auslauf", "Beweglich": "Nein", "BW_NR": "SNK-B1047", "Teil_Nr": "132", "AIS_NR": 1154, "bw_buch": null, "WS": null, "Str_KL": "Gemeindestraße", "Str_Name": "Fischerweg", "F_Breite": "3.73000001907349", "D_Breite": null, "L_hoehe": null, "bw_bru_bruklasse": "3 to", "Field37": null, "Field38": null, "Field39": null, "Field40": null }, "geometry": { "type": "Point", "coordinates": [ 788364.927418634993955, 6900405.770300566218793 ] } },
{ "type": "Feature", "properties": { "ID_con": 135, "bw_id": "SNK_BRU_13750", "name": "Drehbrücke Georgsdorf", "GEW": "SNK", "stat_von": "13750", "bauart": "Feldwegdrehbrücke; 3-Feld-Stahldrehbrücke", "baujahr": "1886", "upflicht": "NLWKN", "KTR": "MBRVE10500", "FSK": "033121008001410053__", "km": "13+750", "bemerk": "Die Verkehrssicherungspflicht wurde nicht auf Dritte (z.B. Kommune) übertragen, so dass die Verantwortlichkeit beim NLWKN verbleibt.", "beschreib": "Die auch „Jörgen-Brücke“ genannte Drehbrücke  verbindet die K 19 mit dem innerörtlichen Straßennetz an der südlichen Seite des Kanals und liegt im Zuge der Gemeindestraße „Neuer Diek   Die denkmalgeschützte Brücke ist als 3-feldrige Brücke ausgebildet.", "beschreib_lang": "Die auch „Jörgen-Brücke“ genannte Drehbrücke verbindet die K 19 mit dem innerörtlichen Straßennetz an der südlichen Seite des Kanals und liegt im Zuge der Gemeindestraße „Neuer Diek\". Die denkmalgeschützte Brücke ist als 3-feldrige Brücke ausgebildet. Sie besteht aus einem festen Brückenteil (Vorlandbrücke) sowie einer ungleicharmigen Drehbrücke (Typ: Feldwegdrehbrücke), wobei der lange Arm als Hauptöffnung den Kanal überspannt. Der Drehpunkt (Königstuhl) der Brücke lagert auf einem Mittelpfeiler (Rundpfeiler). Die Hauptkonstruktion der Brücke besteht aus einer Stahlkonstruktion mit Holzbohlen als Brückenbelag. Die Widerlager und Pfeiler bestehen aus Klinkermauerwerk, das mit Formblöcken aus Sandstein eingefasst ist. 2020 wurde die Brücke umfassend saniert. Die Funktionstüchtigkeit der Drehvorrichtung ist weiterhin vorhanden, der Antrieb erfolgt manuell. _x000d_\nIn 2020 wurden umfangreiche Sanierungsarbeiten durchgeführt. Die Brücke wurde dazu per Schwerlastkran abgehoben und zur Werkhalle nach Georgsdorf transportiert. _x000d_\nUnter anderem wurde im Rahmen der umfassenden Sanierung der Brücke der komplette Fahrbahnbelag aus Holzbohlen erneuert. Die Arbeiten wurden vom NLWKN in Eigenleistung durchgeführt.", "foto1": "https://nlwkn.hannit-share.de/index.php/core/preview?fileId=11058410&x=1280&y=819&a=true", "foto2": "https://nlwkn.hannit-share.de/index.php/core/preview?fileId=11058413&x=1280&y=819&a=true", "foto3": "https://nlwkn.hannit-share.de/index.php/core/preview?fileId=11058416&x=1280&y=819&a=true", "foto4": "https://nlwkn.hannit-share.de/index.php/core/preview?fileId=11058419&x=1280&y=819&a=true", "link1": "https://nlwkn.hannit-share.de/index.php/core/preview?fileId=11058422&x=1280&y=819&a=true", "link2": "https://nlwkn.hannit-share.de/index.php/core/preview?fileId=11058425&x=1280&y=819&a=true", "rwert": "369791", "hwert": 5826188, "denkmal": "Ja", "bez_urpl": "Drehbrücke Georgsdorf", "Beweglich": "Ja", "BW_NR": "SNK-B1052", "Teil_Nr": "34", "AIS_NR": 1144, "bw_buch": null, "WS": 15.5, "Str_KL": "Gemeindestraße", "Str_Name": "Neuer Diek, Schulstraße / Ostende", "F_Breite": "2", "D_Breite": 6.5, "L_hoehe": "2", "bw_bru_bruklasse": "3", "Field37": null, "Field38": null, "Field39": null, "Field40": null }, "geometry": { "type": "Point", "coordinates": [ 787998.47037690365687, 6903878.262628522701561 ] } },
{ "type": "Feature", "properties": { "ID_con": 141, "bw_id": "SNK_BRU_18660", "name": "Drehbrücke Gertzen", "GEW": "SNK", "stat_von": "18660", "bauart": "Feldwegdrehbrücke; 3-Feld-Stahldrehbrücke", "baujahr": "1884", "upflicht": "NLWKN", "KTR": "MBRVE10600", "FSK": "033120003000610062__", "km": "18+660", "bemerk": "Brücke nicht im Denkmalverzeichnis (Denkmalviewer) enthalten !!!", "beschreib": "Die Drehbrücke verbindet die K 202 mit dem innerörtlichen Straßennetz und liegt im Zuge einer Gemeindestraße (Brückenstraße).   Die denkmalgeschützte Brücke ist als 3-feldrige Brücke ausgebildet.", "beschreib_lang": "Die denkmalgeschützte Brücke ist als 3-feldrige Brücke ausgebildet. Sie besteht aus einem festen Brückenteil (Vorlandbrücke) sowie einer ungleicharmigen Drehbrücke (Typ: Feldwegdrehbrücke), wobei der lange Arm als Hauptöffnung den Kanal überspannt. Der Drehpunkt (Königstuhl) der Brücke lagert auf einem Mittelpfeiler (Rundpfeiler). Die Hauptkonstruktion der Brücke besteht aus einer Stahlkonstruktion mit Holzbohlen als Brückenbelag Die Widerlager und Pfeiler bestehen aus Klinkermauerwerk, das mit Formblöcken aus Sandstein eingefasst ist. _x000d_\n2010/11 wurde die Brücke saniert. Der Überbau wurde komplett erneuert und die Widerlager und Wasserpfeiler saniert. Das äußere Bild der neuen Drehbrücke wurde nach der historischen Bauweise der vorhandenen Brücke nachgebaut, jedoch wurden die heutigen statischen Vorgaben berücksichtigt._x000d_\nDie Funktionstüchtigkeit der Drehvorrichtung ist weiterhin vorhanden, der Antrieb erfolgt manuell.", "foto1": "https://nlwkn.hannit-share.de/index.php/core/preview?fileId=11058467&x=1280&y=819&a=true", "foto2": "https://nlwkn.hannit-share.de/index.php/core/preview?fileId=11058470&x=1280&y=819&a=true", "foto3": "https://nlwkn.hannit-share.de/index.php/core/preview?fileId=11058473&x=1280&y=819&a=true", "foto4": "https://nlwkn.hannit-share.de/index.php/core/preview?fileId=11058476&x=1280&y=819&a=true", "link1": "https://nlwkn.hannit-share.de/index.php/core/preview?fileId=11058479&x=1280&y=819&a=true", "link2": "https://nlwkn.hannit-share.de/index.php/core/preview?fileId=11058482&x=1280&y=819&a=true", "rwert": "370059", "hwert": 5830075, "denkmal": "Ja", "bez_urpl": "Drehbrücke Gertzen", "Beweglich": "Ja", "BW_NR": "SNK-B1059", "Teil_Nr": "40", "AIS_NR": 1145, "bw_buch": "SNK-B1059_BWB", "WS": 15.5, "Str_KL": "Fuß-/Radweg", "Str_Name": "Brückenstraße / Georgsdorfer Straße", "F_Breite": "2", "D_Breite": 6.0, "L_hoehe": "1.36000001430511", "bw_bru_bruklasse": "3 to", "Field37": null, "Field38": null, "Field39": null, "Field40": null }, "geometry": { "type": "Point", "coordinates": [ 788268.611711043631658, 6910289.187944831326604 ] } },
{ "type": "Feature", "properties": { "ID_con": 146, "bw_id": "SNK_BRU_21820", "name": "Drehbrücke Wilmes", "GEW": "SNK", "stat_von": "21820", "bauart": "Feldwegdrehbrücke; 3-Feld-Stahldrehbrücke", "baujahr": "1884", "upflicht": "NLWKN", "KTR": "MBREN10200", "FSK": "033118013000090018__", "km": "21+820", "bemerk": "??Fehlt ein Schild für die Fahrbahnbreite??", "beschreib": "Die Drehbrücke verbindet das innerörtliche Straßennetz und liegt im Zuge der Gemeindestraße „Am Kanal“.", "beschreib_lang": "Die denkmalgeschützte Brücke ist als 3-feldrige Brücke ausgebildet. Sie besteht aus einem festen Brückenteil (Vorlandbrücke) sowie einer ungleicharmigen Drehbrücke (Typ: Feldwegdrehbrücke), wobei der lange Arm als Hauptöffnung den Kanal überspannt. Der Drehpunkt (Königstuhl) der Brücke lagert auf einem Mittelpfeiler (Rundpfeiler). Die Hauptkonstruktion der Brücke besteht aus einer Stahlkonstruktion mit Holzbohlen als Brückenbelag. Die Widerlager und Pfeiler bestehen aus Klinkermauerwerk, das mit Formblöcken aus Sandstein eingefasst ist. _x000d_\nDie Funktionstüchtigkeit der Drehvorrichtung ist weiterhin vorhanden, der Antrieb erfolgt manuell.", "foto1": "https://nlwkn.hannit-share.de/index.php/core/preview?fileId=11058524&x=1280&y=819&a=true", "foto2": "https://nlwkn.hannit-share.de/index.php/core/preview?fileId=11058527&x=1280&y=819&a=true", "foto3": "https://nlwkn.hannit-share.de/index.php/core/preview?fileId=11058530&x=1280&y=819&a=true", "foto4": "https://nlwkn.hannit-share.de/index.php/core/preview?fileId=11058533&x=1280&y=819&a=true", "link1": "https://nlwkn.hannit-share.de/index.php/core/preview?fileId=11058536&x=1280&y=819&a=true", "link2": "https://nlwkn.hannit-share.de/index.php/core/preview?fileId=11058539&x=1280&y=819&a=true", "rwert": "371274", "hwert": 5832801, "denkmal": "Ja", "bez_urpl": "Drehbrücke Wilmes", "Beweglich": "Ja", "BW_NR": "SNK-B1064", "Teil_Nr": "44", "AIS_NR": 1129, "bw_buch": null, "WS": 15.5, "Str_KL": "Gemeindestraße", "Str_Name": "Am Kanal West / Am Kanal", "F_Breite": "3.04999995231628", "D_Breite": 6.0, "L_hoehe": "1.29999995231628", "bw_bru_bruklasse": "3 to nach DIN 1072", "Field37": null, "Field38": null, "Field39": null, "Field40": null }, "geometry": { "type": "Point", "coordinates": [ 790146.541715102968737, 6914833.125208362936974 ] } },
{ "type": "Feature", "properties": { "ID_con": 147, "bw_id": "SNK_BRU_22590", "name": "Drehbrücke Reiners", "GEW": "SNK", "stat_von": "22590", "bauart": "Feldwegdrehbrücke; 3-Feld-Stahldrehbrücke", "baujahr": "1886", "upflicht": "NLWKN", "KTR": "MBREN10300", "FSK": "033118010000040019__", "km": "22+590", "bemerk": null, "beschreib": "Auch bekannt unter Beuken-Brücke. Die Drehbrücke verbindet das innerörtliche Straßennetz und liegt im Zuge der Gemeindestraße „Am Kanal“. Sie ist heute nur noch für den Fuß- und Radwegverkehr zugelassen.", "beschreib_lang": "Auch bekannt unter Beuken-Brücke. Die Drehbrücke verbindet das innerörtliche Straßennetz und liegt im Zuge der Gemeindestraße „Am Kanal“. Sie ist heute nur noch für den Fuß- und Radwegverkehr zugelassen. Die denkmalgeschützte Brücke (Objektkennziffer: 45405400035; int. Nr. 6) ist als 3-feldrige Brücke ausgebildet. Sie besteht aus einem festen Brückenteil (Vorlandbrücke) sowie einer ungleicharmigen Drehbrücke (Typ: Feldwegdrehbrücke), wobei der lange Arm als Hauptöffnung den Kanal überspannt. Der Drehpunkt (Königstuhl) der Brücke lagert auf einem Mittelpfeiler (Rundpfeiler). Die Hauptkonstruktion der Brücke besteht aus einer Stahlkonstruktion mit Holzbohlen als Brückenbelag. Die Widerlager und Pfeiler bestehen aus Klinkermauerwerk, das mit Formblöcken aus Sandstein eingefasst ist. Die Funktionstüchtigkeit der Drehvorrichtung ist weiterhin vorhanden, der Antrieb erfolgt manuell.", "foto1": "https://nlwkn.hannit-share.de/index.php/core/preview?fileId=11058542&x=1280&y=819&a=true", "foto2": "https://nlwkn.hannit-share.de/index.php/core/preview?fileId=11058545&x=1280&y=819&a=true", "foto3": "https://nlwkn.hannit-share.de/index.php/core/preview?fileId=11058548&x=1280&y=819&a=true", "foto4": "https://nlwkn.hannit-share.de/index.php/core/preview?fileId=11058551&x=1280&y=819&a=true", "link1": "https://nlwkn.hannit-share.de/index.php/core/preview?fileId=11058554&x=1280&y=819&a=true", "link2": "https://nlwkn.hannit-share.de/index.php/core/preview?fileId=11058557&x=1280&y=819&a=true", "rwert": "371301", "hwert": 5833573, "denkmal": "Ja", "bez_urpl": "Drehbrücke Reiners", "Beweglich": "Ja", "BW_NR": "SNK-B1065", "Teil_Nr": "45", "AIS_NR": 1130, "bw_buch": null, "WS": 15.5, "Str_KL": "Fuß-/Radweg", "Str_Name": "Am Kanal West / Am Kanal", "F_Breite": "3.27999997138977", "D_Breite": 6.0, "L_hoehe": "1.25", "bw_bru_bruklasse": "9 to", "Field37": null, "Field38": null, "Field39": null, "Field40": null }, "geometry": { "type": "Point", "coordinates": [ 790157.433220710372552, 6916106.576905773952603 ] } },
{ "type": "Feature", "properties": { "ID_con": 154, "bw_id": "SNK_BRU_28270", "name": "Drehbrücke Backs", "GEW": "SNK", "stat_von": "28270", "bauart": "Feldwegdrehbrücke; 3-Feld-Stahldrehbrücke", "baujahr": "1884", "upflicht": "NLWKN", "KTR": "MBREN10500", "FSK": "033118038000010121__", "km": "28+270", "bemerk": "gem. letztem Prüfbericht (2025) sollte in 2026 Korrosion beseitigt, Mauerwerk ausgebessert und auch Beschilderung geprüft werden. Drehvorrichtung testen", "beschreib": "Die Brücke verbindet die K 202 mit dem an der östlichen Seite des Kanals liegenden Grundstück und wird hauptsächlich von Anliegern benutzt, da eine andere Zufahrt fehlt.", "beschreib_lang": "Die denkmalgeschützte Brücke ist als 3-feldrige Brücke ausgebildet. Sie besteht aus einem festen Brückenteil (Vorlandbrücke) sowie einer ungleicharmigen Drehbrücke (Typ: Feldwegdrehbrücke), wobei der lange Arm als Hauptöffnung den Kanal überspannt. Der Drehpunkt (Königstuhl) der Brücke lagert auf einem Mittelpfeiler (Rundpfeiler). Die Hauptkonstruktion der Brücke besteht aus einer Stahlkonstruktion mit Holzbohlen als Brückenbelag. Die Widerlager und Pfeiler bestehen aus Klinkermauerwerk, das mit Formblöcken aus Sandstein eingefasst ist. _x000d_\n2004 erfolgte eine grundlegende Sanierung._x000d_\nDie Funktionstüchtigkeit der Drehvorrichtung ist weiterhin vorhanden, der Antrieb erfolgt manuell.", "foto1": "https://nlwkn.hannit-share.de/index.php/core/preview?fileId=11058599&x=1280&y=819&a=true", "foto2": "https://nlwkn.hannit-share.de/index.php/core/preview?fileId=11058602&x=1280&y=819&a=true", "foto3": "https://nlwkn.hannit-share.de/index.php/core/preview?fileId=11058605&x=1280&y=819&a=true", "foto4": "https://nlwkn.hannit-share.de/index.php/core/preview?fileId=11058608&x=1280&y=819&a=true", "link1": "https://nlwkn.hannit-share.de/index.php/core/preview?fileId=11058611&x=1280&y=819&a=true", "link2": null, "rwert": "371366", "hwert": 5839218, "denkmal": "Ja", "bez_urpl": "Drehbrücke Backs", "Beweglich": "Ja", "BW_NR": "SNK-B1072", "Teil_Nr": "52", "AIS_NR": 1132, "bw_buch": null, "WS": 15.5, "Str_KL": "Fuß-/Radweg", "Str_Name": "zur Südstraße (K 202)", "F_Breite": "2.09999990463257", "D_Breite": 6.0, "L_hoehe": "1.29999995231628", "bw_bru_bruklasse": "3 to nach DIN 1072", "Field37": null, "Field38": null, "Field39": null, "Field40": null }, "geometry": { "type": "Point", "coordinates": [ 790019.109197861049324, 6925418.61376805882901 ] } },
{ "type": "Feature", "properties": { "ID_con": 158, "bw_id": "SNK_BRU_31640", "name": "Drehbrücke Ströer (Silliesbrücke)", "GEW": "SNK", "stat_von": "31640", "bauart": "Landstraßenbrücke, 3-Feld-Stahldrehbrücke", "baujahr": "1890", "upflicht": "NLWKN", "KTR": "MBREN10700", "FSK": "033118041000010583__", "km": "31+640", "bemerk": null, "beschreib": "Die denkmalgeschützte Brücke ist als 3-feldrige Brücke ausgebildet. Sie besteht aus einem festen Brückenteil (Vorlandbrücke) sowie einer ungleicharmigen Drehbrücke (Typ: Landstraßendrehbrücke), wobei der lange Arm als Hauptöffnung den Kanal überspannt.", "beschreib_lang": "Die Drehbrücke verbindet das innerörtliche Straßennetz und liegt im Zuge einer Gemeindestraße. Die denkmalgeschützte Brücke ist als 3-feldrige Brücke ausgebildet. Sie besteht aus einem festen Brückenteil (Vorlandbrücke) sowie einer ungleicharmigen Drehbrücke (Typ: Landstraßendrehbrücke), wobei der lange Arm als Hauptöffnung den Kanal überspannt. Der Drehpunkt (Königstuhl) der Brücke lagert auf einem Mittelpfeiler (Rundpfeiler). Die Hauptkonstruktion der Brücke besteht aus einer Stahlkonstruktion mit Holzbohlen als Brückenbelag. Die Widerlager und Pfeiler bestehen aus Klinkermauerwerk, das mit Formblöcken aus Sandstein eingefasst ist. 2010/11 wurde die Brücke saniert. Der Überbau wurde komplett erneuert und die Widerlager und Wasserpfeiler saniert. Das äußere Bild der neuen Drehbrücke wurde nach der historischen Bauweise der vorhandenen Brücke nachgebaut, jedoch wurden die heutigen statischen Vorgaben berücksichtigt. Die Funktionstüchtigkeit der Drehvorrichtung ist weiterhin vorhanden, der Antrieb erfolgt manuell. Die Drehbrücke Ströer wurde im Jahr 1890 während des Baues der Linksemsichen Kanäle als Landstraßen-Drehbrücke errictet und ist eine von ehemals 45 Brücken am Süd-Nord-Kanal. Sie verbindet das innerörtliche Strapßennetz Schöninghsdorfs und liegt im Zuge einer Gemeindestrßae. Die Brücke hat eine Gesamtlänge von 22,30 m und eine Fläche von 77 qm. Die Breite der Fahrbahn beträt 3,50 m, die Gesamtbreit 3,75 m. Die Tragfähigkeit ist auf 3 Tonnen begrenzt. Zum gröpßten Teil besteht die Brücke aus einer Stahlkonstruktion mit Eichenbohlenbelag. Der Drehpunkt der Brücke liegt auf einem Rundpfeiler, die Gegenauflage des beweglichen Teils wird durch einen Längspfeiler gebildet. Deie Pfeiler bestehe aus Kli8nkermaerwerk, das mit Sandstein eingefasst ist. diese befinden sich teilweise noch im Originalzustand, andere mussten jedoch während der Brückensanierung im Jahr 2010 erneuert werden. Die Drehfunktion durch eine manuell angetriebene Drehvorrichtung der Brücke ist bis heute erhalten geblieben. Ober- und unterhalb der Brücke befinden sich jeweils zwei Dalben. Die Drehbrücke Ströer ist als Baudenkmal eingestuft (int. Nr. 9; Objektkennziffer 45405400031). An Schutz, Erhaltung und Pflege der baulichen Anlage besteht aufgrund ihrer geschichtlichen Bedeutung ein öffentliches Interesse.", "foto1": "https://nlwkn.hannit-share.de/index.php/core/preview?fileId=11058626&x=1280&y=819&a=true", "foto2": "https://nlwkn.hannit-share.de/index.php/core/preview?fileId=11058629&x=1280&y=819&a=true", "foto3": "https://nlwkn.hannit-share.de/index.php/core/preview?fileId=11058632&x=1280&y=819&a=true", "foto4": "https://nlwkn.hannit-share.de/index.php/core/preview?fileId=11058635&x=1280&y=819&a=true", "link1": "https://nlwkn.hannit-share.de/index.php/core/preview?fileId=11058638&x=1280&y=819&a=true", "link2": "https://nlwkn.hannit-share.de/index.php/core/preview?fileId=11058641&x=1280&y=819&a=true", "rwert": "371688", "hwert": 5842573, "denkmal": "Ja", "bez_urpl": "Drehbrücke Stroer", "Beweglich": "Ja", "BW_NR": "SNK-B1076", "Teil_Nr": "57", "AIS_NR": 1134, "bw_buch": "SNK-B1076_BWB", "WS": 15.5, "Str_KL": "Gemeindestraße", "Str_Name": "Kastanienalle / Franziskusstraße", "F_Breite": "3.48000001907349", "D_Breite": 6.0, "L_hoehe": "1.20000004768372", "bw_bru_bruklasse": "3 to nach DIN 1072", "Field37": null, "Field38": null, "Field39": null, "Field40": null }, "geometry": { "type": "Point", "coordinates": [ 790403.409565208479762, 6930970.497517540119588 ] } },
{ "type": "Feature", "properties": { "ID_con": 164, "bw_id": "SNK_BRU_3755", "name": "Dükerbrücke Lee-Düker (Einlauf)", "GEW": "SNK", "stat_von": "3755", "bauart": "Einfeld Plattenbrücke (Dükerbrücke)", "baujahr": "1994", "upflicht": "NLWKN", "KTR": "MBDVE10700", "FSK": "033151030004200031__", "km": "3+755", "bemerk": null, "beschreib": "Einfeld-Stahlbetonbrücke. Dükerbrücke (Lee-Düker rechts / Einlauf)", "beschreib_lang": "Einfeld-Stahlbetonbrücke. Dükerbrücke (Lee-Düker rechts / Einlauf)._x000d_\n1994 erfolgte in Verbindung mit der Schleusensanierung eine Sanierung des Mauerwerkes und ein Neubau des Überbaues (Stahlbeton).", "foto1": "https://nlwkn.hannit-share.de/index.php/core/preview?fileId=11058677&x=1280&y=819&a=true", "foto2": "https://nlwkn.hannit-share.de/index.php/core/preview?fileId=11058680&x=1280&y=819&a=true", "foto3": "https://nlwkn.hannit-share.de/index.php/core/preview?fileId=11058683&x=1280&y=819&a=true", "foto4": "https://nlwkn.hannit-share.de/index.php/core/preview?fileId=11058686&x=1280&y=819&a=true", "link1": null, "link2": null, "rwert": "370833", "hwert": 5816659, "denkmal": "Ja", "bez_urpl": "Dükerbrücke (Lee-Düker / Einlauf)", "Beweglich": "Nein", "BW_NR": "SNK-B1034", "Teil_Nr": "126", "AIS_NR": 1146, "bw_buch": null, "WS": null, "Str_KL": "Gemeindestraße", "Str_Name": "Am Süd-Nord-Kanal", "F_Breite": "3.70000004768372", "D_Breite": null, "L_hoehe": "2.5", "bw_bru_bruklasse": "12", "Field37": null, "Field38": null, "Field39": null, "Field40": null }, "geometry": { "type": "Point", "coordinates": [ 790121.313072016579099, 6888257.292449913918972 ] } },
{ "type": "Feature", "properties": { "ID_con": 165, "bw_id": "SNK_BRU_3756", "name": "Dükerbrücke Lee-Düker (Auslauf)", "GEW": "SNK", "stat_von": "3756", "bauart": "Einfeld Plattenbrücke (Dükerbrücke)", "baujahr": "1980", "upflicht": "NLWKN", "KTR": "MBDVE10800", "FSK": "033151030004200031__", "km": "3+756", "bemerk": null, "beschreib": "Einfeld-Stahlbetonbrücke. Dükerbrücke (Lee-Düker rechts / Einlauf).", "beschreib_lang": "Einfeld-Stahlbetonbrücke. Dükerbrücke (Lee-Düker rechts / Einlauf)._x000d_\n1994 erfolgte in Verbindung mit der Schleusensanierung eine Sanierung des Mauerwerkes und ein Neubau des Überbaues (Stahlbeton).", "foto1": "https://nlwkn.hannit-share.de/index.php/core/preview?fileId=11058689&x=1280&y=819&a=true", "foto2": "https://nlwkn.hannit-share.de/index.php/core/preview?fileId=11058692&x=1280&y=819&a=true", "foto3": "https://nlwkn.hannit-share.de/index.php/core/preview?fileId=11058695&x=1280&y=819&a=true", "foto4": "https://nlwkn.hannit-share.de/index.php/core/preview?fileId=11058698&x=1280&y=819&a=true", "link1": null, "link2": null, "rwert": "370814", "hwert": 5816668, "denkmal": "Ja", "bez_urpl": "Dükerbrücke (Lee-Düker / Auslauf)", "Beweglich": "Nein", "BW_NR": "SNK-B1035", "Teil_Nr": "126a", "AIS_NR": 1147, "bw_buch": null, "WS": null, "Str_KL": "Gemeindestraße", "Str_Name": "Nach Schleuse II", "F_Breite": "3.70000004768372", "D_Breite": null, "L_hoehe": "2.34999990463257", "bw_bru_bruklasse": "12", "Field37": null, "Field38": null, "Field39": null, "Field40": null }, "geometry": { "type": "Point", "coordinates": [ 790089.794953422155231, 6888271.252741180360317 ] } },
{ "type": "Feature", "properties": { "ID_con": 167, "bw_id": "SNK_BRU_3800", "name": "Schleusenbrücke Schleuse II", "GEW": "SNK", "stat_von": "3800", "bauart": "Schleusenbrücke (2-Feld-Stahlbrücke)", "baujahr": "1890 / 2003", "upflicht": "NLWKN", "KTR": "MBDVE10300", "FSK": "033151030004200031__", "km": "3+800", "bemerk": null, "beschreib": "Über dem Unterhaupt der Schleuse II befindet sich diese Brücke.  Die ehemals drehbare Schleusenbrücke ist als Zweifeld-Brücke ausgebildet, deren Hauptöffnung das Unterhaupt der Schleuse überspannt.", "beschreib_lang": "Die ehemals drehbare Schleusenbrücke ist als Zweifeld-Brücke ausgebildet, deren Hauptöffnung das Unterhaupt der Schleuse überbrückt. Die Hauptkonstruktion der Brücke besteht aus einer Stahlkonstruktion mit Holzbohlen als Brückenbelag. 2003 wurde die Brücke umfassend saniert (Überbau und Mauerwerk) und die Tragfähigkeit erhöht. Die Hälfte der Kosten wurden durch Stadt Nordhorn getragen. 2023 wurde die Brücke zur Fuß- und Radwegbrücke herabgestuft._x000d_\nSchleusenanlage und Brücke sind als Baudenkmal eingestuft.", "foto1": "https://nlwkn.hannit-share.de/index.php/core/preview?fileId=11058701&x=1280&y=819&a=true", "foto2": "https://nlwkn.hannit-share.de/index.php/core/preview?fileId=11058704&x=1280&y=819&a=true", "foto3": "https://nlwkn.hannit-share.de/index.php/core/preview?fileId=11058707&x=1280&y=819&a=true", "foto4": "https://nlwkn.hannit-share.de/index.php/core/preview?fileId=11058710&x=1280&y=819&a=true", "link1": null, "link2": null, "rwert": "370842", "hwert": 5816702, "denkmal": "Ja", "bez_urpl": "Brücke Schleuse II", "Beweglich": "Nein", "BW_NR": "SNK-B1036", "Teil_Nr": "29", "AIS_NR": 1142, "bw_buch": null, "WS": 17.200000762939499, "Str_KL": "Gemeindestraße", "Str_Name": "Nach Schleuse II / Am Süd-Nord-Kanal", "F_Breite": "3.98000001907349", "D_Breite": 6.5, "L_hoehe": "2.90000009536743", "bw_bru_bruklasse": "12 to n. DIN 1072", "Field37": null, "Field38": null, "Field39": null, "Field40": null }, "geometry": { "type": "Point", "coordinates": [ 790134.202843326958828, 6888328.309483369812369 ] } },
{ "type": "Feature", "properties": { "ID_con": 174, "bw_id": "SNK_BRU_44630", "name": "Brücke Wehr Altenberge", "GEW": "SNK", "stat_von": "44630", "bauart": "Stahlbetonbrücke", "baujahr": "1975", "upflicht": "NLWKN", "KTR": "MBDEN10800", "FSK": "03172602100174______", "km": "44+630", "bemerk": null, "beschreib": "Zweifeld-Stahlbetonbrücke über das Unterwasser des Wehres Altenberge. Die westlichen Widerlager und Mittelpfeiler sind auf die Wangen des Wehrbauwerks gegründet, die Gründung der östlichen erfolgte in Spundwandbauweise.", "beschreib_lang": "Zweifeld-Stahlbetonbrücke über das Unterwasser des Wehres Altenberge. Die westlichen Widerlager und Mittelpfeiler sind auf die Wangen des Wehrbauwerks gegründet, die Gründung der östlichen erfolgte in Spundwandbauweise.", "foto1": "https://nlwkn.hannit-share.de/index.php/core/preview?fileId=11058797&x=1280&y=819&a=true", "foto2": "https://nlwkn.hannit-share.de/index.php/core/preview?fileId=11058800&x=1280&y=819&a=true", "foto3": "https://nlwkn.hannit-share.de/index.php/core/preview?fileId=11058803&x=1280&y=819&a=true", "foto4": "https://nlwkn.hannit-share.de/index.php/core/preview?fileId=11058806&x=1280&y=819&a=true", "link1": null, "link2": null, "rwert": "373546", "hwert": 5855079, "denkmal": "Nein", "bez_urpl": "Brücke Wehr Altenberge", "Beweglich": "Nein", "BW_NR": "SNK-B1088", "Teil_Nr": "68", "AIS_NR": 1135, "bw_buch": null, "WS": 11.3999996185303, "Str_KL": "Gemeindestraße", "Str_Name": "Peterdose Ost, Peterdose West", "F_Breite": "3", "D_Breite": 5.0, "L_hoehe": "2.59999990463257", "bw_bru_bruklasse": "30", "Field37": null, "Field38": null, "Field39": null, "Field40": null }, "geometry": { "type": "Point", "coordinates": [ 792926.259320443263277, 6951727.675075649283826 ] } },
{ "type": "Feature", "properties": { "ID_con": 177, "bw_id": "SNK_BRU_7355", "name": "Dükerbrücke Lohnerbach-Düker (Einlauf)", "GEW": "SNK", "stat_von": "7355", "bauart": "Einfeld Plattenbrücke (Dükerbrücke)", "baujahr": "1890", "upflicht": "NLWKN", "KTR": "MBDVE10900", "FSK": "033154012000040008__", "km": "7+355", "bemerk": null, "beschreib": "Dükerbrücke (Lohnerbach-Düker / Einlauf) ausgebildet als Einfeld-Stahlbetonbrücke", "beschreib_lang": "Dükerbrücke (Lohnerbach-Düker / Einlauf) ausgebildet als Einfeld-Stahlbetonbrücke._x000d_\n1999 / 2000 erfolgte eine Sanierung des Mauerwerkes und ein Neubau des Überbaues (Stahlbeton)", "foto1": "https://nlwkn.hannit-share.de/index.php/core/preview?fileId=11058833&x=1280&y=819&a=true", "foto2": "https://nlwkn.hannit-share.de/index.php/core/preview?fileId=11058836&x=1280&y=819&a=true", "foto3": "https://nlwkn.hannit-share.de/index.php/core/preview?fileId=11058839&x=1280&y=819&a=true", "foto4": "https://nlwkn.hannit-share.de/index.php/core/preview?fileId=11058842&x=1280&y=819&a=true", "link1": null, "link2": null, "rwert": "370673", "hwert": 5820118, "denkmal": "Ja", "bez_urpl": "Dükerbrücke Lohnerbach Einlauf", "Beweglich": "Nein", "BW_NR": "SNK-B1038", "Teil_Nr": "128", "AIS_NR": 1148, "bw_buch": null, "WS": null, "Str_KL": "Unterhaltungsweg", "Str_Name": "Fuß-/Radweg", "F_Breite": "3.70000004768372", "D_Breite": null, "L_hoehe": "2", "bw_bru_bruklasse": "12", "Field37": null, "Field38": null, "Field39": null, "Field40": null }, "geometry": { "type": "Point", "coordinates": [ 789709.552614507032558, 6893933.735447566956282 ] } },
{ "type": "Feature", "properties": { "ID_con": 178, "bw_id": "SNK_BRU_7356", "name": "Dükerbrücke Lohnerbach-Düker (Auslauf)", "GEW": "SNK", "stat_von": "7356", "bauart": "Einfeld Plattenbrücke (Dükerbrücke)", "baujahr": "1890", "upflicht": "NLWKN", "KTR": "MBDVE11000", "FSK": "033154012000040012__", "km": "7+356", "bemerk": null, "beschreib": "Dükerbrücke (Lohnerbach-Düker / Auslauf) ausgebildet als Einfeld-Stahlbetondükerbrücke", "beschreib_lang": "Dükerbrücke (Lohnerbach-Düker / Auslauf) ausgebildet als Einfeld-Stahlbetondükerbrücke._x000d_\n1999 / 2000 erfolgte eine Sanierung des Mauerwerkes und ein Neubau des Überbaues (Stahlbeton).", "foto1": "https://nlwkn.hannit-share.de/index.php/core/preview?fileId=11058845&x=1280&y=819&a=true", "foto2": "https://nlwkn.hannit-share.de/index.php/core/preview?fileId=11058848&x=1280&y=819&a=true", "foto3": "https://nlwkn.hannit-share.de/index.php/core/preview?fileId=11058851&x=1280&y=819&a=true", "foto4": "https://nlwkn.hannit-share.de/index.php/core/preview?fileId=11058854&x=1280&y=819&a=true", "link1": "https://nlwkn.hannit-share.de/index.php/core/preview?fileId=11058857&x=1280&y=819&a=true", "link2": "https://nlwkn.hannit-share.de/index.php/core/preview?fileId=11058860&x=1280&y=819&a=true", "rwert": "370653", "hwert": 5820116, "denkmal": "Ja", "bez_urpl": "Dükerbrücke Lohnerbach Auslauf", "Beweglich": "Nein", "BW_NR": "SNK-B1039", "Teil_Nr": "127", "AIS_NR": 1149, "bw_buch": null, "WS": null, "Str_KL": "Unterhaltungsweg", "Str_Name": "Fuß-/Radweg", "F_Breite": "3.70000004768372", "D_Breite": null, "L_hoehe": null, "bw_bru_bruklasse": "12", "Field37": null, "Field38": null, "Field39": null, "Field40": null }, "geometry": { "type": "Point", "coordinates": [ 789676.848191118449904, 6893929.58005769085139 ] } },
{ "type": "Feature", "properties": { "ID_con": 180, "bw_id": "SNK_BRU_75", "name": "Drehbrücke Deegfeld", "GEW": "SNK", "stat_von": "75", "bauart": "Landstraßendrehbrücke, 3-Feld-Stahldrehbrücke", "baujahr": "1886-1889", "upflicht": "NLWKN", "KTR": "MBDVE10200", "FSK": "033151034000510009__", "km": "0+075", "bemerk": null, "beschreib": "Die Brücke liegt im Zuge einer Gemeindestraße (Deegfelder Weg). Die denkmalgeschützte Brücke ist als 3-feldrige Brücke ausgebildet. Sie besteht aus einem festen Brückenteil (Vorlandbrücke) sowie einer ungleicharmigen Drehbrücke.", "beschreib_lang": "Die Brücke liegt im Zuge einer Gemeindestraße (Deegfelder Weg). Die denkmalgeschützte Brücke ist als 3-feldrige Brücke ausgebildet. Sie besteht aus einem festen Brückenteil (Vorlandbrücke) sowie einer ungleicharmigen Drehbrücke (Typ: Landstraßendrehbrücke), wobei der lange Arm als Hauptöffnung den Kanal überspannt. Der Drehpunkt (Königstuhl) der Brücke lagert auf einem Mittelpfeiler (Rundpfeiler). Die Hauptkonstruktion der Brücke besteht aus einer Stahlkonstruktion mit Holzbohlen als Brückenbelag. Die Widerlager und Pfeiler bestehen aus Klinkermauerwerk, das mit Formblöcken aus Sandstein eingefasst ist. _x000d_\n2011/12 wurde die Brücke saniert. Der Überbau wurde komplett erneuert und die Widerlager und Wasserpfeiler saniert. Das äußere Bild der neuen Drehbrücke wurde nach der historischen Bauweise der vorhandenen Brücke nachgebaut, jedoch wurden die heutigen statischen Vorgaben berücksichtigt. Die Funktionstüchtigkeit der Drehvorrichtung ist weiterhin vorhanden, der Antrieb erfolgt manuell.", "foto1": "https://nlwkn.hannit-share.de/index.php/core/preview?fileId=11058881&x=1280&y=819&a=true", "foto2": "https://nlwkn.hannit-share.de/index.php/core/preview?fileId=11058884&x=1280&y=819&a=true", "foto3": "https://nlwkn.hannit-share.de/index.php/core/preview?fileId=11058887&x=1280&y=819&a=true", "foto4": "https://nlwkn.hannit-share.de/index.php/core/preview?fileId=11585423&x=1280&y=819&a=true", "link1": null, "link2": null, "rwert": "368695", "hwert": 5813777, "denkmal": "Ja", "bez_urpl": "Drehbrücke Deegfeld", "Beweglich": "Ja", "BW_NR": "SNK-B1032", "Teil_Nr": "27", "AIS_NR": 1140, "bw_buch": "SNK-B1032_BWB", "WS": 21.399999618530298, "Str_KL": "Gemeindestraße", "Str_Name": "Deegfelderweg", "F_Breite": "3.04999995231628", "D_Breite": 7.0, "L_hoehe": "1.25", "bw_bru_bruklasse": "2,8 to", "Field37": null, "Field38": null, "Field39": null, "Field40": null }, "geometry": { "type": "Point", "coordinates": [ 786744.814747647033073, 6883431.868702600710094 ] } },
{ "type": "Feature", "properties": { "ID_con": 181, "bw_id": "SNK_BRU_9180", "name": "Dükerbrücke Soermannsbach-Düker (Einlauf)", "GEW": "SNK", "stat_von": "9180", "bauart": "Einfeld Plattenbrücke (Dükerbrücke)", "baujahr": "1890 / 2004", "upflicht": "NLWKN", "KTR": "MBDVE11300", "FSK": "03315401900069______", "km": "9+180", "bemerk": null, "beschreib": "Die Dükerbrücke (Soermannsbach-Düker / Einlauf) ist als Einfeld-Stahlbetondükerbrücke ausgebildet.", "beschreib_lang": "Die Dükerbrücke (Soermannsbach-Düker / Einlauf) ist als Einfeld-Stahlbetondükerbrücke ausgebildet._x000d_\n2004 erfolgte eine Sanierung des Mauerwerkes und ein Neubau des Überbaues (Stahlbeton)", "foto1": "https://nlwkn.hannit-share.de/index.php/core/preview?fileId=11058890&x=1280&y=819&a=true", "foto2": "https://nlwkn.hannit-share.de/index.php/core/preview?fileId=11058893&x=1280&y=819&a=true", "foto3": "https://nlwkn.hannit-share.de/index.php/core/preview?fileId=11058896&x=1280&y=819&a=true", "foto4": "https://nlwkn.hannit-share.de/index.php/core/preview?fileId=11058899&x=1280&y=819&a=true", "link1": null, "link2": null, "rwert": "370280", "hwert": 5821866, "denkmal": "Ja", "bez_urpl": "Dükerbrücke Soermannsbach Einlauf", "Beweglich": "Nein", "BW_NR": "SNK-B1041", "Teil_Nr": null, "AIS_NR": 1152, "bw_buch": null, "WS": null, "Str_KL": "Gemeindestraße", "Str_Name": "Fuß-/Radweg", "F_Breite": "3.70000004768372", "D_Breite": 5.6500000953674299, "L_hoehe": "1.47000002861023", "bw_bru_bruklasse": "12", "Field37": null, "Field38": null, "Field39": null, "Field40": null }, "geometry": { "type": "Point", "coordinates": [ 788989.26850421843119, 6896790.234862419776618 ] } },
{ "type": "Feature", "properties": { "ID_con": 186, "bw_id": "VBK_BRU_635", "name": "Schleusendrehbrücke (Verbindungsschleuse)", "GEW": "VBK", "stat_von": "635", "bauart": "Schleusendrehbrücke )2-Feld-Stahldrehbrücke)", "baujahr": "1890; 2008/2009", "upflicht": "NLWKN", "KTR": "MBRVE22200", "FSK": "033151013000270059__", "km": "0+635", "bemerk": null, "beschreib": "Die Drehbrücke verbindet das Radwegenetz an der westlichen und östlichen Seite des Kanals. Die Schleusenbrücke ist als Zweifeld-Drehbrücke ausgebildet, deren Hauptöffnung das Unterhaupt der Schleuse überbrückt.", "beschreib_lang": "Über dem Oberhaupt der Verbindungsschleuse befindet sich eine Drehbrücke. Sie verbindet das Radwegenetz an der westlichen und östlichen Seite des Kanals. Die Schleusenbrücke ist als Zweifeld-Drehbrücke ausgebildet, deren Hauptöffnung das Unterhaupt der Schleuse überbrückt. Die Hauptkonstruktion der Drehbrücke besteht aus einer Stahlkonstruktion mit Holzbohlen als Brückenbelag. 2009 wurde der Überbau komplett erneuert und die Widerlager saniert. Das äußere Bild der neuen Drehbrücke wurde nach der historischen Bauweise der vorhandenen Brücke nachgebaut, jedoch wurden die heutigen statischen Vorgaben berücksichtigt. Die Funktionstüchtigkeit der Drehvorrichtung ist weiterhin vorhanden, der Antrieb erfolgt manuell. Schleusenanlage und Drehbrücke sind als Baudenkmal eingestuft.", "foto1": "https://nlwkn.hannit-share.de/index.php/core/preview?fileId=11057969&x=1280&y=819&a=true", "foto2": "https://nlwkn.hannit-share.de/index.php/core/preview?fileId=11057972&x=1280&y=819&a=true", "foto3": "https://nlwkn.hannit-share.de/index.php/core/preview?fileId=11057975&x=1280&y=819&a=true", "foto4": "https://nlwkn.hannit-share.de/index.php/core/preview?fileId=11057978&x=1280&y=819&a=true", "link1": null, "link2": null, "rwert": "369290", "hwert": 5811167, "denkmal": "Ja", "bez_urpl": "Schleusendrehbrücke Verbindungsschleuse", "Beweglich": "Ja", "BW_NR": "VBK-B1020", "Teil_Nr": "18", "AIS_NR": 1161, "bw_buch": null, "WS": 21.569999694824201, "Str_KL": "Fuß-/Radweg", "Str_Name": "Seeuferstraße / Vechtesee", "F_Breite": "1.98000001907349", "D_Breite": 6.5, "L_hoehe": "2", "bw_bru_bruklasse": "3", "Field37": null, "Field38": null, "Field39": null, "Field40": null }, "geometry": { "type": "Point", "coordinates": [ 787832.809372759191319, 6879174.750021748244762 ] } }
]
}
