{"type":"FeatureCollection","crs":{"type":"name","properties":{"name":"EPSG:3857"}},"features":[{"type":"Feature","id":1,"geometry":{"type":"Point","coordinates":[775172.71499999985,6892364.7595999986]},"properties":{"OBJECTID":1,"ID_con":2043,"bw_id":"DIN_SON_50","name":"Kunstobjekt Mündung Dinkel","km":"0+050","KTR":null,"FSK":"033147019001110023__","upflicht":"Samtgemeinde Neuenhaus??","bauart":"Kunst","baujahr":null,"GEW":"DIN","rwert":361786,"hwert":5819406,"link1":null,"link2":null,"bemerk":null,"beschreib":"Kunstobjekt im Mündungungsbereich der  Dinkel zur Vechte","beschreib_lang":null,"stat_von":50,"akz":null,"denkmal":"Nein","bez_urpl":null,"Nr_WR":null,"tmp":2043,"id_bw_son_pun":481,"foto1":"https://nlwkn.hannit-share.de/index.php/core/preview?fileId=11057993&x=1280&y=819&a=true","foto2":"https://nlwkn.hannit-share.de/index.php/core/preview?fileId=11068291&x=1280&y=819&a=true","foto3":"https://nlwkn.hannit-share.de/index.php/core/preview?fileId=11068294&x=1280&y=819&a=true","foto4":null,"y_coord":"52.507235","x_coord":"6.963495","y_coord_D":52.507235000000001,"x_coord_D":6.963495}},{"type":"Feature","id":2,"geometry":{"type":"Point","coordinates":[775193.66310000047,6892144.9915999994]},"properties":{"OBJECTID":2,"ID_con":2047,"bw_id":"DIN_SON_170","name":"Böschungstreppe oh Brücke","km":"0+170","KTR":null,"FSK":"033147001000010048__","upflicht":"NLSTBV","bauart":"Böschungstreppe","baujahr":null,"GEW":"DIN","rwert":361795,"hwert":5819272,"link1":null,"link2":null,"bemerk":null,"beschreib":"Böschungstreppe oh Brücke","beschreib_lang":null,"stat_von":170,"akz":null,"denkmal":"Nein","bez_urpl":"Böschungstreppe oh Brücke","Nr_WR":null,"tmp":2047,"id_bw_son_pun":483,"foto1":"https://nlwkn.hannit-share.de/index.php/core/preview?fileId=11068288&x=1280&y=819&a=true","foto2":"https://nlwkn.hannit-share.de/index.php/core/preview?fileId=11068081&x=1280&y=819&a=true","foto3":null,"foto4":null,"y_coord":"52.506033","x_coord":"6.963683","y_coord_D":52.506033000000002,"x_coord_D":6.9636829999999996}},{"type":"Feature","id":3,"geometry":{"type":"Point","coordinates":[775190.75490000099,6892131.7536000013]},"properties":{"OBJECTID":3,"ID_con":2504,"bw_id":"DIN_SON_180","name":"Böschungstreppe an Brücke oh rechts","km":"0+180","KTR":null,"FSK":"033147001000010048__","upflicht":"NLSTBV","bauart":"Böschungstreppe","baujahr":null,"GEW":"DIN","rwert":361793,"hwert":5819264,"link1":null,"link2":null,"bemerk":null,"beschreib":"Böschungstreppe an Brücke oh rechts","beschreib_lang":null,"stat_von":180,"akz":null,"denkmal":"Nein","bez_urpl":null,"Nr_WR":null,"tmp":2504,"id_bw_son_pun":630,"foto1":"https://nlwkn.hannit-share.de/index.php/core/preview?fileId=11068078&x=1280&y=819&a=true","foto2":null,"foto3":null,"foto4":null,"y_coord":"52.505961","x_coord":"6.963657","y_coord_D":52.505960999999999,"x_coord_D":6.9636570000000004}},{"type":"Feature","id":4,"geometry":{"type":"Point","coordinates":[775124.6838000007,6892147.9738000035]},"properties":{"OBJECTID":4,"ID_con":2046,"bw_id":"DIN_SON_185","name":"Böschungstreppe an Brücke links uh","km":"0+185","KTR":null,"FSK":"033147001000010048__","upflicht":"NLSTBV","bauart":"Böschungstreppe","baujahr":null,"GEW":"DIN","rwert":361753,"hwert":5819275,"link1":null,"link2":null,"bemerk":null,"beschreib":"Böschungstreppe an Brücke links uh Brücke","beschreib_lang":null,"stat_von":185,"akz":null,"denkmal":"Nein","bez_urpl":null,"Nr_WR":null,"tmp":2046,"id_bw_son_pun":482,"foto1":"https://nlwkn.hannit-share.de/index.php/core/preview?fileId=11068102&x=1280&y=819&a=true","foto2":"https://nlwkn.hannit-share.de/index.php/core/preview?fileId=11068120&x=1280&y=819&a=true","foto3":"https://nlwkn.hannit-share.de/index.php/core/preview?fileId=11068123&x=1280&y=819&a=true","foto4":null,"y_coord":"52.506049","x_coord":"6.963064","y_coord_D":52.506048999999997,"x_coord_D":6.9630640000000001}},{"type":"Feature","id":5,"geometry":{"type":"Point","coordinates":[774938.94860000163,6891695.4368000031]},"properties":{"OBJECTID":5,"ID_con":1367,"bw_id":"DIN_SON_485","name":"Pegel (Brücke Hiltener Weg) mit Böschungstreppe","km":"0+485","KTR":null,"FSK":"033147001000010022__","upflicht":"NLWKN, GB 3","bauart":"Pegel","baujahr":null,"GEW":"DIN","rwert":361632,"hwert":5819003,"link1":null,"link2":null,"bemerk":null,"beschreib":"Pegel (Brücke Hiltener Weg) mit Böschungstreppe des NLWLN. Der Pegel ist im BIS enthalten","beschreib_lang":null,"stat_von":485,"akz":"62121-02-31","denkmal":"Nein","bez_urpl":"Pegel (Brücke Hiltener Weg)","Nr_WR":null,"tmp":1367,"id_bw_son_pun":93,"foto1":"https://nlwkn.hannit-share.de/index.php/core/preview?fileId=11068117&x=1280&y=819&a=true","foto2":"https://nlwkn.hannit-share.de/index.php/core/preview?fileId=11068264&x=1280&y=819&a=true","foto3":"https://nlwkn.hannit-share.de/index.php/core/preview?fileId=11068267&x=1280&y=819&a=true","foto4":"https://nlwkn.hannit-share.de/index.php/core/preview?fileId=11068270&x=1280&y=819&a=true","y_coord":"52.503575","x_coord":"6.961395","y_coord_D":52.503574999999998,"x_coord_D":6.9613950000000004}},{"type":"Feature","id":6,"geometry":{"type":"Point","coordinates":[774988.67289999872,6891677.1120000035]},"properties":{"OBJECTID":6,"ID_con":2049,"bw_id":"DIN_SON_490","name":"Tor","km":"0+490","KTR":null,"FSK":"033147001000010035__","upflicht":"??","bauart":"Tor","baujahr":null,"GEW":"DIN","rwert":361662,"hwert":5818991,"link1":null,"link2":null,"bemerk":null,"beschreib":"Tor","beschreib_lang":null,"stat_von":490,"akz":null,"denkmal":"Nein","bez_urpl":"Tor","Nr_WR":null,"tmp":2049,"id_bw_son_pun":484,"foto1":"https://nlwkn.hannit-share.de/index.php/core/preview?fileId=11068261&x=1280&y=819&a=true","foto2":"https://nlwkn.hannit-share.de/index.php/core/preview?fileId=11068276&x=1280&y=819&a=true","foto3":null,"foto4":null,"y_coord":"52.503475","x_coord":"6.961842","y_coord_D":52.503475000000002,"x_coord_D":6.9618419999999999}},{"type":"Feature","id":7,"geometry":{"type":"Point","coordinates":[774924.21480000019,6890180.6978999972]},"properties":{"OBJECTID":7,"ID_con":2060,"bw_id":"DIN_SON_1470","name":"Tor","km":"1+470","KTR":null,"FSK":"033147033000080003__","upflicht":"NLWKN","bauart":"Tor","baujahr":null,"GEW":"DIN","rwert":361597,"hwert":5818082,"link1":null,"link2":null,"bemerk":null,"beschreib":"Tor","beschreib_lang":null,"stat_von":1470,"akz":null,"denkmal":"Nein","bez_urpl":"Tor","Nr_WR":null,"tmp":2060,"id_bw_son_pun":487,"foto1":"https://nlwkn.hannit-share.de/index.php/core/preview?fileId=11068273&x=1280&y=819&a=true","foto2":null,"foto3":null,"foto4":null,"y_coord":"52.495291","x_coord":"6.961263","y_coord_D":52.495291000000002,"x_coord_D":6.9612629999999998}},{"type":"Feature","id":8,"geometry":{"type":"Point","coordinates":[775048.06549999863,6890092.1362999976]},"properties":{"OBJECTID":8,"ID_con":2057,"bw_id":"DIN_SON_1585","name":"Tor","km":"1+585","KTR":null,"FSK":"033147008001080004__","upflicht":"NLWKN","bauart":"Tor","baujahr":null,"GEW":"DIN","rwert":361671,"hwert":5818026,"link1":null,"link2":null,"bemerk":null,"beschreib":"Tor","beschreib_lang":null,"stat_von":1585,"akz":null,"denkmal":"Nein","bez_urpl":"Tor","Nr_WR":null,"tmp":2057,"id_bw_son_pun":485,"foto1":"https://nlwkn.hannit-share.de/index.php/core/preview?fileId=11068039&x=1280&y=819&a=true","foto2":"https://nlwkn.hannit-share.de/index.php/core/preview?fileId=11068045&x=1280&y=819&a=true","foto3":"https://nlwkn.hannit-share.de/index.php/core/preview?fileId=11068048&x=1280&y=819&a=true","foto4":"https://nlwkn.hannit-share.de/index.php/core/preview?fileId=11068051&x=1280&y=819&a=true","y_coord":"52.494807","x_coord":"6.962375","y_coord_D":52.494807000000002,"x_coord_D":6.9623749999999998}},{"type":"Feature","id":9,"geometry":{"type":"Point","coordinates":[775141.90980000049,6890020.8095000014]},"properties":{"OBJECTID":9,"ID_con":2042,"bw_id":"DIN_SON_1645","name":"Wasserrecht Dinkelwehr (Aufstauen)","km":"1+645","KTR":null,"FSK":"033147008000940060__","upflicht":"NLWKN","bauart":"Wasserrecht","baujahr":null,"GEW":"DIN","rwert":361727,"hwert":5817981,"link1":null,"link2":null,"bemerk":null,"beschreib":"Wasserrecht Dinkelwehr (Aufstauen) für das Dinkelwehr Neuenhaus","beschreib_lang":null,"stat_von":1645,"akz":"62026-Dinkel Wehr Neuenhaus-579/2023","denkmal":"Nein","bez_urpl":null,"Nr_WR":"11/13213 (aktiv)","tmp":2042,"id_bw_son_pun":480,"foto1":null,"foto2":null,"foto3":null,"foto4":null,"y_coord":"52.494417","x_coord":"6.963218","y_coord_D":52.494416999999999,"x_coord_D":6.9632180000000004}},{"type":"Feature","id":10,"geometry":{"type":"Point","coordinates":[775252.66820000112,6889989.4167999998]},"properties":{"OBJECTID":10,"ID_con":2059,"bw_id":"DIN_SON_1715","name":"Schrägpegel mit Böschungstreppe oh Dinkelwehr","km":"1+715","KTR":null,"FSK":"033147008000940060__","upflicht":"NLWKN","bauart":"Böschungstreppe","baujahr":null,"GEW":"DIN","rwert":361794,"hwert":5817960,"link1":null,"link2":null,"bemerk":null,"beschreib":"Schrägpegel mit Böschungstreppe oberhalb Wehranlage (Dinkelwehr Neuenhaus)","beschreib_lang":null,"stat_von":1715,"akz":null,"denkmal":"Nein","bez_urpl":"Schrägpegel, Böschungstreppe","Nr_WR":null,"tmp":2059,"id_bw_son_pun":486,"foto1":"https://nlwkn.hannit-share.de/index.php/core/preview?fileId=11068042&x=1280&y=819&a=true","foto2":"https://nlwkn.hannit-share.de/index.php/core/preview?fileId=11068087&x=1280&y=819&a=true","foto3":null,"foto4":null,"y_coord":"52.494245","x_coord":"6.964213","y_coord_D":52.494244999999999,"x_coord_D":6.964213}},{"type":"Feature","id":11,"geometry":{"type":"Point","coordinates":[775149.82550000027,6890030.8975000009]},"properties":{"OBJECTID":11,"ID_con":1351,"bw_id":"DIN_SON_1750","name":"Betriebsgebäude (Wehrsteuerung Dinkelwehr)","km":"1+750","KTR":null,"FSK":"033147008000940060__","upflicht":"NLWKN","bauart":"Betriebsgebäude","baujahr":"1973","GEW":"DIN","rwert":361732,"hwert":5817987,"link1":null,"link2":null,"bemerk":null,"beschreib":"Betriebsgebäude des Dinkelwehres Neuenhaus mit Steuereinrichtungen und Hydraulik","beschreib_lang":null,"stat_von":1750,"akz":"62026-Dinkel Wehr Neuenhaus-579/2023","denkmal":"Nein","bez_urpl":"Betriebsgebäude des Dinkelwehres Neuenhaus","Nr_WR":null,"tmp":1351,"id_bw_son_pun":274,"foto1":"https://nlwkn.hannit-share.de/index.php/core/preview?fileId=11068084&x=1280&y=819&a=true","foto2":"https://nlwkn.hannit-share.de/index.php/core/preview?fileId=11068093&x=1280&y=819&a=true","foto3":"https://nlwkn.hannit-share.de/index.php/core/preview?fileId=11068096&x=1280&y=819&a=true","foto4":"https://nlwkn.hannit-share.de/index.php/core/preview?fileId=11068099&x=1280&y=819&a=true","y_coord":"52.494472","x_coord":"6.963289","y_coord_D":52.494472000000002,"x_coord_D":6.9632889999999996}},{"type":"Feature","id":12,"geometry":{"type":"Point","coordinates":[775394.86160000041,6889773.1393000036]},"properties":{"OBJECTID":12,"ID_con":1352,"bw_id":"DIN_SON_1905","name":"Steg","km":"1+905","KTR":null,"FSK":"033147008000940060__","upflicht":"??","bauart":"Steg","baujahr":null,"GEW":"DIN","rwert":361877,"hwert":5817826,"link1":null,"link2":null,"bemerk":null,"beschreib":"privater Steg (mit Plattform) links","beschreib_lang":null,"stat_von":1905,"akz":null,"denkmal":"Nein","bez_urpl":"Steg (mit Plattform) links","Nr_WR":null,"tmp":1352,"id_bw_son_pun":92,"foto1":"https://nlwkn.hannit-share.de/index.php/core/preview?fileId=11068090&x=1280&y=819&a=true","foto2":"https://nlwkn.hannit-share.de/index.php/core/preview?fileId=11068129&x=1280&y=819&a=true","foto3":"https://nlwkn.hannit-share.de/index.php/core/preview?fileId=11068132&x=1280&y=819&a=true","foto4":null,"y_coord":"52.493062","x_coord":"6.965491","y_coord_D":52.493062000000002,"x_coord_D":6.9654910000000001}},{"type":"Feature","id":13,"geometry":{"type":"Point","coordinates":[775461.32800000161,6889742.1372999996]},"properties":{"OBJECTID":13,"ID_con":1353,"bw_id":"DIN_SON_1930","name":"Bootsanleger","km":"1+930","KTR":null,"FSK":"033147008000940060__","upflicht":"Stadt Neuenhaus","bauart":"Bootsanleger","baujahr":null,"GEW":"DIN","rwert":361917,"hwert":5817806,"link1":null,"link2":null,"bemerk":null,"beschreib":"Bootsanleger rechts im Sandfang (Stadt Neuenhaus)","beschreib_lang":null,"stat_von":1930,"akz":null,"denkmal":"Nein","bez_urpl":"Bootsanleger rechts","Nr_WR":null,"tmp":1353,"id_bw_son_pun":90,"foto1":"https://nlwkn.hannit-share.de/index.php/core/preview?fileId=11068126&x=1280&y=819&a=true","foto2":"https://nlwkn.hannit-share.de/index.php/core/preview?fileId=11068138&x=1280&y=819&a=true","foto3":"https://nlwkn.hannit-share.de/index.php/core/preview?fileId=11068141&x=1280&y=819&a=true","foto4":null,"y_coord":"52.492893","x_coord":"6.966088","y_coord_D":52.492893000000002,"x_coord_D":6.9660880000000001}},{"type":"Feature","id":14,"geometry":{"type":"Point","coordinates":[775468.85159999877,6889707.8263999969]},"properties":{"OBJECTID":14,"ID_con":1354,"bw_id":"DIN_SON_1950","name":"Kanuslipanlage","km":"1+950","KTR":null,"FSK":"033147008000940060__","upflicht":"Stadt Neuenhaus","bauart":"Kanuslipanlage","baujahr":null,"GEW":"DIN","rwert":361921,"hwert":5817785,"link1":null,"link2":null,"bemerk":null,"beschreib":"Kanuslipanlage im Dinkelsandfang Neuenhaus rechts","beschreib_lang":null,"stat_von":1950,"akz":null,"denkmal":"Nein","bez_urpl":"Kanuslipanlage rechts","Nr_WR":null,"tmp":1354,"id_bw_son_pun":91,"foto1":null,"foto2":null,"foto3":null,"foto4":null,"y_coord":"52.492705","x_coord":"6.966155","y_coord_D":52.492705000000001,"x_coord_D":6.9661549999999997}},{"type":"Feature","id":15,"geometry":{"type":"Point","coordinates":[775422.46570000052,6889491.1599999964]},"properties":{"OBJECTID":15,"ID_con":1355,"bw_id":"DIN_SON_2075","name":"Steg","km":"2+075","KTR":null,"FSK":"033147008000940060__","upflicht":"privat??","bauart":"Steg","baujahr":null,"GEW":"DIN","rwert":361889,"hwert":5817654,"link1":null,"link2":null,"bemerk":null,"beschreib":"privater Steg (mit Plattform) links im Dinkelsandfang Neuenhaus","beschreib_lang":null,"stat_von":2075,"akz":null,"denkmal":"Nein","bez_urpl":"Steg (mit Plattform) links","Nr_WR":null,"tmp":1355,"id_bw_son_pun":89,"foto1":"https://nlwkn.hannit-share.de/index.php/core/preview?fileId=11068135&x=1280&y=819&a=true","foto2":"https://nlwkn.hannit-share.de/index.php/core/preview?fileId=11068147&x=1280&y=819&a=true","foto3":null,"foto4":null,"y_coord":"52.49152","x_coord":"6.965739","y_coord_D":52.491520000000001,"x_coord_D":6.9657390000000001}},{"type":"Feature","id":16,"geometry":{"type":"Point","coordinates":[775422.30449999869,6889438.5502000004]},"properties":{"OBJECTID":16,"ID_con":1356,"bw_id":"DIN_SON_2105","name":"Bootsanleger Kurbelfähre links","km":"2+105","KTR":null,"FSK":"033147008000940060__","upflicht":"Stadt Neuenhaus","bauart":"Bootsanleger","baujahr":null,"GEW":"DIN","rwert":361888,"hwert":5817622,"link1":null,"link2":null,"bemerk":null,"beschreib":"Seit Mai 2013 können Ausflügler und Fahrradfahrer mit der Kurbelfähre 'Haal over'von einem Ufer der Dinkel ans andere Ufer gelangen. Die Fähre hat keinen Motor; angekurbelt durch die eigene Muskelkraft gleitet sie durch's Wasser - und das 72 Meter.","beschreib_lang":"Seit Mai 2013 können Ausflügler und Fahrradfahrer mit der Kurbelfähre 'Haal over'von einem Ufer der Dinkel ans andere Ufer gelangen. Die Fähre hat keinen Motor; angekurbelt durch die eigene Muskelkraft gleitet sie durch's Wasser - und das 72 Meter.        \nDie Kurbelfähre ist eingebunden in das Radwandernetz der Grafschafter Fietsentour, Route 15 und Route 16. Insgesamt 12 Personen mitsamt ihren Fahrrädern haben für eine sichere und vergnügliche Überfahrt Platz.\nDer Anleger der Fähre kann mit dem Auto, dem Fahrrad und natürlich zu Fuß erreicht werden über den Fuß-/Radweg hinter dem Dinkelbad Neuenhaus (Parkplätze), Bosthorst 16, 49828 Neuenhaus bzw. hinter den Sportanlagen.\nHier liegt auch das Bootshaus am Dinkelsee, welches von den Wassersportfreunden Neuenhaus e.V. genutzt wird und von wo aus Kanutouren stattfinden.  \nAuf der anderen Fluss-Seite ist die Fähre über die Lager Straße, dann abbiegen in die Breslauer Straße, zu erreichen.\nUnweit hierzu befindet sich der Grillplatz am Dinkelsee.  \nIn der Herbst- und Wintersaison (ab Oktober) ist die Kurbelfähre nicht zu benutzen, da diese dann aus dem Wasser an Land gezogen wird. Ab Mai wird 'Haal over' wieder in Betrieb genommen.","stat_von":2105,"akz":null,"denkmal":"Nein","bez_urpl":"Bootsanleger links (Kurbelfähre)","Nr_WR":null,"tmp":1356,"id_bw_son_pun":87,"foto1":"https://nlwkn.hannit-share.de/index.php/core/preview?fileId=11068144&x=1280&y=819&a=true","foto2":"https://nlwkn.hannit-share.de/index.php/core/preview?fileId=11068153&x=1280&y=819&a=true","foto3":"https://nlwkn.hannit-share.de/index.php/core/preview?fileId=11068156&x=1280&y=819&a=true","foto4":"https://nlwkn.hannit-share.de/index.php/core/preview?fileId=11068159&x=1280&y=819&a=true","y_coord":"52.491232","x_coord":"6.965737","y_coord_D":52.491231999999997,"x_coord_D":6.9657369999999998}},{"type":"Feature","id":17,"geometry":{"type":"Point","coordinates":[775539.44680000097,6889471.4486000016]},"properties":{"OBJECTID":17,"ID_con":1357,"bw_id":"DIN_SON_2106","name":"Bootsanleger Kurbelfähre rechts","km":"2+106","KTR":null,"FSK":"033147008000940060__","upflicht":"Stadt Neuenhaus","bauart":"Bootsanleger","baujahr":null,"GEW":"DIN","rwert":361960,"hwert":5817640,"link1":null,"link2":null,"bemerk":null,"beschreib":"Seit Mai 2013 können Ausflügler und Fahrradfahrer mit der Kurbelfähre 'Haal over'von einem Ufer der Dinkel ans andere Ufer gelangen. Die Fähre hat keinen Motor; angekurbelt durch die eigene Muskelkraft gleitet sie durch's Wasser - und das 72 Meter.","beschreib_lang":"Seit Mai 2013 können Ausflügler und Fahrradfahrer mit der Kurbelfähre 'Haal over'von einem Ufer der Dinkel ans andere Ufer gelangen. Die Fähre hat keinen Motor; angekurbelt durch die eigene Muskelkraft gleitet sie durch's Wasser - und das 72 Meter.        \nDie Kurbelfähre ist eingebunden in das Radwandernetz der Grafschafter Fietsentour, Route 15 und Route 16. Insgesamt 12 Personen mitsamt ihren Fahrrädern haben für eine sichere und vergnügliche Überfahrt Platz.\nDer Anleger der Fähre kann mit dem Auto, dem Fahrrad und natürlich zu Fuß erreicht werden über den Fuß-/Radweg hinter dem Dinkelbad Neuenhaus (Parkplätze), Bosthorst 16, 49828 Neuenhaus bzw. hinter den Sportanlagen.\nHier liegt auch das Bootshaus am Dinkelsee, welches von den Wassersportfreunden Neuenhaus e.V. genutzt wird und von wo aus Kanutouren stattfinden.  \nAuf der anderen Fluss-Seite ist die Fähre über die Lager Straße, dann abbiegen in die Breslauer Straße, zu erreichen.\nUnweit hierzu befindet sich der Grillplatz am Dinkelsee.  \nIn der Herbst- und Wintersaison (ab Oktober) ist die Kurbelfähre nicht zu benutzen, da diese dann aus dem Wasser an Land gezogen wird. Ab Mai wird 'Haal over' wieder in Betrieb genommen.","stat_von":2106,"akz":null,"denkmal":"Nein","bez_urpl":"Bootsanleger rechts (Kurbelfähre)","Nr_WR":null,"tmp":1357,"id_bw_son_pun":88,"foto1":"https://nlwkn.hannit-share.de/index.php/core/preview?fileId=11068150&x=1280&y=819&a=true","foto2":"https://nlwkn.hannit-share.de/index.php/core/preview?fileId=11068165&x=1280&y=819&a=true","foto3":"https://nlwkn.hannit-share.de/index.php/core/preview?fileId=11068168&x=1280&y=819&a=true","foto4":"https://nlwkn.hannit-share.de/index.php/core/preview?fileId=11068171&x=1280&y=819&a=true","y_coord":"52.491412","x_coord":"6.966789","y_coord_D":52.491411999999997,"x_coord_D":6.9667890000000003}},{"type":"Feature","id":18,"geometry":{"type":"Point","coordinates":[775542.88489999995,6889407.4332000017]},"properties":{"OBJECTID":18,"ID_con":1358,"bw_id":"DIN_SON_2140","name":"Entnahmen, Samtgem. Neuenhaus,Beregnung","km":"2+140","KTR":null,"FSK":"033147008000940060__","upflicht":"Samtgemeinde Neuenhaus","bauart":"Wasserrecht (Entnahme)","baujahr":null,"GEW":"DIN","rwert":361961,"hwert":5817601,"link1":null,"link2":null,"bemerk":"A-001 (aktiv, real), OW-Entn.,Samtgem. Neuenhaus,B","beschreib":"Entnahmerecht Samtgemeinde Neuenhaus für Beregnung Sportplatz","beschreib_lang":null,"stat_von":2140,"akz":null,"denkmal":"Nein","bez_urpl":"Wasserrecht Entnahme rechts ,Beregnung,","Nr_WR":"11/12992 (aktiv)","tmp":1358,"id_bw_son_pun":259,"foto1":null,"foto2":null,"foto3":null,"foto4":null,"y_coord":"52.491062","x_coord":"6.96682","y_coord_D":52.491061999999999,"x_coord_D":6.9668200000000002}},{"type":"Feature","id":19,"geometry":{"type":"Point","coordinates":[775522.71460000053,6889308.2302000001]},"properties":{"OBJECTID":19,"ID_con":1359,"bw_id":"DIN_SON_2200","name":"Dinkelsandfang Neuenhaus","km":"2+200","KTR":"MBOVE00300","FSK":"033147008000940060__","upflicht":"NLWKN","bauart":"Sandfang","baujahr":"1974","GEW":"DIN","rwert":361947,"hwert":5817541,"link1":null,"link2":null,"bemerk":null,"beschreib":"Sandfang Neuenhaus (Dinkel). Der Sandfang wird im Zuge der Gewässerunterhaltung als Teil der Dinkel betrachtet. Sandfangräumung – Sandentnahme- in 1986 und 2001. Sandfang ist ca. alle  10 - 15 Jahre zu räumen.","beschreib_lang":"Sandfang Neuenhaus (Dinkel). Entwurf aus 1964 (UV 114-Dinkel/5). Der Sandfang wird im Zuge der Gewässerunterhaltung als Teil der Dinkel betrachtet. Sandfangräumung – Sandentnahme- in 1986 und 2001. Der Sandfang ist für eine Materialauflandung in einem Zeitraum von 10 - 15 Jahren ausgelegt.","stat_von":2200,"akz":"62026-Dinkel - Sandfang Neuenhaus-4847/2023","denkmal":"Nein","bez_urpl":"(S 2200) Dinkelsandfang Neuenhaus","Nr_WR":null,"tmp":1359,"id_bw_son_pun":228,"foto1":null,"foto2":null,"foto3":null,"foto4":null,"y_coord":"52.490519","x_coord":"6.966639","y_coord_D":52.490518999999999,"x_coord_D":6.9666389999999998}},{"type":"Feature","id":20,"geometry":{"type":"Point","coordinates":[775620.81300000101,6889143.325000003]},"properties":{"OBJECTID":20,"ID_con":2041,"bw_id":"DIN_SON_2310","name":"Entnahme, Pumpenschacht (Beregnung oder Berieselung)","km":"2+310","KTR":null,"FSK":"033147008000940060__","upflicht":"Samtgemeinde Neuenhaus","bauart":"Entnahmenstelle","baujahr":null,"GEW":"DIN","rwert":362004,"hwert":5817439,"link1":null,"link2":null,"bemerk":null,"beschreib":"Wasserrecht (11/12774), Entnahme, Pumpenschacht (Beregnung oder Berieselung)","beschreib_lang":null,"stat_von":2310,"akz":null,"denkmal":"Nein","bez_urpl":"11/12774 (aktiv) (Rechtsinhaber: Samtgemeinde Neuenhaus)","Nr_WR":"11/12774 (aktiv) (Rechtsinhaber: Samtgemeinde Neuenhaus)","tmp":2041,"id_bw_son_pun":479,"foto1":null,"foto2":null,"foto3":null,"foto4":null,"y_coord":"52.489617","x_coord":"6.96752","y_coord_D":52.489617000000003,"x_coord_D":6.9675200000000004}},{"type":"Feature","id":21,"geometry":{"type":"Point","coordinates":[775517.52109999955,6889084.5187000036]},"properties":{"OBJECTID":21,"ID_con":1360,"bw_id":"DIN_SON_2330","name":"Grillplatz am Sandfang","km":"2+330","KTR":null,"FSK":"033147008000940069__","upflicht":"Stadt Neuenhaus","bauart":"Grillplatz","baujahr":null,"GEW":"DIN","rwert":361940,"hwert":5817405,"link1":null,"link2":null,"bemerk":null,"beschreib":"Grillplatz am Dinkelsee in Neuenhaus, am Ende der Königsberger Straße. Ein ruhiges Plätzchen am Wasser. In geselliger Runde finden an dem festinstallierten Schwenkgrill mindestens 30 Personen Platz.","beschreib_lang":"Grillplatz am Dinkelsee in Neuenhaus, am Ende der Königsberger Straße. Ein ruhiges Plätzchen am Wasser. In geselliger Runde finden an dem festinstallierten Schwenkgrill mindestens 30 Personen Platz. Tische und Bänke sind in ausreichender Zahl vorhanden. Auf einer großen Rasenfläche neben dem Grillplatz können die Kinder Fußballspielen.\nDie Nutzungsgebühr für den Grillplatz beträgt 25,00 \u20AC. Strom, Wasser und Toiletten sind vorhanden. Das Zelten auf dem Grillplatz oder auf dem Nebengelände ist nicht gestattet.\nDer Grillplatz ist zu erreichen über die Lager Straße, dann abbiegen in die Königsberger Straße und bis zum Ende durchfahren.","stat_von":2330,"akz":null,"denkmal":"Nein","bez_urpl":null,"Nr_WR":null,"tmp":1360,"id_bw_son_pun":160,"foto1":"https://nlwkn.hannit-share.de/index.php/core/preview?fileId=11068183&x=1280&y=819&a=true","foto2":"https://nlwkn.hannit-share.de/index.php/core/preview?fileId=11068186&x=1280&y=819&a=true","foto3":"https://nlwkn.hannit-share.de/index.php/core/preview?fileId=11068189&x=1280&y=819&a=true","foto4":null,"y_coord":"52.489296","x_coord":"6.966592","y_coord_D":52.489296000000003,"x_coord_D":6.9665920000000003}},{"type":"Feature","id":22,"geometry":{"type":"Point","coordinates":[775622.58559999987,6888905.0205999985]},"properties":{"OBJECTID":22,"ID_con":2062,"bw_id":"DIN_SON_2450","name":"Kunstobjekt","km":"2+450","KTR":null,"FSK":"033147008000940060__","upflicht":"??","bauart":"Kunst","baujahr":"2012","GEW":"DIN","rwert":362001,"hwert":5817294,"link1":null,"link2":null,"bemerk":"??Vertrag??","beschreib":"Die Dinkelstein-Route ist ein Kunstprojekt mit hohem Freizeitwert und wertvoll für den Tourismus. Die Skulpturen sprechen Einladungen aus, sie genau zu betrachten und in Ruhe auf sich wirken zu lassen und in einen Diskurs einzutreten.","beschreib_lang":"Die Dinkelstein-Route ist ein Kunstprojekt mit hohem Freizeitwert und wertvoll für den Tourismus. Die Skulpturen sprechen Einladungen aus, sie genau zu betrachten und in Ruhe auf sich wirken zu lassen und in einen Diskurs einzutreten.\nSomit entstanden bis Nov. 2007 bisher insgesamt 17 Dinkelsteine. In Neuenhaus endet die Dinkel und mündet in die Vechte. Was lag da näher, als dass auch Neuenhaus sich an der Dinkelstein-Route beteiligt. Aufgrund eines Aufrufes nahmen 4 Hobbykünstler aus Neuenhaus und Nordhorn daran teil. Ihre Skulpturen wurden im Jahr 2012 an 3 markanten Punkten der Dinkel aufgestellt","stat_von":2450,"akz":null,"denkmal":"Nein","bez_urpl":null,"Nr_WR":null,"tmp":2062,"id_bw_son_pun":488,"foto1":"https://nlwkn.hannit-share.de/index.php/core/preview?fileId=11068192&x=1280&y=819&a=true","foto2":"https://nlwkn.hannit-share.de/index.php/core/preview?fileId=11068195&x=1280&y=819&a=true","foto3":"https://nlwkn.hannit-share.de/index.php/core/preview?fileId=11068198&x=1280&y=819&a=true","foto4":null,"y_coord":"52.488314","x_coord":"6.967536","y_coord_D":52.488314000000003,"x_coord_D":6.967536}},{"type":"Feature","id":23,"geometry":{"type":"Point","coordinates":[775848.97129999846,6888608.9523999989]},"properties":{"OBJECTID":23,"ID_con":2136,"bw_id":"DIN_SON_2660","name":"Biotop (GB-NOH 3507/ 080)","km":"2+660","KTR":null,"FSK":"03314704600011______","upflicht":"Landkreis Grafschaft Bentheim","bauart":"Biotop","baujahr":null,"GEW":"DIN","rwert":362134,"hwert":5817110,"link1":null,"link2":null,"bemerk":null,"beschreib":"Biotop (GB-NOH 3507/ 080, Bruchwald ; nicht kartiert) rechtsseitig unterhalb der Brücke Südring (B 403) auf dem Gebiet der Stadt Neuenhaus teilweise bis an Böschungsoberkante","beschreib_lang":null,"stat_von":2660,"akz":null,"denkmal":"Nein","bez_urpl":"Biotop (GB-NOH 3507/ 080)","Nr_WR":null,"tmp":2136,"id_bw_son_pun":512,"foto1":null,"foto2":null,"foto3":null,"foto4":null,"y_coord":"52.486694","x_coord":"6.96957","y_coord_D":52.486694,"x_coord_D":6.96957}},{"type":"Feature","id":24,"geometry":{"type":"Point","coordinates":[775777.13080000132,6888422.8300999999]},"properties":{"OBJECTID":24,"ID_con":2064,"bw_id":"DIN_SON_2755","name":"Böschungstreppe rechts oh Brücke","km":"2+755","KTR":null,"FSK":"03314704700015______","upflicht":"NLSTBV","bauart":"Böschungstreppe","baujahr":"2002","GEW":"DIN","rwert":362087,"hwert":5816998,"link1":null,"link2":null,"bemerk":null,"beschreib":"Böschungstreppe rechts oh Brücke","beschreib_lang":null,"stat_von":2755,"akz":null,"denkmal":"Nein","bez_urpl":null,"Nr_WR":null,"tmp":2064,"id_bw_son_pun":490,"foto1":"https://nlwkn.hannit-share.de/index.php/core/preview?fileId=11068201&x=1280&y=819&a=true","foto2":"https://nlwkn.hannit-share.de/index.php/core/preview?fileId=11068204&x=1280&y=819&a=true","foto3":"https://nlwkn.hannit-share.de/index.php/core/preview?fileId=11068207&x=1280&y=819&a=true","foto4":"https://nlwkn.hannit-share.de/index.php/core/preview?fileId=11068210&x=1280&y=819&a=true","y_coord":"52.485676","x_coord":"6.968925","y_coord_D":52.485675999999998,"x_coord_D":6.9689249999999996}},{"type":"Feature","id":25,"geometry":{"type":"Point","coordinates":[775729.85040000081,6888413.2780999988]},"properties":{"OBJECTID":25,"ID_con":2063,"bw_id":"DIN_SON_2760","name":"Böschungstreppe uh Brücke B 403","km":"2+760","KTR":null,"FSK":"033147046000760005__","upflicht":"NLSTBV","bauart":"Böschungstreppe","baujahr":"2002","GEW":"DIN","rwert":362058,"hwert":5816993,"link1":null,"link2":null,"bemerk":null,"beschreib":"Böschungstreppe uh Brücke B 403","beschreib_lang":null,"stat_von":2760,"akz":null,"denkmal":"Nein","bez_urpl":null,"Nr_WR":null,"tmp":2063,"id_bw_son_pun":489,"foto1":"https://nlwkn.hannit-share.de/index.php/core/preview?fileId=11068213&x=1280&y=819&a=true","foto2":"https://nlwkn.hannit-share.de/index.php/core/preview?fileId=11068216&x=1280&y=819&a=true","foto3":null,"foto4":null,"y_coord":"52.485624","x_coord":"6.9685","y_coord_D":52.485624000000001,"x_coord_D":6.9684999999999997}},{"type":"Feature","id":26,"geometry":{"type":"Point","coordinates":[775700.55959999934,6888113.3039999977]},"properties":{"OBJECTID":26,"ID_con":1361,"bw_id":"DIN_SON_2945","name":"Altgewässer","km":"2+945","KTR":null,"FSK":"03314704700006______","upflicht":"Stichting Twickel??","bauart":"Altgewässer","baujahr":null,"GEW":"DIN","rwert":362035,"hwert":5816811,"link1":null,"link2":null,"bemerk":null,"beschreib":"Altgewässer","beschreib_lang":null,"stat_von":2945,"akz":null,"denkmal":"Nein","bez_urpl":null,"Nr_WR":null,"tmp":1361,"id_bw_son_pun":86,"foto1":null,"foto2":null,"foto3":null,"foto4":null,"y_coord":"52.483983","x_coord":"6.968237","y_coord_D":52.483983000000002,"x_coord_D":6.9682370000000002}},{"type":"Feature","id":27,"geometry":{"type":"Point","coordinates":[775280.43859999999,6887777.6516000032]},"properties":{"OBJECTID":27,"ID_con":2135,"bw_id":"DIN_SON_3220","name":"Biotop (GB-NOH 3507/033)","km":"3+220","KTR":null,"FSK":"03314704200106______","upflicht":"Landkreis Grafschaft Bentheim","bauart":"Biotop","baujahr":null,"GEW":"DIN","rwert":361773,"hwert":5816614,"link1":null,"link2":null,"bemerk":"GB-NOH 3507/033 (Bruchwald, Auwald ; nicht kartiert)","beschreib":"Biotop (GB-NOH 3507/033, Bruchwald, Auwald ; nicht kartiert) linksseitig auf dem Gebiet der Stadt Neuenhaus ohne direkte Verbindung zur Dinkel","beschreib_lang":null,"stat_von":3220,"akz":null,"denkmal":"Nein","bez_urpl":null,"Nr_WR":null,"tmp":2135,"id_bw_son_pun":511,"foto1":null,"foto2":null,"foto3":null,"foto4":null,"y_coord":"52.482146","x_coord":"6.964463","y_coord_D":52.482146,"x_coord_D":6.9644630000000003}},{"type":"Feature","id":28,"geometry":{"type":"Point","coordinates":[775611.9375,6887182.2009999976]},"properties":{"OBJECTID":28,"ID_con":1362,"bw_id":"DIN_SON_3640","name":"markantes Einzelgehölz (Eiche)","km":"3+640","KTR":null,"FSK":"03314300700001______","upflicht":"NLWKN/Stichting","bauart":"Einzelgehölz (Eiche)","baujahr":null,"GEW":"DIN","rwert":361965,"hwert":5816246,"link1":null,"link2":null,"bemerk":null,"beschreib":"markantes Einzelgehölz (Eiche) rechtsseitig","beschreib_lang":null,"stat_von":3640,"akz":null,"denkmal":"Nein","bez_urpl":"markanter Einzelbaum rechts","Nr_WR":null,"tmp":1362,"id_bw_son_pun":289,"foto1":"https://nlwkn.hannit-share.de/index.php/core/preview?fileId=11068219&x=1280&y=819&a=true","foto2":null,"foto3":null,"foto4":null,"y_coord":"52.478889","x_coord":"6.967441","y_coord_D":52.478889000000002,"x_coord_D":6.967441}},{"type":"Feature","id":29,"geometry":{"type":"Point","coordinates":[775759.1090000011,6887078.5429000035]},"properties":{"OBJECTID":29,"ID_con":2134,"bw_id":"DIN_SON_3740","name":"Biotop (GB-NOH 3507/079)","km":"3+740","KTR":null,"FSK":"03314300700001______","upflicht":"Landkreis Grafschaft Bentheim","bauart":"Biotop","baujahr":null,"GEW":"DIN","rwert":362053,"hwert":5816180.4000000004,"link1":null,"link2":null,"bemerk":"!!Die Verbindung bzw. der Rohrdurchlass sind zu prüfen!!","beschreib":"Biotop (GB-NOH 3507/079, Naturnahes Kleingewässer) rechtsseitig auf dem Gebiet der Gemeinde Lage mit direkter Verbindung der Dinkel über Rohrdurchlass (ID: 279)","beschreib_lang":null,"stat_von":3740,"akz":null,"denkmal":"Nein","bez_urpl":"Biotop (GB-NOH 3507/079)","Nr_WR":null,"tmp":2134,"id_bw_son_pun":510,"foto1":null,"foto2":null,"foto3":null,"foto4":null,"y_coord":"52.478322","x_coord":"6.968763","y_coord_D":52.478321999999999,"x_coord_D":6.968763}},{"type":"Feature","id":30,"geometry":{"type":"Point","coordinates":[775898.14330000058,6886914.1770000011]},"properties":{"OBJECTID":30,"ID_con":2133,"bw_id":"DIN_SON_3870","name":"Biotop (GB-NOH 3507/078)","km":"3+870","KTR":null,"FSK":"03314300700001______","upflicht":"Landkreis Grafschaft Bentheim","bauart":"Biotop","baujahr":null,"GEW":"DIN","rwert":362135,"hwert":5816078,"link1":null,"link2":null,"bemerk":"!!Die Grabeneinmündung ist zu prüfen!!","beschreib":"Biotop (GB-NOH 3507/078, Naturnahes Kleingewässer) rechtsseitig in der Gemeinde Lage mit direkter Verbindung zur Dinkel über Grabeneinmündung (ID: 280).","beschreib_lang":null,"stat_von":3870,"akz":null,"denkmal":"Nein","bez_urpl":"Biotop (GB-NOH 3507/078)","Nr_WR":null,"tmp":2133,"id_bw_son_pun":509,"foto1":null,"foto2":null,"foto3":null,"foto4":null,"y_coord":"52.477422","x_coord":"6.970012","y_coord_D":52.477421999999997,"x_coord_D":6.9700119999999997}},{"type":"Feature","id":31,"geometry":{"type":"Point","coordinates":[775699.22509999946,6886759.0210999995]},"properties":{"OBJECTID":31,"ID_con":2132,"bw_id":"DIN_SON_3880","name":"Biotop (GB-NOH 3507/036)","km":"3+880","KTR":null,"FSK":"033143002000860001__","upflicht":"Landkreis Grafschaft Bentheim","bauart":"Biotop","baujahr":null,"GEW":"DIN","rwert":362011,"hwert":5815987,"link1":null,"link2":null,"bemerk":null,"beschreib":"Biotop (GB-NOH 3507/036) linksseitig auf dem Gebiet der Gemeinde Lage ohne direkte Verbindung zur Dinkel.","beschreib_lang":null,"stat_von":3880,"akz":null,"denkmal":"Nein","bez_urpl":null,"Nr_WR":null,"tmp":2132,"id_bw_son_pun":508,"foto1":null,"foto2":null,"foto3":null,"foto4":null,"y_coord":"52.476573","x_coord":"6.968225","y_coord_D":52.476573000000002,"x_coord_D":6.9682250000000003}},{"type":"Feature","id":32,"geometry":{"type":"Point","coordinates":[775915.47630000114,6886646.7964999974]},"properties":{"OBJECTID":32,"ID_con":1363,"bw_id":"DIN_SON_4010","name":"Gebäude an Böschungskante Dinkel","km":"4+010","KTR":null,"FSK":"033143002000640007__","upflicht":"Horstmann","bauart":"Gebäude","baujahr":null,"GEW":"DIN","rwert":362141,"hwert":5815915,"link1":null,"link2":null,"bemerk":null,"beschreib":"Gebäude an Böschungskante Dinkel","beschreib_lang":null,"stat_von":4010,"akz":null,"denkmal":"Nein","bez_urpl":"Gebäude links","Nr_WR":null,"tmp":1363,"id_bw_son_pun":85,"foto1":"https://nlwkn.hannit-share.de/index.php/core/preview?fileId=11068222&x=1280&y=819&a=true","foto2":null,"foto3":null,"foto4":null,"y_coord":"52.475959","x_coord":"6.970167","y_coord_D":52.475959000000003,"x_coord_D":6.970167}},{"type":"Feature","id":33,"geometry":{"type":"Point","coordinates":[776108.12840000167,6886616.069600001]},"properties":{"OBJECTID":33,"ID_con":2040,"bw_id":"DIN_SON_4115","name":"Tor","km":"4+115","KTR":null,"FSK":"03314300700027______","upflicht":"NLWKN","bauart":"Tor","baujahr":null,"GEW":"DIN","rwert":362258,"hwert":5815893,"link1":null,"link2":null,"bemerk":null,"beschreib":"Tor","beschreib_lang":null,"stat_von":4115,"akz":null,"denkmal":"Nein","bez_urpl":null,"Nr_WR":null,"tmp":2040,"id_bw_son_pun":478,"foto1":"https://nlwkn.hannit-share.de/index.php/core/preview?fileId=11068231&x=1280&y=819&a=true","foto2":null,"foto3":null,"foto4":null,"y_coord":"52.475791","x_coord":"6.971898","y_coord_D":52.475791000000001,"x_coord_D":6.9718980000000004}},{"type":"Feature","id":34,"geometry":{"type":"Point","coordinates":[776281.99269999936,6886729.4236999974]},"properties":{"OBJECTID":34,"ID_con":2131,"bw_id":"DIN_SON_4180","name":"Biotop (GB-NOH 3507/040)","km":"4+180","KTR":null,"FSK":"03314300700009______","upflicht":"Landkreis Grafschaft Bentheim","bauart":"Biotop","baujahr":null,"GEW":"DIN","rwert":362366,"hwert":5815959,"link1":null,"link2":null,"bemerk":null,"beschreib":"Biotop (GB-NOH 3507/040, (Erlen-)Bruchwald) rechtsseitig auf dem Gebiet der Gemeinde Lage ohne direkte Verbindung zur Dinkel","beschreib_lang":null,"stat_von":4180,"akz":null,"denkmal":"Nein","bez_urpl":null,"Nr_WR":null,"tmp":2131,"id_bw_son_pun":507,"foto1":null,"foto2":null,"foto3":null,"foto4":null,"y_coord":"52.476411","x_coord":"6.97346","y_coord_D":52.476410999999999,"x_coord_D":6.9734600000000002}},{"type":"Feature","id":35,"geometry":{"type":"Point","coordinates":[776593.67839999869,6886486.7567000017]},"properties":{"OBJECTID":35,"ID_con":2130,"bw_id":"DIN_SON_4320","name":"Biotop (GB NOH 3507/072)","km":"4+320","KTR":null,"FSK":"03314300700018______","upflicht":"Landkreis Grafschaft Bentheim","bauart":"Biotop","baujahr":null,"GEW":"DIN","rwert":362552,"hwert":5815806,"link1":null,"link2":null,"bemerk":null,"beschreib":"Biotop (GB NOH 3507/072) rechtsseitig auf dem Gebiet der Gemeinde Lage ohne direkte Verbindung zur Dinkel","beschreib_lang":null,"stat_von":4320,"akz":null,"denkmal":"Nein","bez_urpl":null,"Nr_WR":"B","tmp":2130,"id_bw_son_pun":506,"foto1":null,"foto2":null,"foto3":null,"foto4":null,"y_coord":"52.475084","x_coord":"6.97626","y_coord_D":52.475084000000003,"x_coord_D":6.9762599999999999}},{"type":"Feature","id":36,"geometry":{"type":"Point","coordinates":[776418.08650000021,6886200.8211999983]},"properties":{"OBJECTID":36,"ID_con":1364,"bw_id":"DIN_SON_4430","name":"Infotafel","km":"4+430","KTR":null,"FSK":"03314300700021______","upflicht":"Gemeinde Lage","bauart":"Infotafel","baujahr":null,"GEW":"DIN","rwert":362440,"hwert":5815635,"link1":null,"link2":null,"bemerk":null,"beschreib":"Infotafel u.a. zur Eichenallee in Lage oder zur Geschichte von Lage","beschreib_lang":null,"stat_von":4430,"akz":null,"denkmal":"Nein","bez_urpl":null,"Nr_WR":null,"tmp":1364,"id_bw_son_pun":223,"foto1":"https://nlwkn.hannit-share.de/index.php/core/preview?fileId=11068240&x=1280&y=819&a=true","foto2":"https://nlwkn.hannit-share.de/index.php/core/preview?fileId=11068243&x=1280&y=819&a=true","foto3":null,"foto4":null,"y_coord":"52.473519","x_coord":"6.974682","y_coord_D":52.473519000000003,"x_coord_D":6.9746819999999996}},{"type":"Feature","id":37,"geometry":{"type":"Point","coordinates":[776417.09180000052,6886177.7876999974]},"properties":{"OBJECTID":37,"ID_con":1365,"bw_id":"DIN_SON_4445","name":"Spundwandrest","km":"4+445","KTR":null,"FSK":"03314300700024______","upflicht":"??NLWKN","bauart":"Spundwandrest","baujahr":null,"GEW":"DIN","rwert":362439,"hwert":5815621,"link1":null,"link2":null,"bemerk":null,"beschreib":"Spundwandrest in der Wasserwechselzone (Böschungsunterkante) rechts oberhalb Kalverlager Brücke","beschreib_lang":null,"stat_von":4445,"akz":null,"denkmal":"Nein","bez_urpl":"Spundwandrest in der Wasserwechselzone (Böschungsunterkante) rechts","Nr_WR":null,"tmp":1365,"id_bw_son_pun":224,"foto1":"https://nlwkn.hannit-share.de/index.php/core/preview?fileId=11068246&x=1280&y=819&a=true","foto2":null,"foto3":null,"foto4":null,"y_coord":"52.473393","x_coord":"6.974673","y_coord_D":52.473393000000002,"x_coord_D":6.9746730000000001}},{"type":"Feature","id":38,"geometry":{"type":"Point","coordinates":[776358.63430000097,6886158.0683000013]},"properties":{"OBJECTID":38,"ID_con":2039,"bw_id":"DIN_SON_4450","name":"Tor","km":"4+450","KTR":null,"FSK":"033143002000640006__","upflicht":"??","bauart":"Tor","baujahr":null,"GEW":"DIN","rwert":362403,"hwert":5815610,"link1":null,"link2":null,"bemerk":null,"beschreib":"Tor","beschreib_lang":null,"stat_von":4450,"akz":null,"denkmal":"Nein","bez_urpl":"Tor","Nr_WR":null,"tmp":2039,"id_bw_son_pun":477,"foto1":"https://nlwkn.hannit-share.de/index.php/core/preview?fileId=11068249&x=1280&y=819&a=true","foto2":"https://nlwkn.hannit-share.de/index.php/core/preview?fileId=11068252&x=1280&y=819&a=true","foto3":null,"foto4":null,"y_coord":"52.473285","x_coord":"6.974148","y_coord_D":52.473284999999997,"x_coord_D":6.9741479999999996}},{"type":"Feature","id":39,"geometry":{"type":"Point","coordinates":[776602.86450000107,6885571.7446999997]},"properties":{"OBJECTID":39,"ID_con":1366,"bw_id":"DIN_SON_4835","name":"Einstürzender Baum","km":"4+835","KTR":null,"FSK":"033143002000010021__","upflicht":"??NLWKN","bauart":"Einstürzender Baum","baujahr":null,"GEW":"DIN","rwert":362542,"hwert":5815249,"link1":null,"link2":null,"bemerk":"Entfernen??","beschreib":"Einstürzender Baum","beschreib_lang":null,"stat_von":4835,"akz":null,"denkmal":"Nein","bez_urpl":null,"Nr_WR":null,"tmp":1366,"id_bw_son_pun":225,"foto1":"https://nlwkn.hannit-share.de/index.php/core/preview?fileId=11068258&x=1280&y=819&a=true","foto2":null,"foto3":null,"foto4":null,"y_coord":"52.470077","x_coord":"6.976342","y_coord_D":52.470077000000003,"x_coord_D":6.9763419999999998}},{"type":"Feature","id":40,"geometry":{"type":"Point","coordinates":[776582.6270999983,6885357.5732000023]},"properties":{"OBJECTID":40,"ID_con":1368,"bw_id":"DIN_SON_4955","name":"Einstürzender Baum","km":"4+955","KTR":null,"FSK":"033143002000010045__","upflicht":"??NLWKN","bauart":"Einstürzender Baum","baujahr":null,"GEW":"DIN","rwert":362526,"hwert":5815119,"link1":null,"link2":null,"bemerk":"Entfernen??","beschreib":"Einstürzender Baum","beschreib_lang":null,"stat_von":4955,"akz":null,"denkmal":"Nein","bez_urpl":null,"Nr_WR":null,"tmp":1368,"id_bw_son_pun":226,"foto1":"https://nlwkn.hannit-share.de/index.php/core/preview?fileId=11068282&x=1280&y=819&a=true","foto2":"https://nlwkn.hannit-share.de/index.php/core/preview?fileId=11068285&x=1280&y=819&a=true","foto3":null,"foto4":null,"y_coord":"52.468905","x_coord":"6.97616","y_coord_D":52.468904999999999,"x_coord_D":6.9761600000000001}},{"type":"Feature","id":41,"geometry":{"type":"Point","coordinates":[775601.12999999896,6884648.0923999995]},"properties":{"OBJECTID":41,"ID_con":1370,"bw_id":"DIN_SON_5685","name":"Schrägpegellatte Brücke Grenzstraße mit Böschungstreppe","km":"5+685","KTR":null,"FSK":"033143002000150017__","upflicht":"NLWKN","bauart":"Schrägpegel","baujahr":null,"GEW":"DIN","rwert":361915,"hwert":5814704,"link1":null,"link2":null,"bemerk":null,"beschreib":"Schrägpegellatte Brücke Grenzstraße mit Böschungstreppe","beschreib_lang":null,"stat_von":5685,"akz":null,"denkmal":"Nein","bez_urpl":"Schrägpegel in Böschung links mit Treppe","Nr_WR":null,"tmp":1370,"id_bw_son_pun":288,"foto1":"https://nlwkn.hannit-share.de/index.php/core/preview?fileId=11068309&x=1280&y=819&a=true","foto2":"https://nlwkn.hannit-share.de/index.php/core/preview?fileId=11068312&x=1280&y=819&a=true","foto3":"https://nlwkn.hannit-share.de/index.php/core/preview?fileId=11068315&x=1280&y=819&a=true","foto4":null,"y_coord":"52.465022","x_coord":"6.967343","y_coord_D":52.465021999999998,"x_coord_D":6.9673429999999996}},{"type":"Feature","id":42,"geometry":{"type":"Point","coordinates":[775581.52560000122,6884645.8963000029]},"properties":{"OBJECTID":42,"ID_con":1371,"bw_id":"DIN_SON_5690","name":"Pegel Lage I","km":"5+690","KTR":null,"FSK":"033143002000150028__","upflicht":"NLWKN, GB 3","bauart":"Pegel","baujahr":null,"GEW":"DIN","rwert":361903,"hwert":5814703,"link1":null,"link2":null,"bemerk":null,"beschreib":"Pegel  (incl. Schrägpegellatte Brücke Grenzstraße) des NLWKN (Siehe auch Pegel-Online:  https://www.pegelonline.nlwkn.niedersachsen.de/Karte )","beschreib_lang":null,"stat_von":5690,"akz":null,"denkmal":"Nein","bez_urpl":"Pegel Lage I (uh Brücke K 23)","Nr_WR":null,"tmp":1371,"id_bw_son_pun":264,"foto1":"https://nlwkn.hannit-share.de/index.php/core/preview?fileId=11068318&x=1280&y=819&a=true","foto2":"https://nlwkn.hannit-share.de/index.php/core/preview?fileId=11068321&x=1280&y=819&a=true","foto3":null,"foto4":null,"y_coord":"52.46501","x_coord":"6.967167","y_coord_D":52.465009999999999,"x_coord_D":6.9671669999999999}},{"type":"Feature","id":43,"geometry":{"type":"Point","coordinates":[774204.89380000159,6881919.5450000018]},"properties":{"OBJECTID":43,"ID_con":2065,"bw_id":"DIN_SON_7615","name":"Stein auf Böschung","km":"7+615","KTR":null,"FSK":"033142006000010002__","upflicht":"??","bauart":"Stein auf Böschung","baujahr":null,"GEW":"DIN","rwert":361016,"hwert":5813067,"link1":null,"link2":null,"bemerk":null,"beschreib":"Stein auf Böschung","beschreib_lang":null,"stat_von":7615,"akz":null,"denkmal":"Nein","bez_urpl":"Stein auf Böschung","Nr_WR":null,"tmp":2065,"id_bw_son_pun":491,"foto1":"https://nlwkn.hannit-share.de/index.php/core/preview?fileId=11068351&x=1280&y=819&a=true","foto2":null,"foto3":null,"foto4":null,"y_coord":"52.450086","x_coord":"6.954801","y_coord_D":52.450085999999999,"x_coord_D":6.9548009999999998}},{"type":"Feature","id":44,"geometry":{"type":"Point","coordinates":[774350.59760000184,6881632.9821000025]},"properties":{"OBJECTID":44,"ID_con":1373,"bw_id":"DIN_SON_7790","name":"Biotop (GB-NOH 3507/050)","km":"7+790","KTR":null,"FSK":"033143006002750242__","upflicht":"Landkreis Grafschaft Bentheim","bauart":"Biotop","baujahr":null,"GEW":"DIN","rwert":361100,"hwert":5812890,"link1":null,"link2":null,"bemerk":null,"beschreib":"Biotop (Altarm, GB-NOH 3507/050, Naturnahes Kleingewässer, SE) rechtsseitig auf dem Gebiet der Gemeinde Lage mit direkter, freier Verbindung zur Dinkel (ID: 294)","beschreib_lang":null,"stat_von":7790,"akz":null,"denkmal":"Nein","bez_urpl":"Biotop (GB-NOH 3507/050)","Nr_WR":null,"tmp":1373,"id_bw_son_pun":158,"foto1":null,"foto2":null,"foto3":null,"foto4":null,"y_coord":"52.448517","x_coord":"6.95611","y_coord_D":52.448517000000002,"x_coord_D":6.9561099999999998}},{"type":"Feature","id":45,"geometry":{"type":"Point","coordinates":[774330.3040000014,6881307.2321999967]},"properties":{"OBJECTID":45,"ID_con":1374,"bw_id":"DIN_SON_7960","name":"Biotop (GB-NOH 3507/052)","km":"7+960","KTR":null,"FSK":"033143006001180001__","upflicht":"Landkreis Grafschaft Bentheim","bauart":"Biotop","baujahr":null,"GEW":"DIN","rwert":361082,"hwert":5812692,"link1":null,"link2":null,"bemerk":null,"beschreib":"Biotop (GB-NOH 3507/052, Naturnahes Kleingewässer, SE) rechtsseitg auf dem Gebiet der Gemeinde Lage ohne direkte Verbindung zur Dinkel","beschreib_lang":null,"stat_von":7960,"akz":null,"denkmal":"Nein","bez_urpl":null,"Nr_WR":null,"tmp":1374,"id_bw_son_pun":159,"foto1":"https://nlwkn.hannit-share.de/index.php/core/preview?fileId=11068369&x=1280&y=819&a=true","foto2":"https://nlwkn.hannit-share.de/index.php/core/preview?fileId=11068372&x=1280&y=819&a=true","foto3":"https://nlwkn.hannit-share.de/index.php/core/preview?fileId=11068375&x=1280&y=819&a=true","foto4":null,"y_coord":"52.446734","x_coord":"6.955927","y_coord_D":52.446733999999999,"x_coord_D":6.955927}},{"type":"Feature","id":46,"geometry":{"type":"Point","coordinates":[774387.11450000107,6881267.7871000022]},"properties":{"OBJECTID":46,"ID_con":2129,"bw_id":"DIN_SON_7970","name":"Biotop (GB-NOH 3507/051)","km":"7+970","KTR":null,"FSK":"033143006001160001__","upflicht":"Landkreis Grafschaft Bentheim","bauart":"Biotop","baujahr":null,"GEW":"DIN","rwert":361116,"hwert":5812667,"link1":null,"link2":null,"bemerk":null,"beschreib":"Biotop (GB-NOH 3507/051, Naturnahes Kleingewässer, SE) rechtsseitg auf dem Gebiet der Gemeinde Lage ohne direkte Verbindung zur Dinkel","beschreib_lang":null,"stat_von":7970,"akz":null,"denkmal":"Nein","bez_urpl":null,"Nr_WR":null,"tmp":2129,"id_bw_son_pun":505,"foto1":"https://nlwkn.hannit-share.de/index.php/core/preview?fileId=11068378&x=1280&y=819&a=true","foto2":"https://nlwkn.hannit-share.de/index.php/core/preview?fileId=11068381&x=1280&y=819&a=true","foto3":null,"foto4":null,"y_coord":"52.446518","x_coord":"6.956438","y_coord_D":52.446517999999998,"x_coord_D":6.9564380000000003}},{"type":"Feature","id":47,"geometry":{"type":"Point","coordinates":[774250.91710000113,6881217.9406000003]},"properties":{"OBJECTID":47,"ID_con":2128,"bw_id":"DIN_SON_8010","name":"Biotop (GB-NOH 3507/053)","km":"8+010","KTR":null,"FSK":"033143006001780006__","upflicht":"Landkreis Grafschaft Bentheim","bauart":"Biotop","baujahr":null,"GEW":"DIN","rwert":361032,"hwert":5812639,"link1":null,"link2":null,"bemerk":null,"beschreib":"Biotop (GB-NOH 3507/053, Naturnahes Kleingewässer, SE) rechtsseitg auf dem Gebiet der Gemeinde Lage ohne direkte Verbindung zur Dinkel","beschreib_lang":null,"stat_von":8010,"akz":null,"denkmal":"Nein","bez_urpl":"Biotop (GB-NOH 3507/053)","Nr_WR":null,"tmp":2128,"id_bw_son_pun":504,"foto1":null,"foto2":null,"foto3":null,"foto4":null,"y_coord":"52.446245","x_coord":"6.955214","y_coord_D":52.446244999999998,"x_coord_D":6.9552139999999998}},{"type":"Feature","id":48,"geometry":{"type":"Point","coordinates":[766774.5298999995,6913033.0252000019]},"properties":{"OBJECTID":48,"ID_con":1375,"bw_id":"ELK_SON_5","name":"Betriebsgebäude (Wehrsteuerung Entlastungswehr)","km":"0+005","KTR":"MBGVE40400","FSK":"033129007000250014__","upflicht":"NLWKN","bauart":"Betriebsgebäude","baujahr":"1881-1906","GEW":"ELK","rwert":357034,"hwert":5832105,"link1":null,"link2":null,"bemerk":null,"beschreib":"Betriebsgebäude des Entlastungswehrs mit Steuereinrichtungen und Hydraulik","beschreib_lang":"Betriebsgebäude des Entlastungswehrs mit Steuereinrichtungen und Hydraulik","stat_von":5,"akz":"62026-Piccardie-Coevorden-Kanal (PCK) Entlastungswehr Emlichheim, 14+505 km-576/2023","denkmal":"Nein","bez_urpl":"Betriebsgebäude (Wehrsteuerung)","Nr_WR":null,"tmp":1375,"id_bw_son_pun":275,"foto1":"https://nlwkn.hannit-share.de/index.php/core/preview?fileId=11067388&x=1280&y=819&a=true","foto2":"https://nlwkn.hannit-share.de/index.php/core/preview?fileId=11067394&x=1280&y=819&a=true","foto3":"https://nlwkn.hannit-share.de/index.php/core/preview?fileId=11067397&x=1280&y=819&a=true","foto4":"https://nlwkn.hannit-share.de/index.php/core/preview?fileId=11067400&x=1280&y=819&a=true","y_coord":"52.620097","x_coord":"6.888053","y_coord_D":52.620097000000001,"x_coord_D":6.8880530000000002}},{"type":"Feature","id":49,"geometry":{"type":"Point","coordinates":[766785.73750000075,6912987.1899999976]},"properties":{"OBJECTID":49,"ID_con":2617,"bw_id":"ELK_SON_30","name":"Sohlschwelle uh. Entlastungswehr","km":"0+030","KTR":null,"FSK":"03312900900474______","upflicht":"NLWKN","bauart":"Sohlschwelle","baujahr":null,"GEW":"ELK","rwert":357040,"hwert":5832077,"link1":null,"link2":null,"bemerk":null,"beschreib":"Sohlschwelle uh. Enlastungswehr","beschreib_lang":"Sohlschwelle uh. Enlastungswehr","stat_von":30,"akz":null,"denkmal":"Nein","bez_urpl":"Sohlschwelle uh. Entlastungswehr","Nr_WR":null,"tmp":2617,"id_bw_son_pun":660,"foto1":null,"foto2":null,"foto3":null,"foto4":null,"y_coord":"52.619847","x_coord":"6.888153","y_coord_D":52.619847,"x_coord_D":6.888153}},{"type":"Feature","id":50,"geometry":{"type":"Point","coordinates":[766434.60990000144,6912116.2802999988]},"properties":{"OBJECTID":50,"ID_con":1376,"bw_id":"ELK_SON_640","name":"Böschungstreppe rechts","km":"0+640","KTR":"MBDVE44100","FSK":"03312900900474______","upflicht":"NLWKN","bauart":"Böschungsstreppe","baujahr":null,"GEW":"ELK","rwert":356811,"hwert":5831555,"link1":null,"link2":null,"bemerk":null,"beschreib":"Böschungstreppe unterhalb Brücke Duling.","beschreib_lang":"Böschungstreppe unterhalb Brücke Duling.","stat_von":640,"akz":null,"denkmal":"Nein","bez_urpl":"Böschungstreppe unterhalb Brücke Duling.","Nr_WR":null,"tmp":1376,"id_bw_son_pun":420,"foto1":"https://nlwkn.hannit-share.de/index.php/core/preview?fileId=11067403&x=1280&y=819&a=true","foto2":null,"foto3":null,"foto4":null,"y_coord":"52.615097","x_coord":"6.884999","y_coord_D":52.615096999999999,"x_coord_D":6.8849989999999996}},{"type":"Feature","id":51,"geometry":{"type":"Point","coordinates":[813720.74949999899,6885225.5275000036]},"properties":{"OBJECTID":51,"ID_con":1387,"bw_id":"EVK_SON_40","name":"Entnahme, NLWKN Schleusungswasser","km":"0+040","KTR":null,"FSK":"033163002000360007__","upflicht":"NLWKN","bauart":"Wasserrecht (Entnahme)","baujahr":null,"GEW":"EVK","rwert":385184,"hwert":5814456,"link1":null,"link2":null,"bemerk":null,"beschreib":"Wasserrecht (A-001 (aktiv, real), OW-Entn.,Linksemsische Kanalgenossenschaft) für Entnahme aus der Ems","beschreib_lang":null,"stat_von":40,"akz":null,"denkmal":"Nein","bez_urpl":"Entnahme, zur Überleitung in HRK","Nr_WR":"11/13036 (aktiv)","tmp":1387,"id_bw_son_pun":266,"foto1":null,"foto2":null,"foto3":null,"foto4":null,"y_coord":"52.468182","x_coord":"7.309778","y_coord_D":52.468181999999999,"x_coord_D":7.3097779999999997}},{"type":"Feature","id":52,"geometry":{"type":"Point","coordinates":[813720.06980000064,6885184.4373999983]},"properties":{"OBJECTID":52,"ID_con":1388,"bw_id":"EVK_SON_60","name":"Infotafel Schleuse I EVK","km":"0+060","KTR":null,"FSK":"033163002000240001__","upflicht":"NLWKN","bauart":"Infotafel","baujahr":null,"GEW":"EVK","rwert":385183,"hwert":5814431,"link1":null,"link2":null,"bemerk":null,"beschreib":"Infotafel bei Schleuse I Ems-Vechte-Kanal am Oberhaupt (emsseitig) rechts","beschreib_lang":null,"stat_von":60,"akz":"02055-Veranstaltungen und Informationen-862/2022","denkmal":"Nein","bez_urpl":null,"Nr_WR":null,"tmp":1388,"id_bw_son_pun":450,"foto1":"https://nlwkn.hannit-share.de/index.php/core/preview?fileId=11067250&x=1280&y=819&a=true","foto2":"https://nlwkn.hannit-share.de/index.php/core/preview?fileId=11067253&x=1280&y=819&a=true","foto3":null,"foto4":null,"y_coord":"52.467957","x_coord":"7.309772","y_coord_D":52.467956999999998,"x_coord_D":7.3097719999999997}},{"type":"Feature","id":53,"geometry":{"type":"Point","coordinates":[813063.41270000115,6884602.2041999996]},"properties":{"OBJECTID":53,"ID_con":2430,"bw_id":"EVK_SON_605","name":"Skulptur Johannes der Täufer  bei Brücke Beesten","km":"0+605","KTR":null,"FSK":"033163002001790141__","upflicht":"Stadt Nordhorn?? Stadt Lingen??","bauart":"Kunst (Skulptur)","baujahr":"1990","GEW":"EVK","rwert":384774,"hwert":5814086,"link1":null,"link2":null,"bemerk":null,"beschreib":"Skulptur Johannes der Täufer von Friedel Kunst (Lingen) bei Brücke Beesten","beschreib_lang":null,"stat_von":605,"akz":null,"denkmal":"Nein","bez_urpl":null,"Nr_WR":null,"tmp":2430,"id_bw_son_pun":608,"foto1":"https://nlwkn.hannit-share.de/index.php/core/preview?fileId=11067241&x=1280&y=819&a=true","foto2":"https://nlwkn.hannit-share.de/index.php/core/preview?fileId=11067244&x=1280&y=819&a=true","foto3":"https://nlwkn.hannit-share.de/index.php/core/preview?fileId=11067247&x=1280&y=819&a=true","foto4":null,"y_coord":"52.464771","x_coord":"7.303873","y_coord_D":52.464770999999999,"x_coord_D":7.3038730000000003}},{"type":"Feature","id":54,"geometry":{"type":"Point","coordinates":[813057.13060000166,6884590.556400001]},"properties":{"OBJECTID":54,"ID_con":2518,"bw_id":"EVK_SON_610","name":"Tor / Pfosten","km":"0+610","KTR":null,"FSK":"033163002001790141__","upflicht":"NLWKN","bauart":"Tor","baujahr":null,"GEW":"EVK","rwert":384770,"hwert":5814079,"link1":null,"link2":null,"bemerk":null,"beschreib":"Tor / Pfosten uh Brücke links","beschreib_lang":null,"stat_von":610,"akz":null,"denkmal":"Nein","bez_urpl":"Tor / Posten uh. Brücke","Nr_WR":null,"tmp":2518,"id_bw_son_pun":633,"foto1":"https://nlwkn.hannit-share.de/index.php/core/preview?fileId=11067256&x=1280&y=819&a=true","foto2":null,"foto3":null,"foto4":null,"y_coord":"52.464707","x_coord":"7.303816","y_coord_D":52.464706999999997,"x_coord_D":7.3038160000000003}},{"type":"Feature","id":55,"geometry":{"type":"Point","coordinates":[808591.09829999879,6884609.0341999978]},"properties":{"OBJECTID":55,"ID_con":2519,"bw_id":"EVK_SON_3400","name":"Tor / Pfosten","km":"3+400","KTR":null,"FSK":"033157058000170007__","upflicht":"NLWKN","bauart":"Tor","baujahr":null,"GEW":"EVK","rwert":382045,"hwert":5814155,"link1":null,"link2":null,"bemerk":null,"beschreib":"Tor / Pfosten / Absperrung U-Weg","beschreib_lang":null,"stat_von":3400,"akz":null,"denkmal":"Nein","bez_urpl":"Tor / Pfosten","Nr_WR":null,"tmp":2519,"id_bw_son_pun":634,"foto1":"https://nlwkn.hannit-share.de/index.php/core/preview?fileId=11067232&x=1280&y=819&a=true","foto2":"https://nlwkn.hannit-share.de/index.php/core/preview?fileId=11067235&x=1280&y=819&a=true","foto3":null,"foto4":null,"y_coord":"52.464808","x_coord":"7.263697","y_coord_D":52.464807999999998,"x_coord_D":7.2636969999999996}},{"type":"Feature","id":56,"geometry":{"type":"Point","coordinates":[808443.75189999864,6884534.8395999968]},"properties":{"OBJECTID":56,"ID_con":2520,"bw_id":"EVK_SON_3500","name":"Tor / Pfosten","km":"3+500","KTR":null,"FSK":"033157058000170011__","upflicht":"NLWKN","bauart":"Tor","baujahr":null,"GEW":"EVK","rwert":381954,"hwert":5814112,"link1":null,"link2":null,"bemerk":null,"beschreib":"Tor / Pfosten / Absperrung U-Weg","beschreib_lang":null,"stat_von":3500,"akz":null,"denkmal":"Nein","bez_urpl":"Tor / Pfosten","Nr_WR":null,"tmp":2520,"id_bw_son_pun":635,"foto1":"https://nlwkn.hannit-share.de/index.php/core/preview?fileId=11067238&x=1280&y=819&a=true","foto2":null,"foto3":null,"foto4":null,"y_coord":"52.464402","x_coord":"7.262374","y_coord_D":52.464402,"x_coord_D":7.2623740000000003}},{"type":"Feature","id":57,"geometry":{"type":"Point","coordinates":[803258.21460000053,6882162.6745999977]},"properties":{"OBJECTID":57,"ID_con":2523,"bw_id":"EVK_SON_6980","name":"Tor / Pfosten","km":"6+980","KTR":null,"FSK":"03315704200064______","upflicht":"NLWKN","bauart":"Tor","baujahr":null,"GEW":"EVK","rwert":378754,"hwert":5812745,"link1":null,"link2":null,"bemerk":null,"beschreib":"Tor / Pfosten / Absperrung","beschreib_lang":null,"stat_von":6980,"akz":null,"denkmal":"Nein","bez_urpl":"Tor / Pfosten / Absperrung","Nr_WR":null,"tmp":2523,"id_bw_son_pun":636,"foto1":"https://nlwkn.hannit-share.de/index.php/core/preview?fileId=11067259&x=1280&y=819&a=true","foto2":"https://nlwkn.hannit-share.de/index.php/core/preview?fileId=11067262&x=1280&y=819&a=true","foto3":null,"foto4":null,"y_coord":"52.451417","x_coord":"7.215791","y_coord_D":52.451416999999999,"x_coord_D":7.2157910000000003}},{"type":"Feature","id":58,"geometry":{"type":"Point","coordinates":[802414.74179999903,6881755.7993000001]},"properties":{"OBJECTID":58,"ID_con":1389,"bw_id":"EVK_SON_7550","name":"Schutzhütte","km":"7+550","KTR":null,"FSK":"03315704300040______","upflicht":"??","bauart":"Schutzhütte","baujahr":null,"GEW":"EVK","rwert":378233,"hwert":5812510,"link1":null,"link2":null,"bemerk":null,"beschreib":"Schutzhütte","beschreib_lang":null,"stat_von":7550,"akz":null,"denkmal":"Nein","bez_urpl":null,"Nr_WR":null,"tmp":1389,"id_bw_son_pun":304,"foto1":"https://nlwkn.hannit-share.de/index.php/core/preview?fileId=11568902&x=1280&y=819&a=true","foto2":"https://nlwkn.hannit-share.de/index.php/core/preview?fileId=11568903&x=1280&y=819&a=true","foto3":"https://nlwkn.hannit-share.de/index.php/core/preview?fileId=11568905&x=1280&y=819&a=true","foto4":"https://nlwkn.hannit-share.de/index.php/core/preview?fileId=11568904&x=1280&y=819&a=true","y_coord":"52.44919","x_coord":"7.208214","y_coord_D":52.449190000000002,"x_coord_D":7.2082139999999999}},{"type":"Feature","id":59,"geometry":{"type":"Point","coordinates":[797364.40799999982,6880326.4209999964]},"properties":{"OBJECTID":59,"ID_con":2526,"bw_id":"EVK_SON_10765","name":"Tor / Pfosten","km":"10+765","KTR":null,"FSK":"03315200100042______","upflicht":"NLWKN","bauart":"Tor","baujahr":null,"GEW":"EVK","rwert":375128,"hwert":5811717,"link1":null,"link2":null,"bemerk":null,"beschreib":"Tor / Pfosten / Absperrung","beschreib_lang":null,"stat_von":10765,"akz":null,"denkmal":"Nein","bez_urpl":"Tor / Pfosten","Nr_WR":null,"tmp":2526,"id_bw_son_pun":637,"foto1":"https://nlwkn.hannit-share.de/index.php/core/preview?fileId=11067076&x=1280&y=819&a=true","foto2":null,"foto3":null,"foto4":null,"y_coord":"52.441363","x_coord":"7.162846","y_coord_D":52.441363000000003,"x_coord_D":7.162846}},{"type":"Feature","id":60,"geometry":{"type":"Point","coordinates":[790599.82330000028,6878950.9280000031]},"properties":{"OBJECTID":60,"ID_con":2362,"bw_id":"EVK_SON_12095","name":"Raststation (Schutzhütte)","km":"12+095","KTR":null,"FSK":"033151029000680003__","upflicht":"Stadt Nordhorn","bauart":"Schutzhütte","baujahr":"2023","GEW":"EVK","rwert":370976,"hwert":5810986,"link1":null,"link2":null,"bemerk":"!! genaue Position prüfen ; nach Bau Bilder hinzufügen ; Vertrag ergänzen","beschreib":"Raststation Stadtflur am Ems-Vechte-Kanal in Nordhorn, die Bauweise entspricht der bereits am Nordhorn-Almelo-Kanal errichteten Raststation.","beschreib_lang":"Raststation Stadtflur am Ems-Vechte-Kanal in Nordhorn, die Bauweise entspricht der bereits am Nordhorn-Almelo-Kanal errichteten Raststation.\nDirekt an der denkmalgeschützten Drehbrücke „Kotting“  wurde diese Raststation 2023 von der Stadt Nordhorn gebaut. Sie wurde in gleicher Bauweise gebaut, wie die Raststation am Nordhorn-Almelo-Kanal gegenüber des Zollhäuschens.\n\nDas Geländer zum Wasser erinnert an eine Schiffsreling. Durch die Auskragung über die Böschungskante bekommt man so eine besonders nahe Beziehung zum Wasser“.  Fördergeber mit 50 % EU (Leader/Pfeil), Landkreis Grafschaft Bentheim  25 Prozent im Rahmen der Tourismusförderung.\n\nZur Planung und Umsetzung haben das Büro der Planungsgruppe Stadtlandschaft sowie die Firmen GaLaBau Emsland und Protec beigetragen. Besonderheit ist die schonende Bauweise mittels spezieller Schraubfundamente, damit das Wurzelwerk der in der Nähe befindlichen Bäume nicht beschädigt wird.","stat_von":12095,"akz":"27014-Stadt Nordhorn-479/2022","denkmal":"Nein","bez_urpl":"Raststation (Schutzhütte)","Nr_WR":null,"tmp":2362,"id_bw_son_pun":580,"foto1":"https://nlwkn.hannit-share.de/index.php/core/preview?fileId=11067079&x=1280&y=819&a=true","foto2":"https://nlwkn.hannit-share.de/index.php/core/preview?fileId=11067082&x=1280&y=819&a=true","foto3":null,"foto4":null,"y_coord":"52.433831","x_coord":"7.102079","y_coord_D":52.433830999999998,"x_coord_D":7.1020789999999998}},{"type":"Feature","id":61,"geometry":{"type":"Point","coordinates":[794134.73779999837,6879552.1909999996]},"properties":{"OBJECTID":61,"ID_con":1377,"bw_id":"EVK_SON_12790","name":"Brücke / Rahmendurchlass (Lee)","km":"12+790","KTR":null,"FSK":"033152010000040004__","upflicht":"Stadt Nordhorn","bauart":"Brücke / Rahmendurchlass mit Überfahrt mit Geländer","baujahr":"1990","GEW":"EVK","rwert":373144,"hwert":5811296,"link1":"https://nlwkn.hannit-share.de/index.php/core/preview?fileId=11067097&x=1280&y=819&a=true","link2":null,"bemerk":null,"beschreib":"Brücke / Rahmendurchlass über dem ehemaligen Leedüker.","beschreib_lang":"Brücke / Rahmendurchlass über dem ehemaligen Leedüker. Die hier ehemals vorhandene historische Dükerbrücke wurde 1990 durch einen Rahmendurchlass ersetzt.","stat_von":12790,"akz":null,"denkmal":"Nein","bez_urpl":"Rahmendurchlass mit Überfahrt (Leemündung) links","Nr_WR":null,"tmp":1377,"id_bw_son_pun":423,"foto1":"https://nlwkn.hannit-share.de/index.php/core/preview?fileId=11067085&x=1280&y=819&a=true","foto2":"https://nlwkn.hannit-share.de/index.php/core/preview?fileId=11067088&x=1280&y=819&a=true","foto3":"https://nlwkn.hannit-share.de/index.php/core/preview?fileId=11067091&x=1280&y=819&a=true","foto4":"https://nlwkn.hannit-share.de/index.php/core/preview?fileId=11067094&x=1280&y=819&a=true","y_coord":"52.437123","x_coord":"7.133834","y_coord_D":52.437123,"x_coord_D":7.1338340000000002}},{"type":"Feature","id":62,"geometry":{"type":"Point","coordinates":[794099.28069999814,6879529.9287]},"properties":{"OBJECTID":62,"ID_con":1378,"bw_id":"EVK_SON_12985","name":"Schutzhütte beim Leedüker","km":"12+985","KTR":null,"FSK":"033152010000040004__","upflicht":"Stadt Nordhorn","bauart":"Schutzhütte","baujahr":null,"GEW":"EVK","rwert":373122,"hwert":5811283,"link1":null,"link2":null,"bemerk":null,"beschreib":"Schutzhütte beim Leedüker","beschreib_lang":null,"stat_von":12985,"akz":null,"denkmal":"Nein","bez_urpl":null,"Nr_WR":null,"tmp":1378,"id_bw_son_pun":285,"foto1":"https://nlwkn.hannit-share.de/index.php/core/preview?fileId=11067100&x=1280&y=819&a=true","foto2":"https://nlwkn.hannit-share.de/index.php/core/preview?fileId=11067103&x=1280&y=819&a=true","foto3":"https://nlwkn.hannit-share.de/index.php/core/preview?fileId=11067106&x=1280&y=819&a=true","foto4":null,"y_coord":"52.437002","x_coord":"7.133515","y_coord_D":52.437002,"x_coord_D":7.1335150000000001}},{"type":"Feature","id":63,"geometry":{"type":"Point","coordinates":[793221.5577000007,6879272.3690000027]},"properties":{"OBJECTID":63,"ID_con":2528,"bw_id":"EVK_SON_13380","name":"Pfosten","km":"13+380","KTR":null,"FSK":"033152010000040004__","upflicht":"NLWKN","bauart":"Pfosten","baujahr":null,"GEW":"EVK","rwert":372582,"hwert":5811140,"link1":null,"link2":null,"bemerk":null,"beschreib":"Pfosten","beschreib_lang":null,"stat_von":13380,"akz":null,"denkmal":"Nein","bez_urpl":"Pfosten","Nr_WR":null,"tmp":2528,"id_bw_son_pun":659,"foto1":"https://nlwkn.hannit-share.de/index.php/core/preview?fileId=11568936&x=1280&y=819&a=true","foto2":null,"foto3":null,"foto4":null,"y_coord":"52.435591","x_coord":"7.12563","y_coord_D":52.435591000000002,"x_coord_D":7.1256300000000001}},{"type":"Feature","id":64,"geometry":{"type":"Point","coordinates":[793206.74340000004,6879275.2673999965]},"properties":{"OBJECTID":64,"ID_con":2529,"bw_id":"EVK_SON_13385","name":"Überfahrt","km":"13+385","KTR":null,"FSK":"033152010000040004__","upflicht":"Stadt Nordhorn??","bauart":"Überfahrt","baujahr":null,"GEW":"EVK","rwert":372573,"hwert":5811142,"link1":null,"link2":null,"bemerk":null,"beschreib":"Überfahrt Heseper Graben (3,6 to)","beschreib_lang":null,"stat_von":13385,"akz":null,"denkmal":"Nein","bez_urpl":"Überfahrt","Nr_WR":null,"tmp":2529,"id_bw_son_pun":638,"foto1":"https://nlwkn.hannit-share.de/index.php/core/preview?fileId=11067112&x=1280&y=819&a=true","foto2":"https://nlwkn.hannit-share.de/index.php/core/preview?fileId=11067115&x=1280&y=819&a=true","foto3":null,"foto4":null,"y_coord":"52.435607","x_coord":"7.125497","y_coord_D":52.435606999999997,"x_coord_D":7.1254970000000002}},{"type":"Feature","id":65,"geometry":{"type":"Point","coordinates":[791968.49920000136,6878903.1221999973]},"properties":{"OBJECTID":65,"ID_con":2530,"bw_id":"EVK_SON_14170","name":"Pfosten / Absperrung","km":"14+170","KTR":null,"FSK":"033152010000040004__","upflicht":"NLWKN","bauart":"Pfosten / Absperrung","baujahr":null,"GEW":"EVK","rwert":371811,"hwert":5810935,"link1":null,"link2":null,"bemerk":null,"beschreib":"Pfosten / Absperrung","beschreib_lang":null,"stat_von":14170,"akz":null,"denkmal":"Nein","bez_urpl":"Pfosten","Nr_WR":null,"tmp":2530,"id_bw_son_pun":658,"foto1":"https://nlwkn.hannit-share.de/index.php/core/preview?fileId=11568846&x=1280&y=819&a=true","foto2":"https://nlwkn.hannit-share.de/index.php/core/preview?fileId=11568845&x=1280&y=819&a=true","foto3":null,"foto4":null,"y_coord":"52.433569","x_coord":"7.114374","y_coord_D":52.433568999999999,"x_coord_D":7.1143739999999998}},{"type":"Feature","id":66,"geometry":{"type":"Point","coordinates":[791436.44200000167,6878770.9814999998]},"properties":{"OBJECTID":66,"ID_con":2531,"bw_id":"EVK_SON_14505","name":"Steganlage","km":"14+505","KTR":null,"FSK":"033152010000040004__","upflicht":"??","bauart":"Steg","baujahr":null,"GEW":"EVK","rwert":371484,"hwert":5810863,"link1":null,"link2":null,"bemerk":"Verkehrssicherheit gefährdet","beschreib":"Steganlage (nicht verkehrssicher)","beschreib_lang":null,"stat_von":14505,"akz":null,"denkmal":"Nein","bez_urpl":"Steganlage","Nr_WR":null,"tmp":2531,"id_bw_son_pun":639,"foto1":"https://nlwkn.hannit-share.de/index.php/core/preview?fileId=11067121&x=1280&y=819&a=true","foto2":"https://nlwkn.hannit-share.de/index.php/core/preview?fileId=11067124&x=1280&y=819&a=true","foto3":"https://nlwkn.hannit-share.de/index.php/core/preview?fileId=11067127&x=1280&y=819&a=true","foto4":null,"y_coord":"52.432845","x_coord":"7.109595","y_coord_D":52.432845,"x_coord_D":7.1095949999999997}},{"type":"Feature","id":67,"geometry":{"type":"Point","coordinates":[790574.0289000012,6878997.8594999984]},"properties":{"OBJECTID":67,"ID_con":1379,"bw_id":"EVK_SON_15125","name":"Infotafel Evers-Kotting","km":"15+125","KTR":null,"FSK":"033151070001130011__","upflicht":"Stadt Nordhorn","bauart":"Infotafel","baujahr":null,"GEW":"EVK","rwert":370961,"hwert":5811015,"link1":null,"link2":null,"bemerk":null,"beschreib":"Infotafel über Wasserstadt Nordhorn an Brücke Evers-Kotting links unterhalb der Fußgängerbrücke","beschreib_lang":null,"stat_von":15125,"akz":null,"denkmal":"Nein","bez_urpl":null,"Nr_WR":null,"tmp":1379,"id_bw_son_pun":446,"foto1":"https://nlwkn.hannit-share.de/index.php/core/preview?fileId=11067130&x=1280&y=819&a=true","foto2":"https://nlwkn.hannit-share.de/index.php/core/preview?fileId=11067133&x=1280&y=819&a=true","foto3":"https://nlwkn.hannit-share.de/index.php/core/preview?fileId=11067136&x=1280&y=819&a=true","foto4":null,"y_coord":"52.434088","x_coord":"7.101847","y_coord_D":52.434088000000003,"x_coord_D":7.1018470000000002}},{"type":"Feature","id":68,"geometry":{"type":"Point","coordinates":[790562.70219999924,6878992.6358999982]},"properties":{"OBJECTID":68,"ID_con":1380,"bw_id":"EVK_SON_15130","name":"Böschungstreppe mit Bedienstegteg oh Brücke Evers-Kotting rechts","km":"15+130","KTR":null,"FSK":"03315107000114______","upflicht":"NLWKN","bauart":"Böschungstreppe","baujahr":null,"GEW":"EVK","rwert":370954,"hwert":5811012,"link1":null,"link2":null,"bemerk":null,"beschreib":"Böschungstreppe oh Brücke Evers-Kotting rechts","beschreib_lang":null,"stat_von":15130,"akz":null,"denkmal":"Nein","bez_urpl":"Böschungstreppe oh Brücke Evers-Kotting rechts","Nr_WR":null,"tmp":1380,"id_bw_son_pun":421,"foto1":"https://nlwkn.hannit-share.de/index.php/core/preview?fileId=11067139&x=1280&y=819&a=true","foto2":"https://nlwkn.hannit-share.de/index.php/core/preview?fileId=11067142&x=1280&y=819&a=true","foto3":"https://nlwkn.hannit-share.de/index.php/core/preview?fileId=11067145&x=1280&y=819&a=true","foto4":null,"y_coord":"52.434059","x_coord":"7.101746","y_coord_D":52.434058999999998,"x_coord_D":7.1017460000000003}},{"type":"Feature","id":69,"geometry":{"type":"Point","coordinates":[790528.6361999996,6878980.2463999987]},"properties":{"OBJECTID":69,"ID_con":1381,"bw_id":"EVK_SON_15135","name":"Steg oh Brücke Evers-Kotting links","km":"15+135","KTR":null,"FSK":"033151070001150006__","upflicht":"NLWKN","bauart":"Steg","baujahr":null,"GEW":"EVK","rwert":370933,"hwert":5811005,"link1":null,"link2":null,"bemerk":null,"beschreib":"Steg oh Brücke Evers-Kotting links","beschreib_lang":null,"stat_von":15135,"akz":null,"denkmal":"Nein","bez_urpl":"Böschungstreppe mit Steg oh Brücke Evers-Kotting links","Nr_WR":null,"tmp":1381,"id_bw_son_pun":422,"foto1":"https://nlwkn.hannit-share.de/index.php/core/preview?fileId=11067148&x=1280&y=819&a=true","foto2":"https://nlwkn.hannit-share.de/index.php/core/preview?fileId=11067151&x=1280&y=819&a=true","foto3":"https://nlwkn.hannit-share.de/index.php/core/preview?fileId=11067154&x=1280&y=819&a=true","foto4":"https://nlwkn.hannit-share.de/index.php/core/preview?fileId=11067157&x=1280&y=819&a=true","y_coord":"52.433991","x_coord":"7.10144","y_coord_D":52.433990999999999,"x_coord_D":7.1014400000000002}},{"type":"Feature","id":70,"geometry":{"type":"Point","coordinates":[789690.93980000168,6879884.1369000003]},"properties":{"OBJECTID":70,"ID_con":1382,"bw_id":"EVK_SON_15940","name":"Steganlage (mit Böschungstreppe)","km":"15+940","KTR":null,"FSK":"03315106800092______","upflicht":"Stadt Nordhorn","bauart":"Steg","baujahr":null,"GEW":"EVK","rwert":370436,"hwert":5811569,"link1":null,"link2":null,"bemerk":null,"beschreib":"Steganlage (mit Böschungstreppe)","beschreib_lang":null,"stat_von":15940,"akz":null,"denkmal":"Nein","bez_urpl":"Steganlage (mit Böschungstreppe)","Nr_WR":null,"tmp":1382,"id_bw_son_pun":443,"foto1":"https://nlwkn.hannit-share.de/index.php/core/preview?fileId=11067160&x=1280&y=819&a=true","foto2":"https://nlwkn.hannit-share.de/index.php/core/preview?fileId=11067163&x=1280&y=819&a=true","foto3":"https://nlwkn.hannit-share.de/index.php/core/preview?fileId=11067166&x=1280&y=819&a=true","foto4":null,"y_coord":"52.438941","x_coord":"7.093914","y_coord_D":52.438941,"x_coord_D":7.0939139999999998}},{"type":"Feature","id":71,"geometry":{"type":"Point","coordinates":[789499.22480000183,6879949.6679000035]},"properties":{"OBJECTID":71,"ID_con":1383,"bw_id":"EVK_SON_16060","name":"Steganlage","km":"16+060","KTR":null,"FSK":"03315106800092______","upflicht":"Stadt Nordhorn?","bauart":"Steg","baujahr":null,"GEW":"EVK","rwert":370320,"hwert":5811612,"link1":null,"link2":null,"bemerk":null,"beschreib":"Steganlage","beschreib_lang":null,"stat_von":16060,"akz":null,"denkmal":"Nein","bez_urpl":"Steganlage","Nr_WR":null,"tmp":1383,"id_bw_son_pun":444,"foto1":"https://nlwkn.hannit-share.de/index.php/core/preview?fileId=11067169&x=1280&y=819&a=true","foto2":"https://nlwkn.hannit-share.de/index.php/core/preview?fileId=11067172&x=1280&y=819&a=true","foto3":"https://nlwkn.hannit-share.de/index.php/core/preview?fileId=11067175&x=1280&y=819&a=true","foto4":null,"y_coord":"52.4393","x_coord":"7.092192","y_coord_D":52.439300000000003,"x_coord_D":7.0921919999999998}},{"type":"Feature","id":72,"geometry":{"type":"Point","coordinates":[789372.16050000116,6879985.7102999985]},"properties":{"OBJECTID":72,"ID_con":1384,"bw_id":"EVK_SON_16135","name":"Steganlage (mit Boot)","km":"16+135","KTR":null,"FSK":"03315106800092______","upflicht":"??","bauart":"Steg","baujahr":null,"GEW":"EVK","rwert":370243,"hwert":5811636,"link1":null,"link2":null,"bemerk":"Genehmigung??","beschreib":"Steganlage (mit Boot)","beschreib_lang":null,"stat_von":16135,"akz":null,"denkmal":"Nein","bez_urpl":"Steganlage (mit Boot)","Nr_WR":null,"tmp":1384,"id_bw_son_pun":445,"foto1":"https://nlwkn.hannit-share.de/index.php/core/preview?fileId=11067178&x=1280&y=819&a=true","foto2":"https://nlwkn.hannit-share.de/index.php/core/preview?fileId=11067181&x=1280&y=819&a=true","foto3":null,"foto4":null,"y_coord":"52.439498","x_coord":"7.091051","y_coord_D":52.439498,"x_coord_D":7.0910510000000002}},{"type":"Feature","id":73,"geometry":{"type":"Point","coordinates":[788927.3451000005,6880083.9280000031]},"properties":{"OBJECTID":73,"ID_con":2536,"bw_id":"EVK_SON_16415","name":"Steganlage (privat)","km":"16+415","KTR":null,"FSK":"033151068002640002__","upflicht":"??","bauart":"Steg","baujahr":null,"GEW":"EVK","rwert":369973,"hwert":5811703,"link1":null,"link2":null,"bemerk":"Genehmigung??","beschreib":"Steganlage (privat)","beschreib_lang":null,"stat_von":16415,"akz":null,"denkmal":"Nein","bez_urpl":null,"Nr_WR":null,"tmp":2536,"id_bw_son_pun":642,"foto1":"https://nlwkn.hannit-share.de/index.php/core/preview?fileId=11067184&x=1280&y=819&a=true","foto2":null,"foto3":null,"foto4":null,"y_coord":"52.440035","x_coord":"7.087055","y_coord_D":52.440035000000002,"x_coord_D":7.0870550000000003}},{"type":"Feature","id":74,"geometry":{"type":"Point","coordinates":[788846.92859999835,6880090.0029999986]},"properties":{"OBJECTID":74,"ID_con":2534,"bw_id":"EVK_SON_16465","name":"Steganlage","km":"16+465","KTR":null,"FSK":"033151068002640002__","upflicht":"??","bauart":"Steg","baujahr":null,"GEW":"EVK","rwert":369924,"hwert":5811708,"link1":null,"link2":null,"bemerk":"Genehmigung??","beschreib":"Steganlage (privat)","beschreib_lang":null,"stat_von":16465,"akz":null,"denkmal":"Nein","bez_urpl":"Steganlage","Nr_WR":null,"tmp":2534,"id_bw_son_pun":640,"foto1":"https://nlwkn.hannit-share.de/index.php/core/preview?fileId=11067196&x=1280&y=819&a=true","foto2":"https://nlwkn.hannit-share.de/index.php/core/preview?fileId=11067199&x=1280&y=819&a=true","foto3":null,"foto4":null,"y_coord":"52.440069","x_coord":"7.086333","y_coord_D":52.440069000000001,"x_coord_D":7.0863329999999998}},{"type":"Feature","id":75,"geometry":{"type":"Point","coordinates":[788716.45569999889,6880130.8712000027]},"properties":{"OBJECTID":75,"ID_con":1385,"bw_id":"EVK_SON_16545","name":"Bootssanleger Leinpfad (Rawe-Anleger)","km":"16+545","KTR":null,"FSK":"033151068002640002__","upflicht":"Stadt Nordhorn","bauart":"Bootsanleger","baujahr":null,"GEW":"EVK","rwert":369845,"hwert":5811735,"link1":null,"link2":null,"bemerk":null,"beschreib":"Bootssanleger Leinpfad","beschreib_lang":null,"stat_von":16545,"akz":null,"denkmal":"Nein","bez_urpl":"Bootsanleger Rechts","Nr_WR":null,"tmp":1385,"id_bw_son_pun":268,"foto1":"https://nlwkn.hannit-share.de/index.php/core/preview?fileId=11067202&x=1280&y=819&a=true","foto2":"https://nlwkn.hannit-share.de/index.php/core/preview?fileId=11067205&x=1280&y=819&a=true","foto3":"https://nlwkn.hannit-share.de/index.php/core/preview?fileId=11067208&x=1280&y=819&a=true","foto4":null,"y_coord":"52.440292","x_coord":"7.08516","y_coord_D":52.440291999999999,"x_coord_D":7.0851600000000001}},{"type":"Feature","id":76,"geometry":{"type":"Point","coordinates":[788698.3647999987,6880133.6745000035]},"properties":{"OBJECTID":76,"ID_con":2535,"bw_id":"EVK_SON_16555","name":"Infotafel Wasserstadt Nordhorn","km":"16+555","KTR":null,"FSK":"033151068002430007__","upflicht":"Stadt Nordhorn","bauart":"Infotafel","baujahr":null,"GEW":"EVK","rwert":369834,"hwert":5811737,"link1":null,"link2":null,"bemerk":"Vertrag??","beschreib":"Infotafel Wasserstadt Nordhorn","beschreib_lang":null,"stat_von":16555,"akz":null,"denkmal":"Nein","bez_urpl":null,"Nr_WR":null,"tmp":2535,"id_bw_son_pun":641,"foto1":"https://nlwkn.hannit-share.de/index.php/core/preview?fileId=11067211&x=1280&y=819&a=true","foto2":"https://nlwkn.hannit-share.de/index.php/core/preview?fileId=11067214&x=1280&y=819&a=true","foto3":"https://nlwkn.hannit-share.de/index.php/core/preview?fileId=11067217&x=1280&y=819&a=true","foto4":null,"y_coord":"52.440308","x_coord":"7.084998","y_coord_D":52.440308000000002,"x_coord_D":7.0849979999999997}},{"type":"Feature","id":77,"geometry":{"type":"Point","coordinates":[786106.53790000081,6884076.7431999967]},"properties":{"OBJECTID":77,"ID_con":2346,"bw_id":"EVK_SON_20100","name":"Biotop GB-NOH 3508/054","km":"20+100","KTR":null,"FSK":"033151025001190013__","upflicht":"Landkreis Grafschaft Bentheim","bauart":"Biotop","baujahr":null,"GEW":"EVK","rwert":368316,"hwert":5814180,"link1":null,"link2":null,"bemerk":"Biotop auf landeseigener Fläche","beschreib":"Biotop (GB-NOH 3508/054) auf landeseigener Fläche rechts","beschreib_lang":null,"stat_von":20100,"akz":null,"denkmal":"Nein","bez_urpl":"Biotop GB-NOH 3508/054","Nr_WR":null,"tmp":2346,"id_bw_son_pun":565,"foto1":null,"foto2":null,"foto3":null,"foto4":null,"y_coord":"52.461895","x_coord":"7.061715","y_coord_D":52.461894999999998,"x_coord_D":7.0617150000000004}},{"type":"Feature","id":78,"geometry":{"type":"Point","coordinates":[785812.48930000141,6884042.5424999967]},"properties":{"OBJECTID":78,"ID_con":2348,"bw_id":"EVK_SON_20250","name":"Biotop GB-NOH 3508/053","km":"20+250","KTR":null,"FSK":"033151025000140006__","upflicht":"Landkreis Grafschaft Bentheim","bauart":"Biotop","baujahr":null,"GEW":"EVK","rwert":368136,"hwert":5814164,"link1":null,"link2":null,"bemerk":"Biotop an an Kanal rechtsseitig","beschreib":"Biotop (GB-NOH 3508/053) am Kanal rechtsseitig","beschreib_lang":null,"stat_von":20250,"akz":null,"denkmal":"Nein","bez_urpl":"Biotop GB-NOH 3508/053","Nr_WR":null,"tmp":2348,"id_bw_son_pun":567,"foto1":null,"foto2":null,"foto3":null,"foto4":null,"y_coord":"52.461708","x_coord":"7.059074","y_coord_D":52.461708000000002,"x_coord_D":7.0590739999999998}},{"type":"Feature","id":79,"geometry":{"type":"Point","coordinates":[784726.5139000006,6883842.3659000024]},"properties":{"OBJECTID":79,"ID_con":2350,"bw_id":"EVK_SON_20930","name":"Biotop GB-NOH 3508/006","km":"20+930","KTR":null,"FSK":"033151029000680003__","upflicht":"Landkreis Grafschaft Bentheim","bauart":"Biotop","baujahr":null,"GEW":"EVK","rwert":367470,"hwert":5814060,"link1":null,"link2":null,"bemerk":null,"beschreib":"Biotop (GB-NOH 3508/006) rechts","beschreib_lang":null,"stat_von":20930,"akz":null,"denkmal":"Nein","bez_urpl":"Biotop GB-NOH 3508/006","Nr_WR":null,"tmp":2350,"id_bw_son_pun":569,"foto1":null,"foto2":null,"foto3":null,"foto4":null,"y_coord":"52.460612","x_coord":"7.049318","y_coord_D":52.460611999999998,"x_coord_D":7.0493180000000004}},{"type":"Feature","id":80,"geometry":{"type":"Point","coordinates":[784579.14240000024,6883656.0313000008]},"properties":{"OBJECTID":80,"ID_con":1386,"bw_id":"EVK_SON_21035","name":"Infotafel Koppelschleuse","km":"21+035","KTR":null,"FSK":"033151029000700010__","upflicht":"NLWKN","bauart":"Infotafel","baujahr":"2004","GEW":"EVK","rwert":367377,"hwert":5813949,"link1":null,"link2":null,"bemerk":null,"beschreib":"Infotafel an der  Koppelschleuse am Oberhautp links","beschreib_lang":null,"stat_von":21035,"akz":"62024-Süd-Nord-Kanal (SNK)-539/2022","denkmal":"Nein","bez_urpl":null,"Nr_WR":null,"tmp":1386,"id_bw_son_pun":451,"foto1":"https://nlwkn.hannit-share.de/index.php/core/preview?fileId=11067226&x=1280&y=819&a=true","foto2":"https://nlwkn.hannit-share.de/index.php/core/preview?fileId=11067229&x=1280&y=819&a=true","foto3":null,"foto4":null,"y_coord":"52.459592","x_coord":"7.047994","y_coord_D":52.459592000000001,"x_coord_D":7.0479940000000001}},{"type":"Feature","id":81,"geometry":{"type":"Point","coordinates":[819908.01900000125,6980755.8632000014]},"properties":{"OBJECTID":81,"ID_con":1413,"bw_id":"GFD_SON_540","name":"Pegel Oberwasser","km":"0+540","KTR":null,"FSK":"031847029000070001__","upflicht":"WSV","bauart":"Pegellatte","baujahr":null,"GEW":"GFD","rwert":390272,"hwert":5872172,"link1":null,"link2":null,"bemerk":"Wasserstand OW Wehr WSA am 21.03.2021 11:34 : 4,95","beschreib":"Pegel Oberwasser","beschreib_lang":null,"stat_von":540,"akz":null,"denkmal":"Nein","bez_urpl":null,"Nr_WR":null,"tmp":1413,"id_bw_son_pun":338,"foto1":"https://nlwkn.hannit-share.de/index.php/core/preview?fileId=11066527&x=1280&y=819&a=true","foto2":null,"foto3":null,"foto4":null,"y_coord":"52.987877","x_coord":"7.365359","y_coord_D":52.987876999999997,"x_coord_D":7.3653589999999998}},{"type":"Feature","id":82,"geometry":{"type":"Point","coordinates":[819857.8702000007,6980846.1568000019]},"properties":{"OBJECTID":82,"ID_con":1415,"bw_id":"GFD_SON_600","name":"Bootsanleger rechts","km":"0+600","KTR":null,"FSK":"031847029000060003__","upflicht":"??","bauart":"Bootsanleger","baujahr":null,"GEW":"GFD","rwert":390243,"hwert":5872227,"link1":null,"link2":null,"bemerk":null,"beschreib":"Bootsanleger rechts","beschreib_lang":null,"stat_von":600,"akz":null,"denkmal":"Nein","bez_urpl":"Bootsanleger rechts uh. Wehr WSV","Nr_WR":null,"tmp":1415,"id_bw_son_pun":335,"foto1":"https://nlwkn.hannit-share.de/index.php/core/preview?fileId=11066530&x=1280&y=819&a=true","foto2":"https://nlwkn.hannit-share.de/index.php/core/preview?fileId=11066533&x=1280&y=819&a=true","foto3":"https://nlwkn.hannit-share.de/index.php/core/preview?fileId=11066536&x=1280&y=819&a=true","foto4":null,"y_coord":"52.988366","x_coord":"7.364909","y_coord_D":52.988365999999999,"x_coord_D":7.3649089999999999}},{"type":"Feature","id":83,"geometry":{"type":"Point","coordinates":[819626.89770000055,6981594.0425999984]},"properties":{"OBJECTID":83,"ID_con":1390,"bw_id":"GFD_SON_1075","name":"Tor (Stange)","km":"1+075","KTR":null,"FSK":"03184702800001______","upflicht":"NLWKN","bauart":"Tor","baujahr":null,"GEW":"GFD","rwert":390114,"hwert":5872680,"link1":null,"link2":null,"bemerk":null,"beschreib":"Tor (Stange)","beschreib_lang":"Tor (Stange)","stat_von":1075,"akz":null,"denkmal":"Nein","bez_urpl":"Tor","Nr_WR":null,"tmp":1390,"id_bw_son_pun":339,"foto1":"https://nlwkn.hannit-share.de/index.php/core/preview?fileId=11066347&x=1280&y=819&a=true","foto2":null,"foto3":null,"foto4":null,"y_coord":"52.99241","x_coord":"7.362834","y_coord_D":52.99241,"x_coord_D":7.3628340000000003}},{"type":"Feature","id":84,"geometry":{"type":"Point","coordinates":[819296.44420000166,6983137.9206999987]},"properties":{"OBJECTID":84,"ID_con":1391,"bw_id":"GFD_SON_2020","name":"Tor (verzinkt mit Kette und Schloss)","km":"2+020","KTR":null,"FSK":"03184702800005______","upflicht":"NLWKN","bauart":"Tor","baujahr":"2021","GEW":"GFD","rwert":389936,"hwert":5873613,"link1":null,"link2":null,"bemerk":null,"beschreib":"Tor (verzinkt mit Kette und Schloss)","beschreib_lang":"Tor (verzinkt mit Kette und Schloss)","stat_von":2020,"akz":null,"denkmal":"Nein","bez_urpl":"Tor (verzinkt mit Kette und Schloss)","Nr_WR":null,"tmp":1391,"id_bw_son_pun":355,"foto1":"https://nlwkn.hannit-share.de/index.php/core/preview?fileId=11066356&x=1280&y=819&a=true","foto2":null,"foto3":null,"foto4":null,"y_coord":"53.000757","x_coord":"7.359865","y_coord_D":53.000757,"x_coord_D":7.3598650000000001}},{"type":"Feature","id":85,"geometry":{"type":"Point","coordinates":[819214.36270000041,6983172.6251000017]},"properties":{"OBJECTID":85,"ID_con":1392,"bw_id":"GFD_SON_2050","name":"Tor (mit Kette)","km":"2+050","KTR":null,"FSK":"03184700500051______","upflicht":"NLWKN","bauart":"Tor","baujahr":"2021","GEW":"GFD","rwert":389887,"hwert":5873635,"link1":null,"link2":null,"bemerk":null,"beschreib":"Tor (mit Kette)","beschreib_lang":"Tor (mit Kette)","stat_von":2050,"akz":null,"denkmal":"Nein","bez_urpl":"Tor (mit Kette)","Nr_WR":null,"tmp":1392,"id_bw_son_pun":408,"foto1":"https://nlwkn.hannit-share.de/index.php/core/preview?fileId=11066359&x=1280&y=819&a=true","foto2":null,"foto3":null,"foto4":null,"y_coord":"53.000944","x_coord":"7.359128","y_coord_D":53.000943999999997,"x_coord_D":7.3591280000000001}},{"type":"Feature","id":86,"geometry":{"type":"Point","coordinates":[819204.33819999918,6983175.7212999985]},"properties":{"OBJECTID":86,"ID_con":1393,"bw_id":"GFD_SON_2052","name":"Trafostation","km":"2+052","KTR":null,"FSK":"03184700500051______","upflicht":"EWE","bauart":"Trafostation","baujahr":null,"GEW":"GFD","rwert":389881,"hwert":5873637,"link1":null,"link2":null,"bemerk":null,"beschreib":"Trafostation","beschreib_lang":null,"stat_von":2052,"akz":null,"denkmal":"Nein","bez_urpl":null,"Nr_WR":null,"tmp":1393,"id_bw_son_pun":409,"foto1":"https://nlwkn.hannit-share.de/index.php/core/preview?fileId=11066362&x=1280&y=819&a=true","foto2":"https://nlwkn.hannit-share.de/index.php/core/preview?fileId=11066365&x=1280&y=819&a=true","foto3":null,"foto4":null,"y_coord":"53.000961","x_coord":"7.359038","y_coord_D":53.000960999999997,"x_coord_D":7.359038}},{"type":"Feature","id":87,"geometry":{"type":"Point","coordinates":[819281.89009999856,6983194.129900001]},"properties":{"OBJECTID":87,"ID_con":1394,"bw_id":"GFD_SON_2055","name":"Tor (Stahl verzinkt mit Kette und Schloß)","km":"2+055","KTR":null,"FSK":"03184700400026______","upflicht":"NLWKN","bauart":"Tor","baujahr":null,"GEW":"GFD","rwert":389928,"hwert":5873647,"link1":null,"link2":null,"bemerk":null,"beschreib":"Tor (Stahl verzinkt mit Kette und Schloß)","beschreib_lang":"Tor (Stahl verzinkt mit Kette und Schloß)","stat_von":2055,"akz":null,"denkmal":"Nein","bez_urpl":"Tor (Stahl verzinkt mit Kette und Schloß)","Nr_WR":null,"tmp":1394,"id_bw_son_pun":354,"foto1":"https://nlwkn.hannit-share.de/index.php/core/preview?fileId=11066368&x=1280&y=819&a=true","foto2":null,"foto3":null,"foto4":null,"y_coord":"53.001061","x_coord":"7.359734","y_coord_D":53.001061,"x_coord_D":7.3597340000000004}},{"type":"Feature","id":88,"geometry":{"type":"Point","coordinates":[819223.55270000175,6983206.0965000018]},"properties":{"OBJECTID":88,"ID_con":1395,"bw_id":"GFD_SON_2070","name":"Tor","km":"2+070","KTR":null,"FSK":"03184700400026______","upflicht":"NLWKN","bauart":"Tor","baujahr":null,"GEW":"GFD","rwert":389893,"hwert":5873655,"link1":null,"link2":null,"bemerk":null,"beschreib":"Tor","beschreib_lang":"Tor","stat_von":2070,"akz":null,"denkmal":"Nein","bez_urpl":"Tor","Nr_WR":null,"tmp":1395,"id_bw_son_pun":340,"foto1":"https://nlwkn.hannit-share.de/index.php/core/preview?fileId=11066383&x=1280&y=819&a=true","foto2":null,"foto3":null,"foto4":null,"y_coord":"53.001125","x_coord":"7.35921","y_coord_D":53.001125000000002,"x_coord_D":7.35921}},{"type":"Feature","id":89,"geometry":{"type":"Point","coordinates":[818648.80849999934,6983962.9148999974]},"properties":{"OBJECTID":89,"ID_con":1396,"bw_id":"GFD_SON_2660","name":"Überfahrt Vockegraben","km":"2+660","KTR":null,"FSK":"03184700400028______","upflicht":"??","bauart":"Überfahrt","baujahr":null,"GEW":"GFD","rwert":389557,"hwert":5874118,"link1":null,"link2":null,"bemerk":"U-Pflicht klären","beschreib":"Überfahrt (Kastendurchlass) Vockegraben","beschreib_lang":null,"stat_von":2660,"akz":null,"denkmal":"Nein","bez_urpl":"Überfahrt Vockegraben","Nr_WR":null,"tmp":1396,"id_bw_son_pun":341,"foto1":"https://nlwkn.hannit-share.de/index.php/core/preview?fileId=11066398&x=1280&y=819&a=true","foto2":null,"foto3":null,"foto4":null,"y_coord":"53.005217","x_coord":"7.354047","y_coord_D":53.005217000000002,"x_coord_D":7.3540469999999996}},{"type":"Feature","id":90,"geometry":{"type":"Point","coordinates":[818448.48490000144,6984161.2153000012]},"properties":{"OBJECTID":90,"ID_con":1397,"bw_id":"GFD_SON_2830","name":"Tor","km":"2+830","KTR":null,"FSK":"03184700400027______","upflicht":"NLWKN","bauart":"Tor","baujahr":"2021","GEW":"GFD","rwert":389439,"hwert":5874240,"link1":null,"link2":null,"bemerk":null,"beschreib":"Tor","beschreib_lang":"Tor","stat_von":2830,"akz":null,"denkmal":"Nein","bez_urpl":"Tor","Nr_WR":null,"tmp":1397,"id_bw_son_pun":343,"foto1":"https://nlwkn.hannit-share.de/index.php/core/preview?fileId=11066401&x=1280&y=819&a=true","foto2":null,"foto3":null,"foto4":null,"y_coord":"53.006289","x_coord":"7.352248","y_coord_D":53.006289000000002,"x_coord_D":7.3522480000000003}},{"type":"Feature","id":91,"geometry":{"type":"Point","coordinates":[818392.559799999,6984139.9682999998]},"properties":{"OBJECTID":91,"ID_con":1398,"bw_id":"GFD_SON_2845","name":"Tor (defekt)","km":"2+845","KTR":null,"FSK":"03184700400026______","upflicht":"NLWKN","bauart":"Tor","baujahr":null,"GEW":"GFD","rwert":389405,"hwert":5874228,"link1":null,"link2":null,"bemerk":"Tor (defekt)","beschreib":"Tor (defekt)","beschreib_lang":"Tor (defekt)","stat_von":2845,"akz":null,"denkmal":"Nein","bez_urpl":null,"Nr_WR":null,"tmp":1398,"id_bw_son_pun":344,"foto1":"https://nlwkn.hannit-share.de/index.php/core/preview?fileId=11066404&x=1280&y=819&a=true","foto2":null,"foto3":null,"foto4":null,"y_coord":"53.006174","x_coord":"7.351745","y_coord_D":53.006174000000001,"x_coord_D":7.3517450000000002}},{"type":"Feature","id":92,"geometry":{"type":"Point","coordinates":[818421.41849999875,6984183.8770999983]},"properties":{"OBJECTID":92,"ID_con":1399,"bw_id":"GFD_SON_2850","name":"Überfahrt (Kastendurchlass)","km":"2+850","KTR":null,"FSK":"031847004000070001__","upflicht":"NLWKN??","bauart":"Überfahrt","baujahr":null,"GEW":"GFD","rwert":389423,"hwert":5874254,"link1":null,"link2":null,"bemerk":"Wer hat die U-Pflicht für den Kastendurchlass / Br","beschreib":"Überfahrt (Kastendurchlass) Montaniagraben","beschreib_lang":null,"stat_von":2850,"akz":null,"denkmal":"Nein","bez_urpl":"Überfahrt (Kastendurchlass) rechts","Nr_WR":null,"tmp":1399,"id_bw_son_pun":345,"foto1":"https://nlwkn.hannit-share.de/index.php/core/preview?fileId=11066407&x=1280&y=819&a=true","foto2":"https://nlwkn.hannit-share.de/index.php/core/preview?fileId=11066410&x=1280&y=819&a=true","foto3":null,"foto4":null,"y_coord":"53.006411","x_coord":"7.352005","y_coord_D":53.006411,"x_coord_D":7.3520050000000001}},{"type":"Feature","id":93,"geometry":{"type":"Point","coordinates":[818417.9112999998,6984192.112499997]},"properties":{"OBJECTID":93,"ID_con":1400,"bw_id":"GFD_SON_2855","name":"Tor","km":"2+855","KTR":null,"FSK":"031847004000070001__","upflicht":"NLWKN","bauart":"Tor","baujahr":"2021","GEW":"GFD","rwert":389421,"hwert":5874259,"link1":null,"link2":null,"bemerk":null,"beschreib":"Tor (Stahl verzinkt) mit Kette und Schloß","beschreib_lang":null,"stat_von":2855,"akz":null,"denkmal":"Nein","bez_urpl":null,"Nr_WR":null,"tmp":1400,"id_bw_son_pun":346,"foto1":"https://nlwkn.hannit-share.de/index.php/core/preview?fileId=11066413&x=1280&y=819&a=true","foto2":"https://nlwkn.hannit-share.de/index.php/core/preview?fileId=11066416&x=1280&y=819&a=true","foto3":null,"foto4":null,"y_coord":"53.006456","x_coord":"7.351973","y_coord_D":53.006456,"x_coord_D":7.3519730000000001}},{"type":"Feature","id":94,"geometry":{"type":"Point","coordinates":[818370.5064000003,6984161.0820999965]},"properties":{"OBJECTID":94,"ID_con":1401,"bw_id":"GFD_SON_2860","name":"Tor (Holz)","km":"2+860","KTR":null,"FSK":"031847004000020003__","upflicht":"NLWKN","bauart":"Tor","baujahr":null,"GEW":"GFD","rwert":389392,"hwert":5874241,"link1":null,"link2":null,"bemerk":null,"beschreib":"Tor (Holz)","beschreib_lang":null,"stat_von":2860,"akz":null,"denkmal":"Nein","bez_urpl":null,"Nr_WR":null,"tmp":1401,"id_bw_son_pun":342,"foto1":"https://nlwkn.hannit-share.de/index.php/core/preview?fileId=11066419&x=1280&y=819&a=true","foto2":"https://nlwkn.hannit-share.de/index.php/core/preview?fileId=11066422&x=1280&y=819&a=true","foto3":null,"foto4":null,"y_coord":"53.006288","x_coord":"7.351547","y_coord_D":53.006287999999998,"x_coord_D":7.3515470000000001}},{"type":"Feature","id":95,"geometry":{"type":"Point","coordinates":[817838.6603000015,6984561.3012000024]},"properties":{"OBJECTID":95,"ID_con":1402,"bw_id":"GFD_SON_3280","name":"Tor","km":"3+280","KTR":null,"FSK":"03184700200022______","upflicht":"NLWKN","bauart":"Tor","baujahr":null,"GEW":"GFD","rwert":389077,"hwert":5874489,"link1":null,"link2":null,"bemerk":null,"beschreib":"Tor","beschreib_lang":"Tor","stat_von":3280,"akz":null,"denkmal":"Nein","bez_urpl":"Tor","Nr_WR":null,"tmp":1402,"id_bw_son_pun":347,"foto1":"https://nlwkn.hannit-share.de/index.php/core/preview?fileId=11066443&x=1280&y=819&a=true","foto2":"https://nlwkn.hannit-share.de/index.php/core/preview?fileId=11066446&x=1280&y=819&a=true","foto3":null,"foto4":null,"y_coord":"53.008451","x_coord":"7.34677","y_coord_D":53.008451000000001,"x_coord_D":7.3467700000000002}},{"type":"Feature","id":96,"geometry":{"type":"Point","coordinates":[816935.34209999815,6985380.3916999996]},"properties":{"OBJECTID":96,"ID_con":1403,"bw_id":"GFD_SON_4065","name":"Stützpunkt Lehe;  Betriebsgebäude (incl.  Bootshaus)","km":"4+065","KTR":null,"FSK":"031847002000210004__","upflicht":"NLWKN","bauart":"Betriebsgebäude","baujahr":null,"GEW":"GFD","rwert":388544,"hwert":5874994,"link1":null,"link2":null,"bemerk":null,"beschreib":"Stützpunkt Lehe;  Betriebsgebäude (incl.  Bootshaus) ;  Zum Block ,Ecke Bundesstr.70","beschreib_lang":"Stützpunkt Lehe; Betriebsgebäude (incl. Bootshaus)","stat_von":4065,"akz":"02311-Betriebshof Lehrte-500/2022","denkmal":"Nein","bez_urpl":"Stützpunkt Lehe;  Betriebsgebäude (incl.  Bootshaus)","Nr_WR":null,"tmp":1403,"id_bw_son_pun":197,"foto1":"https://nlwkn.hannit-share.de/index.php/core/preview?fileId=11066461&x=1280&y=819&a=true","foto2":"https://nlwkn.hannit-share.de/index.php/core/preview?fileId=11066464&x=1280&y=819&a=true","foto3":"https://nlwkn.hannit-share.de/index.php/core/preview?fileId=11066467&x=1280&y=819&a=true","foto4":"https://nlwkn.hannit-share.de/index.php/core/preview?fileId=11066470&x=1280&y=819&a=true","y_coord":"53.012878","x_coord":"7.338655","y_coord_D":53.012878000000001,"x_coord_D":7.3386550000000002}},{"type":"Feature","id":97,"geometry":{"type":"Point","coordinates":[816653.00820000097,6985461.9949000031]},"properties":{"OBJECTID":97,"ID_con":1404,"bw_id":"GFD_SON_4235","name":"Tor","km":"4+235","KTR":null,"FSK":"031847002000210004__","upflicht":"NLWKN","bauart":"Tor","baujahr":null,"GEW":"GFD","rwert":388375,"hwert":5875047,"link1":null,"link2":null,"bemerk":null,"beschreib":"Tor","beschreib_lang":null,"stat_von":4235,"akz":null,"denkmal":"Nein","bez_urpl":null,"Nr_WR":null,"tmp":1404,"id_bw_son_pun":348,"foto1":"https://nlwkn.hannit-share.de/index.php/core/preview?fileId=11066473&x=1280&y=819&a=true","foto2":null,"foto3":null,"foto4":null,"y_coord":"53.013319","x_coord":"7.336119","y_coord_D":53.013319000000003,"x_coord_D":7.3361190000000001}},{"type":"Feature","id":98,"geometry":{"type":"Point","coordinates":[816602.29219999909,6985573.9341999963]},"properties":{"OBJECTID":98,"ID_con":1405,"bw_id":"GFD_SON_4280","name":"Tor oh Brücke B70 rechts","km":"4+280","KTR":null,"FSK":"03184700200020______","upflicht":"??NLSTBV","bauart":"Tor","baujahr":null,"GEW":"GFD","rwert":388346,"hwert":5875115,"link1":null,"link2":null,"bemerk":null,"beschreib":"Tor","beschreib_lang":null,"stat_von":4280,"akz":null,"denkmal":"Nein","bez_urpl":null,"Nr_WR":null,"tmp":1405,"id_bw_son_pun":351,"foto1":"https://nlwkn.hannit-share.de/index.php/core/preview?fileId=11066476&x=1280&y=819&a=true","foto2":null,"foto3":null,"foto4":null,"y_coord":"53.013924","x_coord":"7.335663","y_coord_D":53.013924000000003,"x_coord_D":7.3356630000000003}},{"type":"Feature","id":99,"geometry":{"type":"Point","coordinates":[816540.57519999892,6985515.9382999986]},"properties":{"OBJECTID":99,"ID_con":1406,"bw_id":"GFD_SON_4310","name":"Tor uh Brücke B70 links","km":"4+310","KTR":null,"FSK":"03184700100007______","upflicht":"NLWKN","bauart":"Tor","baujahr":null,"GEW":"GFD","rwert":388308,"hwert":5875081,"link1":null,"link2":null,"bemerk":null,"beschreib":"Tor uh Brücke B70 links","beschreib_lang":"Tor uh Brücke B70 links","stat_von":4310,"akz":null,"denkmal":"Nein","bez_urpl":null,"Nr_WR":null,"tmp":1406,"id_bw_son_pun":349,"foto1":"https://nlwkn.hannit-share.de/index.php/core/preview?fileId=11066479&x=1280&y=819&a=true","foto2":null,"foto3":null,"foto4":null,"y_coord":"53.013611","x_coord":"7.335109","y_coord_D":53.013610999999997,"x_coord_D":7.3351090000000001}},{"type":"Feature","id":100,"geometry":{"type":"Point","coordinates":[816535.94880000129,6985572.3902999982]},"properties":{"OBJECTID":100,"ID_con":1407,"bw_id":"GFD_SON_4320","name":"Tor rechts uh Brücke B70","km":"4+320","KTR":null,"FSK":"03184700100007______","upflicht":"NLWKN","bauart":"Tor","baujahr":null,"GEW":"GFD","rwert":388306,"hwert":5875115,"link1":null,"link2":null,"bemerk":null,"beschreib":"Tor","beschreib_lang":null,"stat_von":4320,"akz":null,"denkmal":"Nein","bez_urpl":null,"Nr_WR":null,"tmp":1407,"id_bw_son_pun":350,"foto1":"https://nlwkn.hannit-share.de/index.php/core/preview?fileId=11066482&x=1280&y=819&a=true","foto2":null,"foto3":null,"foto4":null,"y_coord":"53.013916","x_coord":"7.335067","y_coord_D":53.013916000000002,"x_coord_D":7.3350669999999996}},{"type":"Feature","id":101,"geometry":{"type":"Point","coordinates":[816296.88199999928,6985648.3357999995]},"properties":{"OBJECTID":101,"ID_con":1408,"bw_id":"GFD_SON_4475","name":"Bootsanleger oberhalb Wehr Goldfischdever","km":"4+475","KTR":null,"FSK":"03184700100007______","upflicht":"NLWKN??","bauart":"Bootsanleger","baujahr":null,"GEW":"GFD","rwert":388163,"hwert":5875164,"link1":null,"link2":null,"bemerk":null,"beschreib":"Bootsanleger","beschreib_lang":null,"stat_von":4475,"akz":null,"denkmal":"Nein","bez_urpl":"Bootsanleger oberhalb Wehr Goldfischdever","Nr_WR":null,"tmp":1408,"id_bw_son_pun":195,"foto1":"https://nlwkn.hannit-share.de/index.php/core/preview?fileId=11066485&x=1280&y=819&a=true","foto2":"https://nlwkn.hannit-share.de/index.php/core/preview?fileId=11066488&x=1280&y=819&a=true","foto3":null,"foto4":null,"y_coord":"53.014326","x_coord":"7.33292","y_coord_D":53.014325999999997,"x_coord_D":7.3329199999999997}},{"type":"Feature","id":102,"geometry":{"type":"Point","coordinates":[816227.29800000042,6985643.3866999969]},"properties":{"OBJECTID":102,"ID_con":1409,"bw_id":"GFD_SON_4510","name":"Pegellatte (OW)","km":"4+510","KTR":null,"FSK":"03184700100007______","upflicht":"NLWKN","bauart":"Pegellatte","baujahr":null,"GEW":"GFD","rwert":388121,"hwert":5875162,"link1":null,"link2":null,"bemerk":"Wasserstand OW am 28.03.2021 13:10 = 2.30 m (NN??)","beschreib":"Pegellatte (OW)","beschreib_lang":null,"stat_von":4510,"akz":null,"denkmal":"Nein","bez_urpl":"Pegellatte OW Wehr Goldfischdever rechts","Nr_WR":null,"tmp":1409,"id_bw_son_pun":353,"foto1":"https://nlwkn.hannit-share.de/index.php/core/preview?fileId=11066491&x=1280&y=819&a=true","foto2":"https://nlwkn.hannit-share.de/index.php/core/preview?fileId=11066494&x=1280&y=819&a=true","foto3":null,"foto4":null,"y_coord":"53.0143","x_coord":"7.332295","y_coord_D":53.014299999999999,"x_coord_D":7.3322950000000002}},{"type":"Feature","id":103,"geometry":{"type":"Point","coordinates":[816222.32220000029,6985643.2707000002]},"properties":{"OBJECTID":103,"ID_con":1410,"bw_id":"GFD_SON_4515","name":"Betriebsgebäude links (Steuerung Wehr Goldfischdever)","km":"4+515","KTR":null,"FSK":"03184700100007______","upflicht":"NLWKN","bauart":"Betriebsgebäude","baujahr":null,"GEW":"GFD","rwert":388118,"hwert":5875162,"link1":null,"link2":null,"bemerk":null,"beschreib":"Betriebsgebäude Wehr Goldfischdever mit Steuereinrichtungen und Hydraulik","beschreib_lang":"Betriebsgebäude Wehr Goldfischdever mit Steuereinrichtungen und Hydraulik","stat_von":4515,"akz":null,"denkmal":"Nein","bez_urpl":"Betriebsgebäude links (Steuerung Wehr Goldfischdever)","Nr_WR":null,"tmp":1410,"id_bw_son_pun":278,"foto1":"https://nlwkn.hannit-share.de/index.php/core/preview?fileId=11066509&x=1280&y=819&a=true","foto2":"https://nlwkn.hannit-share.de/index.php/core/preview?fileId=11066512&x=1280&y=819&a=true","foto3":"https://nlwkn.hannit-share.de/index.php/core/preview?fileId=11066515&x=1280&y=819&a=true","foto4":"https://nlwkn.hannit-share.de/index.php/core/preview?fileId=11066518&x=1280&y=819&a=true","y_coord":"53.014299","x_coord":"7.33225","y_coord_D":53.014299000000001,"x_coord_D":7.3322500000000002}},{"type":"Feature","id":104,"geometry":{"type":"Point","coordinates":[816203.88479999825,6985651.1586000025]},"properties":{"OBJECTID":104,"ID_con":1411,"bw_id":"GFD_SON_4530","name":"Pegellatte UW Wehr Goldfischdever links","km":"4+530","KTR":null,"FSK":"03184700100007______","upflicht":"NLWKN","bauart":"Pegellatte","baujahr":null,"GEW":"GFD","rwert":388107,"hwert":5875167,"link1":null,"link2":null,"bemerk":null,"beschreib":"Pegellatte UW Wehr Goldfischdever links","beschreib_lang":"Pegellatte UW Wehr Goldfischdever links","stat_von":4530,"akz":null,"denkmal":"Nein","bez_urpl":"Pegellatte UW Wehr Goldfischdever links","Nr_WR":null,"tmp":1411,"id_bw_son_pun":352,"foto1":"https://nlwkn.hannit-share.de/index.php/core/preview?fileId=11066521&x=1280&y=819&a=true","foto2":null,"foto3":null,"foto4":null,"y_coord":"53.014342","x_coord":"7.332084","y_coord_D":53.014341999999999,"x_coord_D":7.332084}},{"type":"Feature","id":105,"geometry":{"type":"Point","coordinates":[816144.75329999998,6985696.3589999974]},"properties":{"OBJECTID":105,"ID_con":1412,"bw_id":"GFD_SON_4570","name":"Bootsanleger unterhalb Wehr Goldfischdever","km":"4+570","KTR":null,"FSK":"03184700100007______","upflicht":"NLWKN??","bauart":"Bootsanleger","baujahr":null,"GEW":"GFD","rwert":388072,"hwert":5875195,"link1":null,"link2":null,"bemerk":null,"beschreib":"Auskolkung","beschreib_lang":null,"stat_von":4570,"akz":null,"denkmal":"Nein","bez_urpl":"Bootsanleger uh Wehr Goldfischdever rechts","Nr_WR":null,"tmp":1412,"id_bw_son_pun":194,"foto1":"https://nlwkn.hannit-share.de/index.php/core/preview?fileId=11066524&x=1280&y=819&a=true","foto2":null,"foto3":null,"foto4":null,"y_coord":"53.014586","x_coord":"7.331553","y_coord_D":53.014586000000001,"x_coord_D":7.3315530000000004}},{"type":"Feature","id":106,"geometry":{"type":"Point","coordinates":[815847.70470000058,6986552.8553000018]},"properties":{"OBJECTID":106,"ID_con":1414,"bw_id":"GFD_SON_5435","name":"Kolk linksseitig","km":"5+435","KTR":null,"FSK":"031716113000650020__","upflicht":"NLWKN","bauart":"Auskolkung","baujahr":null,"GEW":"GFD","rwert":387905,"hwert":5875714,"link1":null,"link2":null,"bemerk":null,"beschreib":"Kolk linksseitig","beschreib_lang":null,"stat_von":5435,"akz":null,"denkmal":"Nein","bez_urpl":"Kolk linksseitig","Nr_WR":null,"tmp":1414,"id_bw_son_pun":196,"foto1":null,"foto2":null,"foto3":null,"foto4":null,"y_coord":"53.019214","x_coord":"7.328885","y_coord_D":53.019213999999998,"x_coord_D":7.3288849999999996}},{"type":"Feature","id":107,"geometry":{"type":"Point","coordinates":[813381.09070000052,6925441.9981999993]},"properties":{"OBJECTID":107,"ID_con":1419,"bw_id":"HAS_SON_1520","name":"Bootssteg (Alter Emskanal)","km":"1+520","KTR":null,"FSK":"033110011003920087__","upflicht":"Fachbereich Wirtschaft LK Emsland","bauart":"Bootsanleger","baujahr":null,"GEW":"HAS","rwert":385550,"hwert":5838878,"link1":null,"link2":null,"bemerk":"Genehmigung vom 18.07.2005 (Fachbereich Wirtschaft","beschreib":"Bootssteg, Bootsanleger (Alter Emskanal)","beschreib_lang":null,"stat_von":1520,"akz":null,"denkmal":"Nein","bez_urpl":"Bootssteg (Alter Emskanal)","Nr_WR":null,"tmp":1419,"id_bw_son_pun":34,"foto1":"https://nlwkn.hannit-share.de/index.php/core/preview?fileId=11065147&x=1280&y=819&a=true","foto2":"https://nlwkn.hannit-share.de/index.php/core/preview?fileId=11065150&x=1280&y=819&a=true","foto3":null,"foto4":null,"y_coord":"52.687719","x_coord":"7.306727","y_coord_D":52.687719000000001,"x_coord_D":7.3067270000000004}},{"type":"Feature","id":108,"geometry":{"type":"Point","coordinates":[813755.44429999962,6925351.7436999977]},"properties":{"OBJECTID":108,"ID_con":1423,"bw_id":"HAS_SON_1745","name":"Böschungstreppe bei Fußgängerbrücke","km":"1+745","KTR":null,"FSK":"033110011003920029__","upflicht":"Stadt Meppen","bauart":"Stahlbeton","baujahr":"2020","GEW":"HAS","rwert":385776,"hwert":5838818,"link1":null,"link2":null,"bemerk":"Position aktualisieren wenn Luftbild vorliegt ; Ve","beschreib":"Böschungstreppe bei Fußgängerbrücke (Meppen, Haseknie)","beschreib_lang":null,"stat_von":1745,"akz":null,"denkmal":"Nein","bez_urpl":"Böschungstreppe links unterhalb Fußgängerbrücke Meppen","Nr_WR":null,"tmp":1423,"id_bw_son_pun":391,"foto1":"https://nlwkn.hannit-share.de/index.php/core/preview?fileId=11065159&x=1280&y=819&a=true","foto2":null,"foto3":null,"foto4":null,"y_coord":"52.687228","x_coord":"7.31009","y_coord_D":52.687227999999998,"x_coord_D":7.3100899999999998}},{"type":"Feature","id":109,"geometry":{"type":"Point","coordinates":[813758.10379999876,6925449.2243999988]},"properties":{"OBJECTID":109,"ID_con":1424,"bw_id":"HAS_SON_1755","name":"Böschungstreppe Fußgängerbrücke","km":"1+755","KTR":null,"FSK":"033110011001240004__","upflicht":"Stadt Meppen","bauart":"Stahlbetontreppe","baujahr":"2020","GEW":"HAS","rwert":385779,"hwert":5838877,"link1":null,"link2":null,"bemerk":"Position aktualisieren wenn Luftbild vorliegt ; Ve","beschreib":"Böschungstreppe Fußgängerbrücke (rechts ; Meppen Haseknie)","beschreib_lang":null,"stat_von":1755,"akz":null,"denkmal":"Nein","bez_urpl":"Böschungstreppe rechts oh Fußgängerbrücke Meppen","Nr_WR":null,"tmp":1424,"id_bw_son_pun":392,"foto1":"https://nlwkn.hannit-share.de/index.php/core/preview?fileId=11065162&x=1280&y=819&a=true","foto2":"https://nlwkn.hannit-share.de/index.php/core/preview?fileId=11065165&x=1280&y=819&a=true","foto3":"https://nlwkn.hannit-share.de/index.php/core/preview?fileId=11065168&x=1280&y=819&a=true","foto4":null,"y_coord":"52.687758","x_coord":"7.310113","y_coord_D":52.687758000000002,"x_coord_D":7.3101130000000003}},{"type":"Feature","id":110,"geometry":{"type":"Point","coordinates":[814054.84059999883,6925438.0362000018]},"properties":{"OBJECTID":110,"ID_con":1428,"bw_id":"HAS_SON_1930","name":"OW-Entn., Kirschner, Hase - km 59.1 (A-001)","km":"1+930","KTR":null,"FSK":"033110012000690009__","upflicht":"Kirschner","bauart":"Wasserrecht (Entnahme)","baujahr":null,"GEW":"HAS","rwert":385959,"hwert":5838866,"link1":null,"link2":null,"bemerk":"OW-Entn., Kirschner, Hase - km 59.1 (A-001), ertei","beschreib":"Wasserrecht (Kennziffer: 11/12954) zur unbefristeten Oberflächenwasserentnahme aus der Hase erteilt am 08.04.1954, geändert am 28.05.2003.","beschreib_lang":"Wasserrecht (Kennziffer: 11/12954) zur unbefristeten Oberflächenwasserentnahme aus der Hase erteilt am 08.04.1954, geändert am 28.05.2003.","stat_von":1930,"akz":null,"denkmal":"Nein","bez_urpl":"Wasserrecht (Entnahme) Links","Nr_WR":"11/12954 (aktiv)","tmp":1428,"id_bw_son_pun":245,"foto1":null,"foto2":null,"foto3":null,"foto4":null,"y_coord":"52.687697","x_coord":"7.312779","y_coord_D":52.687697,"x_coord_D":7.3127789999999999}},{"type":"Feature","id":111,"geometry":{"type":"Point","coordinates":[814035.60599999875,6926190.5490000024]},"properties":{"OBJECTID":111,"ID_con":1439,"bw_id":"HAS_SON_2470","name":"Böschungstreppe , Steg (Privat)","km":"2+470","KTR":null,"FSK":"033110013000360009__","upflicht":null,"bauart":"Böschungstreppe","baujahr":null,"GEW":"HAS","rwert":385958,"hwert":5839322,"link1":null,"link2":null,"bemerk":null,"beschreib":"Böschungstreppe , Steg (Privat)","beschreib_lang":null,"stat_von":2470,"akz":null,"denkmal":"Nein","bez_urpl":null,"Nr_WR":null,"tmp":1439,"id_bw_son_pun":393,"foto1":"https://nlwkn.hannit-share.de/index.php/core/preview?fileId=11065297&x=1280&y=819&a=true","foto2":"https://nlwkn.hannit-share.de/index.php/core/preview?fileId=11065300&x=1280&y=819&a=true","foto3":null,"foto4":null,"y_coord":"52.691795","x_coord":"7.312606","y_coord_D":52.691794999999999,"x_coord_D":7.3126059999999997}},{"type":"Feature","id":112,"geometry":{"type":"Point","coordinates":[813478.21059999987,6928114.6599000022]},"properties":{"OBJECTID":112,"ID_con":2098,"bw_id":"HAS_SON_2500","name":"Betriebsstelle Meppen","km":"2+500","KTR":null,"FSK":"033110037000010020__","upflicht":null,"bauart":"Betriebsgebäude","baujahr":"1995","GEW":"HAS","rwert":385647,"hwert":5840495,"link1":null,"link2":null,"bemerk":null,"beschreib":"NLWKN Betriebsstelle Meppen","beschreib_lang":"NLWKN Betriebsstelle Meppen","stat_von":2500,"akz":null,"denkmal":"Nein","bez_urpl":"Betriebsstelle Meppen","Nr_WR":null,"tmp":2098,"id_bw_son_pun":496,"foto1":"https://nlwkn.hannit-share.de/index.php/core/preview?fileId=11065306&x=1280&y=819&a=true","foto2":null,"foto3":null,"foto4":null,"y_coord":"52.70227","x_coord":"7.307599","y_coord_D":52.702269999999999,"x_coord_D":7.3075989999999997}},{"type":"Feature","id":113,"geometry":{"type":"Point","coordinates":[814182.87220000103,6926585.3781000003]},"properties":{"OBJECTID":113,"ID_con":2364,"bw_id":"HAS_SON_2670","name":"Biotop (Nr. : 24.12/01, Spiek)","km":"2+670","KTR":null,"FSK":"033110007000610010__","upflicht":"Landkreis Emsland","bauart":"Biotop","baujahr":null,"GEW":"HAS","rwert":386053,"hwert":5839559,"link1":null,"link2":null,"bemerk":"Biotop auf landeseigener Fläche","beschreib":"Biotop (§ 30;  Spiek) auf landeseigener Fläche (Typ: NRW,NSR)","beschreib_lang":null,"stat_von":2670,"akz":null,"denkmal":"Nein","bez_urpl":"Biotop (Nr. : 24.12/01)","Nr_WR":null,"tmp":2364,"id_bw_son_pun":582,"foto1":null,"foto2":null,"foto3":null,"foto4":null,"y_coord":"52.693945","x_coord":"7.313929","y_coord_D":52.693944999999999,"x_coord_D":7.3139289999999999}},{"type":"Feature","id":114,"geometry":{"type":"Point","coordinates":[814448.31260000169,6926717.1111000031]},"properties":{"OBJECTID":114,"ID_con":2365,"bw_id":"HAS_SON_2820","name":"Biotop (Nr.: 24.12/10, Hase-Altwasser Bokeloher Straße)","km":"2+820","KTR":null,"FSK":"033110013000020005__","upflicht":"Landkreis Emsland","bauart":"Biotop","baujahr":null,"GEW":"HAS","rwert":386216,"hwert":5839635,"link1":null,"link2":null,"bemerk":null,"beschreib":"Biotop (§ 30; Hase-Altwasser Bokeloher Straße; Typ: SEF)","beschreib_lang":null,"stat_von":2820,"akz":null,"denkmal":"Nein","bez_urpl":"Biotop (Nr.: 24.12/10)","Nr_WR":null,"tmp":2365,"id_bw_son_pun":583,"foto1":null,"foto2":null,"foto3":null,"foto4":null,"y_coord":"52.694662","x_coord":"7.316314","y_coord_D":52.694662000000001,"x_coord_D":7.3163140000000002}},{"type":"Feature","id":115,"geometry":{"type":"Point","coordinates":[814589.17599999905,6926751.7885999978]},"properties":{"OBJECTID":115,"ID_con":2368,"bw_id":"HAS_SON_2850","name":"Biotop (Nr.: 24.12/10, Hase-Altwasser Bokeloher Straße)","km":"2+850","KTR":null,"FSK":"033110013000020005__","upflicht":"Landkreis Emsland","bauart":"Biotop","baujahr":null,"GEW":"HAS","rwert":386302,"hwert":5839654,"link1":null,"link2":null,"bemerk":null,"beschreib":"Biotop (§ 30; Hase-Altwasser Bokeloher Straße; Typ: SEF)","beschreib_lang":null,"stat_von":2850,"akz":null,"denkmal":"Nein","bez_urpl":"Biotop (Nr.: 24.12/10, Hase-Altwasser Bokeloher Straße)","Nr_WR":null,"tmp":2368,"id_bw_son_pun":585,"foto1":null,"foto2":null,"foto3":null,"foto4":null,"y_coord":"52.694851","x_coord":"7.317579","y_coord_D":52.694851,"x_coord_D":7.3175790000000003}},{"type":"Feature","id":116,"geometry":{"type":"Point","coordinates":[814631.83469999954,6926334.9869000018]},"properties":{"OBJECTID":116,"ID_con":1445,"bw_id":"HAS_SON_3000","name":"OW-Entn., Kirschner, Hase (A-002)","km":"3+000","KTR":null,"FSK":"033110013000360009__","upflicht":"Kirschner","bauart":"Wasserrecht (Entnahme)","baujahr":null,"GEW":"HAS","rwert":386322,"hwert":5839401,"link1":null,"link2":null,"bemerk":"OW-Entn., Kirschner, Hase (A-002), erteilt am: 28.","beschreib":"unbefristetes Wasserrecht  vom 08.04.1954 geändert am 28.05.2003 zur Entnahme von Wasser aus der Hase für land- und forstwirtschaftliche Feldberegnung.  Es dürfen maximal 650 cbm pro Tag, bzw. 65 cbm pro Stunde entnommen werden.","beschreib_lang":"unbefristetes Wasserrecht (Kennziffer: 11/12954, Akz: 682-815-411.29) vom 08.04.1954 geändert am 28.05.2003 zur Entnahme von Wasser aus der Hase für land- und forstwirtschaftliche Feldberegnung.  Es dürfen maximal 650 cbm pro Tag, bzw. 65 cbm pro Stunde entnommen werden.","stat_von":3000,"akz":null,"denkmal":"Nein","bez_urpl":"Wasserrecht (Entnahme) Links","Nr_WR":"11/12954 (aktiv)","tmp":1445,"id_bw_son_pun":246,"foto1":null,"foto2":null,"foto3":null,"foto4":null,"y_coord":"52.692581","x_coord":"7.317962","y_coord_D":52.692580999999997,"x_coord_D":7.3179619999999996}},{"type":"Feature","id":117,"geometry":{"type":"Point","coordinates":[815116.69299999997,6925814.6097000018]},"properties":{"OBJECTID":117,"ID_con":1463,"bw_id":"HAS_SON_3465","name":"OW-Entn., Kirschner, Hase (A-003)","km":"3+465","KTR":null,"FSK":"033110012000720006__","upflicht":"Kirschner","bauart":"Wasserrecht (Entnahme)","baujahr":null,"GEW":"HAS","rwert":386609,"hwert":5839079,"link1":null,"link2":null,"bemerk":"OW-Entn., Kirschner, Hase (A-003), erteilt am: 28.","beschreib":"Wasserrecht","beschreib_lang":null,"stat_von":3465,"akz":null,"denkmal":"Nein","bez_urpl":"Wasserrecht (Entnahme) Links","Nr_WR":"11/12954 (aktiv)","tmp":1463,"id_bw_son_pun":247,"foto1":null,"foto2":null,"foto3":null,"foto4":null,"y_coord":"52.689748","x_coord":"7.322318","y_coord_D":52.689748000000002,"x_coord_D":7.3223180000000001}},{"type":"Feature","id":118,"geometry":{"type":"Point","coordinates":[815655.90769999847,6926002.2171000019]},"properties":{"OBJECTID":118,"ID_con":2369,"bw_id":"HAS_SON_3800","name":"Biotop (Nr.: 24.12/13; Binsenwiese Wekenborgshof)","km":"3+800","KTR":null,"FSK":"033110013000130001__","upflicht":"Landkreis Emsland","bauart":"Biotop","baujahr":null,"GEW":"HAS","rwert":386939,"hwert":5839185,"link1":null,"link2":null,"bemerk":null,"beschreib":"Biotop (§ 30; Binsenwiese Wekenborgshof; Typ: GMF,NS)","beschreib_lang":null,"stat_von":3800,"akz":null,"denkmal":"Nein","bez_urpl":"Biotop (Nr.: 24.12/13; Binsenwiese Wekenborgshof)","Nr_WR":null,"tmp":2369,"id_bw_son_pun":586,"foto1":null,"foto2":null,"foto3":null,"foto4":null,"y_coord":"52.690769","x_coord":"7.327162","y_coord_D":52.690769000000003,"x_coord_D":7.3271620000000004}},{"type":"Feature","id":119,"geometry":{"type":"Point","coordinates":[815806.62900000066,6925753.0844999999]},"properties":{"OBJECTID":119,"ID_con":1469,"bw_id":"HAS_SON_3880","name":"OW-Entn., Kirschner, Hase (A-004)","km":"3+880","KTR":null,"FSK":"033110012000720006__","upflicht":"Kirschner","bauart":"Wasserrecht (Entnahme)","baujahr":null,"GEW":"HAS","rwert":387027,"hwert":5839032,"link1":null,"link2":null,"bemerk":"OW-Entn., Kirschner, Hase (A-004), erteilt am: 28.","beschreib":"Wasserrecht","beschreib_lang":null,"stat_von":3880,"akz":null,"denkmal":"Nein","bez_urpl":"Wasserrecht (Entnahme) Links","Nr_WR":"11/12954 (aktiv)","tmp":1469,"id_bw_son_pun":248,"foto1":null,"foto2":null,"foto3":null,"foto4":null,"y_coord":"52.689413","x_coord":"7.328516","y_coord_D":52.689413000000002,"x_coord_D":7.3285159999999996}},{"type":"Feature","id":120,"geometry":{"type":"Point","coordinates":[815862.52529999986,6925757.6872999966]},"properties":{"OBJECTID":120,"ID_con":1473,"bw_id":"HAS_SON_3945","name":"Badestelle","km":"3+945","KTR":null,"FSK":"033110012000720006__","upflicht":null,"bauart":"Badestelle","baujahr":null,"GEW":"HAS","rwert":387061,"hwert":5839034,"link1":null,"link2":null,"bemerk":null,"beschreib":"beliebte Bade-, Campingstelle an der Hase mit Sandbank","beschreib_lang":null,"stat_von":3945,"akz":null,"denkmal":"Nein","bez_urpl":null,"Nr_WR":null,"tmp":1473,"id_bw_son_pun":39,"foto1":"https://nlwkn.hannit-share.de/index.php/core/preview?fileId=11065630&x=1280&y=819&a=true","foto2":null,"foto3":null,"foto4":null,"y_coord":"52.689438","x_coord":"7.329018","y_coord_D":52.689438000000003,"x_coord_D":7.3290179999999996}},{"type":"Feature","id":121,"geometry":{"type":"Point","coordinates":[816155.18459999934,6925852.0046000034]},"properties":{"OBJECTID":121,"ID_con":2370,"bw_id":"HAS_SON_3950","name":"Biotop (Nr. 24.13/05 ; Wekenborgshof)","km":"3+950","KTR":null,"FSK":"033110013000190002__","upflicht":"Landkreis Emsland","bauart":"Biotop","baujahr":null,"GEW":"HAS","rwert":387240,"hwert":5839087,"link1":null,"link2":null,"bemerk":null,"beschreib":"Biotop (§ 30; Wekenborgshof; Typ: GMS,NS)","beschreib_lang":null,"stat_von":3950,"akz":null,"denkmal":"Nein","bez_urpl":"Biotop (Nr. 24.13/05 ; Wekenborgshof)","Nr_WR":null,"tmp":2370,"id_bw_son_pun":587,"foto1":null,"foto2":null,"foto3":null,"foto4":null,"y_coord":"52.689952","x_coord":"7.331647","y_coord_D":52.689951999999998,"x_coord_D":7.3316470000000002}},{"type":"Feature","id":122,"geometry":{"type":"Point","coordinates":[815754.54899999872,6925441.4487999976]},"properties":{"OBJECTID":122,"ID_con":2371,"bw_id":"HAS_SON_4150","name":"Biotop (Nr. : 24.12/03, Bröke)","km":"4+150","KTR":null,"FSK":"033110014000010001__","upflicht":"Landkreis Emsland","bauart":"Biotop","baujahr":null,"GEW":"HAS","rwert":386991,"hwert":5838844,"link1":null,"link2":null,"bemerk":null,"beschreib":"Biotop (§ 30; Bröke; Typ: GNF,SE)","beschreib_lang":null,"stat_von":4150,"akz":null,"denkmal":"Nein","bez_urpl":"Biotop (Nr. : 24.12/03, Bröke)","Nr_WR":null,"tmp":2371,"id_bw_son_pun":588,"foto1":null,"foto2":null,"foto3":null,"foto4":null,"y_coord":"52.687716","x_coord":"7.328048","y_coord_D":52.687716000000002,"x_coord_D":7.3280479999999999}},{"type":"Feature","id":123,"geometry":{"type":"Point","coordinates":[815598.35060000047,6925358.5569000021]},"properties":{"OBJECTID":123,"ID_con":2372,"bw_id":"HAS_SON_4260","name":"Biotop (Nr.: 24.12/14; Haseschleife Wekenborg)","km":"4+260","KTR":null,"FSK":"033110014000020002__","upflicht":"Landkreis Emsland","bauart":"Biotop","baujahr":null,"GEW":"HAS","rwert":386895,"hwert":5838796,"link1":null,"link2":null,"bemerk":null,"beschreib":"Biotop (§ 30;  Haseschleife Wekenborg, Typ: GMA)","beschreib_lang":null,"stat_von":4260,"akz":null,"denkmal":"Nein","bez_urpl":"Biotop (Nr.: 24.12/14; Haseschleife Wekenborg)","Nr_WR":null,"tmp":2372,"id_bw_son_pun":589,"foto1":null,"foto2":null,"foto3":null,"foto4":null,"y_coord":"52.687265","x_coord":"7.326645","y_coord_D":52.687264999999996,"x_coord_D":7.3266450000000001}},{"type":"Feature","id":124,"geometry":{"type":"Point","coordinates":[815387.29610000178,6925297.499499999]},"properties":{"OBJECTID":124,"ID_con":1484,"bw_id":"HAS_SON_4385","name":"OW-Entn., Kirschner, Hase (A-005)","km":"4+385","KTR":null,"FSK":"033110012000720006__","upflicht":"Kirschner","bauart":"Wasserrecht (Entnahme)","baujahr":null,"GEW":"HAS","rwert":386766,"hwert":5838762,"link1":null,"link2":null,"bemerk":"OW-Entn., Kirschner, Hase (A-005), erteilt am: 28.","beschreib":"Wasserrecht","beschreib_lang":null,"stat_von":4385,"akz":null,"denkmal":"Nein","bez_urpl":"Wasserrecht (Entnahme) Links","Nr_WR":"11/12954 (aktiv)","tmp":1484,"id_bw_son_pun":249,"foto1":null,"foto2":null,"foto3":null,"foto4":null,"y_coord":"52.686932","x_coord":"7.324749","y_coord_D":52.686931999999999,"x_coord_D":7.3247489999999997}},{"type":"Feature","id":125,"geometry":{"type":"Point","coordinates":[815436.25959999859,6925032.8136000037]},"properties":{"OBJECTID":125,"ID_con":2373,"bw_id":"HAS_SON_4650","name":"Biotop (Nr.: 24.12/14; Haseschleife Wekenborg)","km":"4+650","KTR":null,"FSK":"033110014000020002__","upflicht":"Landkreis Emsland","bauart":"Biotop","baujahr":null,"GEW":"HAS","rwert":386792,"hwert":5838601,"link1":null,"link2":null,"bemerk":null,"beschreib":"Biotop (§ 30; Haseschleife Wekenborg; GMA)","beschreib_lang":null,"stat_von":4650,"akz":null,"denkmal":"Nein","bez_urpl":"Biotop (Nr.: 24.12/14; Haseschleife Wekenborg)","Nr_WR":null,"tmp":2373,"id_bw_son_pun":590,"foto1":null,"foto2":null,"foto3":null,"foto4":null,"y_coord":"52.685491","x_coord":"7.325189","y_coord_D":52.685490999999999,"x_coord_D":7.325189}},{"type":"Feature","id":126,"geometry":{"type":"Point","coordinates":[815437.36919999868,6924700.9800999984]},"properties":{"OBJECTID":126,"ID_con":1494,"bw_id":"HAS_SON_4890","name":"Schutzhütte Wekenborg","km":"4+890","KTR":null,"FSK":"03311001400068______","upflicht":"Landkreis Emsland??","bauart":"Schutzhütte","baujahr":null,"GEW":"HAS","rwert":386788,"hwert":5838400,"link1":null,"link2":null,"bemerk":"Vertrag??","beschreib":"Schutzhütte beim Altarm Wekenborg mit Infotafel vom Landkreis","beschreib_lang":null,"stat_von":4890,"akz":null,"denkmal":"Nein","bez_urpl":null,"Nr_WR":null,"tmp":1494,"id_bw_son_pun":395,"foto1":"https://nlwkn.hannit-share.de/index.php/core/preview?fileId=11065810&x=1280&y=819&a=true","foto2":"https://nlwkn.hannit-share.de/index.php/core/preview?fileId=11065813&x=1280&y=819&a=true","foto3":null,"foto4":null,"y_coord":"52.683684","x_coord":"7.325199","y_coord_D":52.683684,"x_coord_D":7.3251989999999996}},{"type":"Feature","id":127,"geometry":{"type":"Point","coordinates":[815444.10649999976,6924694.5331000015]},"properties":{"OBJECTID":127,"ID_con":1495,"bw_id":"HAS_SON_4895","name":"Infotafel LK Emsland rechts (Wekenborg)","km":"4+895","KTR":null,"FSK":"03311001400068______","upflicht":"Landkreis Emsland","bauart":"Infotafel","baujahr":"2021","GEW":"HAS","rwert":386792,"hwert":5838396,"link1":null,"link2":null,"bemerk":"Vertrag??","beschreib":"Infotafel vom Landkreis beim Altarm Wekenborg","beschreib_lang":null,"stat_von":4895,"akz":null,"denkmal":"Nein","bez_urpl":null,"Nr_WR":null,"tmp":1495,"id_bw_son_pun":394,"foto1":"https://nlwkn.hannit-share.de/index.php/core/preview?fileId=11065816&x=1280&y=819&a=true","foto2":"https://nlwkn.hannit-share.de/index.php/core/preview?fileId=11065819&x=1280&y=819&a=true","foto3":"https://nlwkn.hannit-share.de/index.php/core/preview?fileId=11065822&x=1280&y=819&a=true","foto4":null,"y_coord":"52.683649","x_coord":"7.325259","y_coord_D":52.683649000000003,"x_coord_D":7.325259}},{"type":"Feature","id":128,"geometry":{"type":"Point","coordinates":[817227.72569999844,6925554.8546999991]},"properties":{"OBJECTID":128,"ID_con":2374,"bw_id":"HAS_SON_6580","name":"Biotop (Nr.: 24.13/09; Auengewässer)","km":"6+580","KTR":null,"FSK":"033218001000660005__","upflicht":"Landkreis Emsland","bauart":"Biotop","baujahr":null,"GEW":"HAS","rwert":387887,"hwert":5838892,"link1":null,"link2":null,"bemerk":null,"beschreib":"Biotop (§ 30 ; Auengewässer; SEN)","beschreib_lang":null,"stat_von":6580,"akz":null,"denkmal":"Nein","bez_urpl":"Biotop (Nr.: 24.13/09; Auengewässer)","Nr_WR":null,"tmp":2374,"id_bw_son_pun":591,"foto1":null,"foto2":null,"foto3":null,"foto4":null,"y_coord":"52.688334","x_coord":"7.341282","y_coord_D":52.688333999999998,"x_coord_D":7.3412819999999996}},{"type":"Feature","id":129,"geometry":{"type":"Point","coordinates":[817927.71040000021,6925433.9390999973]},"properties":{"OBJECTID":129,"ID_con":1507,"bw_id":"HAS_SON_6975","name":"Infoschild LK Emsland","km":"6+975","KTR":null,"FSK":"033219004000010013__","upflicht":null,"bauart":"Infotafel","baujahr":"2021","GEW":"HAS","rwert":388310.29999999999,"hwert":5838809,"link1":null,"link2":null,"bemerk":null,"beschreib":"Infotafel vom Landkreis","beschreib_lang":null,"stat_von":6975,"akz":null,"denkmal":"Nein","bez_urpl":null,"Nr_WR":null,"tmp":1507,"id_bw_son_pun":396,"foto1":"https://nlwkn.hannit-share.de/index.php/core/preview?fileId=11065903&x=1280&y=819&a=true","foto2":null,"foto3":null,"foto4":null,"y_coord":"52.687675","x_coord":"7.34757","y_coord_D":52.687674999999999,"x_coord_D":7.3475700000000002}},{"type":"Feature","id":130,"geometry":{"type":"Point","coordinates":[817918.28979999945,6925536.0944999978]},"properties":{"OBJECTID":130,"ID_con":2375,"bw_id":"HAS_SON_7000","name":"Biotop (Nr.:  24.13/08; Heide im Haseknie)","km":"7+000","KTR":null,"FSK":"033218001000600008__","upflicht":"Landkreis Emsland","bauart":"Biotop","baujahr":null,"GEW":"HAS","rwert":388306,"hwert":5838871,"link1":null,"link2":null,"bemerk":null,"beschreib":"Biotop (§ 3ß; Heide im Haseknie; HC,RS)","beschreib_lang":null,"stat_von":7000,"akz":null,"denkmal":"Nein","bez_urpl":"Biotop (Nr.:  24.13/08; Heide im Haseknie)","Nr_WR":null,"tmp":2375,"id_bw_son_pun":592,"foto1":null,"foto2":null,"foto3":null,"foto4":null,"y_coord":"52.688231","x_coord":"7.347485","y_coord_D":52.688231000000002,"x_coord_D":7.3474849999999998}},{"type":"Feature","id":131,"geometry":{"type":"Point","coordinates":[817744.47920000181,6925933.3395999968]},"properties":{"OBJECTID":131,"ID_con":2378,"bw_id":"HAS_SON_7405","name":"Biotop (Nr.: 24.13/08, Heide im Haseknie)","km":"7+405","KTR":null,"FSK":"033218001000600008__","upflicht":"Landkreis Emsland","bauart":"Biotop","baujahr":null,"GEW":"HAS","rwert":388206,"hwert":5839114,"link1":null,"link2":null,"bemerk":null,"beschreib":"Biotop (§ 30; Heide im Haseknie, HC,RS)","beschreib_lang":null,"stat_von":7405,"akz":null,"denkmal":"Nein","bez_urpl":"Biotop (Nr.: 24.13/08, Heide im Haseknie)","Nr_WR":null,"tmp":2378,"id_bw_son_pun":595,"foto1":null,"foto2":null,"foto3":null,"foto4":null,"y_coord":"52.690394","x_coord":"7.345924","y_coord_D":52.690393999999998,"x_coord_D":7.3459240000000001}},{"type":"Feature","id":132,"geometry":{"type":"Point","coordinates":[817914.56960000098,6926634.1140000001]},"properties":{"OBJECTID":132,"ID_con":1508,"bw_id":"HAS_SON_7825","name":"Pegel Bokeloh","km":"7+825","KTR":null,"FSK":"033219004000130005__","upflicht":"NLWKN, GB 3","bauart":"Pegel","baujahr":null,"GEW":"HAS","rwert":388319,"hwert":5839536,"link1":"https://nlwkn.hannit-share.de/index.php/core/preview?fileId=11065963&x=1280&y=819&a=true","link2":null,"bemerk":null,"beschreib":"Pegel Bokeloh des NLWKN (Siehe auch Pegel-Online : https://www.pegelonline.nlwkn.niedersachsen.de/Karte )","beschreib_lang":null,"stat_von":7825,"akz":"62121-02-01","denkmal":"Nein","bez_urpl":"Pegel Bokeloh","Nr_WR":null,"tmp":1508,"id_bw_son_pun":40,"foto1":"https://nlwkn.hannit-share.de/index.php/core/preview?fileId=11065909&x=1280&y=819&a=true","foto2":"https://nlwkn.hannit-share.de/index.php/core/preview?fileId=11065912&x=1280&y=819&a=true","foto3":"https://nlwkn.hannit-share.de/index.php/core/preview?fileId=11065915&x=1280&y=819&a=true","foto4":"https://nlwkn.hannit-share.de/index.php/core/preview?fileId=11065918&x=1280&y=819&a=true","y_coord":"52.69421","x_coord":"7.347452","y_coord_D":52.694209999999998,"x_coord_D":7.3474519999999997}},{"type":"Feature","id":133,"geometry":{"type":"Point","coordinates":[817853.94139999896,6926835.8435000032]},"properties":{"OBJECTID":133,"ID_con":1509,"bw_id":"HAS_SON_7930","name":"Infoschild Brücke Bokeloh (Nabu)","km":"7+930","KTR":null,"FSK":"033218001000410007__","upflicht":"Nabu","bauart":"Infotafel","baujahr":null,"GEW":"HAS","rwert":388285,"hwert":5839659,"link1":null,"link2":null,"bemerk":null,"beschreib":"Infotafel beim Parkplatz Giese an der  Brücke Bokeloh (Nabu)","beschreib_lang":null,"stat_von":7930,"akz":null,"denkmal":"Nein","bez_urpl":null,"Nr_WR":null,"tmp":1509,"id_bw_son_pun":397,"foto1":"https://nlwkn.hannit-share.de/index.php/core/preview?fileId=11065921&x=1280&y=819&a=true","foto2":null,"foto3":null,"foto4":null,"y_coord":"52.695308","x_coord":"7.346907","y_coord_D":52.695307999999997,"x_coord_D":7.3469069999999999}},{"type":"Feature","id":134,"geometry":{"type":"Point","coordinates":[817956.99060000107,6926867.9403000027]},"properties":{"OBJECTID":134,"ID_con":1510,"bw_id":"HAS_SON_7970","name":"Bootsanleger Bokeloh","km":"7+970","KTR":null,"FSK":"033219002000010005__","upflicht":null,"bauart":"Bootsanleger","baujahr":null,"GEW":"HAS","rwert":388348,"hwert":5839677,"link1":null,"link2":null,"bemerk":"Genehmigung vom 14.02.1993","beschreib":"Bootsanleger an der Brücke Bokeloh gegenüber von der Kirche","beschreib_lang":null,"stat_von":7970,"akz":null,"denkmal":"Nein","bez_urpl":"Bootsanleger und Rastplatz links","Nr_WR":null,"tmp":1510,"id_bw_son_pun":41,"foto1":"https://nlwkn.hannit-share.de/index.php/core/preview?fileId=11065924&x=1280&y=819&a=true","foto2":"https://nlwkn.hannit-share.de/index.php/core/preview?fileId=11065927&x=1280&y=819&a=true","foto3":"https://nlwkn.hannit-share.de/index.php/core/preview?fileId=11065930&x=1280&y=819&a=true","foto4":"https://nlwkn.hannit-share.de/index.php/core/preview?fileId=11065933&x=1280&y=819&a=true","y_coord":"52.695483","x_coord":"7.347833","y_coord_D":52.695483000000003,"x_coord_D":7.3478329999999996}},{"type":"Feature","id":135,"geometry":{"type":"Point","coordinates":[819607.53990000114,6927236.0291000009]},"properties":{"OBJECTID":135,"ID_con":1511,"bw_id":"HAS_SON_9145","name":"Infotafel Landkreis Emsland (Froschkraut)","km":"9+145","KTR":null,"FSK":"033219001000350010__","upflicht":"Landkreis Emsland","bauart":"Infotafel","baujahr":"2020","GEW":"HAS","rwert":389355,"hwert":5839877,"link1":null,"link2":null,"bemerk":null,"beschreib":"Infotafel Landkreis Emsland (Froschkraut)","beschreib_lang":null,"stat_von":9145,"akz":null,"denkmal":"Nein","bez_urpl":null,"Nr_WR":null,"tmp":1511,"id_bw_son_pun":358,"foto1":"https://nlwkn.hannit-share.de/index.php/core/preview?fileId=11065936&x=1280&y=819&a=true","foto2":null,"foto3":null,"foto4":null,"y_coord":"52.697487","x_coord":"7.36266","y_coord_D":52.697487000000002,"x_coord_D":7.36266}},{"type":"Feature","id":136,"geometry":{"type":"Point","coordinates":[819643.50329999998,6927175.742899999]},"properties":{"OBJECTID":136,"ID_con":1512,"bw_id":"HAS_SON_9180","name":"Stauung, Wehr Bokeloh, Hase km 9.18","km":"9+180","KTR":null,"FSK":"033219001000010018__","upflicht":"Wasser- und Bodenverband Hasetal-Haselünne","bauart":"Wasserrecht (Stauung)","baujahr":null,"GEW":"HAS","rwert":389376,"hwert":5839840,"link1":null,"link2":null,"bemerk":"??endet 2022, Stauung, Wehr Bokeloh, Hase km 9.18,","beschreib":"Wasserrecht","beschreib_lang":null,"stat_von":9180,"akz":null,"denkmal":"Nein","bez_urpl":"Wasserrecht (Stauung Wehr Bokeloh alt)","Nr_WR":"11/13205 (aktiv)","tmp":1512,"id_bw_son_pun":244,"foto1":null,"foto2":null,"foto3":null,"foto4":null,"y_coord":"52.697159","x_coord":"7.362983","y_coord_D":52.697158999999999,"x_coord_D":7.3629829999999998}},{"type":"Feature","id":137,"geometry":{"type":"Point","coordinates":[819839.51539999992,6926886.2446999997]},"properties":{"OBJECTID":137,"ID_con":1513,"bw_id":"HAS_SON_9325","name":"Schöpfwerk Kamphausgraben","km":"9+325","KTR":null,"FSK":"03321900100011______","upflicht":"UHV 99??","bauart":"Schöpfwerk","baujahr":null,"GEW":"HAS","rwert":389491,"hwert":5839662,"link1":null,"link2":null,"bemerk":null,"beschreib":"Schöpfwerk Kamphausgraben","beschreib_lang":null,"stat_von":9325,"akz":null,"denkmal":"Nein","bez_urpl":"Schöpfwerk Kamphausgraben","Nr_WR":null,"tmp":1513,"id_bw_son_pun":356,"foto1":"https://nlwkn.hannit-share.de/index.php/core/preview?fileId=11065939&x=1280&y=819&a=true","foto2":"https://nlwkn.hannit-share.de/index.php/core/preview?fileId=11065942&x=1280&y=819&a=true","foto3":"https://nlwkn.hannit-share.de/index.php/core/preview?fileId=11065945&x=1280&y=819&a=true","foto4":"https://nlwkn.hannit-share.de/index.php/core/preview?fileId=11065948&x=1280&y=819&a=true","y_coord":"52.695583","x_coord":"7.364744","y_coord_D":52.695582999999999,"x_coord_D":7.364744}},{"type":"Feature","id":138,"geometry":{"type":"Point","coordinates":[819867.32250000164,6927040.4636000022]},"properties":{"OBJECTID":138,"ID_con":1514,"bw_id":"HAS_SON_9330","name":"Überfahrt Kamphausgraben","km":"9+330","KTR":"MAAHA00100","FSK":"033219001000010021__","upflicht":"NLWKN","bauart":"Überfahrt","baujahr":null,"GEW":"HAS","rwert":389510,"hwert":5839755,"link1":"https://nlwkn.hannit-share.de/index.php/core/preview?fileId=11065654&x=1280&y=819&a=true","link2":null,"bemerk":null,"beschreib":"Überfahrt Kamphausgraben links","beschreib_lang":"Überfahrt Kamphausgraben links","stat_von":9330,"akz":"62026-07-03-03","denkmal":"Nein","bez_urpl":"Überfahrt Kamphausgraben links","Nr_WR":null,"tmp":1514,"id_bw_son_pun":357,"foto1":"https://nlwkn.hannit-share.de/index.php/core/preview?fileId=11065951&x=1280&y=819&a=true","foto2":"https://nlwkn.hannit-share.de/index.php/core/preview?fileId=11065954&x=1280&y=819&a=true","foto3":"https://nlwkn.hannit-share.de/index.php/core/preview?fileId=11065957&x=1280&y=819&a=true","foto4":"https://nlwkn.hannit-share.de/index.php/core/preview?fileId=11065960&x=1280&y=819&a=true","y_coord":"52.696422","x_coord":"7.364993","y_coord_D":52.696421999999998,"x_coord_D":7.3649930000000001}},{"type":"Feature","id":139,"geometry":{"type":"Point","coordinates":[821037.1548999995,6928130.628200002]},"properties":{"OBJECTID":139,"ID_con":1416,"bw_id":"HAS_SON_10550","name":"Messstelle (GW??)","km":"10+550","KTR":null,"FSK":"033221002000170005__","upflicht":"??","bauart":"Messstelle","baujahr":null,"GEW":"HAS","rwert":390235,"hwert":5840399,"link1":null,"link2":null,"bemerk":null,"beschreib":"Messstelle (GW??)","beschreib_lang":null,"stat_von":10550,"akz":null,"denkmal":"Nein","bez_urpl":null,"Nr_WR":null,"tmp":1416,"id_bw_son_pun":359,"foto1":"https://nlwkn.hannit-share.de/index.php/core/preview?fileId=11065111&x=1280&y=819&a=true","foto2":null,"foto3":null,"foto4":null,"y_coord":"52.702357","x_coord":"7.375502","y_coord_D":52.702356999999999,"x_coord_D":7.375502}},{"type":"Feature","id":140,"geometry":{"type":"Point","coordinates":[820639.79439999908,6926536.1579999998]},"properties":{"OBJECTID":140,"ID_con":1417,"bw_id":"HAS_SON_11675","name":"Bootsanleger Dörgener Zeltplatz (Rolfes)","km":"11+675","KTR":null,"FSK":"033221006000950011__","upflicht":"Amt f. Wirtschaftsförderung LK Emsland","bauart":"Bootsanleger","baujahr":null,"GEW":"HAS","rwert":389972,"hwert":5839439,"link1":null,"link2":null,"bemerk":"Genehmigung vom 22.06.2004 (Amt f. Wirtschaftsförd","beschreib":"Bootsanleger Dörgener Zeltplatz (Rolfes)","beschreib_lang":null,"stat_von":11675,"akz":"27014-00-06-01-03","denkmal":"Nein","bez_urpl":"Bootsanleger rechts Dörgener Zeltplatz","Nr_WR":null,"tmp":1417,"id_bw_son_pun":42,"foto1":"https://nlwkn.hannit-share.de/index.php/core/preview?fileId=11065120&x=1280&y=819&a=true","foto2":"https://nlwkn.hannit-share.de/index.php/core/preview?fileId=11065123&x=1280&y=819&a=true","foto3":"https://nlwkn.hannit-share.de/index.php/core/preview?fileId=11065126&x=1280&y=819&a=true","foto4":"https://nlwkn.hannit-share.de/index.php/core/preview?fileId=11065129&x=1280&y=819&a=true","y_coord":"52.693677","x_coord":"7.371933","y_coord_D":52.693677000000001,"x_coord_D":7.3719330000000003}},{"type":"Feature","id":141,"geometry":{"type":"Point","coordinates":[819350.25059999898,6925653.1155000031]},"properties":{"OBJECTID":141,"ID_con":1418,"bw_id":"HAS_SON_12720","name":"Kompostierungsanlage Helte","km":"12+720","KTR":"MAAHA00100","FSK":"033219002000300001__","upflicht":"NLWKN","bauart":"Lagerplatz","baujahr":null,"GEW":"HAS","rwert":389177,"hwert":5838922,"link1":null,"link2":null,"bemerk":"!!Pachvertrag!!","beschreib":"Kompostierungsanlage Helte. Gepachtet von Herrn Abeln??","beschreib_lang":"Kompostierungsanlage Helte. Gepachtet von Herrn Abeln??","stat_von":12720,"akz":"62024-03-07","denkmal":"Nein","bez_urpl":"Kompostierungsanlage Helte","Nr_WR":null,"tmp":1418,"id_bw_son_pun":427,"foto1":null,"foto2":null,"foto3":null,"foto4":null,"y_coord":"52.688869","x_coord":"7.360349","y_coord_D":52.688868999999997,"x_coord_D":7.3603490000000003}},{"type":"Feature","id":142,"geometry":{"type":"Point","coordinates":[820035.96700000018,6925047.9104999974]},"properties":{"OBJECTID":142,"ID_con":2359,"bw_id":"HAS_SON_12830","name":"Furt in naturnaher Bauweise","km":"12+830","KTR":"MAAHA00100","FSK":"033219003000010009__","upflicht":"NLWKN","bauart":"Furt","baujahr":"2022","GEW":"HAS","rwert":389585,"hwert":5838546,"link1":null,"link2":null,"bemerk":"FGE Akz.: 62615-22-041","beschreib":"Furt in naturnaher Bauweise in Kombination mit  ökologischer Aufwertung des Mündungsbereiches. Umgesetzt in 2022 mit FGE-Fördermitteln (ca. 68.000 \u20AC). Die Sohllage der Furt liegt zwischen 11,74 und 11,78 m NN.","beschreib_lang":"Furt in naturnaher Bauweise mit ökologischer Aufwertung des Mündungsbereiches des Kamphausgrabens. Umgesetzt in 2022 durch die Fa. Otto (Hoptsten)  mit FGE-Fördermitteln (ca. 68.000 \u20AC). Die Sohllage der Furt liegt zwischen 11,74 und 11,78 m NN. Der Mittelwasserstand an der Furt liegt bei 11,665 m NN, MNW bei 11,215 m NN und MHW bei 13,345 m NN","stat_von":12830,"akz":"62501-Rückbau e. Rohrdurchlasses u. Herstellung einer Furt an der Hase bei km 12,8-496/2022","denkmal":"Nein","bez_urpl":"Furt in naturnaher Bauweise (Meppen, Helte)","Nr_WR":null,"tmp":2359,"id_bw_son_pun":577,"foto1":"https://nlwkn.hannit-share.de/index.php/core/preview?fileId=11065132&x=1280&y=819&a=true","foto2":"https://nlwkn.hannit-share.de/index.php/core/preview?fileId=11065135&x=1280&y=819&a=true","foto3":"https://nlwkn.hannit-share.de/index.php/core/preview?fileId=11065138&x=1280&y=819&a=true","foto4":"https://nlwkn.hannit-share.de/index.php/core/preview?fileId=11065141&x=1280&y=819&a=true","y_coord":"52.685573","x_coord":"7.366508","y_coord_D":52.685572999999998,"x_coord_D":7.3665079999999996}},{"type":"Feature","id":143,"geometry":{"type":"Point","coordinates":[822343.40709999949,6923130.5481999964]},"properties":{"OBJECTID":143,"ID_con":1420,"bw_id":"HAS_SON_15470","name":"Betriebshof Lehrte","km":"15+470","KTR":"MDW738A010","FSK":"033223004000220002__","upflicht":"NLWKN","bauart":"Betriebsgebäude","baujahr":null,"GEW":"HAS","rwert":390960,"hwert":5837353,"link1":null,"link2":null,"bemerk":"AIS NR fehlt??","beschreib":"NLWKN, Betriebsstelle Meppen, Betriebshof Lehrte (Kreyenborg 1)","beschreib_lang":"NLWKN, Betriebsstelle Meppen, Betriebshof Lehrte (Kreyenborg 1)","stat_von":15470,"akz":"02311-Betriebshof Lehrte-500/2022","denkmal":"Nein","bez_urpl":"Betriebshof Lehrte links","Nr_WR":null,"tmp":1420,"id_bw_son_pun":220,"foto1":null,"foto2":null,"foto3":null,"foto4":null,"y_coord":"52.675131","x_coord":"7.387237","y_coord_D":52.675131,"x_coord_D":7.3872369999999998}},{"type":"Feature","id":144,"geometry":{"type":"Point","coordinates":[822379.98310000077,6923336.0552000031]},"properties":{"OBJECTID":144,"ID_con":1421,"bw_id":"HAS_SON_15570","name":"Bootsanleger BH Lehrte (mit Böschungstreppe)","km":"15+570","KTR":null,"FSK":"033223004000010001__","upflicht":null,"bauart":"Bootsanleger","baujahr":null,"GEW":"HAS","rwert":390985,"hwert":5837477,"link1":null,"link2":null,"bemerk":"Genehmigung vom 05.05.1997","beschreib":"Bootsanleger BH Lehrte (mit Böschungstreppe)","beschreib_lang":null,"stat_von":15570,"akz":null,"denkmal":"Nein","bez_urpl":"Bootsanleger BH Lehrte","Nr_WR":null,"tmp":1421,"id_bw_son_pun":43,"foto1":"https://nlwkn.hannit-share.de/index.php/core/preview?fileId=11065153&x=1280&y=819&a=true","foto2":"https://nlwkn.hannit-share.de/index.php/core/preview?fileId=11065156&x=1280&y=819&a=true","foto3":null,"foto4":null,"y_coord":"52.67625","x_coord":"7.387565","y_coord_D":52.676250000000003,"x_coord_D":7.3875650000000004}},{"type":"Feature","id":145,"geometry":{"type":"Point","coordinates":[821489.25970000029,6924431.9759000018]},"properties":{"OBJECTID":145,"ID_con":1422,"bw_id":"HAS_SON_16440","name":"Teichanschluss","km":"16+440","KTR":null,"FSK":"033221007000060014__","upflicht":null,"bauart":"Teichanschluss","baujahr":null,"GEW":"HAS","rwert":390459,"hwert":5838153,"link1":null,"link2":null,"bemerk":null,"beschreib":"Teichanschluss","beschreib_lang":null,"stat_von":16440,"akz":null,"denkmal":"Nein","bez_urpl":null,"Nr_WR":null,"tmp":1422,"id_bw_son_pun":44,"foto1":null,"foto2":null,"foto3":null,"foto4":null,"y_coord":"52.682219","x_coord":"7.379564","y_coord_D":52.682219000000003,"x_coord_D":7.3795640000000002}},{"type":"Feature","id":146,"geometry":{"type":"Point","coordinates":[823286.43589999899,6925968.2026000023]},"properties":{"OBJECTID":146,"ID_con":1425,"bw_id":"HAS_SON_18000","name":"Überfahrt rechtsseitig  Mündung Mittelradde","km":"18+000","KTR":null,"FSK":"033221005000720021__","upflicht":"Landkreis Emsland??","bauart":"Überfahrt","baujahr":null,"GEW":"HAS","rwert":391571,"hwert":5839059,"link1":null,"link2":null,"bemerk":null,"beschreib":"Überfahrt rechtsseitig  Mündung Mittelradde","beschreib_lang":null,"stat_von":18000,"akz":"62026-07-03-03","denkmal":"Nein","bez_urpl":"Überfahrt rechtsseitig  Mündung Mittelradde","Nr_WR":null,"tmp":1425,"id_bw_son_pun":47,"foto1":"https://nlwkn.hannit-share.de/index.php/core/preview?fileId=11065174&x=1280&y=819&a=true","foto2":"https://nlwkn.hannit-share.de/index.php/core/preview?fileId=11065177&x=1280&y=819&a=true","foto3":null,"foto4":null,"y_coord":"52.690584","x_coord":"7.395708","y_coord_D":52.690584000000001,"x_coord_D":7.3957079999999999}},{"type":"Feature","id":147,"geometry":{"type":"Point","coordinates":[823725.61089999974,6925550.3348999992]},"properties":{"OBJECTID":147,"ID_con":1426,"bw_id":"HAS_SON_18350","name":"Überfahrt rechtsseitig Bleichholter Graben","km":"18+350","KTR":null,"FSK":"033221005000720011__","upflicht":"Stadt Haselünne","bauart":"Überfahrt","baujahr":null,"GEW":"HAS","rwert":391832,"hwert":5838800,"link1":null,"link2":null,"bemerk":null,"beschreib":"Überfahrt rechtsseitig Bleichholter Graben","beschreib_lang":null,"stat_von":18350,"akz":"62026-07-03-03","denkmal":"Nein","bez_urpl":"Überfahrt rechtsseitig Bleichholter Graben","Nr_WR":null,"tmp":1426,"id_bw_son_pun":46,"foto1":"https://nlwkn.hannit-share.de/index.php/core/preview?fileId=11065186&x=1280&y=819&a=true","foto2":"https://nlwkn.hannit-share.de/index.php/core/preview?fileId=11065189&x=1280&y=819&a=true","foto3":null,"foto4":null,"y_coord":"52.688309","x_coord":"7.399653","y_coord_D":52.688308999999997,"x_coord_D":7.3996529999999998}},{"type":"Feature","id":148,"geometry":{"type":"Point","coordinates":[823704.50200000033,6925536.6552999988]},"properties":{"OBJECTID":148,"ID_con":2100,"bw_id":"HAS_SON_18360","name":"Infotafel LK Emsland","km":"18+360","KTR":null,"FSK":"033222006002670008__","upflicht":"Landkreis Emsland","bauart":"Infotafel","baujahr":"2020","GEW":"HAS","rwert":391819,"hwert":5838792,"link1":null,"link2":null,"bemerk":null,"beschreib":"Infotafel LK Emsland","beschreib_lang":null,"stat_von":18360,"akz":null,"denkmal":"Nein","bez_urpl":null,"Nr_WR":null,"tmp":2100,"id_bw_son_pun":497,"foto1":"https://nlwkn.hannit-share.de/index.php/core/preview?fileId=11065192&x=1280&y=819&a=true","foto2":"https://nlwkn.hannit-share.de/index.php/core/preview?fileId=11065195&x=1280&y=819&a=true","foto3":null,"foto4":null,"y_coord":"52.688234","x_coord":"7.399463","y_coord_D":52.688234000000001,"x_coord_D":7.3994629999999999}},{"type":"Feature","id":149,"geometry":{"type":"Point","coordinates":[823957.24260000139,6924982.5571999997]},"properties":{"OBJECTID":149,"ID_con":1427,"bw_id":"HAS_SON_18830","name":"beidseitiger Kolk beim Altarmanschluss Lahre / Lehrte","km":"18+830","KTR":null,"FSK":"033222006002670009__","upflicht":"NLWKN","bauart":"Kolk beidseitig","baujahr":null,"GEW":"HAS","rwert":391965,"hwert":5838453,"link1":null,"link2":null,"bemerk":null,"beschreib":"beidseitiger Kolk beim Altarmanschluss Lahre / Lehrte","beschreib_lang":"beidseitiger Kolk beim Altarmanschluss Lahre / Lehrte","stat_von":18830,"akz":null,"denkmal":"Nein","bez_urpl":"beidseitiger Kolk beim Altarmanschluss Lahre / Lehrte","Nr_WR":null,"tmp":1427,"id_bw_son_pun":48,"foto1":null,"foto2":null,"foto3":null,"foto4":null,"y_coord":"52.685217","x_coord":"7.401734","y_coord_D":52.685217000000002,"x_coord_D":7.4017340000000003}},{"type":"Feature","id":150,"geometry":{"type":"Point","coordinates":[824105.78000000119,6924596.2220000029]},"properties":{"OBJECTID":150,"ID_con":2101,"bw_id":"HAS_SON_19365","name":"Infotafel LK Emsland","km":"19+365","KTR":null,"FSK":"033222009000560012__","upflicht":"Landkreis Emsland","bauart":"Infotafel","baujahr":"2020","GEW":"HAS","rwert":392050,"hwert":5838217,"link1":null,"link2":null,"bemerk":null,"beschreib":"Infotafel LK Emsland","beschreib_lang":null,"stat_von":19365,"akz":null,"denkmal":"Nein","bez_urpl":null,"Nr_WR":null,"tmp":2101,"id_bw_son_pun":498,"foto1":"https://nlwkn.hannit-share.de/index.php/core/preview?fileId=11065198&x=1280&y=819&a=true","foto2":null,"foto3":null,"foto4":null,"y_coord":"52.683113","x_coord":"7.403068","y_coord_D":52.683112999999999,"x_coord_D":7.4030680000000002}},{"type":"Feature","id":151,"geometry":{"type":"Point","coordinates":[824307.86679999903,6924394.3426000029]},"properties":{"OBJECTID":151,"ID_con":1429,"bw_id":"HAS_SON_19380","name":"Überfahrt Sautmannshausener Graben","km":"19+380","KTR":null,"FSK":"033222009000580002__","upflicht":"Landkreis Emsland??","bauart":"Überfahrt","baujahr":null,"GEW":"HAS","rwert":392170,"hwert":5838092,"link1":null,"link2":null,"bemerk":null,"beschreib":"Überfahrt Sautmannshausener Graben","beschreib_lang":null,"stat_von":19380,"akz":null,"denkmal":"Nein","bez_urpl":"Überfahrt Sautmannshausener Graben","Nr_WR":null,"tmp":1429,"id_bw_son_pun":49,"foto1":"https://nlwkn.hannit-share.de/index.php/core/preview?fileId=11065201&x=1280&y=819&a=true","foto2":"https://nlwkn.hannit-share.de/index.php/core/preview?fileId=11065204&x=1280&y=819&a=true","foto3":"https://nlwkn.hannit-share.de/index.php/core/preview?fileId=11065207&x=1280&y=819&a=true","foto4":null,"y_coord":"52.682014","x_coord":"7.404884","y_coord_D":52.682014000000002,"x_coord_D":7.404884}},{"type":"Feature","id":152,"geometry":{"type":"Point","coordinates":[824489.57229999825,6924220.0763999969]},"properties":{"OBJECTID":152,"ID_con":2102,"bw_id":"HAS_SON_20485","name":"Infotafel Landkreis Emsland","km":"20+485","KTR":null,"FSK":"033222009000900027__","upflicht":"Landkreis Emsland","bauart":"Infotafel","baujahr":"2020","GEW":"HAS","rwert":392278,"hwert":5837984,"link1":null,"link2":null,"bemerk":null,"beschreib":"Infotafel Landkreis Emsland","beschreib_lang":null,"stat_von":20485,"akz":null,"denkmal":"Nein","bez_urpl":null,"Nr_WR":null,"tmp":2102,"id_bw_son_pun":499,"foto1":"https://nlwkn.hannit-share.de/index.php/core/preview?fileId=11065210&x=1280&y=819&a=true","foto2":null,"foto3":null,"foto4":null,"y_coord":"52.681065","x_coord":"7.406516","y_coord_D":52.681064999999997,"x_coord_D":7.4065159999999999}},{"type":"Feature","id":153,"geometry":{"type":"Point","coordinates":[824665.49529999867,6924083.6515000015]},"properties":{"OBJECTID":153,"ID_con":1430,"bw_id":"HAS_SON_20610","name":"Überfahrt zum Cafe Biberburg","km":"20+610","KTR":null,"FSK":"033222009000410002__","upflicht":"Landkreis Emsland??","bauart":"Überfahrt","baujahr":null,"GEW":"HAS","rwert":392383,"hwert":5837899,"link1":null,"link2":null,"bemerk":null,"beschreib":"Überfahrt zum Cafe Biberburg","beschreib_lang":null,"stat_von":20610,"akz":"62026-07-03-03","denkmal":"Nein","bez_urpl":"Überfahrt zum Cafe Biberburg","Nr_WR":null,"tmp":1430,"id_bw_son_pun":50,"foto1":null,"foto2":null,"foto3":null,"foto4":null,"y_coord":"52.680322","x_coord":"7.408096","y_coord_D":52.680321999999997,"x_coord_D":7.4080959999999996}},{"type":"Feature","id":154,"geometry":{"type":"Point","coordinates":[824841.63500000164,6923712.8147]},"properties":{"OBJECTID":154,"ID_con":1431,"bw_id":"HAS_SON_20830","name":"Furt Lahre","km":"20+830","KTR":"MAAHA00100","FSK":"033222009000900027__","upflicht":"NLWKN","bauart":"Furt","baujahr":"2016","GEW":"HAS","rwert":392485,"hwert":5837672,"link1":null,"link2":null,"bemerk":null,"beschreib":"Furt Lahre","beschreib_lang":"Furt Lahre","stat_von":20830,"akz":null,"denkmal":"Nein","bez_urpl":"Furt Lahre","Nr_WR":null,"tmp":1431,"id_bw_son_pun":51,"foto1":"https://nlwkn.hannit-share.de/index.php/core/preview?fileId=11065213&x=1280&y=819&a=true","foto2":"https://nlwkn.hannit-share.de/index.php/core/preview?fileId=11065216&x=1280&y=819&a=true","foto3":"https://nlwkn.hannit-share.de/index.php/core/preview?fileId=11065219&x=1280&y=819&a=true","foto4":"https://nlwkn.hannit-share.de/index.php/core/preview?fileId=11065222&x=1280&y=819&a=true","y_coord":"52.678302","x_coord":"7.409678","y_coord_D":52.678302000000002,"x_coord_D":7.4096780000000004}},{"type":"Feature","id":155,"geometry":{"type":"Point","coordinates":[825318.72819999978,6923358.5442000031]},"properties":{"OBJECTID":155,"ID_con":1432,"bw_id":"HAS_SON_21235","name":"Furt Hudenerfähr (Verbandsgraben Nr. 62)","km":"21+235","KTR":"MAAHA00100","FSK":"03322300200036______","upflicht":"NLWKN","bauart":"Furt","baujahr":"2017","GEW":"HAS","rwert":392770,"hwert":5837451,"link1":null,"link2":null,"bemerk":null,"beschreib":"Furt Hudenerfähr Verbandsgraben Nr. 62, linksseitig im Zuge der struktiurverbessernden Maßnahmen Hudenerfähr umgesetzt","beschreib_lang":"Furt Hudenerfähr Verbandsgraben Nr. 62, linksseitig im Zuge der struktiurverbessernden Maßnahmen Hudenerfähr umgesetzt","stat_von":21235,"akz":null,"denkmal":"Nein","bez_urpl":"Furt Hudenerfähr Verbandsgraben Nr. 62, linksseitig","Nr_WR":null,"tmp":1432,"id_bw_son_pun":52,"foto1":"https://nlwkn.hannit-share.de/index.php/core/preview?fileId=11065228&x=1280&y=819&a=true","foto2":"https://nlwkn.hannit-share.de/index.php/core/preview?fileId=11065231&x=1280&y=819&a=true","foto3":"https://nlwkn.hannit-share.de/index.php/core/preview?fileId=11065234&x=1280&y=819&a=true","foto4":"https://nlwkn.hannit-share.de/index.php/core/preview?fileId=11065237&x=1280&y=819&a=true","y_coord":"52.676373","x_coord":"7.413964","y_coord_D":52.676372999999998,"x_coord_D":7.413964}},{"type":"Feature","id":156,"geometry":{"type":"Point","coordinates":[825310.68019999936,6923350.112999998]},"properties":{"OBJECTID":156,"ID_con":1433,"bw_id":"HAS_SON_21236","name":"Alte Überfahrt (ergänzt durch Furt)","km":"21+236","KTR":"MAAHA00100","FSK":"03322300200036______","upflicht":"NLWKN??","bauart":"Überfahrt","baujahr":null,"GEW":"HAS","rwert":392765,"hwert":5837446,"link1":null,"link2":null,"bemerk":null,"beschreib":"Alte Überfahrt (ergänzt durch Furt)","beschreib_lang":"Alte Überfahrt (ergänzt durch Furt)","stat_von":21236,"akz":null,"denkmal":"Nein","bez_urpl":"Alte Überfahrt link (ergänzt durch Furt)","Nr_WR":null,"tmp":1433,"id_bw_son_pun":53,"foto1":"https://nlwkn.hannit-share.de/index.php/core/preview?fileId=11065240&x=1280&y=819&a=true","foto2":"https://nlwkn.hannit-share.de/index.php/core/preview?fileId=11065243&x=1280&y=819&a=true","foto3":"https://nlwkn.hannit-share.de/index.php/core/preview?fileId=11065246&x=1280&y=819&a=true","foto4":null,"y_coord":"52.676327","x_coord":"7.413892","y_coord_D":52.676327000000001,"x_coord_D":7.4138919999999997}},{"type":"Feature","id":157,"geometry":{"type":"Point","coordinates":[825519.12449999899,6923230.9090000018]},"properties":{"OBJECTID":157,"ID_con":1434,"bw_id":"HAS_SON_21370","name":"Furt Stadtmarkgraben","km":"21+370","KTR":"MAAHA00100","FSK":"033224003001620002__","upflicht":"NLWKN","bauart":"Furt","baujahr":"2017","GEW":"HAS","rwert":392890,"hwert":5837371,"link1":null,"link2":null,"bemerk":null,"beschreib":"Furt Stadtmarkgraben rechtsseitig","beschreib_lang":"Furt Stadtmarkgraben rechtsseitig","stat_von":21370,"akz":null,"denkmal":"Nein","bez_urpl":"Furt Stadtmarkgraben rechtsseitig","Nr_WR":null,"tmp":1434,"id_bw_son_pun":161,"foto1":"https://nlwkn.hannit-share.de/index.php/core/preview?fileId=11065249&x=1280&y=819&a=true","foto2":"https://nlwkn.hannit-share.de/index.php/core/preview?fileId=11065252&x=1280&y=819&a=true","foto3":"https://nlwkn.hannit-share.de/index.php/core/preview?fileId=11065255&x=1280&y=819&a=true","foto4":"https://nlwkn.hannit-share.de/index.php/core/preview?fileId=11065258&x=1280&y=819&a=true","y_coord":"52.675677","x_coord":"7.415764","y_coord_D":52.675677,"x_coord_D":7.4157640000000002}},{"type":"Feature","id":158,"geometry":{"type":"Point","coordinates":[825832.3852000013,6922310.175999999]},"properties":{"OBJECTID":158,"ID_con":1435,"bw_id":"HAS_SON_21960","name":"Infotafel Hudenerfähr (alt)","km":"21+960","KTR":null,"FSK":"03322500200018______","upflicht":null,"bauart":"Infotafel","baujahr":null,"GEW":"HAS","rwert":393068,"hwert":5836809,"link1":null,"link2":null,"bemerk":null,"beschreib":"Infotafel Hudenerfähr (alt)","beschreib_lang":null,"stat_von":21960,"akz":null,"denkmal":"Nein","bez_urpl":null,"Nr_WR":null,"tmp":1435,"id_bw_son_pun":455,"foto1":"https://nlwkn.hannit-share.de/index.php/core/preview?fileId=11065273&x=1280&y=819&a=true","foto2":"https://nlwkn.hannit-share.de/index.php/core/preview?fileId=11065276&x=1280&y=819&a=true","foto3":null,"foto4":null,"y_coord":"52.670662","x_coord":"7.418579","y_coord_D":52.670662,"x_coord_D":7.4185790000000003}},{"type":"Feature","id":159,"geometry":{"type":"Point","coordinates":[825788.96519999951,6922263.0064999983]},"properties":{"OBJECTID":159,"ID_con":2563,"bw_id":"HAS_SON_22030","name":"Infoschild Strukturverbessernde Maßnahmen Hudenerfähr","km":"22+030","KTR":null,"FSK":"03322500200018______","upflicht":"NLWKN","bauart":"Infotafel","baujahr":"2018","GEW":"HAS","rwert":393041,"hwert":5836781,"link1":null,"link2":null,"bemerk":null,"beschreib":"Infoschild Strukturverbessernde Maßnahmen Hudenerfähr","beschreib_lang":"Infoschild Strukturverbessernde Maßnahmen Hudenerfähr","stat_von":22030,"akz":null,"denkmal":"Nein","bez_urpl":"Infotafel Strukturverbessernde Maßnahmen","Nr_WR":null,"tmp":2563,"id_bw_son_pun":645,"foto1":"https://nlwkn.hannit-share.de/index.php/core/preview?fileId=11065279&x=1280&y=819&a=true","foto2":null,"foto3":null,"foto4":null,"y_coord":"52.670405","x_coord":"7.418188","y_coord_D":52.670405000000002,"x_coord_D":7.4181879999999998}},{"type":"Feature","id":160,"geometry":{"type":"Point","coordinates":[825837.26209999993,6922087.4690999985]},"properties":{"OBJECTID":160,"ID_con":2067,"bw_id":"HAS_SON_22105","name":"Überfahrt","km":"22+105","KTR":null,"FSK":"03322300200001______","upflicht":"NLWKN??","bauart":"Überfahrt","baujahr":null,"GEW":"HAS","rwert":393068,"hwert":5836674,"link1":null,"link2":null,"bemerk":null,"beschreib":"Überfahrt","beschreib_lang":null,"stat_von":22105,"akz":null,"denkmal":"Nein","bez_urpl":"Überfahrt (Holzbohlen)","Nr_WR":null,"tmp":2067,"id_bw_son_pun":492,"foto1":"https://nlwkn.hannit-share.de/index.php/core/preview?fileId=11065282&x=1280&y=819&a=true","foto2":null,"foto3":null,"foto4":null,"y_coord":"52.669449","x_coord":"7.418622","y_coord_D":52.669449,"x_coord_D":7.418622}},{"type":"Feature","id":161,"geometry":{"type":"Point","coordinates":[827613.44249999896,6920200.5044]},"properties":{"OBJECTID":161,"ID_con":2603,"bw_id":"HAS_SON_22600","name":"Bootslipanlage mit mobilem Bootssteg","km":"22+600","KTR":null,"FSK":"033225004000380002__","upflicht":"Kajak Verleih Hasetour","bauart":"Bootssteg","baujahr":"2025","GEW":"HAS","rwert":394122,"hwert":5835507,"link1":null,"link2":null,"bemerk":"Fotos, Akz, Vertrag nacharbeiten.","beschreib":"Bootslipanlage mit mobilem Bootssteg.","beschreib_lang":"Bootslipanlage mit mobilem Bootssteg.\nDie in der Hase befindlichen Anlagen sind spätestens zum 01.11. aus dem Gewässer zu entfernen, hochwassersicher zu lagern und frühestens ab dem 31.03 wiedereinzusetzen. Bei entsprechender Hochwasserlage sind die Anlagen bereits vorher zu entnehmen.\nDurch entsprechende Maßnahmen (Beschilderung, Einzäunung) ist sicherzustellen, dass die Anlagen ausschließlich von erfahrenen Wassersportlern benutzt werden.","stat_von":22600,"akz":null,"denkmal":"Nein","bez_urpl":"Bootssteg Kajak Verleih Hasetour","Nr_WR":null,"tmp":2603,"id_bw_son_pun":652,"foto1":"https://nlwkn.hannit-share.de/index.php/core/preview?fileId=11497486&x=1280&y=819&a=true","foto2":"https://nlwkn.hannit-share.de/index.php/core/preview?fileId=11497488&x=1280&y=819&a=true","foto3":"https://nlwkn.hannit-share.de/index.php/core/preview?fileId=11497487&x=1280&y=819&a=true","foto4":"https://nlwkn.hannit-share.de/index.php/core/preview?fileId=11497489&x=1280&y=819&a=true","y_coord":"52.659169","x_coord":"7.434578","y_coord_D":52.659168999999999,"x_coord_D":7.4345780000000001}},{"type":"Feature","id":162,"geometry":{"type":"Point","coordinates":[826602.35099999979,6922109.2207000032]},"properties":{"OBJECTID":162,"ID_con":1436,"bw_id":"HAS_SON_22605","name":"Überfahrt Altarm Huden / Schullenriedengraben","km":"22+605","KTR":"MAAHA00100","FSK":"03322400400183______","upflicht":"NLWKN??","bauart":"Überfahrt","baujahr":null,"GEW":"HAS","rwert":393533,"hwert":5836677,"link1":null,"link2":null,"bemerk":null,"beschreib":"Überfahrt Altarm Huden / Schullenriedengraben","beschreib_lang":"Überfahrt Altarm Huden / Schullenriedengraben","stat_von":22605,"akz":"62026-07-03-03","denkmal":"Nein","bez_urpl":"Überfahrt Altarm Huden / Schullenriedengraben","Nr_WR":null,"tmp":1436,"id_bw_son_pun":55,"foto1":"https://nlwkn.hannit-share.de/index.php/core/preview?fileId=11065285&x=1280&y=819&a=true","foto2":"https://nlwkn.hannit-share.de/index.php/core/preview?fileId=11065288&x=1280&y=819&a=true","foto3":null,"foto4":null,"y_coord":"52.669568","x_coord":"7.425495","y_coord_D":52.669567999999998,"x_coord_D":7.4254949999999997}},{"type":"Feature","id":163,"geometry":{"type":"Point","coordinates":[826713.38379999995,6921849.2343999967]},"properties":{"OBJECTID":163,"ID_con":2068,"bw_id":"HAS_SON_22750","name":"Überfahrt","km":"22+750","KTR":null,"FSK":"033226001001010006__","upflicht":"NLWKN??","bauart":"Überfahrt","baujahr":null,"GEW":"HAS","rwert":393597,"hwert":5836518,"link1":null,"link2":null,"bemerk":null,"beschreib":"Überfahrt","beschreib_lang":null,"stat_von":22750,"akz":null,"denkmal":"Nein","bez_urpl":"Überfahrt","Nr_WR":null,"tmp":2068,"id_bw_son_pun":493,"foto1":null,"foto2":null,"foto3":null,"foto4":null,"y_coord":"52.668151","x_coord":"7.426493","y_coord_D":52.668151000000002,"x_coord_D":7.4264929999999998}},{"type":"Feature","id":164,"geometry":{"type":"Point","coordinates":[827647.4188000001,6920151.7426000014]},"properties":{"OBJECTID":164,"ID_con":1437,"bw_id":"HAS_SON_23670","name":"Betriebsgebäude (Schafstall Bückelte)","km":"23+670","KTR":null,"FSK":"033225004000370003__","upflicht":"NLWKN","bauart":"Betriebsgebäude","baujahr":null,"GEW":"HAS","rwert":394142,"hwert":5835477,"link1":null,"link2":null,"bemerk":null,"beschreib":"Betriebsgebäude Schafstall Bückelte (incl. Kanuverleih), Tönnjesstraße 2, 49740 Haselünne","beschreib_lang":"Betriebsgebäude Schafstall Bückelte (incl. Kanuverleih), Tönnjesstraße 2, 49740 Haselünne","stat_von":23670,"akz":"02311-Betriebshof Lehrte-500/2022","denkmal":"Nein","bez_urpl":"Schafstall Bückelte (Kanuverleih)","Nr_WR":null,"tmp":1437,"id_bw_son_pun":45,"foto1":null,"foto2":null,"foto3":null,"foto4":null,"y_coord":"52.658903","x_coord":"7.434883","y_coord_D":52.658903000000002,"x_coord_D":7.4348830000000001}},{"type":"Feature","id":165,"geometry":{"type":"Point","coordinates":[826837.97780000046,6920209.9773000032]},"properties":{"OBJECTID":165,"ID_con":1438,"bw_id":"HAS_SON_24220","name":"Überfahrt Mündung Bawinkler Bach","km":"24+220","KTR":null,"FSK":"033225003000370004__","upflicht":"Stadt Haselünne","bauart":"Überfahrt","baujahr":null,"GEW":"HAS","rwert":393651,"hwert":5835523,"link1":null,"link2":null,"bemerk":null,"beschreib":"Überfahrt Mündung Bawinkler Bach","beschreib_lang":null,"stat_von":24220,"akz":null,"denkmal":"Nein","bez_urpl":"Überfahrt Mündung","Nr_WR":null,"tmp":1438,"id_bw_son_pun":433,"foto1":"https://nlwkn.hannit-share.de/index.php/core/preview?fileId=11065291&x=1280&y=819&a=true","foto2":null,"foto3":null,"foto4":null,"y_coord":"52.65922","x_coord":"7.427612","y_coord_D":52.659219999999998,"x_coord_D":7.4276119999999999}},{"type":"Feature","id":166,"geometry":{"type":"Point","coordinates":[827335.79320000112,6920328.1083000004]},"properties":{"OBJECTID":166,"ID_con":2416,"bw_id":"HAS_SON_24530","name":"Zeltplatz Altarm Blanke","km":"24+530","KTR":null,"FSK":"033226001000370021__","upflicht":"Blanke, Heinrich","bauart":"Zeltplatz","baujahr":null,"GEW":"HAS","rwert":393955,"hwert":5835588,"link1":null,"link2":null,"bemerk":null,"beschreib":"Zeltplatz Altarm Blanke","beschreib_lang":"Zeltplatz Altarm Blanke","stat_von":24530,"akz":null,"denkmal":"Nein","bez_urpl":null,"Nr_WR":null,"tmp":2416,"id_bw_son_pun":599,"foto1":null,"foto2":null,"foto3":null,"foto4":null,"y_coord":"52.659864","x_coord":"7.432084","y_coord_D":52.659863999999999,"x_coord_D":7.4320839999999997}},{"type":"Feature","id":167,"geometry":{"type":"Point","coordinates":[827847.03240000084,6920359.0464000031]},"properties":{"OBJECTID":167,"ID_con":1440,"bw_id":"HAS_SON_24845","name":"Hasealtarm Blanke,Schüttsteine","km":"24+845","KTR":"MBUHA02007","FSK":"033226001001010001__","upflicht":"NLWKN","bauart":"Böschungssicherung","baujahr":null,"GEW":"HAS","rwert":394266,"hwert":5835600,"link1":null,"link2":null,"bemerk":"Kann der Kostenträger entfallen??","beschreib":"Hasealtarm Blanke,Schüttsteine","beschreib_lang":"Hasealtarm Blanke,Schüttsteine","stat_von":24845,"akz":null,"denkmal":"Nein","bez_urpl":null,"Nr_WR":null,"tmp":1440,"id_bw_son_pun":431,"foto1":null,"foto2":null,"foto3":null,"foto4":null,"y_coord":"52.660032","x_coord":"7.436676","y_coord_D":52.660032000000001,"x_coord_D":7.4366760000000003}},{"type":"Feature","id":168,"geometry":{"type":"Point","coordinates":[827830.46119999886,6920060.0239999965]},"properties":{"OBJECTID":168,"ID_con":1441,"bw_id":"HAS_SON_25020","name":"Infotafel NLWKN Bootsanleger Bückelte","km":"25+020","KTR":null,"FSK":"033225004000350002__","upflicht":"NLWKN","bauart":"Infotafel","baujahr":null,"GEW":"HAS","rwert":394252,"hwert":5835419,"link1":null,"link2":null,"bemerk":null,"beschreib":"Infotafel NLWKN Bootsanleger Bückelte","beschreib_lang":"Infotafel NLWKN Bootsanleger Bückelte","stat_von":25020,"akz":"02055-Veranstaltungen und Informationen-862/2022","denkmal":"Nein","bez_urpl":null,"Nr_WR":null,"tmp":1441,"id_bw_son_pun":398,"foto1":"https://nlwkn.hannit-share.de/index.php/core/preview?fileId=11065309&x=1280&y=819&a=true","foto2":null,"foto3":null,"foto4":null,"y_coord":"52.658403","x_coord":"7.436528","y_coord_D":52.658403,"x_coord_D":7.436528}},{"type":"Feature","id":169,"geometry":{"type":"Point","coordinates":[827837.22040000185,6920051.9208000004]},"properties":{"OBJECTID":169,"ID_con":1442,"bw_id":"HAS_SON_25025","name":"Schutzhütte","km":"25+025","KTR":null,"FSK":"033225004000350002__","upflicht":"Landkreis Emsland??","bauart":"Schutzhütte","baujahr":null,"GEW":"HAS","rwert":394256,"hwert":5835414,"link1":null,"link2":null,"bemerk":null,"beschreib":"Schutzhütte","beschreib_lang":null,"stat_von":25025,"akz":null,"denkmal":"Nein","bez_urpl":null,"Nr_WR":null,"tmp":1442,"id_bw_son_pun":305,"foto1":"https://nlwkn.hannit-share.de/index.php/core/preview?fileId=11065312&x=1280&y=819&a=true","foto2":"https://nlwkn.hannit-share.de/index.php/core/preview?fileId=11065315&x=1280&y=819&a=true","foto3":null,"foto4":null,"y_coord":"52.658359","x_coord":"7.436588","y_coord_D":52.658358999999997,"x_coord_D":7.4365880000000004}},{"type":"Feature","id":170,"geometry":{"type":"Point","coordinates":[827870.15630000085,6919975.0860000029]},"properties":{"OBJECTID":170,"ID_con":1443,"bw_id":"HAS_SON_25070","name":"Bootsanleger Bückelte","km":"25+070","KTR":null,"FSK":"033225004000380001__","upflicht":"Landkreis Emsland??","bauart":"Bootsanleger","baujahr":null,"GEW":"HAS","rwert":394275,"hwert":5835367,"link1":null,"link2":null,"bemerk":"Genehmigung vom 14.02.1993","beschreib":"Bootsanleger Bückelte","beschreib_lang":null,"stat_von":25070,"akz":null,"denkmal":"Nein","bez_urpl":"Bootsanleger Bückelte","Nr_WR":null,"tmp":1443,"id_bw_son_pun":56,"foto1":"https://nlwkn.hannit-share.de/index.php/core/preview?fileId=11065318&x=1280&y=819&a=true","foto2":"https://nlwkn.hannit-share.de/index.php/core/preview?fileId=11065321&x=1280&y=819&a=true","foto3":"https://nlwkn.hannit-share.de/index.php/core/preview?fileId=11065324&x=1280&y=819&a=true","foto4":"https://nlwkn.hannit-share.de/index.php/core/preview?fileId=11065327&x=1280&y=819&a=true","y_coord":"52.65794","x_coord":"7.436884","y_coord_D":52.657940000000004,"x_coord_D":7.4368840000000001}},{"type":"Feature","id":171,"geometry":{"type":"Point","coordinates":[828664.89979999885,6918152.7685000002]},"properties":{"OBJECTID":171,"ID_con":1444,"bw_id":"HAS_SON_28160","name":"Viehtritt Uferabbruch","km":"28+160","KTR":null,"FSK":"033226004000690013__","upflicht":"NLWKN","bauart":"Uferabbruch","baujahr":null,"GEW":"HAS","rwert":394734,"hwert":5834252,"link1":null,"link2":null,"bemerk":null,"beschreib":"Viehtritt Uferabbruch","beschreib_lang":null,"stat_von":28160,"akz":null,"denkmal":"Nein","bez_urpl":null,"Nr_WR":null,"tmp":1444,"id_bw_son_pun":399,"foto1":"https://nlwkn.hannit-share.de/index.php/core/preview?fileId=11065354&x=1280&y=819&a=true","foto2":null,"foto3":null,"foto4":null,"y_coord":"52.64801","x_coord":"7.444023","y_coord_D":52.648009999999999,"x_coord_D":7.4440229999999996}},{"type":"Feature","id":172,"geometry":{"type":"Point","coordinates":[830681.01639999822,6918138.4188999981]},"properties":{"OBJECTID":172,"ID_con":1446,"bw_id":"HAS_SON_30375","name":"Überfahrt Lotter Beeke","km":"30+375","KTR":"MAAHA00100","FSK":"033213022000720002__","upflicht":"NLWKN??","bauart":"Überfahrt","baujahr":null,"GEW":"HAS","rwert":395959,"hwert":5834217,"link1":null,"link2":null,"bemerk":null,"beschreib":"Einfach Überfahrt mit Bohlenbelag und Schrammbord (ohne Geländer aber mit Absperrschranke)","beschreib_lang":"Einfach Überfahrt mit Bohlenbelag und Schrammbord (ohne Geländer aber mit Absperrschranke)","stat_von":30375,"akz":"62026-07-03-03","denkmal":"Nein","bez_urpl":null,"Nr_WR":null,"tmp":1446,"id_bw_son_pun":400,"foto1":"https://nlwkn.hannit-share.de/index.php/core/preview?fileId=11065357&x=1280&y=819&a=true","foto2":null,"foto3":null,"foto4":null,"y_coord":"52.647931","x_coord":"7.462135","y_coord_D":52.647931,"x_coord_D":7.462135}},{"type":"Feature","id":173,"geometry":{"type":"Point","coordinates":[830585.80249999836,6919363.8047000021]},"properties":{"OBJECTID":173,"ID_con":1447,"bw_id":"HAS_SON_31160","name":"OW- Entnahme, Hase, Beregnung (Schröder)","km":"31+160","KTR":null,"FSK":"033226003000680014__","upflicht":"Schröder","bauart":"Wasserrecht (Entnahme)","baujahr":null,"GEW":"HAS","rwert":395917,"hwert":5834961,"link1":null,"link2":null,"bemerk":"OW-Entnahme aus der Hase zur landwirtschaftlichen ","beschreib":"OW- Entnahme, Hase, Beregnung (Schröder)","beschreib_lang":null,"stat_von":31160,"akz":"27014-00-06-01","denkmal":"Nein","bez_urpl":"Wasserrecht (Entnahme) Rechts","Nr_WR":"100061856 (aktiv)","tmp":1447,"id_bw_son_pun":243,"foto1":null,"foto2":null,"foto3":null,"foto4":null,"y_coord":"52.654609","x_coord":"7.461279","y_coord_D":52.654609000000001,"x_coord_D":7.4612790000000002}},{"type":"Feature","id":174,"geometry":{"type":"Point","coordinates":[830378.94489999861,6920034.2057000026]},"properties":{"OBJECTID":174,"ID_con":1448,"bw_id":"HAS_SON_31300","name":"Kompostierungsanlage Hamm","km":"31+300","KTR":"MAAHA00100","FSK":"033226003000740007__","upflicht":"NLWKN","bauart":"Lagerplatz","baujahr":null,"GEW":"HAS","rwert":395800,"hwert":5835370,"link1":null,"link2":null,"bemerk":null,"beschreib":"Kompostierungsanlage Hamm","beschreib_lang":"Kompostierungsanlage Hamm","stat_von":31300,"akz":"02311-Betriebshof Lehrte-500/2022","denkmal":"Nein","bez_urpl":"Kompostierungsanlage Hamm","Nr_WR":null,"tmp":1448,"id_bw_son_pun":428,"foto1":null,"foto2":null,"foto3":null,"foto4":null,"y_coord":"52.658262","x_coord":"7.459421","y_coord_D":52.658262000000001,"x_coord_D":7.4594209999999999}},{"type":"Feature","id":175,"geometry":{"type":"Point","coordinates":[830829.36120000109,6919674.2502999976]},"properties":{"OBJECTID":175,"ID_con":1449,"bw_id":"HAS_SON_31390","name":"Überfahrt rechtsseitig Haselünne (Muhne) Kläranlage","km":"31+390","KTR":"MAAHA00100","FSK":"033213022000730003__","upflicht":"??NLWKN","bauart":"Überfahrt","baujahr":null,"GEW":"HAS","rwert":396069,"hwert":5835146,"link1":null,"link2":null,"bemerk":null,"beschreib":"Überfahrt rechtsseitig Haselünne (Muhne) Kläranlage","beschreib_lang":"Überfahrt rechtsseitig Haselünne (Muhne) Kläranlage","stat_von":31390,"akz":"62026-07-03-03","denkmal":"Nein","bez_urpl":"Überfahrt rechtsseitig","Nr_WR":null,"tmp":1449,"id_bw_son_pun":57,"foto1":"https://nlwkn.hannit-share.de/index.php/core/preview?fileId=11065360&x=1280&y=819&a=true","foto2":"https://nlwkn.hannit-share.de/index.php/core/preview?fileId=11065363&x=1280&y=819&a=true","foto3":"https://nlwkn.hannit-share.de/index.php/core/preview?fileId=11065366&x=1280&y=819&a=true","foto4":null,"y_coord":"52.656301","x_coord":"7.463467","y_coord_D":52.656300999999999,"x_coord_D":7.4634669999999996}},{"type":"Feature","id":176,"geometry":{"type":"Point","coordinates":[832123.8759999983,6921036.7432999983]},"properties":{"OBJECTID":176,"ID_con":1450,"bw_id":"HAS_SON_32550","name":"Bootsanleger Muhne","km":"32+550","KTR":null,"FSK":"033213020001560017__","upflicht":"Stadt Haselünne","bauart":"Bootsanleger","baujahr":null,"GEW":"HAS","rwert":396873,"hwert":5835955,"link1":null,"link2":null,"bemerk":"Genehmigung vom 04.03.2009 (Stadt Haselünne)","beschreib":"BootsanlegerJugenzeltplatz Muhne","beschreib_lang":"BootsanlegerJugenzeltplatz Muhne","stat_von":32550,"akz":null,"denkmal":"Nein","bez_urpl":"Bootsanleger Muhne","Nr_WR":null,"tmp":1450,"id_bw_son_pun":60,"foto1":"https://nlwkn.hannit-share.de/index.php/core/preview?fileId=11065387&x=1280&y=819&a=true","foto2":null,"foto3":null,"foto4":null,"y_coord":"52.663725","x_coord":"7.475096","y_coord_D":52.663724999999999,"x_coord_D":7.4750959999999997}},{"type":"Feature","id":177,"geometry":{"type":"Point","coordinates":[832309.56379999965,6921052.2327999994]},"properties":{"OBJECTID":177,"ID_con":1451,"bw_id":"HAS_SON_32570","name":"Jugendzeltplatz Muhne","km":"32+570","KTR":null,"FSK":"033213020001320018__","upflicht":"Stadt Haselünne","bauart":"Zeltplatz","baujahr":null,"GEW":"HAS","rwert":396986,"hwert":5835962,"link1":null,"link2":null,"bemerk":null,"beschreib":"Jugendzeltplatz Muhne (Lagerfeuerplatz, Grillplatz, Fußballfeld, Tennisplatz)","beschreib_lang":"Jugendzeltplatz Muhne (Lagerfeuerplatz, Grillplatz, Fußballfeld, Tennisplatz)","stat_von":32570,"akz":null,"denkmal":"Nein","bez_urpl":"Jugendzeltplatz Muhne","Nr_WR":null,"tmp":1451,"id_bw_son_pun":59,"foto1":"https://nlwkn.hannit-share.de/index.php/core/preview?fileId=11065390&x=1280&y=819&a=true","foto2":"https://nlwkn.hannit-share.de/index.php/core/preview?fileId=11065393&x=1280&y=819&a=true","foto3":"https://nlwkn.hannit-share.de/index.php/core/preview?fileId=11065396&x=1280&y=819&a=true","foto4":null,"y_coord":"52.663809","x_coord":"7.476764","y_coord_D":52.663809000000001,"x_coord_D":7.4767640000000002}},{"type":"Feature","id":178,"geometry":{"type":"Point","coordinates":[832803.73110000044,6922054.5411999971]},"properties":{"OBJECTID":178,"ID_con":1884,"bw_id":"HAS_SON_33280","name":"Böschungstreppe uh Brücke Piusweg","km":"33+280","KTR":null,"FSK":"033213012003670004__","upflicht":"Stadt Haselünne","bauart":"Böschungstreppe","baujahr":null,"GEW":"HAS","rwert":397299,"hwert":5836563,"link1":null,"link2":null,"bemerk":null,"beschreib":"Böschungstreppe uh Brücke Piusweg","beschreib_lang":null,"stat_von":33280,"akz":null,"denkmal":"Nein","bez_urpl":"Böschungstreppe uh Brücke Piusweg","Nr_WR":null,"tmp":1884,"id_bw_son_pun":476,"foto1":"https://nlwkn.hannit-share.de/index.php/core/preview?fileId=11065399&x=1280&y=819&a=true","foto2":null,"foto3":null,"foto4":null,"y_coord":"52.66927","x_coord":"7.481203","y_coord_D":52.669269999999997,"x_coord_D":7.4812029999999998}},{"type":"Feature","id":179,"geometry":{"type":"Point","coordinates":[833402.2340000011,6922405.5144999996]},"properties":{"OBJECTID":179,"ID_con":1452,"bw_id":"HAS_SON_33695","name":"Pegel Haselünne","km":"33+695","KTR":null,"FSK":"033213020001560017__","upflicht":"NLWKN, GB 3","bauart":"Pegel","baujahr":null,"GEW":"HAS","rwert":397667,"hwert":5836768,"link1":null,"link2":null,"bemerk":null,"beschreib":"Pegel Haselünne des NLWKN (Siehe auch Pegel-Online : https://www.pegelonline.nlwkn.niedersachsen.de/Karte )","beschreib_lang":null,"stat_von":33695,"akz":"62121-02-07","denkmal":"Nein","bez_urpl":"Pegel Haselünne","Nr_WR":null,"tmp":1452,"id_bw_son_pun":62,"foto1":"https://nlwkn.hannit-share.de/index.php/core/preview?fileId=11065408&x=1280&y=819&a=true","foto2":null,"foto3":null,"foto4":null,"y_coord":"52.671182","x_coord":"7.48658","y_coord_D":52.671182000000002,"x_coord_D":7.48658}},{"type":"Feature","id":180,"geometry":{"type":"Point","coordinates":[833400.34629999846,6922417.0283000022]},"properties":{"OBJECTID":180,"ID_con":1453,"bw_id":"HAS_SON_33705","name":"Böschungstreppe uh Aussichtsplattform","km":"33+705","KTR":null,"FSK":"033213020001560017__","upflicht":"NLWKN","bauart":"Böschungstreppe","baujahr":null,"GEW":"HAS","rwert":397666,"hwert":5836775,"link1":null,"link2":null,"bemerk":null,"beschreib":"Böschungstreppe unterhalb Aussichtsplattform rechts (Pegel Haselünne)","beschreib_lang":null,"stat_von":33705,"akz":null,"denkmal":"Nein","bez_urpl":"Böschungstreppe uh Aussichtsplattform rechts (Pegel Haselünne)","Nr_WR":null,"tmp":1453,"id_bw_son_pun":402,"foto1":"https://nlwkn.hannit-share.de/index.php/core/preview?fileId=11065411&x=1280&y=819&a=true","foto2":"https://nlwkn.hannit-share.de/index.php/core/preview?fileId=11065414&x=1280&y=819&a=true","foto3":"https://nlwkn.hannit-share.de/index.php/core/preview?fileId=11065417&x=1280&y=819&a=true","foto4":"https://nlwkn.hannit-share.de/index.php/core/preview?fileId=11065420&x=1280&y=819&a=true","y_coord":"52.671244","x_coord":"7.486563","y_coord_D":52.671244000000002,"x_coord_D":7.4865630000000003}},{"type":"Feature","id":181,"geometry":{"type":"Point","coordinates":[833399.65480000153,6922450.0239000022]},"properties":{"OBJECTID":181,"ID_con":1881,"bw_id":"HAS_SON_33710","name":"Infotafel Hasebrücke Haselünne","km":"33+710","KTR":null,"FSK":"033213016002860016__","upflicht":"Heimatverein Haselünne","bauart":"Infotafel","baujahr":null,"GEW":"HAS","rwert":397666,"hwert":5836795,"link1":null,"link2":null,"bemerk":null,"beschreib":"Infotafel Hasebrücke Haselünne","beschreib_lang":null,"stat_von":33710,"akz":null,"denkmal":"Nein","bez_urpl":null,"Nr_WR":null,"tmp":1881,"id_bw_son_pun":475,"foto1":"https://nlwkn.hannit-share.de/index.php/core/preview?fileId=11065423&x=1280&y=819&a=true","foto2":"https://nlwkn.hannit-share.de/index.php/core/preview?fileId=11065426&x=1280&y=819&a=true","foto3":null,"foto4":null,"y_coord":"52.671424","x_coord":"7.486556","y_coord_D":52.671424000000002,"x_coord_D":7.4865560000000002}},{"type":"Feature","id":182,"geometry":{"type":"Point","coordinates":[833418.41440000013,6922419.059299998]},"properties":{"OBJECTID":182,"ID_con":1454,"bw_id":"HAS_SON_33715","name":"Aussichtsplattform auf ehemaligem Brückenwiderlager","km":"33+715","KTR":null,"FSK":"033213020001470021__","upflicht":null,"bauart":"Aussichtsplattform","baujahr":null,"GEW":"HAS","rwert":397677,"hwert":5836776,"link1":null,"link2":null,"bemerk":null,"beschreib":"Aussichtsplattform auf ehemaligem Brückenwiderlager","beschreib_lang":null,"stat_von":33715,"akz":null,"denkmal":"Nein","bez_urpl":"Aussichtsplattform auf ehemaligem Brückenwiderlager","Nr_WR":null,"tmp":1454,"id_bw_son_pun":63,"foto1":"https://nlwkn.hannit-share.de/index.php/core/preview?fileId=11065429&x=1280&y=819&a=true","foto2":"https://nlwkn.hannit-share.de/index.php/core/preview?fileId=11065432&x=1280&y=819&a=true","foto3":"https://nlwkn.hannit-share.de/index.php/core/preview?fileId=11065435&x=1280&y=819&a=true","foto4":"https://nlwkn.hannit-share.de/index.php/core/preview?fileId=11065438&x=1280&y=819&a=true","y_coord":"52.671255","x_coord":"7.486725","y_coord_D":52.671255000000002,"x_coord_D":7.4867249999999999}},{"type":"Feature","id":183,"geometry":{"type":"Point","coordinates":[833442.85799999908,6922431.1275999993]},"properties":{"OBJECTID":183,"ID_con":1455,"bw_id":"HAS_SON_33730","name":"Böschungstreppe uh Brücke B213 rechts","km":"33+730","KTR":null,"FSK":"033213018000080032__","upflicht":"??","bauart":"Böschungstreppe","baujahr":null,"GEW":"HAS","rwert":397692,"hwert":5836783,"link1":null,"link2":null,"bemerk":null,"beschreib":"Böschungstreppe uh Brücke B213 rechts","beschreib_lang":null,"stat_von":33730,"akz":null,"denkmal":"Nein","bez_urpl":"Böschungstreppe rechts","Nr_WR":null,"tmp":1455,"id_bw_son_pun":309,"foto1":"https://nlwkn.hannit-share.de/index.php/core/preview?fileId=11065441&x=1280&y=819&a=true","foto2":"https://nlwkn.hannit-share.de/index.php/core/preview?fileId=11065444&x=1280&y=819&a=true","foto3":"https://nlwkn.hannit-share.de/index.php/core/preview?fileId=11065447&x=1280&y=819&a=true","foto4":"https://nlwkn.hannit-share.de/index.php/core/preview?fileId=11065450&x=1280&y=819&a=true","y_coord":"52.671321","x_coord":"7.486945","y_coord_D":52.671320999999999,"x_coord_D":7.4869450000000004}},{"type":"Feature","id":184,"geometry":{"type":"Point","coordinates":[833500.00840000063,6922453.7872999981]},"properties":{"OBJECTID":184,"ID_con":1456,"bw_id":"HAS_SON_33770","name":"Böschungstreppe oh Brücke B213","km":"33+770","KTR":null,"FSK":"033213018000080032__","upflicht":"NLSTBV??","bauart":"Böschungstreppe","baujahr":null,"GEW":"HAS","rwert":397727,"hwert":5836796,"link1":null,"link2":null,"bemerk":null,"beschreib":"Böschungstreppe oh Brücke B213","beschreib_lang":null,"stat_von":33770,"akz":null,"denkmal":"Nein","bez_urpl":"Böschungstreppe oh Brücke B213","Nr_WR":null,"tmp":1456,"id_bw_son_pun":310,"foto1":"https://nlwkn.hannit-share.de/index.php/core/preview?fileId=11065453&x=1280&y=819&a=true","foto2":"https://nlwkn.hannit-share.de/index.php/core/preview?fileId=11065456&x=1280&y=819&a=true","foto3":null,"foto4":null,"y_coord":"52.671445","x_coord":"7.487458","y_coord_D":52.671444999999999,"x_coord_D":7.4874580000000002}},{"type":"Feature","id":185,"geometry":{"type":"Point","coordinates":[833539.36719999835,6922461.2177999988]},"properties":{"OBJECTID":185,"ID_con":1457,"bw_id":"HAS_SON_33795","name":"Vermessungspunkt rechts","km":"33+795","KTR":null,"FSK":"033213018000080028__","upflicht":null,"bauart":"Vermessungspunkt","baujahr":null,"GEW":"HAS","rwert":397751,"hwert":5836800,"link1":null,"link2":null,"bemerk":null,"beschreib":"Vermessungspunkt rechts","beschreib_lang":null,"stat_von":33795,"akz":null,"denkmal":"Nein","bez_urpl":null,"Nr_WR":null,"tmp":1457,"id_bw_son_pun":401,"foto1":"https://nlwkn.hannit-share.de/index.php/core/preview?fileId=11065459&x=1280&y=819&a=true","foto2":"https://nlwkn.hannit-share.de/index.php/core/preview?fileId=11065462&x=1280&y=819&a=true","foto3":"https://nlwkn.hannit-share.de/index.php/core/preview?fileId=11065465&x=1280&y=819&a=true","foto4":null,"y_coord":"52.671485","x_coord":"7.487812","y_coord_D":52.671484999999997,"x_coord_D":7.4878119999999999}},{"type":"Feature","id":186,"geometry":{"type":"Point","coordinates":[833985.07160000131,6922563.0139999986]},"properties":{"OBJECTID":186,"ID_con":1459,"bw_id":"HAS_SON_34070","name":"Bootsanlager (mit Böschungstreppe) Haselünne Stadtmitte","km":"34+070","KTR":null,"FSK":"033213018000080028__","upflicht":null,"bauart":"Bootsanleger","baujahr":null,"GEW":"HAS","rwert":398023,"hwert":5836856,"link1":null,"link2":null,"bemerk":"Genehmigung vom 18.05.2000","beschreib":"Bootsanlager (mit Böschungstreppe) Haselünne Stadtmitte","beschreib_lang":null,"stat_von":34070,"akz":null,"denkmal":"Nein","bez_urpl":"Bootsanleger Haselünne (Stadtmitte)","Nr_WR":null,"tmp":1459,"id_bw_son_pun":64,"foto1":"https://nlwkn.hannit-share.de/index.php/core/preview?fileId=11065480&x=1280&y=819&a=true","foto2":"https://nlwkn.hannit-share.de/index.php/core/preview?fileId=11065483&x=1280&y=819&a=true","foto3":"https://nlwkn.hannit-share.de/index.php/core/preview?fileId=11065486&x=1280&y=819&a=true","foto4":"https://nlwkn.hannit-share.de/index.php/core/preview?fileId=11065489&x=1280&y=819&a=true","y_coord":"52.672039","x_coord":"7.491815","y_coord_D":52.672038999999998,"x_coord_D":7.4918149999999999}},{"type":"Feature","id":187,"geometry":{"type":"Point","coordinates":[834353.12000000104,6922204.3193999976]},"properties":{"OBJECTID":187,"ID_con":1460,"bw_id":"HAS_SON_34370","name":"Spielplatz HWRB - Haselünne","km":"34+370","KTR":null,"FSK":"033213018000010034__","upflicht":"Stadt Haselünne","bauart":"Spielplatz","baujahr":"2021","GEW":"HAS","rwert":398242,"hwert":5836634,"link1":null,"link2":null,"bemerk":null,"beschreib":"Spielplatz HWRB - Haselünne","beschreib_lang":null,"stat_von":34370,"akz":null,"denkmal":"Nein","bez_urpl":null,"Nr_WR":null,"tmp":1460,"id_bw_son_pun":403,"foto1":"https://nlwkn.hannit-share.de/index.php/core/preview?fileId=11065501&x=1280&y=819&a=true","foto2":null,"foto3":null,"foto4":null,"y_coord":"52.670086","x_coord":"7.495122","y_coord_D":52.670085999999998,"x_coord_D":7.4951220000000003}},{"type":"Feature","id":188,"geometry":{"type":"Point","coordinates":[834860.80480000004,6921779.2245000005]},"properties":{"OBJECTID":188,"ID_con":1461,"bw_id":"HAS_SON_34600","name":"Hochwasserrückhaltebecken Haselünne","km":"34+600","KTR":"MBBHA00100","FSK":"033213018000010034__","upflicht":"NLWKN","bauart":"Hochwasserrückhaltebecken","baujahr":"1972-1974","GEW":"HAS","rwert":398545,"hwert":5836370,"link1":null,"link2":null,"bemerk":"Normalstau bei 15,15 m NN","beschreib":"Hochwasserrückhaltebecken Haselünne (Vorwarnung ab 330 cm WS am Pegel Haselünne, Füllung ab 360 cm WS). Die Steuerung erfolgt gemäß Betriebsplan. Der Normalwasserstand im See (Dauerstau) am Auslaussbauwerk soll 15,15 m NN betragen.","beschreib_lang":"Hochwasserrückhaltebecken Haselünne","stat_von":34600,"akz":"62026-Hase / Hochwasserrückhaltebecken Haselünne-553/2022","denkmal":"Nein","bez_urpl":null,"Nr_WR":null,"tmp":1461,"id_bw_son_pun":218,"foto1":"https://nlwkn.hannit-share.de/index.php/core/preview?fileId=11065504&x=1280&y=819&a=true","foto2":"https://nlwkn.hannit-share.de/index.php/core/preview?fileId=11065507&x=1280&y=819&a=true","foto3":"https://nlwkn.hannit-share.de/index.php/core/preview?fileId=11065510&x=1280&y=819&a=true","foto4":"https://nlwkn.hannit-share.de/index.php/core/preview?fileId=11065513&x=1280&y=819&a=true","y_coord":"52.66777","x_coord":"7.499682","y_coord_D":52.667769999999997,"x_coord_D":7.499682}},{"type":"Feature","id":189,"geometry":{"type":"Point","coordinates":[834459.45569999889,6921762.5834999979]},"properties":{"OBJECTID":189,"ID_con":1462,"bw_id":"HAS_SON_34620","name":"Infotafel HWRB-Haselünne","km":"34+620","KTR":null,"FSK":"033213018000030004__","upflicht":"NLWKN","bauart":"Infotafel","baujahr":null,"GEW":"HAS","rwert":398301,"hwert":5836365,"link1":null,"link2":null,"bemerk":null,"beschreib":"Infotafel HWRB-Haselünne","beschreib_lang":"Infotafel HWRB-Haselünne","stat_von":34620,"akz":"02055-Veranstaltungen und Informationen-862/2022","denkmal":"Nein","bez_urpl":"Infotafel HWRB-Haselünne","Nr_WR":null,"tmp":1462,"id_bw_son_pun":454,"foto1":"https://nlwkn.hannit-share.de/index.php/core/preview?fileId=11065516&x=1280&y=819&a=true","foto2":"https://nlwkn.hannit-share.de/index.php/core/preview?fileId=11065519&x=1280&y=819&a=true","foto3":null,"foto4":null,"y_coord":"52.667679","x_coord":"7.496077","y_coord_D":52.667679,"x_coord_D":7.4960769999999997}},{"type":"Feature","id":190,"geometry":{"type":"Point","coordinates":[834700.38489999995,6919518.4786000028]},"properties":{"OBJECTID":190,"ID_con":1464,"bw_id":"HAS_SON_36230","name":"Bootsanleger Polle (beim Rückhaltebecken)","km":"36+230","KTR":null,"FSK":"033210006001290001__","upflicht":null,"bauart":"Bootsanleger","baujahr":null,"GEW":"HAS","rwert":398419,"hwert":5835002,"link1":null,"link2":null,"bemerk":"Genehmigung vom 11.07.2000 (Ulrich Dröge, Poller s","beschreib":"Bootsanleger Polle (beim Rückhaltebecken)","beschreib_lang":null,"stat_von":36230,"akz":"27014-00-06-01-03","denkmal":"Nein","bez_urpl":"Bootsanleger beim Rückhaltebecken (Polle)","Nr_WR":null,"tmp":1464,"id_bw_son_pun":65,"foto1":"https://nlwkn.hannit-share.de/index.php/core/preview?fileId=11065552&x=1280&y=819&a=true","foto2":"https://nlwkn.hannit-share.de/index.php/core/preview?fileId=11065555&x=1280&y=819&a=true","foto3":"https://nlwkn.hannit-share.de/index.php/core/preview?fileId=11065558&x=1280&y=819&a=true","foto4":"https://nlwkn.hannit-share.de/index.php/core/preview?fileId=11065561&x=1280&y=819&a=true","y_coord":"52.655452","x_coord":"7.498241","y_coord_D":52.655451999999997,"x_coord_D":7.4982410000000002}},{"type":"Feature","id":191,"geometry":{"type":"Point","coordinates":[835501.41209999844,6920576.3381000012]},"properties":{"OBJECTID":191,"ID_con":2384,"bw_id":"HAS_SON_37100","name":"Bockweide (im HWRB)","km":"37+100","KTR":null,"FSK":"033213018000010034__","upflicht":"NLWKN","bauart":"Pachfläche","baujahr":null,"GEW":"HAS","rwert":398919,"hwert":5835633,"link1":null,"link2":null,"bemerk":null,"beschreib":"Bockweide im HWRB - Haselünne. Verpachtet zur Schafbeweidung an Anton Tietze","beschreib_lang":"Bockweide im HWRB - Haselünne. Verpachtet zur Schafbeweidung an Anton Tietze","stat_von":37100,"akz":"27014-Anton Tietze-451/2022","denkmal":"Nein","bez_urpl":null,"Nr_WR":null,"tmp":2384,"id_bw_son_pun":598,"foto1":null,"foto2":null,"foto3":null,"foto4":null,"y_coord":"52.661216","x_coord":"7.505437","y_coord_D":52.661216000000003,"x_coord_D":7.5054369999999997}},{"type":"Feature","id":192,"geometry":{"type":"Point","coordinates":[836160.19420000166,6920957.9975999966]},"properties":{"OBJECTID":192,"ID_con":1465,"bw_id":"HAS_SON_37580","name":"Betriebspegel Einlassbauwerk HWRB-Haselünne (binnen)","km":"37+580","KTR":null,"FSK":"033214009000640001__","upflicht":"NLWKN","bauart":"Betriebspegel","baujahr":null,"GEW":"HAS","rwert":399324,"hwert":5835856,"link1":null,"link2":null,"bemerk":null,"beschreib":"Betriebspegel Einlassbauwerk HWRB-Haselünne (binnen)","beschreib_lang":null,"stat_von":37580,"akz":null,"denkmal":"Nein","bez_urpl":"Betriebspegel Einlassbauwerk HWRB-Haselünne (binnen)","Nr_WR":null,"tmp":1465,"id_bw_son_pun":405,"foto1":"https://nlwkn.hannit-share.de/index.php/core/preview?fileId=11065564&x=1280&y=819&a=true","foto2":null,"foto3":null,"foto4":null,"y_coord":"52.663296","x_coord":"7.511355","y_coord_D":52.663296000000003,"x_coord_D":7.511355}},{"type":"Feature","id":193,"geometry":{"type":"Point","coordinates":[836203.55299999937,6920930.8422000036]},"properties":{"OBJECTID":193,"ID_con":1466,"bw_id":"HAS_SON_37585","name":"Betriebspegel Einlassbauwerk HWRB - Haselünne (haseseitig)","km":"37+585","KTR":null,"FSK":"033214009000800001__","upflicht":"NLWKN","bauart":"Pegel","baujahr":null,"GEW":"HAS","rwert":399350,"hwert":5835839,"link1":null,"link2":null,"bemerk":null,"beschreib":"Betriebspegel Einlassbauwerk HWRB (haseseitig)","beschreib_lang":null,"stat_von":37585,"akz":null,"denkmal":"Nein","bez_urpl":"Betriebspegel Einlassbauwerk HWRB (haseseitig)","Nr_WR":null,"tmp":1466,"id_bw_son_pun":404,"foto1":"https://nlwkn.hannit-share.de/index.php/core/preview?fileId=11065567&x=1280&y=819&a=true","foto2":null,"foto3":null,"foto4":null,"y_coord":"52.663148","x_coord":"7.511744","y_coord_D":52.663148,"x_coord_D":7.5117440000000002}},{"type":"Feature","id":194,"geometry":{"type":"Point","coordinates":[836321.1660999991,6921294.6784000024]},"properties":{"OBJECTID":194,"ID_con":1467,"bw_id":"HAS_SON_37790","name":"Campingplatz Holt","km":"37+790","KTR":null,"FSK":"033214009000620008__","upflicht":"Heinz-Richard Holt (Familiencampingplatz Haselünne)","bauart":"Zeltplatz","baujahr":null,"GEW":"HAS","rwert":399426,"hwert":5836058,"link1":null,"link2":null,"bemerk":null,"beschreib":"Familiencampingplatz Haselünne","beschreib_lang":"amiliencampingplatz Haselünne","stat_von":37790,"akz":"27014-00-06-01-01","denkmal":"Nein","bez_urpl":null,"Nr_WR":null,"tmp":1467,"id_bw_son_pun":67,"foto1":null,"foto2":null,"foto3":null,"foto4":null,"y_coord":"52.66513","x_coord":"7.512801","y_coord_D":52.665129999999998,"x_coord_D":7.5128009999999996}},{"type":"Feature","id":195,"geometry":{"type":"Point","coordinates":[837542.79960000142,6921689.5355999991]},"properties":{"OBJECTID":195,"ID_con":1468,"bw_id":"HAS_SON_38520","name":"Lagerplatz Andrup (incl. Pflanzenkläranlage)","km":"38+520","KTR":"MAAHA00100","FSK":"033210009001230021__","upflicht":"NLWKN","bauart":"Lagerplatz","baujahr":null,"GEW":"HAS","rwert":400173,"hwert":5836282,"link1":null,"link2":null,"bemerk":null,"beschreib":"Lagerplatz Andrup links","beschreib_lang":"Lagerplatz Andrup links","stat_von":38520,"akz":"02311-Betriebshof Lehrte-500/2022","denkmal":"Nein","bez_urpl":"Lagerplatz Andrup links","Nr_WR":null,"tmp":1468,"id_bw_son_pun":68,"foto1":"https://nlwkn.hannit-share.de/index.php/core/preview?fileId=11065588&x=1280&y=819&a=true","foto2":"https://nlwkn.hannit-share.de/index.php/core/preview?fileId=11065591&x=1280&y=819&a=true","foto3":null,"foto4":null,"y_coord":"52.667281","x_coord":"7.523775","y_coord_D":52.667281000000003,"x_coord_D":7.5237749999999997}},{"type":"Feature","id":196,"geometry":{"type":"Point","coordinates":[837670.57220000029,6922365.5305000022]},"properties":{"OBJECTID":196,"ID_con":1470,"bw_id":"HAS_SON_38920","name":"Furt Andrup","km":"38+920","KTR":"MAAHA00100","FSK":"03321400900006______","upflicht":"NLWKN","bauart":"Furt","baujahr":null,"GEW":"HAS","rwert":400259,"hwert":5836690,"link1":null,"link2":null,"bemerk":null,"beschreib":"Furt Andrup","beschreib_lang":"Furt Andrup","stat_von":38920,"akz":null,"denkmal":"Nein","bez_urpl":"Furt rechts (Andrup)","Nr_WR":null,"tmp":1470,"id_bw_son_pun":69,"foto1":"https://nlwkn.hannit-share.de/index.php/core/preview?fileId=11065594&x=1280&y=819&a=true","foto2":null,"foto3":null,"foto4":null,"y_coord":"52.670964","x_coord":"7.524923","y_coord_D":52.670963999999998,"x_coord_D":7.5249230000000003}},{"type":"Feature","id":197,"geometry":{"type":"Point","coordinates":[837766.45270000026,6922507.7907999977]},"properties":{"OBJECTID":197,"ID_con":1471,"bw_id":"HAS_SON_39015","name":"Überfahrt Lager Bach","km":"39+015","KTR":"MAAHA00100","FSK":"033210009001230027__","upflicht":"Landkreis Emsland??","bauart":"Überfahrt","baujahr":null,"GEW":"HAS","rwert":400319,"hwert":5836775,"link1":null,"link2":null,"bemerk":null,"beschreib":"Überfahrt Lager Bach (Überfahrt mit Bohlenbelag und Geländer). Der Bohlenbelag soll 2025 erneuert werden.","beschreib_lang":"Überfahrt Lager Bach (Überfahrt mit Bohlenbelag und Geländer). Der Bohlenbelag soll 2025 erneuert werden.","stat_von":39015,"akz":"62026-07-03-03","denkmal":"Nein","bez_urpl":"Überfahrt Lager Bach","Nr_WR":null,"tmp":1471,"id_bw_son_pun":70,"foto1":"https://nlwkn.hannit-share.de/index.php/core/preview?fileId=11065612&x=1280&y=819&a=true","foto2":"https://nlwkn.hannit-share.de/index.php/core/preview?fileId=11065615&x=1280&y=819&a=true","foto3":"https://nlwkn.hannit-share.de/index.php/core/preview?fileId=11065618&x=1280&y=819&a=true","foto4":"https://nlwkn.hannit-share.de/index.php/core/preview?fileId=11065621&x=1280&y=819&a=true","y_coord":"52.671739","x_coord":"7.525784","y_coord_D":52.671739000000002,"x_coord_D":7.5257839999999998}},{"type":"Feature","id":198,"geometry":{"type":"Point","coordinates":[837912.34620000049,6922700.5942000002]},"properties":{"OBJECTID":198,"ID_con":1472,"bw_id":"HAS_SON_39250","name":"Stillgelegte Sandentnahmestelle (See)","km":"39+250","KTR":null,"FSK":"033210009000530006__","upflicht":null,"bauart":"See","baujahr":null,"GEW":"HAS","rwert":400410,"hwert":5836890,"link1":null,"link2":null,"bemerk":null,"beschreib":"Stillgelegte Sandentnahmestelle (See)","beschreib_lang":null,"stat_von":39250,"akz":null,"denkmal":"Nein","bez_urpl":null,"Nr_WR":null,"tmp":1472,"id_bw_son_pun":71,"foto1":"https://nlwkn.hannit-share.de/index.php/core/preview?fileId=11065624&x=1280&y=819&a=true","foto2":"https://nlwkn.hannit-share.de/index.php/core/preview?fileId=11065627&x=1280&y=819&a=true","foto3":null,"foto4":null,"y_coord":"52.672789","x_coord":"7.527095","y_coord_D":52.672789000000002,"x_coord_D":7.5270950000000001}},{"type":"Feature","id":199,"geometry":{"type":"Point","coordinates":[838100.26260000095,6923093.9846000001]},"properties":{"OBJECTID":199,"ID_con":1474,"bw_id":"HAS_SON_39490","name":"Furt (Auslauf Flutmulde Andrup)","km":"39+490","KTR":"MAAHA00100","FSK":"033214006000020010__","upflicht":"NLWKN","bauart":"Furt","baujahr":null,"GEW":"HAS","rwert":400529,"hwert":5837126,"link1":null,"link2":null,"bemerk":null,"beschreib":"Furt Auslauf Flutmulde Andrup","beschreib_lang":"Furt Auslauf Flutmulde Andrup","stat_von":39490,"akz":null,"denkmal":"Nein","bez_urpl":"Furt Auslauf Flutmulde Andrup","Nr_WR":null,"tmp":1474,"id_bw_son_pun":72,"foto1":"https://nlwkn.hannit-share.de/index.php/core/preview?fileId=11065633&x=1280&y=819&a=true","foto2":"https://nlwkn.hannit-share.de/index.php/core/preview?fileId=11065636&x=1280&y=819&a=true","foto3":null,"foto4":null,"y_coord":"52.674932","x_coord":"7.528783","y_coord_D":52.674931999999998,"x_coord_D":7.5287829999999998}},{"type":"Feature","id":200,"geometry":{"type":"Point","coordinates":[838511.63879999891,6923349.9959999993]},"properties":{"OBJECTID":200,"ID_con":1475,"bw_id":"HAS_SON_39790","name":"Furt (Einlauf Flutmulde Andrup)","km":"39+790","KTR":"MAAHA00100","FSK":"033214006000020010__","upflicht":"NLWKN","bauart":"Furt","baujahr":null,"GEW":"HAS","rwert":400782,"hwert":5837276,"link1":null,"link2":null,"bemerk":null,"beschreib":"Furt Einlauf Flutmulde Andrup","beschreib_lang":"Furt Einlauf Flutmulde Andrup","stat_von":39790,"akz":null,"denkmal":"Nein","bez_urpl":"Furt Einlauf Flutmulde Andrup","Nr_WR":null,"tmp":1475,"id_bw_son_pun":73,"foto1":"https://nlwkn.hannit-share.de/index.php/core/preview?fileId=11065639&x=1280&y=819&a=true","foto2":null,"foto3":null,"foto4":null,"y_coord":"52.676326","x_coord":"7.532478","y_coord_D":52.676326000000003,"x_coord_D":7.5324780000000002}},{"type":"Feature","id":201,"geometry":{"type":"Point","coordinates":[838648.88729999959,6923321.4349000007]},"properties":{"OBJECTID":201,"ID_con":1476,"bw_id":"HAS_SON_39835","name":"Betriebsgebäude (Schafstall Andrup)","km":"39+835","KTR":"MAAHA00100","FSK":"033214006000020007__","upflicht":"NLWKN","bauart":"Betriebsgebäude","baujahr":null,"GEW":"HAS","rwert":400865,"hwert":5837257,"link1":"https://nlwkn.hannit-share.de/index.php/core/preview?fileId=11060039&x=1280&y=819&a=true","link2":"https://nlwkn.hannit-share.de/index.php/core/preview?fileId=11065657&x=1280&y=819&a=true","bemerk":"AIS ID 513 löschen??","beschreib":"Schafstall Andrup links","beschreib_lang":"Schafstall Andrup links","stat_von":39835,"akz":"02311-Betriebshof Lehrte-500/2022","denkmal":"Nein","bez_urpl":"Schafstall Andrup links","Nr_WR":null,"tmp":1476,"id_bw_son_pun":219,"foto1":"https://nlwkn.hannit-share.de/index.php/core/preview?fileId=11065642&x=1280&y=819&a=true","foto2":"https://nlwkn.hannit-share.de/index.php/core/preview?fileId=11065645&x=1280&y=819&a=true","foto3":"https://nlwkn.hannit-share.de/index.php/core/preview?fileId=11065648&x=1280&y=819&a=true","foto4":"https://nlwkn.hannit-share.de/index.php/core/preview?fileId=11065651&x=1280&y=819&a=true","y_coord":"52.676171","x_coord":"7.533711","y_coord_D":52.676170999999997,"x_coord_D":7.5337110000000003}},{"type":"Feature","id":202,"geometry":{"type":"Point","coordinates":[838604.38800000027,6923485.5966000035]},"properties":{"OBJECTID":202,"ID_con":1477,"bw_id":"HAS_SON_39895","name":"Absturzbauwerk Auslauf Altarm Wehlage","km":"39+895","KTR":null,"FSK":"033214006000030023__","upflicht":null,"bauart":"Absturzbauwerk","baujahr":null,"GEW":"HAS","rwert":400840,"hwert":5837357,"link1":null,"link2":null,"bemerk":null,"beschreib":"Absturzbauwerk Auslauf Altarm Wehlage","beschreib_lang":null,"stat_von":39895,"akz":null,"denkmal":"Nein","bez_urpl":"Absturzbauwerk Altarm Wehlage rechts","Nr_WR":null,"tmp":1477,"id_bw_son_pun":74,"foto1":null,"foto2":null,"foto3":null,"foto4":null,"y_coord":"52.677065","x_coord":"7.533311","y_coord_D":52.677064999999999,"x_coord_D":7.5333110000000003}},{"type":"Feature","id":203,"geometry":{"type":"Point","coordinates":[841688.63379999995,6924720.054899998]},"properties":{"OBJECTID":203,"ID_con":1478,"bw_id":"HAS_SON_42550","name":"Furt Großer Kanal / Bookhofer Graben","km":"42+550","KTR":"MAAHA00100","FSK":"033209005001070020__","upflicht":"NLWKN","bauart":"Furt","baujahr":"2016","GEW":"HAS","rwert":402728,"hwert":5838067,"link1":null,"link2":null,"bemerk":null,"beschreib":"Furt Großer Kanal / Bookhofer Graben","beschreib_lang":"Furt Großer Kanal / Bookhofer Graben","stat_von":42550,"akz":null,"denkmal":"Nein","bez_urpl":"Furt Großer Kanal / Bookhofer Graben","Nr_WR":null,"tmp":1478,"id_bw_son_pun":75,"foto1":"https://nlwkn.hannit-share.de/index.php/core/preview?fileId=11065678&x=1280&y=819&a=true","foto2":"https://nlwkn.hannit-share.de/index.php/core/preview?fileId=11065681&x=1280&y=819&a=true","foto3":"https://nlwkn.hannit-share.de/index.php/core/preview?fileId=11065684&x=1280&y=819&a=true","foto4":"https://nlwkn.hannit-share.de/index.php/core/preview?fileId=11065687&x=1280&y=819&a=true","y_coord":"52.683788","x_coord":"7.561018","y_coord_D":52.683788,"x_coord_D":7.5610179999999998}},{"type":"Feature","id":204,"geometry":{"type":"Point","coordinates":[841688.63379999995,6924720.054899998]},"properties":{"OBJECTID":204,"ID_con":1479,"bw_id":"HAS_SON_42580","name":"Gehölzentwicklung Mündung Bookhofer Graben","km":"42+580","KTR":null,"FSK":"033209005001070020__","upflicht":null,"bauart":"Gehölzentwicklung","baujahr":null,"GEW":"HAS","rwert":402728,"hwert":5838067,"link1":null,"link2":null,"bemerk":null,"beschreib":"Gehölzentwicklung Mündung Bookhofer Graben","beschreib_lang":null,"stat_von":42580,"akz":null,"denkmal":"Nein","bez_urpl":"Gehölzentwicklung Mündung Bookhofer Graben","Nr_WR":null,"tmp":1479,"id_bw_son_pun":77,"foto1":null,"foto2":null,"foto3":null,"foto4":null,"y_coord":"52.683788","x_coord":"7.561018","y_coord_D":52.683788,"x_coord_D":7.5610179999999998}},{"type":"Feature","id":205,"geometry":{"type":"Point","coordinates":[841851.63430000097,6925301.175499998]},"properties":{"OBJECTID":205,"ID_con":1480,"bw_id":"HAS_SON_42740","name":"OW- Entnahme, Hase, Beregnung (E2), Beelmann","km":"42+740","KTR":null,"FSK":"033209005001070020__","upflicht":"Beelmann","bauart":"Wasserrecht (Entnahme)","baujahr":null,"GEW":"HAS","rwert":402834,"hwert":5838417,"link1":null,"link2":null,"bemerk":"OW- Entnahme, Hase E I, Beregnung (56300 m³/a), er","beschreib":"OW- Entnahme, Hase, Beregnung (E2), Beelmann","beschreib_lang":null,"stat_von":42740,"akz":null,"denkmal":"Nein","bez_urpl":"Wasserrecht (Entnahme), links","Nr_WR":"100024435 (aktiv)","tmp":1480,"id_bw_son_pun":241,"foto1":null,"foto2":null,"foto3":null,"foto4":null,"y_coord":"52.686952","x_coord":"7.562482","y_coord_D":52.686951999999998,"x_coord_D":7.5624820000000001}},{"type":"Feature","id":206,"geometry":{"type":"Point","coordinates":[842831.86120000109,6925454.4667999968]},"properties":{"OBJECTID":206,"ID_con":1481,"bw_id":"HAS_SON_43410","name":"Sohlgleite Südradde","km":"43+410","KTR":"MAAHA00100","FSK":"03323102100001______","upflicht":"NLWKN","bauart":"Sohlgleite","baujahr":"2015 / 2016","GEW":"HAS","rwert":403431,"hwert":5838498,"link1":null,"link2":null,"bemerk":null,"beschreib":"Die Sohlgleite im Mündungsbereich der Südradde wurde in 2015/16 durch den Betriebshof Lehrte im Auftrag des Angelsportvereins / Unterhaltungsverband gebaut. Es wurden Fördermittel nach Richtlinie FGE (Kleinmaßnahmen) verwandt.","beschreib_lang":"Die Sohlgleite im Mündungsbereich der Südradde wurde in 2015/16 durch den Betriebshof Lehrte im Auftrag des Angelsportvereins / Unterhaltungsverband gebaut. Es wurden Fördermittel nach Richtlinie FGE (Kleinmaßnahmen) verwandt.","stat_von":43410,"akz":"62024-02-03-06","denkmal":"Nein","bez_urpl":"Sohlgleite Südradde","Nr_WR":null,"tmp":1481,"id_bw_son_pun":430,"foto1":"https://nlwkn.hannit-share.de/index.php/core/preview?fileId=11065711&x=1280&y=819&a=true","foto2":"https://nlwkn.hannit-share.de/index.php/core/preview?fileId=11065714&x=1280&y=819&a=true","foto3":"https://nlwkn.hannit-share.de/index.php/core/preview?fileId=11065717&x=1280&y=819&a=true","foto4":"https://nlwkn.hannit-share.de/index.php/core/preview?fileId=11065720&x=1280&y=819&a=true","y_coord":"52.687787","x_coord":"7.571287","y_coord_D":52.687787,"x_coord_D":7.5712869999999999}},{"type":"Feature","id":207,"geometry":{"type":"Point","coordinates":[842834.55270000175,6925401.6850000024]},"properties":{"OBJECTID":207,"ID_con":1482,"bw_id":"HAS_SON_43415","name":"Überfahrt Südradde","km":"43+415","KTR":"MAAHA00100","FSK":"03323102100039______","upflicht":"NLWKN","bauart":"Überfahrt","baujahr":null,"GEW":"HAS","rwert":403432,"hwert":5838466,"link1":null,"link2":null,"bemerk":null,"beschreib":"Überfahrt Mündung Südradde (Überfahrt mit Holzbohlenbelag und Schrammbord, ohne Geländer). Der Holzbohlenbelag soll 2025 erneuert werden. In 2025 soll die Überfahrt mit einem Geländer versehen werden.","beschreib_lang":"Überfahrt Mündung Südradde (Überfahrt mit Holzbohlenbelag und Schrammbord, ohne Geländer). Der Holzbohlenbelag soll 2025 erneuert werden. In 2025 soll die Überfahrt mit einem Geländer versehen werden.","stat_von":43415,"akz":"62026-07-03-03","denkmal":"Nein","bez_urpl":"Überfahrt Mündung Südradde rechts","Nr_WR":null,"tmp":1482,"id_bw_son_pun":76,"foto1":"https://nlwkn.hannit-share.de/index.php/core/preview?fileId=11065723&x=1280&y=819&a=true","foto2":"https://nlwkn.hannit-share.de/index.php/core/preview?fileId=11065726&x=1280&y=819&a=true","foto3":"https://nlwkn.hannit-share.de/index.php/core/preview?fileId=11373958&x=1280&y=819&a=true","foto4":null,"y_coord":"52.687499","x_coord":"7.571312","y_coord_D":52.687499000000003,"x_coord_D":7.5713119999999998}},{"type":"Feature","id":208,"geometry":{"type":"Point","coordinates":[843195.05920000002,6925327.9421000034]},"properties":{"OBJECTID":208,"ID_con":1483,"bw_id":"HAS_SON_43650","name":"OW- Entnahme, Hase, Beregnung (E1), Beelmann","km":"43+650","KTR":null,"FSK":"03323102100039______","upflicht":"Beelmann","bauart":"Wasserrecht (Entnahme)","baujahr":null,"GEW":"HAS","rwert":403650,"hwert":5838417,"link1":null,"link2":null,"bemerk":"linksseitig??. OW- Entnahme, Hase E I, Beregnung (","beschreib":"OW- Entnahme, Hase, Beregnung (E1), Beelmann","beschreib_lang":null,"stat_von":43650,"akz":null,"denkmal":"Nein","bez_urpl":"Wasserrecht (Entnahme)","Nr_WR":"100024435 (aktiv)","tmp":1483,"id_bw_son_pun":240,"foto1":null,"foto2":null,"foto3":null,"foto4":null,"y_coord":"52.687098","x_coord":"7.57455","y_coord_D":52.687097999999999,"x_coord_D":7.5745500000000003}},{"type":"Feature","id":209,"geometry":{"type":"Point","coordinates":[844262.1678000018,6925251.628899999]},"properties":{"OBJECTID":209,"ID_con":1485,"bw_id":"HAS_SON_44300","name":"OW- Entnahme, Hase, Beregnung (E3), Beelmann","km":"44+300","KTR":null,"FSK":"03323102100039______","upflicht":"Beelmann","bauart":"Wasserrecht (Entnahme)","baujahr":null,"GEW":"HAS","rwert":404297,"hwert":5838358,"link1":null,"link2":null,"bemerk":"OW- Entnahme, Hase E I, Beregnung (56300 m³/a), er","beschreib":"OW- Entnahme, Hase, Beregnung (E3), Beelmann","beschreib_lang":null,"stat_von":44300,"akz":null,"denkmal":"Nein","bez_urpl":"Wasserrecht (Entnahme), links","Nr_WR":"100024435 (aktiv)","tmp":1485,"id_bw_son_pun":242,"foto1":null,"foto2":null,"foto3":null,"foto4":null,"y_coord":"52.686682","x_coord":"7.584136","y_coord_D":52.686681999999998,"x_coord_D":7.584136}},{"type":"Feature","id":210,"geometry":{"type":"Point","coordinates":[845240.38749999925,6925171.7828999981]},"properties":{"OBJECTID":210,"ID_con":1486,"bw_id":"HAS_SON_44895","name":"OW- Entnahme, Hase, Beregnung (E 1), Duisen","km":"44+895","KTR":null,"FSK":"03323102000043______","upflicht":"Duisen","bauart":"Wasserrecht (Entnahme)","baujahr":null,"GEW":"HAS","rwert":404890,"hwert":5838298,"link1":null,"link2":null,"bemerk":"??Flurstück prüfen, Tel. :","beschreib":"OW-Entnahme E1 (5500 m³/a)","beschreib_lang":null,"stat_von":44895,"akz":null,"denkmal":"Nein","bez_urpl":"Wasserrecht (Entnahme) Rechts","Nr_WR":"100014314","tmp":1486,"id_bw_son_pun":232,"foto1":null,"foto2":null,"foto3":null,"foto4":null,"y_coord":"52.686248","x_coord":"7.592924","y_coord_D":52.686247999999999,"x_coord_D":7.592924}},{"type":"Feature","id":211,"geometry":{"type":"Point","coordinates":[845639.73310000077,6925131.7133999988]},"properties":{"OBJECTID":211,"ID_con":1487,"bw_id":"HAS_SON_45140","name":"Schutzhütte (privat) auf Böschungsoberkante","km":"45+140","KTR":null,"FSK":"03323102000047______","upflicht":null,"bauart":"Schutzhütte","baujahr":null,"GEW":"HAS","rwert":405132,"hwert":5838269,"link1":null,"link2":null,"bemerk":null,"beschreib":"Schutzhütte (privat) auf Böschungsoberkante","beschreib_lang":null,"stat_von":45140,"akz":null,"denkmal":"Nein","bez_urpl":null,"Nr_WR":null,"tmp":1487,"id_bw_son_pun":333,"foto1":"https://nlwkn.hannit-share.de/index.php/core/preview?fileId=11065738&x=1280&y=819&a=true","foto2":null,"foto3":null,"foto4":null,"y_coord":"52.686029","x_coord":"7.596511","y_coord_D":52.686028999999998,"x_coord_D":7.5965109999999996}},{"type":"Feature","id":212,"geometry":{"type":"Point","coordinates":[846226.03550000116,6924707.2815999985]},"properties":{"OBJECTID":212,"ID_con":2210,"bw_id":"HAS_SON_45575","name":"Böschungstreppe (Hasetal-Touristik)","km":"45+575","KTR":null,"FSK":"03323101900171______","upflicht":"Hasetal-Touristik GmbH","bauart":"Böschungstreppe","baujahr":"2022","GEW":"HAS","rwert":405483,"hwert":5838005,"link1":null,"link2":null,"bemerk":"!!Bilder nach Fertigstellung ergänzen; !! Vertrag ","beschreib":"Böschungstreppe (Hasetal-Touristik)","beschreib_lang":null,"stat_von":45575,"akz":"62023-02-03-01","denkmal":"Nein","bez_urpl":"Böschungstreppe oh Fußgängerbrücke","Nr_WR":null,"tmp":2210,"id_bw_son_pun":543,"foto1":"https://nlwkn.hannit-share.de/index.php/core/preview?fileId=11065741&x=1280&y=819&a=true","foto2":"https://nlwkn.hannit-share.de/index.php/core/preview?fileId=11065744&x=1280&y=819&a=true","foto3":null,"foto4":null,"y_coord":"52.683718","x_coord":"7.601778","y_coord_D":52.683717999999999,"x_coord_D":7.6017780000000004}},{"type":"Feature","id":213,"geometry":{"type":"Point","coordinates":[846279.32050000131,6924506.9046000019]},"properties":{"OBJECTID":213,"ID_con":1488,"bw_id":"HAS_SON_45690","name":"Pegel Herzlake (mit Böschungstreppe u. Schrägpegel)","km":"45+690","KTR":null,"FSK":"03323100700127______","upflicht":"NLWKN, GB 3","bauart":"Pegel","baujahr":null,"GEW":"HAS","rwert":405513,"hwert":5837883,"link1":null,"link2":null,"bemerk":null,"beschreib":"Pegel Herzlake des NLWKN (Siehe auch Pegel-Online : https://www.pegelonline.nlwkn.niedersachsen.de/Karte )","beschreib_lang":null,"stat_von":45690,"akz":"62121-02-03","denkmal":"Nein","bez_urpl":"Pegel Herzlake","Nr_WR":null,"tmp":1488,"id_bw_son_pun":79,"foto1":"https://nlwkn.hannit-share.de/index.php/core/preview?fileId=11065750&x=1280&y=819&a=true","foto2":"https://nlwkn.hannit-share.de/index.php/core/preview?fileId=11065753&x=1280&y=819&a=true","foto3":"https://nlwkn.hannit-share.de/index.php/core/preview?fileId=11065756&x=1280&y=819&a=true","foto4":"https://nlwkn.hannit-share.de/index.php/core/preview?fileId=11065759&x=1280&y=819&a=true","y_coord":"52.682627","x_coord":"7.602256","y_coord_D":52.682626999999997,"x_coord_D":7.6022559999999997}},{"type":"Feature","id":214,"geometry":{"type":"Point","coordinates":[846496.75420000032,6924248.6406999975]},"properties":{"OBJECTID":214,"ID_con":2147,"bw_id":"HAS_SON_45895","name":"Slipanlage Herzlake","km":"45+895","KTR":null,"FSK":"03323101800001______","upflicht":null,"bauart":"Bootsanleger","baujahr":null,"GEW":"HAS","rwert":405642,"hwert":5837724,"link1":null,"link2":null,"bemerk":null,"beschreib":"Slipanlage Herzlake","beschreib_lang":null,"stat_von":45895,"akz":null,"denkmal":"Nein","bez_urpl":null,"Nr_WR":null,"tmp":2147,"id_bw_son_pun":517,"foto1":"https://nlwkn.hannit-share.de/index.php/core/preview?fileId=11065765&x=1280&y=819&a=true","foto2":"https://nlwkn.hannit-share.de/index.php/core/preview?fileId=11065768&x=1280&y=819&a=true","foto3":"https://nlwkn.hannit-share.de/index.php/core/preview?fileId=11065771&x=1280&y=819&a=true","foto4":"https://nlwkn.hannit-share.de/index.php/core/preview?fileId=11065774&x=1280&y=819&a=true","y_coord":"52.68122","x_coord":"7.60421","y_coord_D":52.681220000000003,"x_coord_D":7.6042100000000001}},{"type":"Feature","id":215,"geometry":{"type":"Point","coordinates":[846500.49309999868,6924225.6014000028]},"properties":{"OBJECTID":215,"ID_con":1490,"bw_id":"HAS_SON_45910","name":"Bootsanleger Herzlake","km":"45+910","KTR":null,"FSK":"03323101800001______","upflicht":null,"bauart":"Bootsanleger","baujahr":"1993??","GEW":"HAS","rwert":405644,"hwert":5837710,"link1":null,"link2":null,"bemerk":"Genehmigung vom 05.03.1993","beschreib":"Bootsanleger Herzlake","beschreib_lang":null,"stat_von":45910,"akz":"27014-00-06-07","denkmal":"Nein","bez_urpl":"Bootsanleger Herzlake","Nr_WR":null,"tmp":1490,"id_bw_son_pun":80,"foto1":"https://nlwkn.hannit-share.de/index.php/core/preview?fileId=11065777&x=1280&y=819&a=true","foto2":"https://nlwkn.hannit-share.de/index.php/core/preview?fileId=11065780&x=1280&y=819&a=true","foto3":null,"foto4":null,"y_coord":"52.681095","x_coord":"7.604243","y_coord_D":52.681094999999999,"x_coord_D":7.6042430000000003}},{"type":"Feature","id":216,"geometry":{"type":"Point","coordinates":[846657.64339999855,6923933.1551000029]},"properties":{"OBJECTID":216,"ID_con":1491,"bw_id":"HAS_SON_46110","name":"OW- Entnahme, Hase, A50 sonstige Beregnung oder Berieselung","km":"46+110","KTR":null,"FSK":"03323101800001______","upflicht":"Gemeinde Herzlake","bauart":"Wasserrecht (Entnahme)","baujahr":null,"GEW":"HAS","rwert":405736,"hwert":5837531,"link1":null,"link2":null,"bemerk":"?? Recht abgelaufen, OW-Entn., Gemeinde Herzlake, ","beschreib":"OW- Entnahme, Hase, A50 sonstige Beregnung oder Berieselung","beschreib_lang":null,"stat_von":46110,"akz":"62011-02-06","denkmal":"Nein","bez_urpl":"Wasserrecht (Entnahme)","Nr_WR":"11/4531 (aktiv)","tmp":1491,"id_bw_son_pun":239,"foto1":"https://nlwkn.hannit-share.de/index.php/core/preview?fileId=11065783&x=1280&y=819&a=true","foto2":"https://nlwkn.hannit-share.de/index.php/core/preview?fileId=11065786&x=1280&y=819&a=true","foto3":"https://nlwkn.hannit-share.de/index.php/core/preview?fileId=11065789&x=1280&y=819&a=true","foto4":"https://nlwkn.hannit-share.de/index.php/core/preview?fileId=11065792&x=1280&y=819&a=true","y_coord":"52.679502","x_coord":"7.605655","y_coord_D":52.679501999999999,"x_coord_D":7.6056549999999996}},{"type":"Feature","id":217,"geometry":{"type":"Point","coordinates":[849782.2890000008,6924498.3394000009]},"properties":{"OBJECTID":217,"ID_con":1492,"bw_id":"HAS_SON_48220","name":"OW- Entnahme, Hase, Beregnung (E 8)","km":"48+220","KTR":null,"FSK":"033232005000840011__","upflicht":"Duisen","bauart":"Wasserrecht (Entnahme)","baujahr":null,"GEW":"HAS","rwert":407640,"hwert":5837837,"link1":null,"link2":null,"bemerk":"??Flurstück prüfen, OW-Entnahme E8 (5500 m³/a), er","beschreib":"OW- Entnahme, Hase, Beregnung (E 8)","beschreib_lang":null,"stat_von":48220,"akz":null,"denkmal":"Nein","bez_urpl":"Wasserrecht (Entnahme)","Nr_WR":"100014314","tmp":1492,"id_bw_son_pun":233,"foto1":null,"foto2":null,"foto3":null,"foto4":null,"y_coord":"52.68258","x_coord":"7.633724","y_coord_D":52.682580000000002,"x_coord_D":7.633724}},{"type":"Feature","id":218,"geometry":{"type":"Point","coordinates":[850109.30270000175,6924448.4204000011]},"properties":{"OBJECTID":218,"ID_con":1493,"bw_id":"HAS_SON_48425","name":"Überfahrt (Nördlicher Hahnenmoorschloot)","km":"48+425","KTR":null,"FSK":"033232005000840011__","upflicht":null,"bauart":"Überfahrt","baujahr":null,"GEW":"HAS","rwert":407838,"hwert":5837803,"link1":null,"link2":null,"bemerk":null,"beschreib":"Überfahrt (Nördlicher Hahnenmoorschloot)","beschreib_lang":null,"stat_von":48425,"akz":"62026-07-03-03","denkmal":"Nein","bez_urpl":"Überfahrt linksseitig (Lager Bach)","Nr_WR":null,"tmp":1493,"id_bw_son_pun":81,"foto1":"https://nlwkn.hannit-share.de/index.php/core/preview?fileId=11065798&x=1280&y=819&a=true","foto2":"https://nlwkn.hannit-share.de/index.php/core/preview?fileId=11065801&x=1280&y=819&a=true","foto3":"https://nlwkn.hannit-share.de/index.php/core/preview?fileId=11065804&x=1280&y=819&a=true","foto4":"https://nlwkn.hannit-share.de/index.php/core/preview?fileId=11065807&x=1280&y=819&a=true","y_coord":"52.682308","x_coord":"7.636662","y_coord_D":52.682307999999999,"x_coord_D":7.6366620000000003}},{"type":"Feature","id":219,"geometry":{"type":"Point","coordinates":[850996.03599999845,6924584.061499998]},"properties":{"OBJECTID":219,"ID_con":1496,"bw_id":"HAS_SON_48985","name":"OW- Entnahme, Hase, Beregnung (E 9)","km":"48+985","KTR":null,"FSK":"033232005000840011__","upflicht":"Duisen","bauart":"Wasserrecht (Entnahme)","baujahr":null,"GEW":"HAS","rwert":408378,"hwert":5837875,"link1":null,"link2":null,"bemerk":"??Flurstück prüfen, ??Im Wasserrecht falscher Hoch","beschreib":"OW- Entnahme, Hase, Beregnung (E 9)","beschreib_lang":null,"stat_von":48985,"akz":null,"denkmal":"Nein","bez_urpl":"Wasserrecht (Entnahme)","Nr_WR":"100014314","tmp":1496,"id_bw_son_pun":234,"foto1":"https://nlwkn.hannit-share.de/index.php/core/preview?fileId=11065825&x=1280&y=819&a=true","foto2":"https://nlwkn.hannit-share.de/index.php/core/preview?fileId=11065828&x=1280&y=819&a=true","foto3":null,"foto4":null,"y_coord":"52.683047","x_coord":"7.644627","y_coord_D":52.683047000000002,"x_coord_D":7.6446269999999998}},{"type":"Feature","id":220,"geometry":{"type":"Point","coordinates":[851207.8909999989,6924791.1207000017]},"properties":{"OBJECTID":220,"ID_con":1497,"bw_id":"HAS_SON_49165","name":"Schöpfwerk Graben Einhaus I","km":"49+165","KTR":null,"FSK":"03323101000031______","upflicht":null,"bauart":"Schöpfwerk","baujahr":null,"GEW":"HAS","rwert":408509,"hwert":5837998,"link1":null,"link2":null,"bemerk":null,"beschreib":"Schöpfwerk Graben Einhaus I","beschreib_lang":null,"stat_von":49165,"akz":null,"denkmal":"Nein","bez_urpl":null,"Nr_WR":null,"tmp":1497,"id_bw_son_pun":82,"foto1":null,"foto2":null,"foto3":null,"foto4":null,"y_coord":"52.684175","x_coord":"7.646531","y_coord_D":52.684175000000003,"x_coord_D":7.6465310000000004}},{"type":"Feature","id":221,"geometry":{"type":"Point","coordinates":[851349.73680000007,6924955.5873000026]},"properties":{"OBJECTID":221,"ID_con":1498,"bw_id":"HAS_SON_49300","name":"Totholzeinbau Mündung Hahnenmoorkanal","km":"49+300","KTR":null,"FSK":"033232005000840011__","upflicht":"NLWKN","bauart":"Strukturaufwertung","baujahr":null,"GEW":"HAS","rwert":408597,"hwert":5838096,"link1":null,"link2":null,"bemerk":null,"beschreib":"Totholzeinbau Mündung Hahnenmoorkanal","beschreib_lang":"Totholzeinbau Mündung Hahnenmoorkanal","stat_von":49300,"akz":null,"denkmal":"Nein","bez_urpl":"Totholzeinbau Mündung Hahnenmoorkanal","Nr_WR":null,"tmp":1498,"id_bw_son_pun":293,"foto1":"https://nlwkn.hannit-share.de/index.php/core/preview?fileId=11065834&x=1280&y=819&a=true","foto2":null,"foto3":null,"foto4":null,"y_coord":"52.68507","x_coord":"7.647805","y_coord_D":52.685070000000003,"x_coord_D":7.647805}},{"type":"Feature","id":222,"geometry":{"type":"Point","coordinates":[851469.59870000184,6925151.0108999982]},"properties":{"OBJECTID":222,"ID_con":1499,"bw_id":"HAS_SON_49435","name":"OW- Entnahme, Hase, Beregnung (E 12)","km":"49+435","KTR":null,"FSK":"033232005000840011__","upflicht":"Duisen","bauart":"Wasserrecht (Entnahme)","baujahr":null,"GEW":"HAS","rwert":408672,"hwert":5838213,"link1":null,"link2":null,"bemerk":"OW-Entnahme E12 (4725 m³/a), erteilt am 20.02.2012","beschreib":"OW- Entnahme, Hase, Beregnung (E 12)","beschreib_lang":null,"stat_von":49435,"akz":null,"denkmal":"Nein","bez_urpl":"Wasserrecht (Entnahme)","Nr_WR":"100014314","tmp":1499,"id_bw_son_pun":237,"foto1":null,"foto2":null,"foto3":null,"foto4":null,"y_coord":"52.686134","x_coord":"7.648882","y_coord_D":52.686134000000003,"x_coord_D":7.6488820000000004}},{"type":"Feature","id":223,"geometry":{"type":"Point","coordinates":[851397.04740000144,6925595.4377999976]},"properties":{"OBJECTID":223,"ID_con":1500,"bw_id":"HAS_SON_49710","name":"OW- Entnahme, Hase, Beregnung (E 11)","km":"49+710","KTR":null,"FSK":"033232005000840011__","upflicht":"Duisen","bauart":"Wasserrecht (Entnahme)","baujahr":null,"GEW":"HAS","rwert":408633,"hwert":5838483,"link1":null,"link2":null,"bemerk":"OW-Entnahme E11 (4725 m³/a), erteilt am 20.02.2012","beschreib":"OW- Entnahme, Hase, Beregnung (E 11)","beschreib_lang":null,"stat_von":49710,"akz":null,"denkmal":"Nein","bez_urpl":"Wasserrecht (Entnahme)","Nr_WR":"100014314","tmp":1500,"id_bw_son_pun":236,"foto1":null,"foto2":null,"foto3":null,"foto4":null,"y_coord":"52.688554","x_coord":"7.64823","y_coord_D":52.688554000000003,"x_coord_D":7.6482299999999999}},{"type":"Feature","id":224,"geometry":{"type":"Point","coordinates":[851230.18290000036,6924656.1629000008]},"properties":{"OBJECTID":224,"ID_con":1501,"bw_id":"HAS_SON_50235","name":"OW- Entnahme, Hase, Beregnung (E 10)","km":"50+235","KTR":null,"FSK":"033232004002870025__","upflicht":"Duisen","bauart":"Wasserrecht (Entnahme)","baujahr":null,"GEW":"HAS","rwert":408521,"hwert":5837916,"link1":null,"link2":null,"bemerk":"??Flurstück prüfen, OW-Entnahme E10 (4725 m³/a), e","beschreib":"OW- Entnahme, Hase, Beregnung (E 10)","beschreib_lang":null,"stat_von":50235,"akz":null,"denkmal":"Nein","bez_urpl":"Wasserrecht (Entnahme)","Nr_WR":"100014314","tmp":1501,"id_bw_son_pun":235,"foto1":null,"foto2":null,"foto3":null,"foto4":null,"y_coord":"52.68344","x_coord":"7.646731","y_coord_D":52.683439999999997,"x_coord_D":7.6467309999999999}},{"type":"Feature","id":225,"geometry":{"type":"Point","coordinates":[851369.26680000126,6926815.189000003]},"properties":{"OBJECTID":225,"ID_con":1502,"bw_id":"HAS_SON_50495","name":"OW- Entnahme, Hase, Beregnung (E 13)","km":"50+495","KTR":null,"FSK":"033232004002870025__","upflicht":"Duisen","bauart":"Wasserrecht (Entnahme)","baujahr":null,"GEW":"HAS","rwert":408630,"hwert":5839222,"link1":null,"link2":null,"bemerk":"OW-Entnahme E13 (4725 m³/a), erteilt am 20.02.2012","beschreib":"OW- Entnahme, Hase, Beregnung (E 13)","beschreib_lang":null,"stat_von":50495,"akz":null,"denkmal":"Nein","bez_urpl":"Wasserrecht (Entnahme)","Nr_WR":"100014314","tmp":1502,"id_bw_son_pun":238,"foto1":null,"foto2":null,"foto3":null,"foto4":null,"y_coord":"52.695196","x_coord":"7.64798","y_coord_D":52.695196000000003,"x_coord_D":7.6479799999999996}},{"type":"Feature","id":226,"geometry":{"type":"Point","coordinates":[851419.34369999915,6927044.0241999999]},"properties":{"OBJECTID":226,"ID_con":1503,"bw_id":"HAS_SON_50640","name":"OW- Entnahme, Hase, Beregnung (A-001)","km":"50+640","KTR":null,"FSK":"033232004001480011__","upflicht":"Pott","bauart":"Wasserrecht (Entnahme)","baujahr":null,"GEW":"HAS","rwert":408663,"hwert":5839360,"link1":null,"link2":null,"bemerk":null,"beschreib":"OW- Entnahme, Hase, Beregnung (A-001)","beschreib_lang":null,"stat_von":50640,"akz":null,"denkmal":"Nein","bez_urpl":"Wasserrecht (Entnahme) Rechts","Nr_WR":"100014834","tmp":1503,"id_bw_son_pun":229,"foto1":null,"foto2":null,"foto3":null,"foto4":null,"y_coord":"52.696442","x_coord":"7.64843","y_coord_D":52.696441999999998,"x_coord_D":7.6484300000000003}},{"type":"Feature","id":227,"geometry":{"type":"Point","coordinates":[852231.74949999899,6927472.1338]},"properties":{"OBJECTID":227,"ID_con":1504,"bw_id":"HAS_SON_51220","name":"Bootsrampe (Pflaster)  (Slipanlage)","km":"51+220","KTR":"MAAHA00100","FSK":"033232004002870025__","upflicht":"NLWKN","bauart":"Bootsrampe","baujahr":null,"GEW":"HAS","rwert":409161,"hwert":5839610,"link1":null,"link2":null,"bemerk":null,"beschreib":"Bootsrampe (Böschungspflaster)","beschreib_lang":"Bootsrampe (Böschungspflaster)","stat_von":51220,"akz":null,"denkmal":"Nein","bez_urpl":"Bootsrampe (Böschungspflaster) links","Nr_WR":null,"tmp":1504,"id_bw_son_pun":317,"foto1":"https://nlwkn.hannit-share.de/index.php/core/preview?fileId=11065882&x=1280&y=819&a=true","foto2":null,"foto3":null,"foto4":null,"y_coord":"52.698772","x_coord":"7.655728","y_coord_D":52.698771999999998,"x_coord_D":7.6557279999999999}},{"type":"Feature","id":228,"geometry":{"type":"Point","coordinates":[852400.16690000147,6927628.8752999976]},"properties":{"OBJECTID":228,"ID_con":1505,"bw_id":"HAS_SON_51350","name":"Schöpfwerk Westrumer Poldergraben","km":"51+350","KTR":null,"FSK":"033232003000450004__","upflicht":null,"bauart":"Schöpfwerk","baujahr":null,"GEW":"HAS","rwert":409265,"hwert":5839703,"link1":null,"link2":null,"bemerk":null,"beschreib":"Schöpfwerk Westrumer Poldergraben","beschreib_lang":null,"stat_von":51350,"akz":null,"denkmal":"Nein","bez_urpl":"Schöpfwerk Westrumer Poldergraben links","Nr_WR":null,"tmp":1505,"id_bw_son_pun":83,"foto1":"https://nlwkn.hannit-share.de/index.php/core/preview?fileId=11065885&x=1280&y=819&a=true","foto2":"https://nlwkn.hannit-share.de/index.php/core/preview?fileId=11065888&x=1280&y=819&a=true","foto3":"https://nlwkn.hannit-share.de/index.php/core/preview?fileId=11065891&x=1280&y=819&a=true","foto4":"https://nlwkn.hannit-share.de/index.php/core/preview?fileId=11065894&x=1280&y=819&a=true","y_coord":"52.699625","x_coord":"7.657241","y_coord_D":52.699624999999997,"x_coord_D":7.657241}},{"type":"Feature","id":229,"geometry":{"type":"Point","coordinates":[853830.89130000025,6928215.382600002]},"properties":{"OBJECTID":229,"ID_con":1506,"bw_id":"HAS_SON_52450","name":"Pegel Westrum","km":"52+450","KTR":null,"FSK":"033234057001640013__","upflicht":"NLWKN, GB 3","bauart":"Pegel","baujahr":null,"GEW":"HAS","rwert":410140,"hwert":5840042,"link1":null,"link2":null,"bemerk":null,"beschreib":"Pegel Westrum","beschreib_lang":null,"stat_von":52450,"akz":null,"denkmal":"Nein","bez_urpl":"Pegel Westrum rechts","Nr_WR":null,"tmp":1506,"id_bw_son_pun":84,"foto1":"https://nlwkn.hannit-share.de/index.php/core/preview?fileId=11065897&x=1280&y=819&a=true","foto2":"https://nlwkn.hannit-share.de/index.php/core/preview?fileId=11065900&x=1280&y=819&a=true","foto3":null,"foto4":null,"y_coord":"52.702818","x_coord":"7.670093","y_coord_D":52.702818000000001,"x_coord_D":7.6700929999999996}},{"type":"Feature","id":230,"geometry":{"type":"Point","coordinates":[806805.31969999894,6943932.3950000033]},"properties":{"OBJECTID":230,"ID_con":1538,"bw_id":"HRK_SON_5","name":"aufgebockter Schlepper August","km":"0+005","KTR":null,"FSK":"033103003002660001__","upflicht":"Stadt Haren","bauart":"Schlepper August","baujahr":"2020","GEW":"HRK","rwert":381830,"hwert":5850159,"link1":null,"link2":null,"bemerk":null,"beschreib":"aufgebockter Schlepper August vor der Schleuse I rechtsseitig","beschreib_lang":"Der Dampfschlepper AUGUST wurde 1910 auf der Werft Wiemann in Berlin-Brandenburg gebaut. Es hat eine Länge von 23,83 m, eine Breite von 5,23 m und einen Tiefgang von 1,80 m. Im Jahre 1910 erwarb Otto Schöning den Schlepper von der Firma Lenkering aus Emden. Im Krieg wurde das Fahrzeug schwer beschädigt und erst 1948 wieder in Dienst gestellt. Im Jahre 1961 wurde die Dampfmaschine durch einen Dieselmotor mit 375 PS ersetzt. Seit 1980 gehört es zum Ensemble des Schifffahrtsmuseums.","stat_von":5,"akz":null,"denkmal":"Nein","bez_urpl":null,"Nr_WR":null,"tmp":1538,"id_bw_son_pun":380,"foto1":"https://nlwkn.hannit-share.de/index.php/core/preview?fileId=11063248&x=1280&y=819&a=true","foto2":"https://nlwkn.hannit-share.de/index.php/core/preview?fileId=11063251&x=1280&y=819&a=true","foto3":"https://nlwkn.hannit-share.de/index.php/core/preview?fileId=11063254&x=1280&y=819&a=true","foto4":"https://nlwkn.hannit-share.de/index.php/core/preview?fileId=11063257&x=1280&y=819&a=true","y_coord":"52.788287","x_coord":"7.247655","y_coord_D":52.788286999999997,"x_coord_D":7.247655}},{"type":"Feature","id":231,"geometry":{"type":"Point","coordinates":[806798.19739999995,6943953.7356000021]},"properties":{"OBJECTID":231,"ID_con":1515,"bw_id":"HRK_SON_10","name":"Bootsanleger 1 uh Schleuse I","km":"0+010","KTR":"MBLEN20200","FSK":"033103003002700004__","upflicht":"NLWKN","bauart":"Bootsanleger","baujahr":null,"GEW":"HRK","rwert":381826,"hwert":5850172,"link1":null,"link2":null,"bemerk":null,"beschreib":"Bootsanleger 1 uh Schleuse I","beschreib_lang":"Bootsanleger 1 uh Schleuse I","stat_von":10,"akz":null,"denkmal":"Nein","bez_urpl":"Bootsanleger 1 uh Schleuse I (rechts)","Nr_WR":null,"tmp":1515,"id_bw_son_pun":167,"foto1":"https://nlwkn.hannit-share.de/index.php/core/preview?fileId=11062933&x=1280&y=819&a=true","foto2":"https://nlwkn.hannit-share.de/index.php/core/preview?fileId=11062936&x=1280&y=819&a=true","foto3":"https://nlwkn.hannit-share.de/index.php/core/preview?fileId=11062939&x=1280&y=819&a=true","foto4":"https://nlwkn.hannit-share.de/index.php/core/preview?fileId=11062942&x=1280&y=819&a=true","y_coord":"52.788403","x_coord":"7.247592","y_coord_D":52.788403000000002,"x_coord_D":7.247592}},{"type":"Feature","id":232,"geometry":{"type":"Point","coordinates":[806785.68299999833,6943993.1493000016]},"properties":{"OBJECTID":232,"ID_con":1527,"bw_id":"HRK_SON_15","name":"Bootsanleger Amisia","km":"0+015","KTR":null,"FSK":"033103003002700004__","upflicht":"Stadt Haren","bauart":"Bootsanleger","baujahr":"1976","GEW":"HRK","rwert":381819,"hwert":5850196,"link1":null,"link2":null,"bemerk":null,"beschreib":"Bootsanleger Amisia","beschreib_lang":null,"stat_von":15,"akz":null,"denkmal":"Nein","bez_urpl":"Bootsanleger Amisia links","Nr_WR":null,"tmp":1527,"id_bw_son_pun":168,"foto1":"https://nlwkn.hannit-share.de/index.php/core/preview?fileId=11063086&x=1280&y=819&a=true","foto2":"https://nlwkn.hannit-share.de/index.php/core/preview?fileId=11063089&x=1280&y=819&a=true","foto3":"https://nlwkn.hannit-share.de/index.php/core/preview?fileId=11063092&x=1280&y=819&a=true","foto4":"https://nlwkn.hannit-share.de/index.php/core/preview?fileId=11063095&x=1280&y=819&a=true","y_coord":"52.788617","x_coord":"7.247479","y_coord_D":52.788617000000002,"x_coord_D":7.2474790000000002}},{"type":"Feature","id":233,"geometry":{"type":"Point","coordinates":[806788.37829999998,6943950.185800001]},"properties":{"OBJECTID":233,"ID_con":1533,"bw_id":"HRK_SON_25","name":"Bootsanleger 2 uh Schleuse I","km":"0+025","KTR":null,"FSK":"033103003002700004__","upflicht":"??","bauart":"Bootsanleger","baujahr":null,"GEW":"HRK","rwert":381820,"hwert":5850170,"link1":null,"link2":null,"bemerk":null,"beschreib":"Bootsanleger 2 uh Schleuse I","beschreib_lang":null,"stat_von":25,"akz":null,"denkmal":"Nein","bez_urpl":"Bootsanleger 2 uh Schleuse I","Nr_WR":null,"tmp":1533,"id_bw_son_pun":362,"foto1":"https://nlwkn.hannit-share.de/index.php/core/preview?fileId=11063164&x=1280&y=819&a=true","foto2":"https://nlwkn.hannit-share.de/index.php/core/preview?fileId=11063167&x=1280&y=819&a=true","foto3":"https://nlwkn.hannit-share.de/index.php/core/preview?fileId=11063170&x=1280&y=819&a=true","foto4":"https://nlwkn.hannit-share.de/index.php/core/preview?fileId=11063173&x=1280&y=819&a=true","y_coord":"52.788384","x_coord":"7.247503","y_coord_D":52.788384000000001,"x_coord_D":7.247503}},{"type":"Feature","id":234,"geometry":{"type":"Point","coordinates":[806750.75180000067,6943936.0269000009]},"properties":{"OBJECTID":234,"ID_con":1537,"bw_id":"HRK_SON_45","name":"Infotafel Schleuse I","km":"0+045","KTR":null,"FSK":"03310304600142______","upflicht":"NLWKN","bauart":"Infotafel","baujahr":"2005","GEW":"HRK","rwert":381797,"hwert":5850162,"link1":null,"link2":null,"bemerk":null,"beschreib":"Infotafel Schleuse I","beschreib_lang":null,"stat_von":45,"akz":"02055-Veranstaltungen und Informationen-862/2022","denkmal":"Nein","bez_urpl":null,"Nr_WR":null,"tmp":1537,"id_bw_son_pun":361,"foto1":"https://nlwkn.hannit-share.de/index.php/core/preview?fileId=11063242&x=1280&y=819&a=true","foto2":null,"foto3":null,"foto4":null,"y_coord":"52.788307","x_coord":"7.247165","y_coord_D":52.788307000000003,"x_coord_D":7.2471649999999999}},{"type":"Feature","id":235,"geometry":{"type":"Point","coordinates":[806725.9226000011,6943938.7300999984]},"properties":{"OBJECTID":235,"ID_con":1539,"bw_id":"HRK_SON_60","name":"Betriebsgebäude (Schleusenwärterhaus)","km":"0+060","KTR":"MBLEN20200","FSK":"033103003002690002__","upflicht":"NLWKN","bauart":"Betriebsgebäude","baujahr":"1988","GEW":"HRK","rwert":381782,"hwert":5850164,"link1":null,"link2":null,"bemerk":null,"beschreib":"Betriebsgebäude (Schleusenwärterhaus)","beschreib_lang":"Betriebsgebäude (Schleusenwärterhaus)","stat_von":60,"akz":"62026-Haren-Rütenbrock-Kanal (HRK) Schleuse I 0+060 km-3853/2023","denkmal":"Nein","bez_urpl":"Schleusenwärterhaus Schleuse I","Nr_WR":null,"tmp":1539,"id_bw_son_pun":169,"foto1":"https://nlwkn.hannit-share.de/index.php/core/preview?fileId=11063260&x=1280&y=819&a=true","foto2":"https://nlwkn.hannit-share.de/index.php/core/preview?fileId=11063263&x=1280&y=819&a=true","foto3":"https://nlwkn.hannit-share.de/index.php/core/preview?fileId=11063266&x=1280&y=819&a=true","foto4":"https://nlwkn.hannit-share.de/index.php/core/preview?fileId=11063269&x=1280&y=819&a=true","y_coord":"52.788322","x_coord":"7.246942","y_coord_D":52.788322000000001,"x_coord_D":7.2469419999999998}},{"type":"Feature","id":236,"geometry":{"type":"Point","coordinates":[806642.50109999999,6943906.9019000009]},"properties":{"OBJECTID":236,"ID_con":1519,"bw_id":"HRK_SON_115","name":"Bootssteg oberhalb Schleuse I Rechts","km":"0+115","KTR":"MDDEN20200","FSK":"033103003002700004__","upflicht":"NLWKN","bauart":"Bootssteg","baujahr":null,"GEW":"HRK","rwert":381731,"hwert":5850146,"link1":null,"link2":null,"bemerk":null,"beschreib":"Bootssteg oh Schleuse I Rechts","beschreib_lang":"Bootssteg oh Schleuse I Rechts","stat_von":115,"akz":null,"denkmal":"Nein","bez_urpl":"Bootssteg oh Schleuse I Rechts","Nr_WR":null,"tmp":1519,"id_bw_son_pun":360,"foto1":"https://nlwkn.hannit-share.de/index.php/core/preview?fileId=11062993&x=1280&y=819&a=true","foto2":"https://nlwkn.hannit-share.de/index.php/core/preview?fileId=11062996&x=1280&y=819&a=true","foto3":"https://nlwkn.hannit-share.de/index.php/core/preview?fileId=11062999&x=1280&y=819&a=true","foto4":"https://nlwkn.hannit-share.de/index.php/core/preview?fileId=11063002&x=1280&y=819&a=true","y_coord":"52.788149","x_coord":"7.246193","y_coord_D":52.788148999999997,"x_coord_D":7.2461929999999999}},{"type":"Feature","id":237,"geometry":{"type":"Point","coordinates":[806582.37990000099,6943935.2214000002]},"properties":{"OBJECTID":237,"ID_con":1526,"bw_id":"HRK_SON_145","name":"Bootssteg 1 oh Schleuse I","km":"0+145","KTR":null,"FSK":"033103003002700004__","upflicht":"Schifffahrtsmuseum Haren","bauart":"Bootsanleger","baujahr":null,"GEW":"HRK","rwert":381695,"hwert":5850164,"link1":null,"link2":null,"bemerk":null,"beschreib":"Bootssteg oh Schleuse I (Schiffahrtsmuseum) für Museumsschiff 'Haren'. Das Streckenboot HAREN wurde im Jahre 1953 auf der Kriegerwerft in Berlin für das WSA Meppen gebaut. Es hat eine Länge von 14,71 m, eine Breite von 3,04 m und einen Tiefgang von 0,85m","beschreib_lang":"Das Streckenboot HAREN wurde im Jahre 1953 auf der Kriegerwerft in Berlin für das WSA Meppen gebaut. Es hat eine Länge von 14,71 m, eine Breite von 3,04 m und einen Tiefgang von 0,85m.Die Maschine leistet 95 PS.\n2003 konnte das Schifffahrtsmuseum die HAREN vom WSA erwerben. Es wird für Emstouren mit bis zu 10 Personen und im Rahmen des Püntkerpatentes eingesetzt","stat_von":145,"akz":"27014-Stadt Haren-475/2022","denkmal":"Nein","bez_urpl":"Bootssteg oh Schleuse I (Schiffahrtsmuseum)","Nr_WR":null,"tmp":1526,"id_bw_son_pun":170,"foto1":"https://nlwkn.hannit-share.de/index.php/core/preview?fileId=11063077&x=1280&y=819&a=true","foto2":"https://nlwkn.hannit-share.de/index.php/core/preview?fileId=11063080&x=1280&y=819&a=true","foto3":"https://nlwkn.hannit-share.de/index.php/core/preview?fileId=11063083&x=1280&y=819&a=true","foto4":null,"y_coord":"52.788303","x_coord":"7.245653","y_coord_D":52.788302999999999,"x_coord_D":7.2456529999999999}},{"type":"Feature","id":238,"geometry":{"type":"Point","coordinates":[806532.96290000156,6943930.7028999999]},"properties":{"OBJECTID":238,"ID_con":1528,"bw_id":"HRK_SON_175","name":"Bootssteg 2 oberhalb Schleuse I","km":"0+175","KTR":null,"FSK":"033103003002700004__","upflicht":"Schifffahrtsmuseum Haren","bauart":"Bootsanleger","baujahr":null,"GEW":"HRK","rwert":381665,"hwert":5850162,"link1":null,"link2":null,"bemerk":null,"beschreib":"Bootssteg oh Schleuse I (Schiffahrtsmuseum) links für Bereisungsboot 'Meppen'. Das Bereisungsboot MEPPEN wurde 1933 auf der Werft Ewald Berninghaus in Köln-Deutz gebaut. Es hat eine Länge von 21,23 m, eine Breite von4,23 m und einen Tiefgang von 0,90 m.","beschreib_lang":"Das Bereisungsboot MEPPEN wurde 1933 auf der Werft Ewald Berninghaus in Köln-Deutz gebaut. Es hat eine Länge von 21,23 m, eine Breite von4,23 m und einen Tiefgang von 0,90 m. Ausgerüstet ist die MEPPEN mit zwei Maschinen von jeweils 80 PS. Das Boot wurde insbesondere vom WSA für Inspektionsreisen auf der Ems eingesetzt. Es ist zugelassen für 24 Personen und wurde dem Schifffahrtsmuseum im Jahre 2011 vom WSA überlassen. Seit 2012 wird die MEPPEN als Attraktion für Fahrten auf der Ems im Rahmen des Püntkerpatentes eingesetzt.","stat_von":175,"akz":"27014-Stadt Haren-475/2022","denkmal":"Nein","bez_urpl":"Bootssteg oh Schleuse I (Schiffahrtsmuseum) links","Nr_WR":null,"tmp":1528,"id_bw_son_pun":171,"foto1":"https://nlwkn.hannit-share.de/index.php/core/preview?fileId=11063107&x=1280&y=819&a=true","foto2":"https://nlwkn.hannit-share.de/index.php/core/preview?fileId=11063110&x=1280&y=819&a=true","foto3":"https://nlwkn.hannit-share.de/index.php/core/preview?fileId=11063113&x=1280&y=819&a=true","foto4":"https://nlwkn.hannit-share.de/index.php/core/preview?fileId=11063116&x=1280&y=819&a=true","y_coord":"52.788278","x_coord":"7.245209","y_coord_D":52.788277999999998,"x_coord_D":7.245209}},{"type":"Feature","id":239,"geometry":{"type":"Point","coordinates":[806501.73539999872,6943924.9741000012]},"properties":{"OBJECTID":239,"ID_con":1529,"bw_id":"HRK_SON_195","name":"Bootssteg 3 oberhalb Schleuse I (Dampfschlepper August)","km":"0+195","KTR":null,"FSK":"033103003002700004__","upflicht":"Schifffahrtsmuseum Haren","bauart":"Bootsanleger","baujahr":null,"GEW":"HRK","rwert":381646,"hwert":5850159,"link1":null,"link2":null,"bemerk":null,"beschreib":"Bootssteg oh Schleuse I (Schiffahrtsmuseum) links für Dampfschlepper August","beschreib_lang":"Der Dampfschlepper August wurde 2022 auf einen neuen festen landseitigen Stellplatz uh. der Schleuse I gestellt.\nDer Dampfschlepper AUGUST wurde 1910 auf der Werft Wiemann in Berlin-Brandenburg gebaut. Es hat eine Länge von 23,83 m, eine Breite von 5,23 m und einen Tiefgang von 1,80 m. Im Jahre 1910 erwarb Otto Schöning den Schlepper von der Firma Lenkering aus Emden. Im Krieg wurde das Fahrzeug schwer beschädigt und erst 1948 wieder in Dienst gestellt. Im Jahre 1961 wurde die Dampfmaschine durch einen Dieselmotor mit 375 PS ersetzt. Seit 1980 gehört es zum Ensemble des Schifffahrtsmuseums.","stat_von":195,"akz":"27014-Stadt Haren-475/2022","denkmal":"Nein","bez_urpl":"Bootssteg oh Schleuse I (Schiffahrtsmuseum) links","Nr_WR":null,"tmp":1529,"id_bw_son_pun":172,"foto1":"https://nlwkn.hannit-share.de/index.php/core/preview?fileId=11063137&x=1280&y=819&a=true","foto2":"https://nlwkn.hannit-share.de/index.php/core/preview?fileId=11063140&x=1280&y=819&a=true","foto3":"https://nlwkn.hannit-share.de/index.php/core/preview?fileId=11063143&x=1280&y=819&a=true","foto4":null,"y_coord":"52.788247","x_coord":"7.244928","y_coord_D":52.788246999999998,"x_coord_D":7.2449279999999998}},{"type":"Feature","id":240,"geometry":{"type":"Point","coordinates":[773496.28510000184,6904227.1662999988]},"properties":{"OBJECTID":240,"ID_con":1753,"bw_id":"VEC_SON_92760","name":"Zeltplatz (Pension Weuste)","km":"92+760","KTR":null,"FSK":"033125002001520010__","upflicht":null,"bauart":"Zeltplatz","baujahr":null,"GEW":"VEC","rwert":360969,"hwert":5826643,"link1":null,"link2":null,"bemerk":null,"beschreib":"Zeltplatz (Pension Weuste)","beschreib_lang":null,"stat_von":92760,"akz":null,"denkmal":"Nein","bez_urpl":"Zeltplatz (Pension Weuste)","Nr_WR":null,"tmp":1753,"id_bw_son_pun":152,"foto1":"https://nlwkn.hannit-share.de/index.php/core/preview?fileId=11057669&x=1280&y=819&a=true","foto2":null,"foto3":null,"foto4":null,"y_coord":"52.572047","x_coord":"6.948435","y_coord_D":52.572046999999998,"x_coord_D":6.9484349999999999}},{"type":"Feature","id":241,"geometry":{"type":"Point","coordinates":[773536.41209999844,6902291.7622999996]},"properties":{"OBJECTID":241,"ID_con":1754,"bw_id":"VEC_SON_94025","name":"Bootsanleger UW Vechtewehr Tinholt","km":"94+025","KTR":null,"FSK":"03312602600039______","upflicht":"Samtgemeinde Emlichheim","bauart":"Bootsanleger","baujahr":"2015","GEW":"VEC","rwert":360960,"hwert":5825467,"link1":null,"link2":null,"bemerk":"!!Vertrag!! !!Akz!!","beschreib":"Insgesamt sechs Bootsanleger hat die Samtgemeinde Emlichheim errichtet","beschreib_lang":null,"stat_von":94025,"akz":null,"denkmal":"Nein","bez_urpl":null,"Nr_WR":null,"tmp":1754,"id_bw_son_pun":377,"foto1":"https://nlwkn.hannit-share.de/index.php/core/preview?fileId=11057672&x=1280&y=819&a=true","foto2":null,"foto3":null,"foto4":null,"y_coord":"52.561479","x_coord":"6.948796","y_coord_D":52.561478999999999,"x_coord_D":6.9487959999999998}},{"type":"Feature","id":242,"geometry":{"type":"Point","coordinates":[773551.83540000021,6902269.1507000029]},"properties":{"OBJECTID":242,"ID_con":1755,"bw_id":"VEC_SON_94040","name":"Böschungstreppe (Pegel UW) Wehr Tinholt","km":"94+040","KTR":null,"FSK":"03312602600039______","upflicht":"NLWKN","bauart":"Böschungstreppe","baujahr":null,"GEW":"VEC","rwert":360969,"hwert":5825453,"link1":null,"link2":null,"bemerk":null,"beschreib":"Böschungstreppe (Pegel UW) Wehr Tinholt","beschreib_lang":null,"stat_von":94040,"akz":"62026-Vechtewehr Tinholt-450/2022","denkmal":"Nein","bez_urpl":"Böschungstreppe (Pegel UW) Wehr Tinholt","Nr_WR":null,"tmp":1755,"id_bw_son_pun":376,"foto1":"https://nlwkn.hannit-share.de/index.php/core/preview?fileId=11057675&x=1280&y=819&a=true","foto2":"https://nlwkn.hannit-share.de/index.php/core/preview?fileId=11057678&x=1280&y=819&a=true","foto3":"https://nlwkn.hannit-share.de/index.php/core/preview?fileId=11057663&x=1280&y=819&a=true","foto4":"https://nlwkn.hannit-share.de/index.php/core/preview?fileId=11057684&x=1280&y=819&a=true","y_coord":"52.561355","x_coord":"6.948934","y_coord_D":52.561354999999999,"x_coord_D":6.9489340000000004}},{"type":"Feature","id":243,"geometry":{"type":"Point","coordinates":[773522.89460000023,6902189.2929000035]},"properties":{"OBJECTID":243,"ID_con":1756,"bw_id":"VEC_SON_94090","name":"Betriebsgebäude (Steuerung Wehr Tinholt)","km":"94+090","KTR":null,"FSK":"03312602600039______","upflicht":"NLWKN","bauart":"Betriebsgebäude","baujahr":"1965","GEW":"VEC","rwert":360950,"hwert":5825405,"link1":null,"link2":null,"bemerk":null,"beschreib":"Betriebsgebäude Wehrhaus Tinholt (incl. Steuerung und Hydraulik)","beschreib_lang":"Betriebsgebäude Wehrhaus Tinholt (incl. Steuerung und Hydraulik)","stat_von":94090,"akz":"62026-Vechtewehr Tinholt-450/2022","denkmal":"Nein","bez_urpl":"Betriebsgebäude (Steuerung Wehr Tinholt)","Nr_WR":null,"tmp":1756,"id_bw_son_pun":284,"foto1":"https://nlwkn.hannit-share.de/index.php/core/preview?fileId=11057693&x=1280&y=819&a=true","foto2":"https://nlwkn.hannit-share.de/index.php/core/preview?fileId=11057696&x=1280&y=819&a=true","foto3":"https://nlwkn.hannit-share.de/index.php/core/preview?fileId=11057681&x=1280&y=819&a=true","foto4":"https://nlwkn.hannit-share.de/index.php/core/preview?fileId=11057702&x=1280&y=819&a=true","y_coord":"52.560919","x_coord":"6.948674","y_coord_D":52.560918999999998,"x_coord_D":6.9486739999999996}},{"type":"Feature","id":244,"geometry":{"type":"Point","coordinates":[773557.02299999818,6902144.1638000011]},"properties":{"OBJECTID":244,"ID_con":1757,"bw_id":"VEC_SON_94120","name":"Böschungstreppe OW mit Schrägpegel Vechtewehr Tinholt","km":"94+120","KTR":null,"FSK":"03312602600040______","upflicht":"??","bauart":"Böschungstreppe","baujahr":null,"GEW":"VEC","rwert":360970,"hwert":5825377,"link1":null,"link2":null,"bemerk":null,"beschreib":"Böschungstreppe im Oberwasser mit Schrägpegel Vechtewehr Tinholt","beschreib_lang":null,"stat_von":94120,"akz":"62026-Vechtewehr Tinholt-450/2022","denkmal":"Nein","bez_urpl":"Böschungstreppe mit Schrägpegel","Nr_WR":null,"tmp":1757,"id_bw_son_pun":379,"foto1":"https://nlwkn.hannit-share.de/index.php/core/preview?fileId=11057705&x=1280&y=819&a=true","foto2":"https://nlwkn.hannit-share.de/index.php/core/preview?fileId=11057708&x=1280&y=819&a=true","foto3":"https://nlwkn.hannit-share.de/index.php/core/preview?fileId=11057699&x=1280&y=819&a=true","foto4":null,"y_coord":"52.560673","x_coord":"6.948981","y_coord_D":52.560673000000001,"x_coord_D":6.9489809999999999}},{"type":"Feature","id":245,"geometry":{"type":"Point","coordinates":[773559.44949999824,6902058.6155000031]},"properties":{"OBJECTID":245,"ID_con":1758,"bw_id":"VEC_SON_94170","name":"Bootsanleger OW Vechtewehr Tinholt","km":"94+170","KTR":null,"FSK":"03312602600040______","upflicht":"Samtgemeinde Emlichheim","bauart":"Bootsanleger","baujahr":null,"GEW":"VEC","rwert":360970,"hwert":5825325,"link1":null,"link2":null,"bemerk":"!!Vertrag!! !!akz!!","beschreib":"Insgesamt sechs Bootsanleger hat die Samtgemeinde Emlichheim errichtet","beschreib_lang":null,"stat_von":94170,"akz":null,"denkmal":"Nein","bez_urpl":null,"Nr_WR":null,"tmp":1758,"id_bw_son_pun":378,"foto1":"https://nlwkn.hannit-share.de/index.php/core/preview?fileId=11057714&x=1280&y=819&a=true","foto2":null,"foto3":null,"foto4":null,"y_coord":"52.560206","x_coord":"6.949003","y_coord_D":52.560206000000001,"x_coord_D":6.9490030000000003}},{"type":"Feature","id":246,"geometry":{"type":"Point","coordinates":[774063.07669999823,6897959.444600001]},"properties":{"OBJECTID":246,"ID_con":1759,"bw_id":"VEC_SON_94720","name":"Sportplatz (SV Esche)","km":"94+720","KTR":null,"FSK":"033146008000620003__","upflicht":null,"bauart":"Sportplatz","baujahr":null,"GEW":"VEC","rwert":361206,"hwert":5822826,"link1":null,"link2":null,"bemerk":null,"beschreib":"Sportplatz (SV Esche)","beschreib_lang":null,"stat_von":94720,"akz":null,"denkmal":"Nein","bez_urpl":null,"Nr_WR":null,"tmp":1759,"id_bw_son_pun":153,"foto1":"https://nlwkn.hannit-share.de/index.php/core/preview?fileId=11057717&x=1280&y=819&a=true","foto2":"https://nlwkn.hannit-share.de/index.php/core/preview?fileId=11057720&x=1280&y=819&a=true","foto3":"https://nlwkn.hannit-share.de/index.php/core/preview?fileId=11057711&x=1280&y=819&a=true","foto4":"https://nlwkn.hannit-share.de/index.php/core/preview?fileId=11057726&x=1280&y=819&a=true","y_coord":"52.537814","x_coord":"6.953527","y_coord_D":52.537813999999997,"x_coord_D":6.9535270000000002}},{"type":"Feature","id":247,"geometry":{"type":"Point","coordinates":[773834.24130000174,6900881.0644999966]},"properties":{"OBJECTID":247,"ID_con":2218,"bw_id":"VEC_SON_94940","name":"Böschungstreppe (Privat)  (Holz)","km":"94+940","KTR":null,"FSK":"03314600100285______","upflicht":"Eigentümer","bauart":"Böschungstreppe","baujahr":null,"GEW":"VEC","rwert":361117,"hwert":5824605,"link1":null,"link2":null,"bemerk":null,"beschreib":"Böschungstreppe (Privat)  (Holz)","beschreib_lang":null,"stat_von":94940,"akz":null,"denkmal":"Nein","bez_urpl":null,"Nr_WR":null,"tmp":2218,"id_bw_son_pun":544,"foto1":"https://nlwkn.hannit-share.de/index.php/core/preview?fileId=11057729&x=1280&y=819&a=true","foto2":null,"foto3":null,"foto4":null,"y_coord":"52.553774","x_coord":"6.951471","y_coord_D":52.553773999999997,"x_coord_D":6.9514709999999997}},{"type":"Feature","id":248,"geometry":{"type":"Point","coordinates":[772987.50059999898,6900397.6273000017]},"properties":{"OBJECTID":248,"ID_con":1760,"bw_id":"VEC_SON_95510","name":"Biotop (GB-NOH 3407/039)","km":"95+510","KTR":null,"FSK":"03314600100294______","upflicht":null,"bauart":"Biotop","baujahr":null,"GEW":"VEC","rwert":360593,"hwert":5824326,"link1":null,"link2":null,"bemerk":null,"beschreib":"Biotop (GB-NOH 3407/039) in der Gemeinde Esche mit direkter Verbindung zur Vechte über Kastendurchlass (Einmündung Mühlengraben, ID: 770)","beschreib_lang":"Biotop (GB-NOH 3407/039) in der Gemeinde Esche mit direkter Verbindung zur Vechte über Kastendurchlass (Einmündung Mühlengraben, ID: 770)","stat_von":95510,"akz":null,"denkmal":"Nein","bez_urpl":"Biotop (GB-NOH 3407/039)","Nr_WR":null,"tmp":1760,"id_bw_son_pun":151,"foto1":null,"foto2":null,"foto3":null,"foto4":null,"y_coord":"52.551134","x_coord":"6.943865","y_coord_D":52.551133999999998,"x_coord_D":6.9438649999999997}},{"type":"Feature","id":249,"geometry":{"type":"Point","coordinates":[773936.76300000027,6898362.3363000005]},"properties":{"OBJECTID":249,"ID_con":2501,"bw_id":"VEC_SON_97160","name":"alter Kilometerstein","km":"97+160","KTR":null,"FSK":"03314600800173______","upflicht":"NLWKN","bauart":"Kilometerstein","baujahr":null,"GEW":"VEC","rwert":361136,"hwert":5823073,"link1":null,"link2":null,"bemerk":null,"beschreib":"alter Kilometerstein neben U-Weg","beschreib_lang":null,"stat_von":97160,"akz":null,"denkmal":"Nein","bez_urpl":"alter Kilometerstein neben U-Weg","Nr_WR":null,"tmp":2501,"id_bw_son_pun":628,"foto1":"https://nlwkn.hannit-share.de/index.php/core/preview?fileId=11057735&x=1280&y=819&a=true","foto2":"https://nlwkn.hannit-share.de/index.php/core/preview?fileId=11057738&x=1280&y=819&a=true","foto3":null,"foto4":null,"y_coord":"52.540015","x_coord":"6.952392","y_coord_D":52.540014999999997,"x_coord_D":6.9523919999999997}},{"type":"Feature","id":250,"geometry":{"type":"Point","coordinates":[773843.09450000152,6898191.8084999993]},"properties":{"OBJECTID":250,"ID_con":2426,"bw_id":"VEC_SON_97250","name":"Biotop (GB-NOH 3407/026)","km":"97+250","KTR":null,"FSK":null,"upflicht":"Landkreis Grafschaft Bentheim","bauart":"Biotop","baujahr":null,"GEW":"VEC","rwert":361076,"hwert":5822971,"link1":null,"link2":null,"bemerk":null,"beschreib":"Biotop (GB-NOH 3407/026) linksseitig in der Gemeinde Esche mit direkter Verbindung zur Vechte über Kastendurchlass (ID: 776)","beschreib_lang":"Biotop (GB-NOH 3407/026) linksseitig in der Gemeinde Esche mit direkter Verbindung zur Vechte über Kastendurchlass (ID: 776)","stat_von":97250,"akz":null,"denkmal":"Nein","bez_urpl":"Biotop (GB-NOH 3407/026)","Nr_WR":null,"tmp":2426,"id_bw_son_pun":605,"foto1":"https://nlwkn.hannit-share.de/index.php/core/preview?fileId=11057741&x=1280&y=819&a=true","foto2":"https://nlwkn.hannit-share.de/index.php/core/preview?fileId=11057744&x=1280&y=819&a=true","foto3":null,"foto4":null,"y_coord":"52.539084","x_coord":"6.951551","y_coord_D":52.539084000000003,"x_coord_D":6.9515510000000003}},{"type":"Feature","id":251,"geometry":{"type":"Point","coordinates":[773684.45439999923,6897591.5732999966]},"properties":{"OBJECTID":251,"ID_con":1761,"bw_id":"VEC_SON_97730","name":"Biotop (GB-NOH 3407/027)","km":"97+730","KTR":null,"FSK":"03314501000042______","upflicht":"Landkreis Grafschaft Bentheim","bauart":"Biotop","baujahr":null,"GEW":"VEC","rwert":360969,"hwert":5822609,"link1":null,"link2":null,"bemerk":null,"beschreib":"Biotop (GB-NOH 3407/027) linksseitig in der Gemeinde Gölenkamp mit direkter Verbindung zur Vechte über Kastendurchlass (ID: 778).","beschreib_lang":"Biotop (GB-NOH 3407/027) linksseitig in der Gemeinde Gölenkamp mit direkter Verbindung zur Vechte über Kastendurchlass (ID: 778).","stat_von":97730,"akz":null,"denkmal":"Nein","bez_urpl":"Biotop (GB-NOH 3407/027)","Nr_WR":null,"tmp":1761,"id_bw_son_pun":154,"foto1":"https://nlwkn.hannit-share.de/index.php/core/preview?fileId=11057750&x=1280&y=819&a=true","foto2":"https://nlwkn.hannit-share.de/index.php/core/preview?fileId=11057753&x=1280&y=819&a=true","foto3":"https://nlwkn.hannit-share.de/index.php/core/preview?fileId=11057723&x=1280&y=819&a=true","foto4":null,"y_coord":"52.535804","x_coord":"6.950126","y_coord_D":52.535803999999999,"x_coord_D":6.950126}},{"type":"Feature","id":252,"geometry":{"type":"Point","coordinates":[774138.43200000003,6895498.4319999963]},"properties":{"OBJECTID":252,"ID_con":2488,"bw_id":"VEC_SON_99500","name":"Biotop (GB-NOH 3407/065)","km":"99+500","KTR":null,"FSK":"03314600900154______","upflicht":"Landkreis Grafschaft Bentheim","bauart":"Biotop","baujahr":null,"GEW":"VEC","rwert":361209.5,"hwert":5821329,"link1":null,"link2":null,"bemerk":null,"beschreib":"Biotop (G.Nr.: 3407/065), Gemeinde Esche rechtsseitig über Kastendurchlass (ID1: 785; ID2: VEC_EIN_99490)","beschreib_lang":"Biotop (G.Nr.: 3407/065), Gemeinde Esche rechtsseitig über Kastendurchlass (ID1: 785; ID2: VEC_EIN_99490)","stat_von":99500,"akz":null,"denkmal":"Nein","bez_urpl":"Biotop","Nr_WR":null,"tmp":2488,"id_bw_son_pun":625,"foto1":"https://nlwkn.hannit-share.de/index.php/core/preview?fileId=11057798&x=1280&y=819&a=true","foto2":"https://nlwkn.hannit-share.de/index.php/core/preview?fileId=11057801&x=1280&y=819&a=true","foto3":"https://nlwkn.hannit-share.de/index.php/core/preview?fileId=11057756&x=1280&y=819&a=true","foto4":"https://nlwkn.hannit-share.de/index.php/core/preview?fileId=11057807&x=1280&y=819&a=true","y_coord":"52.524365","x_coord":"6.954204","y_coord_D":52.524365000000003,"x_coord_D":6.9542039999999998}},{"type":"Feature","id":253,"geometry":{"type":"Point","coordinates":[773847.17540000007,6894396.2035999969]},"properties":{"OBJECTID":253,"ID_con":2484,"bw_id":"VEC_SON_100225","name":"Überfahrt","km":"100+225","KTR":null,"FSK":"03314402100082______","upflicht":"Wasser- und Bodenverband Vechtetal II","bauart":"Überfahrt","baujahr":null,"GEW":"VEC","rwert":361013,"hwert":5820664,"link1":"https://nlwkn.hannit-share.de/index.php/core/preview?fileId=11056343&x=1280&y=819&a=true","link2":null,"bemerk":null,"beschreib":"Überfahrt mit Holzbohlenbelag. Die Zuständigkeit sollte beim Wabo liegen.","beschreib_lang":null,"stat_von":100225,"akz":null,"denkmal":"Nein","bez_urpl":"Überfahrt","Nr_WR":null,"tmp":2484,"id_bw_son_pun":623,"foto1":"https://nlwkn.hannit-share.de/index.php/core/preview?fileId=11056265&x=1280&y=819&a=true","foto2":"https://nlwkn.hannit-share.de/index.php/core/preview?fileId=11056268&x=1280&y=819&a=true","foto3":"https://nlwkn.hannit-share.de/index.php/core/preview?fileId=11057804&x=1280&y=819&a=true","foto4":"https://nlwkn.hannit-share.de/index.php/core/preview?fileId=11056274&x=1280&y=819&a=true","y_coord":"52.51834","x_coord":"6.951587","y_coord_D":52.518340000000002,"x_coord_D":6.951587}},{"type":"Feature","id":254,"geometry":{"type":"Point","coordinates":[774371.88320000097,6893560.7361999974]},"properties":{"OBJECTID":254,"ID_con":1627,"bw_id":"VEC_SON_100850","name":"Biotop (GB-NOH 3407/028)","km":"100+850","KTR":null,"FSK":"03314703900027______","upflicht":"Landkreis Grafschaft Bentheim","bauart":"Biotop","baujahr":null,"GEW":"VEC","rwert":361318.40000000002,"hwert":5820147,"link1":null,"link2":null,"bemerk":null,"beschreib":"Biotop (GB-NOH 3407/028) linksseitig auf dem Gebiet der Stadt Neuenhaus mit direkter Verbindung zur Vechte über Kastendurchlass (ID: 590)","beschreib_lang":null,"stat_von":100850,"akz":null,"denkmal":"Nein","bez_urpl":"Biotop (GB-NOH 3407/028)","Nr_WR":null,"tmp":1627,"id_bw_son_pun":155,"foto1":"https://nlwkn.hannit-share.de/index.php/core/preview?fileId=11056280&x=1280&y=819&a=true","foto2":null,"foto3":null,"foto4":null,"y_coord":"52.513773","x_coord":"6.956301","y_coord_D":52.513773,"x_coord_D":6.9563009999999998}},{"type":"Feature","id":255,"geometry":{"type":"Point","coordinates":[775046.98640000075,6892402.3153000027]},"properties":{"OBJECTID":255,"ID_con":2503,"bw_id":"VEC_SON_101680","name":"Sitzbank (fest)","km":"101+680","KTR":null,"FSK":"033147039000720008__","upflicht":"Stadt Neuenhaus??","bauart":"Sitzbank","baujahr":null,"GEW":"VEC","rwert":361710,"hwert":5819431,"link1":null,"link2":null,"bemerk":null,"beschreib":"Sitzbank fest installiert","beschreib_lang":null,"stat_von":101680,"akz":null,"denkmal":"Nein","bez_urpl":null,"Nr_WR":null,"tmp":2503,"id_bw_son_pun":629,"foto1":"https://nlwkn.hannit-share.de/index.php/core/preview?fileId=11056283&x=1280&y=819&a=true","foto2":"https://nlwkn.hannit-share.de/index.php/core/preview?fileId=11056286&x=1280&y=819&a=true","foto3":null,"foto4":null,"y_coord":"52.50744","x_coord":"6.962366","y_coord_D":52.507440000000003,"x_coord_D":6.9623660000000003}},{"type":"Feature","id":256,"geometry":{"type":"Point","coordinates":[775310.39979999885,6892368.6526999995]},"properties":{"OBJECTID":256,"ID_con":1569,"bw_id":"VEC_SON_101835","name":"Bootsanleger UW Wehr Neuenhaus","km":"101+835","KTR":null,"FSK":"033147019001110015__","upflicht":"??Stadt Neuenhaus","bauart":"Bootsanleger","baujahr":null,"GEW":"VEC","rwert":361870,"hwert":5819406,"link1":null,"link2":null,"bemerk":null,"beschreib":"Bootsanleger UW Wehr Neuenhaus","beschreib_lang":null,"stat_von":101835,"akz":null,"denkmal":"Nein","bez_urpl":"Bootsanleger UW Wehr Neuenhaus","Nr_WR":null,"tmp":1569,"id_bw_son_pun":375,"foto1":"https://nlwkn.hannit-share.de/index.php/core/preview?fileId=11056289&x=1280&y=819&a=true","foto2":"https://nlwkn.hannit-share.de/index.php/core/preview?fileId=11056292&x=1280&y=819&a=true","foto3":"https://nlwkn.hannit-share.de/index.php/core/preview?fileId=11056271&x=1280&y=819&a=true","foto4":"https://nlwkn.hannit-share.de/index.php/core/preview?fileId=11056298&x=1280&y=819&a=true","y_coord":"52.507256","x_coord":"6.964732","y_coord_D":52.507255999999998,"x_coord_D":6.9647319999999997}},{"type":"Feature","id":257,"geometry":{"type":"Point","coordinates":[775336.85649999976,6892361.1780000031]},"properties":{"OBJECTID":257,"ID_con":1628,"bw_id":"VEC_SON_101855","name":"Böschungstreppe mit Schrägpegel uw Wehr","km":"101+855","KTR":null,"FSK":"033147019001110007__","upflicht":"NLWKN","bauart":"Pegel","baujahr":"1968","GEW":"VEC","rwert":361886,"hwert":5819401,"link1":null,"link2":null,"bemerk":null,"beschreib":"Pegel  (mit Böschungstreppe u. Schrägpegel)  im Unterwasser des Wehres Neuenhaus. Siehe auch Pegel-Online NLWKN : https://www.pegelonline.nlwkn.niedersachsen.de/Karte )","beschreib_lang":null,"stat_von":101855,"akz":"62026-Vechtewehr Neuenhaus-472/2022","denkmal":"Nein","bez_urpl":"Böschungstreppe mit Schrägpegel uw Wehr","Nr_WR":null,"tmp":1628,"id_bw_son_pun":263,"foto1":"https://nlwkn.hannit-share.de/index.php/core/preview?fileId=11056319&x=1280&y=819&a=true","foto2":"https://nlwkn.hannit-share.de/index.php/core/preview?fileId=11056322&x=1280&y=819&a=true","foto3":"https://nlwkn.hannit-share.de/index.php/core/preview?fileId=11056295&x=1280&y=819&a=true","foto4":"https://nlwkn.hannit-share.de/index.php/core/preview?fileId=11056328&x=1280&y=819&a=true","y_coord":"52.507215","x_coord":"6.964969","y_coord_D":52.507215000000002,"x_coord_D":6.964969}},{"type":"Feature","id":258,"geometry":{"type":"Point","coordinates":[775415.39499999955,6892368.3308999985]},"properties":{"OBJECTID":258,"ID_con":1629,"bw_id":"VEC_SON_101900","name":"Betriebsgebäude (Steuerhaus Vechtewehr Neuenhaus)","km":"101+900","KTR":null,"FSK":"033146010001520072__","upflicht":"NLWKN","bauart":"Betriebsgebäude","baujahr":"1968","GEW":"VEC","rwert":361934,"hwert":5819404,"link1":"https://nlwkn.hannit-share.de/index.php/core/preview?fileId=11056877&x=1280&y=819&a=true","link2":"https://nlwkn.hannit-share.de/index.php/core/preview?fileId=11056346&x=1280&y=819&a=true","bemerk":null,"beschreib":"Betriebsgebäude (Steuerhaus Vechtewehr Neuenhaus) mit hydraulischer Anlage und Fernüberwachung","beschreib_lang":"Betriebsgebäude (Steuerhaus Vechtewehr Neuenhaus)","stat_von":101900,"akz":"62026-Vechtewehr Neuenhaus-472/2022","denkmal":"Nein","bez_urpl":null,"Nr_WR":null,"tmp":1629,"id_bw_son_pun":281,"foto1":"https://nlwkn.hannit-share.de/index.php/core/preview?fileId=11056331&x=1280&y=819&a=true","foto2":"https://nlwkn.hannit-share.de/index.php/core/preview?fileId=11056334&x=1280&y=819&a=true","foto3":"https://nlwkn.hannit-share.de/index.php/core/preview?fileId=11056325&x=1280&y=819&a=true","foto4":"https://nlwkn.hannit-share.de/index.php/core/preview?fileId=11056340&x=1280&y=819&a=true","y_coord":"52.507254","x_coord":"6.965675","y_coord_D":52.507254000000003,"x_coord_D":6.9656750000000001}},{"type":"Feature","id":259,"geometry":{"type":"Point","coordinates":[775417.88789999858,6892396.3579000011]},"properties":{"OBJECTID":259,"ID_con":1630,"bw_id":"VEC_SON_101905","name":"Böschungstreppe oh Wehr Neuenhaus rechts","km":"101+905","KTR":null,"FSK":"033146010000720017__","upflicht":"NLWKN","bauart":"Böschungstreppe","baujahr":null,"GEW":"VEC","rwert":361936,"hwert":5819421,"link1":null,"link2":null,"bemerk":null,"beschreib":"Böschungstreppe oberhalb Wehr Neuenhaus rechts","beschreib_lang":null,"stat_von":101905,"akz":null,"denkmal":"Nein","bez_urpl":"Böschungstreppe oh Wehr Neuenhaus rechts","Nr_WR":null,"tmp":1630,"id_bw_son_pun":457,"foto1":"https://nlwkn.hannit-share.de/index.php/core/preview?fileId=11056349&x=1280&y=819&a=true","foto2":"https://nlwkn.hannit-share.de/index.php/core/preview?fileId=11056352&x=1280&y=819&a=true","foto3":"https://nlwkn.hannit-share.de/index.php/core/preview?fileId=11056337&x=1280&y=819&a=true","foto4":"https://nlwkn.hannit-share.de/index.php/core/preview?fileId=11056358&x=1280&y=819&a=true","y_coord":"52.507407","x_coord":"6.965697","y_coord_D":52.507407000000001,"x_coord_D":6.9656969999999996}},{"type":"Feature","id":260,"geometry":{"type":"Point","coordinates":[775449.35709999874,6892333.1112999991]},"properties":{"OBJECTID":260,"ID_con":1631,"bw_id":"VEC_SON_101925","name":"Böschungstreppe mit Schrägpegel oh Wehr Neuenhaus links","km":"101+925","KTR":null,"FSK":"033147019001110004__","upflicht":"NLWKN","bauart":"Pegel","baujahr":"1968","GEW":"VEC","rwert":361954.09999999998,"hwert":5819382,"link1":null,"link2":null,"bemerk":null,"beschreib":"Böschungstreppe mit Schrägpegel oberhalb Wehr Neuenhaus links","beschreib_lang":null,"stat_von":101925,"akz":"62026-Vechtewehr Neuenhaus-472/2022","denkmal":"Nein","bez_urpl":"Böschungstreppe mit Schrägpegel oh Wehr Neuenhaus links","Nr_WR":null,"tmp":1631,"id_bw_son_pun":458,"foto1":"https://nlwkn.hannit-share.de/index.php/core/preview?fileId=11056361&x=1280&y=819&a=true","foto2":"https://nlwkn.hannit-share.de/index.php/core/preview?fileId=11056364&x=1280&y=819&a=true","foto3":"https://nlwkn.hannit-share.de/index.php/core/preview?fileId=11056355&x=1280&y=819&a=true","foto4":"https://nlwkn.hannit-share.de/index.php/core/preview?fileId=11056370&x=1280&y=819&a=true","y_coord":"52.507062","x_coord":"6.96598","y_coord_D":52.507061999999998,"x_coord_D":6.9659800000000001}},{"type":"Feature","id":261,"geometry":{"type":"Point","coordinates":[775478.90520000085,6892268.1664000005]},"properties":{"OBJECTID":261,"ID_con":1632,"bw_id":"VEC_SON_101950","name":"Kläranlage Neuenhaus","km":"101+950","KTR":null,"FSK":"033147019001110021__","upflicht":null,"bauart":"Kläranlage","baujahr":null,"GEW":"VEC","rwert":361971,"hwert":5819342,"link1":null,"link2":null,"bemerk":null,"beschreib":"Kläranlage Neuenhaus","beschreib_lang":null,"stat_von":101950,"akz":null,"denkmal":"Nein","bez_urpl":"Kläranlage Neuenhaus links","Nr_WR":null,"tmp":1632,"id_bw_son_pun":157,"foto1":"https://nlwkn.hannit-share.de/index.php/core/preview?fileId=11056373&x=1280&y=819&a=true","foto2":"https://nlwkn.hannit-share.de/index.php/core/preview?fileId=11056376&x=1280&y=819&a=true","foto3":"https://nlwkn.hannit-share.de/index.php/core/preview?fileId=11056367&x=1280&y=819&a=true","foto4":null,"y_coord":"52.506706","x_coord":"6.966246","y_coord_D":52.506706000000001,"x_coord_D":6.9662459999999999}},{"type":"Feature","id":262,"geometry":{"type":"Point","coordinates":[775507.05350000039,6892334.7409999967]},"properties":{"OBJECTID":262,"ID_con":2483,"bw_id":"VEC_SON_101960","name":"Bootsanleger oh. Wehr Neuenhaus","km":"101+960","KTR":null,"FSK":"033147019001110004__","upflicht":"Stadt Neuenhaus??","bauart":"Bootsanleger","baujahr":null,"GEW":"VEC","rwert":361989.29999999999,"hwert":5819382,"link1":null,"link2":null,"bemerk":null,"beschreib":"Bootsanleger oh. Wehr Neuenhaus","beschreib_lang":null,"stat_von":101960,"akz":null,"denkmal":"Nein","bez_urpl":"Bootsanleger oh. Wehr Neuenhaus","Nr_WR":null,"tmp":2483,"id_bw_son_pun":622,"foto1":"https://nlwkn.hannit-share.de/index.php/core/preview?fileId=11056382&x=1280&y=819&a=true","foto2":"https://nlwkn.hannit-share.de/index.php/core/preview?fileId=11056385&x=1280&y=819&a=true","foto3":"https://nlwkn.hannit-share.de/index.php/core/preview?fileId=11056379&x=1280&y=819&a=true","foto4":null,"y_coord":"52.50707","x_coord":"6.966498","y_coord_D":52.507069999999999,"x_coord_D":6.9664979999999996}},{"type":"Feature","id":263,"geometry":{"type":"Point","coordinates":[776535.61199999973,6892843.9319000021]},"properties":{"OBJECTID":263,"ID_con":2506,"bw_id":"VEC_SON_102700","name":"Kilometerstein","km":"102+700","KTR":null,"FSK":"033147019000740026__","upflicht":"NLWKN","bauart":"Kilometerstein","baujahr":null,"GEW":"VEC","rwert":362625,"hwert":5819674,"link1":null,"link2":null,"bemerk":null,"beschreib":"Kilometerstein","beschreib_lang":null,"stat_von":102700,"akz":null,"denkmal":"Nein","bez_urpl":"Kilometerstein","Nr_WR":null,"tmp":2506,"id_bw_son_pun":631,"foto1":"https://nlwkn.hannit-share.de/index.php/core/preview?fileId=11056403&x=1280&y=819&a=true","foto2":"https://nlwkn.hannit-share.de/index.php/core/preview?fileId=11056409&x=1280&y=819&a=true","foto3":null,"foto4":null,"y_coord":"52.509854","x_coord":"6.975738","y_coord_D":52.509853999999997,"x_coord_D":6.9757379999999998}},{"type":"Feature","id":264,"geometry":{"type":"Point","coordinates":[777355.63199999928,6892028.2414999977]},"properties":{"OBJECTID":264,"ID_con":2427,"bw_id":"VEC_SON_103550","name":"Biotop (GB-NOH 3407/029)","km":"103+550","KTR":null,"FSK":null,"upflicht":"Landkreis Grafschaft Bentheim","bauart":"Biotop","baujahr":null,"GEW":"VEC","rwert":363111,"hwert":5819164,"link1":null,"link2":null,"bemerk":"Gebietsnummer der landesweiten Biotopkartierung (3506019)","beschreib":"Biotop (GB-NOH 3407/029) linksseitig auf dem Gebiet der Stadt Neuenhaus (Altarm) mit direkter Verbindung zur Vechte über Kastendurchlass (ID: 599)","beschreib_lang":null,"stat_von":103550,"akz":null,"denkmal":"Nein","bez_urpl":"Biotop (GB-NOH 3407/029)","Nr_WR":null,"tmp":2427,"id_bw_son_pun":606,"foto1":null,"foto2":null,"foto3":null,"foto4":null,"y_coord":"52.505395","x_coord":"6.983104","y_coord_D":52.505395,"x_coord_D":6.983104}},{"type":"Feature","id":265,"geometry":{"type":"Point","coordinates":[777455.57600000128,6891679.1398999989]},"properties":{"OBJECTID":265,"ID_con":2428,"bw_id":"VEC_SON_103750","name":"Biotop (GB-NOH 3407/063)","km":"103+750","KTR":null,"FSK":null,"upflicht":"Landkreis Grafschaft Bentheim","bauart":"Biotop","baujahr":null,"GEW":"VEC","rwert":363166,"hwert":5818950,"link1":null,"link2":null,"bemerk":"Gebietsnummer der landesweiten Biotopkartierung (3506019)","beschreib":"Biotop (GB-NOH 3407/063) linksseitig (Altarm) auf dem Gebiet der Stadt Neuenhaus mit direkter Verbindung zur Vechte über Rohrdurchlass (ID: 600)","beschreib_lang":null,"stat_von":103750,"akz":null,"denkmal":"Nein","bez_urpl":"Biotop (GB-NOH 3407/063)","Nr_WR":null,"tmp":2428,"id_bw_son_pun":607,"foto1":null,"foto2":null,"foto3":null,"foto4":null,"y_coord":"52.503486","x_coord":"6.984002","y_coord_D":52.503486000000002,"x_coord_D":6.9840020000000003}},{"type":"Feature","id":266,"geometry":{"type":"Point","coordinates":[777646.13969999924,6891432.889700003]},"properties":{"OBJECTID":266,"ID_con":2443,"bw_id":"VEC_SON_103915","name":"Biotop (GB-NOH 3407/030)","km":"103+915","KTR":null,"FSK":"033147010001020004__","upflicht":"Landrkeis Grafschaft Bentheim","bauart":"Biotop","baujahr":null,"GEW":"VEC","rwert":363278,"hwert":5818797,"link1":null,"link2":null,"bemerk":null,"beschreib":"Biotop (B-NOH 3407/030), Gemeinde Neuenhaus linkseitig mit Verbindung über Kastendurchlass zur Vechte (ID1: 601 )","beschreib_lang":null,"stat_von":103915,"akz":null,"denkmal":"Nein","bez_urpl":"Biotop (GB-NOH 3407/030)","Nr_WR":null,"tmp":2443,"id_bw_son_pun":611,"foto1":null,"foto2":null,"foto3":null,"foto4":null,"y_coord":"52.502139","x_coord":"6.985714","y_coord_D":52.502139,"x_coord_D":6.9857139999999998}},{"type":"Feature","id":267,"geometry":{"type":"Point","coordinates":[779957.4765000008,6888743.4500999972]},"properties":{"OBJECTID":267,"ID_con":1633,"bw_id":"VEC_SON_106175","name":"Auskolkung unterhalb Wehr Grasdorf","km":"106+175","KTR":null,"FSK":"033147011000010017__","upflicht":"NLWKN","bauart":"Auskolkung","baujahr":null,"GEW":"VEC","rwert":364642,"hwert":5817122,"link1":null,"link2":null,"bemerk":null,"beschreib":"Auskolkung rechts (unterhalb Wehr Grasdorf)","beschreib_lang":"Auskolkung rechts (unterhalb Wehr Grasdorf)","stat_von":106175,"akz":null,"denkmal":"Nein","bez_urpl":"Auskolkung rechts (unterhalb Wehr Grasdorf)","Nr_WR":null,"tmp":1633,"id_bw_son_pun":95,"foto1":null,"foto2":null,"foto3":null,"foto4":null,"y_coord":"52.48743","x_coord":"7.006477","y_coord_D":52.487430000000003,"x_coord_D":7.0064770000000003}},{"type":"Feature","id":268,"geometry":{"type":"Point","coordinates":[780108.85539999977,6888545.4589999989]},"properties":{"OBJECTID":268,"ID_con":1634,"bw_id":"VEC_SON_106325","name":"Böschungstreppe mit Schrägpegel uh Wehr Grasdorf","km":"106+325","KTR":null,"FSK":"033147011000010017__","upflicht":"NLWKN","bauart":"Böschungstreppe","baujahr":"1967","GEW":"VEC","rwert":364731,"hwert":5816999,"link1":null,"link2":null,"bemerk":null,"beschreib":"Böschungstreppe mit Schrägpegel unterhalb Wehr Grasdorf","beschreib_lang":null,"stat_von":106325,"akz":"62026-Vechtewehr Grasdorf-449/2022","denkmal":"Nein","bez_urpl":"Böschungstreppe mit Schrägpegel uh Wehr Grasdorf","Nr_WR":null,"tmp":1634,"id_bw_son_pun":459,"foto1":"https://nlwkn.hannit-share.de/index.php/core/preview?fileId=11056433&x=1280&y=819&a=true","foto2":"https://nlwkn.hannit-share.de/index.php/core/preview?fileId=11056436&x=1280&y=819&a=true","foto3":null,"foto4":null,"y_coord":"52.486347","x_coord":"7.007837","y_coord_D":52.486347000000002,"x_coord_D":7.0078370000000003}},{"type":"Feature","id":269,"geometry":{"type":"Point","coordinates":[780124.08680000156,6888468.626000002]},"properties":{"OBJECTID":269,"ID_con":1635,"bw_id":"VEC_SON_106370","name":"Betriebsgebäude (Steuerung Wehr Grasdorf)","km":"106+370","KTR":null,"FSK":"033147011000230006__","upflicht":"NLWKN","bauart":"Betriebsgebäude","baujahr":"1967","GEW":"VEC","rwert":364739,"hwert":5816952,"link1":null,"link2":null,"bemerk":null,"beschreib":"Betriebsgebäude (Steuerung Wehr Grasdorf)","beschreib_lang":"Betriebsgebäude (Steuerung Wehr Grasdorf)","stat_von":106370,"akz":"62026-Vechtewehr Grasdorf-449/2022","denkmal":"Nein","bez_urpl":"Betriebsgebäude (Steuerung Wehr Grasdorf)","Nr_WR":null,"tmp":1635,"id_bw_son_pun":280,"foto1":"https://nlwkn.hannit-share.de/index.php/core/preview?fileId=11056454&x=1280&y=819&a=true","foto2":"https://nlwkn.hannit-share.de/index.php/core/preview?fileId=11056457&x=1280&y=819&a=true","foto3":"https://nlwkn.hannit-share.de/index.php/core/preview?fileId=11056388&x=1280&y=819&a=true","foto4":"https://nlwkn.hannit-share.de/index.php/core/preview?fileId=11056463&x=1280&y=819&a=true","y_coord":"52.485927","x_coord":"7.007974","y_coord_D":52.485926999999997,"x_coord_D":7.0079739999999999}},{"type":"Feature","id":270,"geometry":{"type":"Point","coordinates":[780163.99489999935,6888448.3615999967]},"properties":{"OBJECTID":270,"ID_con":1636,"bw_id":"VEC_SON_106390","name":"Böschungstreppe mit Schrägpegel oh Wehr Grasdorf","km":"106+390","KTR":null,"FSK":"033147011000230006__","upflicht":null,"bauart":"Böschungstreppe","baujahr":"1967","GEW":"VEC","rwert":364763,"hwert":5816939,"link1":null,"link2":null,"bemerk":null,"beschreib":"Böschungstreppe mit Schrägpegel oberhalb Wehr Grasdorf","beschreib_lang":null,"stat_von":106390,"akz":"62026-Vechtewehr Grasdorf-449/2022","denkmal":"Nein","bez_urpl":"Böschungstreppe mit Schrägpegel oh Wehr Grasdorf","Nr_WR":null,"tmp":1636,"id_bw_son_pun":461,"foto1":"https://nlwkn.hannit-share.de/index.php/core/preview?fileId=11056466&x=1280&y=819&a=true","foto2":"https://nlwkn.hannit-share.de/index.php/core/preview?fileId=11056469&x=1280&y=819&a=true","foto3":"https://nlwkn.hannit-share.de/index.php/core/preview?fileId=11056460&x=1280&y=819&a=true","foto4":"https://nlwkn.hannit-share.de/index.php/core/preview?fileId=11056475&x=1280&y=819&a=true","y_coord":"52.485816","x_coord":"7.008332","y_coord_D":52.485816,"x_coord_D":7.0083320000000002}},{"type":"Feature","id":271,"geometry":{"type":"Point","coordinates":[781796.92550000176,6885030.8105999976]},"properties":{"OBJECTID":271,"ID_con":1637,"bw_id":"VEC_SON_108975","name":"Betriebspegel Brücke De-Wilde-Straße","km":"108+975","KTR":null,"FSK":"033151024000650009__","upflicht":"NLWKN, GB 3","bauart":"Pegel","baujahr":null,"GEW":"VEC","rwert":365702,"hwert":5814832,"link1":null,"link2":null,"bemerk":null,"beschreib":"An der Brücke de Wilde Straße wurde in 2017 ein Betriebspegel im Zuge des Stauniederlegungsverfahrens für das Wehr Grasdorf eingerichtet. der Pegelnullpunkt liegt bei 14,271 m NN. Der Pegel wird durch den GB 3 betrieben.","beschreib_lang":"An der Brücke de Wilde Straße wurde in 2017 ein Betriebspegel im Zuge des Stauniederlegungsverfahrens für das Wehr Grasdorf eingerichtet. der Pegelnullpunkt liegt bei 14,271 m NN. Der Pegel wird durch den GB 3 betrieben. Hier werden auch regelmäßig ADCP-Messungen durchgeführt.","stat_von":108975,"akz":null,"denkmal":"Nein","bez_urpl":"Betriebspegel Brücke De-Wilde-Straße","Nr_WR":null,"tmp":1637,"id_bw_son_pun":122,"foto1":"https://nlwkn.hannit-share.de/index.php/core/preview?fileId=11056484&x=1280&y=819&a=true","foto2":"https://nlwkn.hannit-share.de/index.php/core/preview?fileId=11056487&x=1280&y=819&a=true","foto3":null,"foto4":null,"y_coord":"52.467116","x_coord":"7.023001","y_coord_D":52.467115999999997,"x_coord_D":7.0230009999999998}},{"type":"Feature","id":272,"geometry":{"type":"Point","coordinates":[781778.95340000093,6884908.7364000008]},"properties":{"OBJECTID":272,"ID_con":1638,"bw_id":"VEC_SON_109040","name":"Betriebsgebäude (Stützpunkt Frenswegen)","km":"109+040","KTR":null,"FSK":"033151001000130016__","upflicht":"NLWKN","bauart":"Betriebsgebäude","baujahr":null,"GEW":"VEC","rwert":365689,"hwert":5814758,"link1":null,"link2":null,"bemerk":"De-Wilde-Str. 1, 48527 Nordhorn","beschreib":"NLWKN Betriebshof Georgsdorf,Stützpunkt Frenswegen","beschreib_lang":"NLWKN Betriebshof Georgsdorf,Stützpunkt Frenswegen","stat_von":109040,"akz":"02311-Betriebshof Georgsdorf-572/2022","denkmal":"Nein","bez_urpl":"Stützpunkt Frenswegen links","Nr_WR":null,"tmp":1638,"id_bw_son_pun":96,"foto1":"https://nlwkn.hannit-share.de/index.php/core/preview?fileId=11056490&x=1280&y=819&a=true","foto2":"https://nlwkn.hannit-share.de/index.php/core/preview?fileId=11056493&x=1280&y=819&a=true","foto3":"https://nlwkn.hannit-share.de/index.php/core/preview?fileId=11056496&x=1280&y=819&a=true","foto4":"https://nlwkn.hannit-share.de/index.php/core/preview?fileId=11056499&x=1280&y=819&a=true","y_coord":"52.466448","x_coord":"7.02284","y_coord_D":52.466448,"x_coord_D":7.0228400000000004}},{"type":"Feature","id":273,"geometry":{"type":"Point","coordinates":[781662.56789999828,6884849.6805000007]},"properties":{"OBJECTID":273,"ID_con":1639,"bw_id":"VEC_SON_109150","name":"Lagerplatte Stützpunkt Frenswegen (mit Pflanzenkläranlage)","km":"109+150","KTR":null,"FSK":"033151001000130016__","upflicht":"NLWKN","bauart":"Lagerplatz","baujahr":null,"GEW":"VEC","rwert":365617,"hwert":5814724,"link1":null,"link2":null,"bemerk":null,"beschreib":"Lagerplatte u. Pflanzenkläranlage Stützpunkt Frenswegen links","beschreib_lang":"Lagerplatte u. Pflanzenkläranlage Stützpunkt Frenswegen links","stat_von":109150,"akz":"02311-Betriebshof Georgsdorf-572/2022","denkmal":"Nein","bez_urpl":"Lagerplatte u. Pflanzenkläranlage Stützpunkt Frenswegen links","Nr_WR":null,"tmp":1639,"id_bw_son_pun":424,"foto1":"https://nlwkn.hannit-share.de/index.php/core/preview?fileId=11056517&x=1280&y=819&a=true","foto2":"https://nlwkn.hannit-share.de/index.php/core/preview?fileId=11056520&x=1280&y=819&a=true","foto3":"https://nlwkn.hannit-share.de/index.php/core/preview?fileId=11056496&x=1280&y=819&a=true","foto4":"https://nlwkn.hannit-share.de/index.php/core/preview?fileId=11056526&x=1280&y=819&a=true","y_coord":"52.466125","x_coord":"7.021794","y_coord_D":52.466124999999998,"x_coord_D":7.0217939999999999}},{"type":"Feature","id":274,"geometry":{"type":"Point","coordinates":[782209.90590000153,6884670.8233999982]},"properties":{"OBJECTID":274,"ID_con":1640,"bw_id":"VEC_SON_109610","name":"Überlaufschwelle Altarm Frenswegen","km":"109+610","KTR":"MABVE00100","FSK":"033151024000550005__","upflicht":"NLWKN","bauart":"Überlaufschwelle","baujahr":null,"GEW":"VEC","rwert":365948,"hwert":5814606,"link1":null,"link2":null,"bemerk":null,"beschreib":"Überlaufschwelle Altarm Frenswegen","beschreib_lang":"Überlaufschwelle Altarm Frenswegen","stat_von":109610,"akz":null,"denkmal":"Nein","bez_urpl":"Überlaufschwelle Altarm Frenswegen","Nr_WR":null,"tmp":1640,"id_bw_son_pun":307,"foto1":null,"foto2":null,"foto3":null,"foto4":null,"y_coord":"52.465146","x_coord":"7.026711","y_coord_D":52.465145999999997,"x_coord_D":7.0267109999999997}},{"type":"Feature","id":275,"geometry":{"type":"Point","coordinates":[784191.73440000042,6883742.4469000027]},"properties":{"OBJECTID":275,"ID_con":2351,"bw_id":"VEC_SON_111090","name":"Biotop GB-NOH 3508/050","km":"111+090","KTR":null,"FSK":null,"upflicht":"Landkreis Grafschaft Bentheim","bauart":"Biotop","baujahr":null,"GEW":"VEC","rwert":367142,"hwert":5814008,"link1":null,"link2":null,"bemerk":null,"beschreib":"Biotop","beschreib_lang":null,"stat_von":111090,"akz":null,"denkmal":"Nein","bez_urpl":"Biotop GB-NOH 3508/050","Nr_WR":null,"tmp":2351,"id_bw_son_pun":570,"foto1":null,"foto2":null,"foto3":null,"foto4":null,"y_coord":"52.460065","x_coord":"7.044514","y_coord_D":52.460065,"x_coord_D":7.0445140000000004}},{"type":"Feature","id":276,"geometry":{"type":"Point","coordinates":[783992.12009999901,6882822.0768999979]},"properties":{"OBJECTID":276,"ID_con":2182,"bw_id":"VEC_SON_111435","name":"Kunstobjekt (Sandstein)","km":"111+435","KTR":null,"FSK":"033151028000610011__","upflicht":"Stadt Nordhorn??","bauart":"Kunstobjekt","baujahr":null,"GEW":"VEC","rwert":367005,"hwert":5813451,"link1":null,"link2":null,"bemerk":null,"beschreib":"Kunstobjekt (Sandstein)","beschreib_lang":null,"stat_von":111435,"akz":null,"denkmal":"Nein","bez_urpl":"033151028000610011__","Nr_WR":null,"tmp":2182,"id_bw_son_pun":532,"foto1":"https://nlwkn.hannit-share.de/index.php/core/preview?fileId=11056532&x=1280&y=819&a=true","foto2":"https://nlwkn.hannit-share.de/index.php/core/preview?fileId=11056535&x=1280&y=819&a=true","foto3":"https://nlwkn.hannit-share.de/index.php/core/preview?fileId=11056538&x=1280&y=819&a=true","foto4":"https://nlwkn.hannit-share.de/index.php/core/preview?fileId=11056541&x=1280&y=819&a=true","y_coord":"52.455027","x_coord":"7.042721","y_coord_D":52.455027000000001,"x_coord_D":7.0427210000000002}},{"type":"Feature","id":277,"geometry":{"type":"Point","coordinates":[784003.6735999994,6882758.3316999972]},"properties":{"OBJECTID":277,"ID_con":1641,"bw_id":"VEC_SON_111725","name":"Bootsanleger Kloster Frenswegen","km":"111+725","KTR":null,"FSK":"033151028000720020__","upflicht":"Stadt Nordhorn","bauart":"Bootsanleger","baujahr":"2014","GEW":"VEC","rwert":367011,"hwert":5813412,"link1":null,"link2":null,"bemerk":"!!Vertrag akualisieren!! !!Akz nachtragen!! !!Bestandspläne gem. Vertrag!!","beschreib":"Der NLWKN als Grundstückseigentümer gestattet dem Nutzer die Inanspruchnahme von Teilflächen des Flurstückes 72/20, Flur 28, Gemarkung Nordhorn (Abs. 2 und Abs. 3) zum Bau eines Kanuanlegers und seiner Benutzung.","beschreib_lang":"Die Instandhaltung und Unterhaltung der Flächen obliegt dem Nutzer. \nDer NLWKN als Grundstückseigentümer gestattet dem Nutzer die Inanspruchnahme von Teilflächen des Flurstückes 72/20, Flur 28, Gemarkung Nordhorn (Abs. 2 und Abs. 3) zum Bau eines Kanuanlegers und seiner Benutzung.\nDer Anleger wird als der Uferneigung folgende Treppe zum Wasserspiegel gebaut. Es handelt sich um eine Konstruktion aus Stahlbeton auf Bohrpfählen (Stufenanlage 11 Stg. 15/35 Oberfläche Sichtbeton). Geländer oder in das Abflussprofil ragende Einbauten sind nicht vorgesehen.\n\nDie Instandhaltung und Unterhaltung - Mahd der Böschungen, Abfallentsorgung - im unmittelbaren Umfeld der Anlage ist durch den Nutzer vorzunehmen. Hierzu gehört ausdrücklich auch die Beseitigung von Treibgut und Verklausungen im Bereich der Anlage besonders infolge eines Hochwasserereignisses oder infolge von Vandalismus.","stat_von":111725,"akz":null,"denkmal":"Nein","bez_urpl":"Bootsanleger Frenswegen links","Nr_WR":null,"tmp":1641,"id_bw_son_pun":97,"foto1":"https://nlwkn.hannit-share.de/index.php/core/preview?fileId=11056553&x=1280&y=819&a=true","foto2":"https://nlwkn.hannit-share.de/index.php/core/preview?fileId=11056556&x=1280&y=819&a=true","foto3":"https://nlwkn.hannit-share.de/index.php/core/preview?fileId=11056559&x=1280&y=819&a=true","foto4":"https://nlwkn.hannit-share.de/index.php/core/preview?fileId=11056562&x=1280&y=819&a=true","y_coord":"52.454678","x_coord":"7.042825","y_coord_D":52.454678000000001,"x_coord_D":7.0428249999999997}},{"type":"Feature","id":278,"geometry":{"type":"Point","coordinates":[784148.90850000083,6882598.0235000029]},"properties":{"OBJECTID":278,"ID_con":1642,"bw_id":"VEC_SON_111855","name":"??","km":"111+855","KTR":null,"FSK":"033151028000610020__","upflicht":null,"bauart":"??","baujahr":null,"GEW":"VEC","rwert":367097,"hwert":5813312,"link1":null,"link2":null,"bemerk":null,"beschreib":"??","beschreib_lang":null,"stat_von":111855,"akz":null,"denkmal":"Nein","bez_urpl":null,"Nr_WR":null,"tmp":1642,"id_bw_son_pun":98,"foto1":null,"foto2":null,"foto3":null,"foto4":null,"y_coord":"52.453801","x_coord":"7.044129","y_coord_D":52.453800999999999,"x_coord_D":7.0441289999999999}},{"type":"Feature","id":279,"geometry":{"type":"Point","coordinates":[784098.45839999989,6881069.2729000002]},"properties":{"OBJECTID":279,"ID_con":2478,"bw_id":"VEC_SON_112750","name":"Kläranlage Nordhorn","km":"112+750","KTR":null,"FSK":"033151023000640033__","upflicht":"Stadt Nordhorn (Kommunale Betriebe Nordhorn, KBN)","bauart":"Kläranlage","baujahr":null,"GEW":"VEC","rwert":367041,"hwert":5812382,"link1":null,"link2":null,"bemerk":"Siehe auch zugehörige Einlaufbauwerke","beschreib":"Kläranlage Nordhorn","beschreib_lang":null,"stat_von":112750,"akz":null,"denkmal":"Nein","bez_urpl":"Kläranlage Nordhorn","Nr_WR":null,"tmp":2478,"id_bw_son_pun":620,"foto1":null,"foto2":null,"foto3":null,"foto4":null,"y_coord":"52.445431","x_coord":"7.043676","y_coord_D":52.445430999999999,"x_coord_D":7.0436759999999996}},{"type":"Feature","id":280,"geometry":{"type":"Point","coordinates":[800531.03200000152,6861815.5555000007]},"properties":{"OBJECTID":280,"ID_con":2562,"bw_id":"VEC_SON_113070","name":"Aussichtsplattform Quendorf I","km":"113+070","KTR":null,"FSK":"034222002001340001__","upflicht":"Naturschutzstiftung Grafschaft Bentheim / BUND Grafschaft Bentheim","bauart":"Aussichtsplattform (Holzbauweise)","baujahr":"2024","GEW":"VEC","rwert":376779,"hwert":5800382,"link1":null,"link2":null,"bemerk":null,"beschreib":"Die Aussichtsplattform besteht aus einer 3 x 4 m großen Plattform mit Geländer und wird auf vier Stelzen aufgestellt, welche mittels zweier Streifenfundamente im Boden verankert sind. Geförder mit LEADER - Mitteln und mit Mitteln aus der GK - Vechte.","beschreib_lang":"Die Aussichtsplattform besteht aus einer 3 x 4 m großen Plattform mit Geländer und wird auf vier Stelzen aufgestellt, welche mittels zweier Streifenfundamente im Boden verankert sind. Geförder mit LEADER - Mitteln und mit Mitteln aus der GK - Vechte.","stat_von":113070,"akz":null,"denkmal":"Nein","bez_urpl":null,"Nr_WR":null,"tmp":2562,"id_bw_son_pun":644,"foto1":null,"foto2":null,"foto3":null,"foto4":null,"y_coord":"52.339883","x_coord":"7.191293","y_coord_D":52.339883,"x_coord_D":7.1912929999999999}},{"type":"Feature","id":281,"geometry":{"type":"Point","coordinates":[806422.74100000039,6943914.7665000036]},"properties":{"OBJECTID":281,"ID_con":1532,"bw_id":"HRK_SON_245","name":"Bootssteg 4 oberhalb Schleuse I (Thea Angela)","km":"0+245","KTR":null,"FSK":"033103003002700004__","upflicht":"Schifffahrtsmuseum Haren","bauart":"Bootsanleger","baujahr":null,"GEW":"HRK","rwert":381598,"hwert":5850154,"link1":null,"link2":null,"bemerk":null,"beschreib":"Bootssteg oh Schleuse I (Schiffahrtsmuseum) links für Museumsschiff Thea Angela. Die 'THEA-ANGELA' wurde 1929 auf der Werft 'Wolthuis & Sohn' in Veendam (NL) als eisernes Schleppschiff gebaut: Länge: 34 m, Breite: 6,02 m, Höhe: 1,95 m.","beschreib_lang":"Die 'THEA-ANGELA' wurde 1929 auf der Werft 'Wolthuis & Sohn' in Veendam (NL) als eisernes Schleppschiff gebaut: Länge: 34 m, Breite: 6,02 m, Höhe: 1,95 m. Auftraggeber war der Schiffer Rudolf Schepers aus Haren (Ems). 'Thea' war der Name seiner Ehefrau, 'Angela' der seiner Mutter.\n\nNach verschiedenen Umbauten und der Motorisierung erhielt das Schiff die Fahrterlaubnis für das Watt sowie für Jade und Weser. Seine Hauptfunktion bestand in der Versorgung der Ostfriesischen Inseln mit Baumaterial für unterschiedlichste Zwecke.\n\nIm Jahre 1991 gelang es dem Heimatverein Haren (Ems) e.V., das Wattmotorschiff vor dem Abwracken zu retten. Im Innern dieses Museumsschiffes findet man:","stat_von":245,"akz":"27014-Stadt Haren-475/2022","denkmal":"Nein","bez_urpl":"Bootssteg oh Schleuse I (Schiffahrtsmuseum) links","Nr_WR":null,"tmp":1532,"id_bw_son_pun":173,"foto1":"https://nlwkn.hannit-share.de/index.php/core/preview?fileId=11063158&x=1280&y=819&a=true","foto2":"https://nlwkn.hannit-share.de/index.php/core/preview?fileId=11063161&x=1280&y=819&a=true","foto3":null,"foto4":null,"y_coord":"52.788191","x_coord":"7.244219","y_coord_D":52.788190999999998,"x_coord_D":7.2442190000000002}},{"type":"Feature","id":282,"geometry":{"type":"Point","coordinates":[806396.30209999904,6943915.7743000016]},"properties":{"OBJECTID":282,"ID_con":1534,"bw_id":"HRK_SON_260","name":"Bootssteg 5 oberhalb Schleuse I (Emspünte Haren I)","km":"0+260","KTR":null,"FSK":"033103003002700004__","upflicht":"Schifffahrtsmuseum Haren","bauart":"Bootsanleger","baujahr":null,"GEW":"HRK","rwert":381582,"hwert":5850155,"link1":null,"link2":null,"bemerk":null,"beschreib":"Bootssteg oh Schleuse I (Schiffahrtsmuseum) links Emspünte Haren I.","beschreib_lang":null,"stat_von":260,"akz":"27014-Stadt Haren-475/2022","denkmal":"Nein","bez_urpl":"Bootssteg oh Schleuse I (Schiffahrtsmuseum) links","Nr_WR":null,"tmp":1534,"id_bw_son_pun":174,"foto1":"https://nlwkn.hannit-share.de/index.php/core/preview?fileId=11063188&x=1280&y=819&a=true","foto2":"https://nlwkn.hannit-share.de/index.php/core/preview?fileId=11063191&x=1280&y=819&a=true","foto3":null,"foto4":null,"y_coord":"52.788197","x_coord":"7.243981","y_coord_D":52.788196999999997,"x_coord_D":7.2439809999999998}},{"type":"Feature","id":283,"geometry":{"type":"Point","coordinates":[806368.33419999853,6943911.7797999978]},"properties":{"OBJECTID":283,"ID_con":1535,"bw_id":"HRK_SON_275","name":"Bootssteg 6 oberhalb Schleuse I (Emspünte Haren I)","km":"0+275","KTR":null,"FSK":"033103003002700004__","upflicht":"Schifffahrtsmuseum Haren","bauart":"Bootsanleger","baujahr":null,"GEW":"HRK","rwert":381565,"hwert":5850153,"link1":null,"link2":null,"bemerk":null,"beschreib":"Bootssteg oh Schleuse I (Schiffahrtsmuseum) links (Bootssteg 6 (Emspünte Haren I)","beschreib_lang":null,"stat_von":275,"akz":"27014-Stadt Haren-475/2022","denkmal":"Nein","bez_urpl":"Bootssteg oh Schleuse I (Schiffahrtsmuseum) links","Nr_WR":null,"tmp":1535,"id_bw_son_pun":175,"foto1":"https://nlwkn.hannit-share.de/index.php/core/preview?fileId=11063215&x=1280&y=819&a=true","foto2":null,"foto3":null,"foto4":null,"y_coord":"52.788175","x_coord":"7.24373","y_coord_D":52.788175000000003,"x_coord_D":7.2437300000000002}},{"type":"Feature","id":284,"geometry":{"type":"Point","coordinates":[806305.79890000075,6943903.628899999]},"properties":{"OBJECTID":284,"ID_con":1536,"bw_id":"HRK_SON_315","name":"Bootssteg 7 oberhalb Schleuse I (Spitzpünte Helene)","km":"0+315","KTR":null,"FSK":"033103003002700004__","upflicht":"Schifffahrtsmuseum Haren","bauart":"Bootsanleger","baujahr":null,"GEW":"HRK","rwert":381527,"hwert":5850149,"link1":null,"link2":null,"bemerk":null,"beschreib":"Bootssteg oh Schleuse I links für das Museumsschiff 'Helene'. Die Spitzpünte 'HELENE' wurde im Jahre 1890 bei der Werft Sibum in Haren (Ems) gebaut. Sie war für die 'Große Fahrt' ausgelegt und hatte eine Ladefähigkeit von 220 Tonnen.","beschreib_lang":"Die Spitzpünte 'HELENE' wurde im Jahre 1890 bei der Werft Sibum in Haren (Ems) gebaut. Sie war für die 'Große Fahrt' ausgelegt und hatte eine Ladefähigkeit von 220 Tonnen. Das von der Lehrlingswerkstatt der Meyer-Werft (Papenburg) in Eisen nachgebaute Museumsschiff ist insgesamt 40 m lang und 6,20 m breit; die Toppmastschonertakelung erreicht eine Höhe von 30 m.","stat_von":315,"akz":"27014-Stadt Haren-475/2022","denkmal":"Nein","bez_urpl":"Bootssteg oh Schleuse I (Schiffahrtsmuseum) links (Helene)","Nr_WR":null,"tmp":1536,"id_bw_son_pun":176,"foto1":"https://nlwkn.hannit-share.de/index.php/core/preview?fileId=11063218&x=1280&y=819&a=true","foto2":"https://nlwkn.hannit-share.de/index.php/core/preview?fileId=11063221&x=1280&y=819&a=true","foto3":"https://nlwkn.hannit-share.de/index.php/core/preview?fileId=11063224&x=1280&y=819&a=true","foto4":"https://nlwkn.hannit-share.de/index.php/core/preview?fileId=11063227&x=1280&y=819&a=true","y_coord":"52.788131","x_coord":"7.243168","y_coord_D":52.788131,"x_coord_D":7.2431679999999998}},{"type":"Feature","id":285,"geometry":{"type":"Point","coordinates":[805376.84250000119,6944287.9567999989]},"properties":{"OBJECTID":285,"ID_con":1547,"bw_id":"HRK_SON_980","name":"Bootsanleger Aldi Haren","km":"0+980","KTR":null,"FSK":"03310301600131______","upflicht":"Stadt Haren","bauart":"Bootsanleger","baujahr":null,"GEW":"HRK","rwert":380970,"hwert":5850395,"link1":null,"link2":null,"bemerk":null,"beschreib":"Bootsanleger Aldi Haren","beschreib_lang":null,"stat_von":980,"akz":"27014-Stadt Haren-475/2022","denkmal":"Nein","bez_urpl":"Bootsanleger Aldi Haren","Nr_WR":null,"tmp":1547,"id_bw_son_pun":382,"foto1":"https://nlwkn.hannit-share.de/index.php/core/preview?fileId=11063365&x=1280&y=819&a=true","foto2":"https://nlwkn.hannit-share.de/index.php/core/preview?fileId=11063368&x=1280&y=819&a=true","foto3":"https://nlwkn.hannit-share.de/index.php/core/preview?fileId=11063407&x=1280&y=819&a=true","foto4":"https://nlwkn.hannit-share.de/index.php/core/preview?fileId=11063410&x=1280&y=819&a=true","y_coord":"52.790219","x_coord":"7.234823","y_coord_D":52.790219,"x_coord_D":7.2348229999999996}},{"type":"Feature","id":286,"geometry":{"type":"Point","coordinates":[803731.34479999915,6945470.4650999978]},"properties":{"OBJECTID":286,"ID_con":1530,"bw_id":"HRK_SON_2225","name":"Steganlage","km":"2+225","KTR":null,"FSK":"033103014000020002__","upflicht":null,"bauart":"Steg","baujahr":null,"GEW":"HRK","rwert":379991,"hwert":5851134,"link1":null,"link2":null,"bemerk":null,"beschreib":"Steganlage","beschreib_lang":null,"stat_von":2225,"akz":null,"denkmal":"Nein","bez_urpl":"Steganlage","Nr_WR":null,"tmp":1530,"id_bw_son_pun":449,"foto1":"https://nlwkn.hannit-share.de/index.php/core/preview?fileId=11063401&x=1280&y=819&a=true","foto2":"https://nlwkn.hannit-share.de/index.php/core/preview?fileId=11063404&x=1280&y=819&a=true","foto3":null,"foto4":null,"y_coord":"52.796642","x_coord":"7.220042","y_coord_D":52.796641999999999,"x_coord_D":7.2200420000000003}},{"type":"Feature","id":287,"geometry":{"type":"Point","coordinates":[803739.22819999978,6945485.5583000034]},"properties":{"OBJECTID":287,"ID_con":2143,"bw_id":"HRK_SON_2226","name":"Treppe Außenböschung","km":"2+226","KTR":null,"FSK":"03310301400001______","upflicht":null,"bauart":"Böschungstreppe","baujahr":null,"GEW":"HRK","rwert":379996,"hwert":5851143,"link1":null,"link2":null,"bemerk":null,"beschreib":"Treppe Außenböschung","beschreib_lang":null,"stat_von":2226,"akz":null,"denkmal":"Nein","bez_urpl":null,"Nr_WR":null,"tmp":2143,"id_bw_son_pun":515,"foto1":null,"foto2":null,"foto3":null,"foto4":null,"y_coord":"52.796724","x_coord":"7.220112","y_coord_D":52.796723999999998,"x_coord_D":7.2201120000000003}},{"type":"Feature","id":288,"geometry":{"type":"Point","coordinates":[803467.37689999864,6945594.8452000022]},"properties":{"OBJECTID":288,"ID_con":1531,"bw_id":"HRK_SON_2415","name":"Steganlage","km":"2+415","KTR":null,"FSK":"033103014000020002__","upflicht":null,"bauart":"Steg","baujahr":null,"GEW":"HRK","rwert":379833,"hwert":5851213.0999999996,"link1":null,"link2":null,"bemerk":null,"beschreib":"Steganlage","beschreib_lang":null,"stat_von":2415,"akz":null,"denkmal":"Nein","bez_urpl":null,"Nr_WR":null,"tmp":1531,"id_bw_son_pun":448,"foto1":"https://nlwkn.hannit-share.de/index.php/core/preview?fileId=11063146&x=1280&y=819&a=true","foto2":"https://nlwkn.hannit-share.de/index.php/core/preview?fileId=11063149&x=1280&y=819&a=true","foto3":null,"foto4":null,"y_coord":"52.797318","x_coord":"7.21767","y_coord_D":52.797317999999997,"x_coord_D":7.21767}},{"type":"Feature","id":289,"geometry":{"type":"Point","coordinates":[803054.69209999964,6945789.6767000034]},"properties":{"OBJECTID":289,"ID_con":2127,"bw_id":"HRK_SON_2680","name":"Schaltschrank","km":"2+680","KTR":"MDWEN20100","FSK":"033103021000010001__","upflicht":"Stadt Haren / NLWKN","bauart":"Schaltschrank","baujahr":null,"GEW":"HRK","rwert":379586,"hwert":5851337,"link1":null,"link2":null,"bemerk":null,"beschreib":"Schaltschrank","beschreib_lang":null,"stat_von":2680,"akz":null,"denkmal":"Nein","bez_urpl":null,"Nr_WR":null,"tmp":2127,"id_bw_son_pun":503,"foto1":null,"foto2":null,"foto3":null,"foto4":null,"y_coord":"52.798376","x_coord":"7.213963","y_coord_D":52.798375999999998,"x_coord_D":7.2139629999999997}},{"type":"Feature","id":290,"geometry":{"type":"Point","coordinates":[799473.39059999958,6951210.5737000033]},"properties":{"OBJECTID":290,"ID_con":1540,"bw_id":"HRK_SON_6725","name":"Bootsanleger uh Schleuse 68","km":"6+725","KTR":"MBLEN20300","FSK":"03310302800025______","upflicht":"NLWKN","bauart":"Bootsanleger","baujahr":null,"GEW":"HRK","rwert":377500,"hwert":5854665,"link1":null,"link2":null,"bemerk":null,"beschreib":"Bootsanleger uh Schleuse 68 rechts","beschreib_lang":"Bootsanleger uh Schleuse 68 rechts","stat_von":6725,"akz":null,"denkmal":"Nein","bez_urpl":"Bootsanleger uh Schleuse 68 rechts","Nr_WR":null,"tmp":1540,"id_bw_son_pun":178,"foto1":"https://nlwkn.hannit-share.de/index.php/core/preview?fileId=11063152&x=1280&y=819&a=true","foto2":"https://nlwkn.hannit-share.de/index.php/core/preview?fileId=11063155&x=1280&y=819&a=true","foto3":"https://nlwkn.hannit-share.de/index.php/core/preview?fileId=11063287&x=1280&y=819&a=true","foto4":"https://nlwkn.hannit-share.de/index.php/core/preview?fileId=11063290&x=1280&y=819&a=true","y_coord":"52.827809","x_coord":"7.181792","y_coord_D":52.827809000000002,"x_coord_D":7.1817919999999997}},{"type":"Feature","id":291,"geometry":{"type":"Point","coordinates":[799405.62319999933,6951276.7709000036]},"properties":{"OBJECTID":291,"ID_con":1541,"bw_id":"HRK_SON_6780","name":"Infotafel Schleuse 68","km":"6+780","KTR":null,"FSK":"03173600300002______","upflicht":"NLWKN","bauart":"Infotafel","baujahr":"2006","GEW":"HRK","rwert":377460,"hwert":5854706,"link1":null,"link2":null,"bemerk":null,"beschreib":"Infotafel Schleuse 68","beschreib_lang":"Infotafel Schleuse 68","stat_von":6780,"akz":"02055-Veranstaltungen und Informationen-862/2022","denkmal":"Nein","bez_urpl":"Infotafel Schleuse 68","Nr_WR":null,"tmp":1541,"id_bw_son_pun":363,"foto1":"https://nlwkn.hannit-share.de/index.php/core/preview?fileId=11063281&x=1280&y=819&a=true","foto2":null,"foto3":null,"foto4":null,"y_coord":"52.828168","x_coord":"7.181183","y_coord_D":52.828167999999998,"x_coord_D":7.1811829999999999}},{"type":"Feature","id":292,"geometry":{"type":"Point","coordinates":[799218.82999999821,6951344.9164000005]},"properties":{"OBJECTID":292,"ID_con":2376,"bw_id":"HRK_SON_6900","name":"Lagerplatz Schleuse 68","km":"6+800","KTR":null,"FSK":"03173600300002______","upflicht":"NLWKN","bauart":"Lagerplatz","baujahr":null,"GEW":"HRK","rwert":377348,"hwert":5854750,"link1":null,"link2":null,"bemerk":null,"beschreib":"NLWKN, Betriebshof Georgsdorf, Lagerplatz Schleuse 68","beschreib_lang":"NLWKN, Betriebshof Georgsdorf, Lagerplatz Schleuse 68","stat_von":6800,"akz":"02311-Betriebshof Georgsdorf-572/2022","denkmal":"Nein","bez_urpl":"Lagerplatz Schleuse 68","Nr_WR":null,"tmp":2376,"id_bw_son_pun":593,"foto1":"https://nlwkn.hannit-share.de/index.php/core/preview?fileId=11063293&x=1280&y=819&a=true","foto2":"https://nlwkn.hannit-share.de/index.php/core/preview?fileId=11063284&x=1280&y=819&a=true","foto3":null,"foto4":"https://nlwkn.hannit-share.de/index.php/core/preview?fileId=11063332&x=1280&y=819&a=true","y_coord":"52.828538","x_coord":"7.179505","y_coord_D":52.828538000000002,"x_coord_D":7.1795049999999998}},{"type":"Feature","id":293,"geometry":{"type":"Point","coordinates":[799295.27430000156,6951262.3756000027]},"properties":{"OBJECTID":293,"ID_con":1542,"bw_id":"HRK_SON_6840","name":"Bootsanleger oberhalb Schleuse 68","km":"6+840","KTR":"MBLEN20300","FSK":"03173600300002______","upflicht":"NLWKN","bauart":"Bootsanleger","baujahr":null,"GEW":"HRK","rwert":377393,"hwert":5854699,"link1":null,"link2":null,"bemerk":null,"beschreib":"Bootsanleger oh Schleuse 68 rechts","beschreib_lang":"Bootsanleger oh Schleuse 68 rechts","stat_von":6840,"akz":null,"denkmal":"Nein","bez_urpl":"Bootsanleger oh Schleuse 68 rechts","Nr_WR":null,"tmp":1542,"id_bw_son_pun":181,"foto1":"https://nlwkn.hannit-share.de/index.php/core/preview?fileId=11063296&x=1280&y=819&a=true","foto2":"https://nlwkn.hannit-share.de/index.php/core/preview?fileId=11063299&x=1280&y=819&a=true","foto3":"https://nlwkn.hannit-share.de/index.php/core/preview?fileId=11063302&x=1280&y=819&a=true","foto4":"https://nlwkn.hannit-share.de/index.php/core/preview?fileId=11063305&x=1280&y=819&a=true","y_coord":"52.82809","x_coord":"7.180192","y_coord_D":52.828090000000003,"x_coord_D":7.1801919999999999}},{"type":"Feature","id":294,"geometry":{"type":"Point","coordinates":[799284.59250000119,6951358.181400001]},"properties":{"OBJECTID":294,"ID_con":1543,"bw_id":"HRK_SON_6860","name":"Betriebsanleger/-hafen (schwimmendes Bootshaus im Kanalstich)","km":"6+860","KTR":"MDDEN20100","FSK":"031736031000250015__","upflicht":"NLWKN","bauart":"Betriebsanleger/-hafen (schwimmendes Bootshaus)","baujahr":"2003-2004","GEW":"HRK","rwert":377388,"hwert":5854757,"link1":null,"link2":null,"bemerk":null,"beschreib":"schwimmendes Bootshaus im Kanalstich links","beschreib_lang":"schwimmendes Bootshaus im Kanalstich links","stat_von":6860,"akz":"62026-07-16-03","denkmal":"Nein","bez_urpl":"schwimmendes Bootshaus im Kanalstich links","Nr_WR":null,"tmp":1543,"id_bw_son_pun":179,"foto1":"https://nlwkn.hannit-share.de/index.php/core/preview?fileId=11063308&x=1280&y=819&a=true","foto2":"https://nlwkn.hannit-share.de/index.php/core/preview?fileId=11063311&x=1280&y=819&a=true","foto3":"https://nlwkn.hannit-share.de/index.php/core/preview?fileId=11063314&x=1280&y=819&a=true","foto4":"https://nlwkn.hannit-share.de/index.php/core/preview?fileId=11063317&x=1280&y=819&a=true","y_coord":"52.82861","x_coord":"7.180096","y_coord_D":52.828609999999998,"x_coord_D":7.1800959999999998}},{"type":"Feature","id":295,"geometry":{"type":"Point","coordinates":[799214.41959999874,6951323.2699000016]},"properties":{"OBJECTID":295,"ID_con":1544,"bw_id":"HRK_SON_6900","name":"Bootsanleger LKG II (Betriebsanleger)","km":"6+900","KTR":"MDDEN20100","FSK":"03173600300002______","upflicht":"NLWKN","bauart":"Bootsanleger","baujahr":"2003-2004","GEW":"HRK","rwert":377345,"hwert":5854737,"link1":null,"link2":null,"bemerk":null,"beschreib":"Bootsanleger LKG I oberhalb Schleuse 68","beschreib_lang":"Bootsanleger LKG I oberhalb Schleuse 68","stat_von":6900,"akz":null,"denkmal":"Nein","bez_urpl":"Bootsanleger LKG I oberhalb Schleuse 68","Nr_WR":null,"tmp":1544,"id_bw_son_pun":180,"foto1":"https://nlwkn.hannit-share.de/index.php/core/preview?fileId=11063323&x=1280&y=819&a=true","foto2":"https://nlwkn.hannit-share.de/index.php/core/preview?fileId=11063326&x=1280&y=819&a=true","foto3":"https://nlwkn.hannit-share.de/index.php/core/preview?fileId=11063329&x=1280&y=819&a=true","foto4":null,"y_coord":"52.828421","x_coord":"7.179465","y_coord_D":52.828420999999999,"x_coord_D":7.1794650000000004}},{"type":"Feature","id":296,"geometry":{"type":"Point","coordinates":[799117.76110000163,6951355.6018000022]},"properties":{"OBJECTID":296,"ID_con":1545,"bw_id":"HRK_SON_6960","name":"Schutzhütte mit Bank","km":"6+960","KTR":null,"FSK":"03173600300002______","upflicht":"Stadt Haren??","bauart":"Schutzhütte","baujahr":null,"GEW":"HRK","rwert":377287,"hwert":5854758,"link1":null,"link2":null,"bemerk":null,"beschreib":"Schutzhütte mit Bank","beschreib_lang":null,"stat_von":6960,"akz":null,"denkmal":"Nein","bez_urpl":null,"Nr_WR":null,"tmp":1545,"id_bw_son_pun":432,"foto1":"https://nlwkn.hannit-share.de/index.php/core/preview?fileId=11063353&x=1280&y=819&a=true","foto2":"https://nlwkn.hannit-share.de/index.php/core/preview?fileId=11063356&x=1280&y=819&a=true","foto3":"https://nlwkn.hannit-share.de/index.php/core/preview?fileId=11063359&x=1280&y=819&a=true","foto4":"https://nlwkn.hannit-share.de/index.php/core/preview?fileId=11063362&x=1280&y=819&a=true","y_coord":"52.828596","x_coord":"7.178597","y_coord_D":52.828595999999997,"x_coord_D":7.1785969999999999}},{"type":"Feature","id":297,"geometry":{"type":"Point","coordinates":[798801.27490000054,6951455.2298000008]},"properties":{"OBJECTID":297,"ID_con":1546,"bw_id":"HRK_SON_7160","name":"Grundwassermessstelle Amprion","km":"7+160","KTR":null,"FSK":"031736003000010001__","upflicht":"Amprion GmbH","bauart":"Grundwassermessstelle","baujahr":"2021","GEW":"HRK","rwert":377097,"hwert":5854823,"link1":null,"link2":null,"bemerk":null,"beschreib":"Grundwassermessstelle Amprion","beschreib_lang":null,"stat_von":7160,"akz":"32341-06","denkmal":"Nein","bez_urpl":"Grundwassermessstelle Amprion rechts","Nr_WR":null,"tmp":1546,"id_bw_son_pun":368,"foto1":null,"foto2":null,"foto3":null,"foto4":null,"y_coord":"52.829137","x_coord":"7.175754","y_coord_D":52.829137000000003,"x_coord_D":7.1757540000000004}},{"type":"Feature","id":298,"geometry":{"type":"Point","coordinates":[792964.09319999814,6953130.2687999979]},"properties":{"OBJECTID":298,"ID_con":1516,"bw_id":"HRK_SON_10835","name":"Bootsanleger uh Schleuse III","km":"10+835","KTR":"MBLEN20400","FSK":"031726021001430001__","upflicht":"NLWKN","bauart":"Bootsanleger","baujahr":null,"GEW":"HRK","rwert":373591,"hwert":5855925,"link1":null,"link2":null,"bemerk":null,"beschreib":"Bootsanleger uh Schleuse III links","beschreib_lang":"Bootsanleger uh Schleuse III links","stat_von":10835,"akz":null,"denkmal":"Nein","bez_urpl":"Bootsanleger uh Schleuse III links","Nr_WR":null,"tmp":1516,"id_bw_son_pun":184,"foto1":"https://nlwkn.hannit-share.de/index.php/core/preview?fileId=11062900&x=1280&y=819&a=true","foto2":"https://nlwkn.hannit-share.de/index.php/core/preview?fileId=11062903&x=1280&y=819&a=true","foto3":"https://nlwkn.hannit-share.de/index.php/core/preview?fileId=11062906&x=1280&y=819&a=true","foto4":"https://nlwkn.hannit-share.de/index.php/core/preview?fileId=11062909&x=1280&y=819&a=true","y_coord":"52.838228","x_coord":"7.123318","y_coord_D":52.838228000000001,"x_coord_D":7.1233180000000003}},{"type":"Feature","id":299,"geometry":{"type":"Point","coordinates":[792915.41750000045,6953158.818400003]},"properties":{"OBJECTID":299,"ID_con":1517,"bw_id":"HRK_SON_10870","name":"Infotafel Schleuse III","km":"10+870","KTR":null,"FSK":"031726021001430001__","upflicht":"NLWKN","bauart":"Infotafel","baujahr":null,"GEW":"HRK","rwert":373562,"hwert":5855943,"link1":null,"link2":null,"bemerk":"Tafel umstellen??","beschreib":"Infotafel Schleuse III","beschreib_lang":"Infotafel Schleuse III","stat_von":10870,"akz":"02055-Veranstaltungen und Informationen-862/2022","denkmal":"Nein","bez_urpl":null,"Nr_WR":null,"tmp":1517,"id_bw_son_pun":364,"foto1":"https://nlwkn.hannit-share.de/index.php/core/preview?fileId=11062912&x=1280&y=819&a=true","foto2":"https://nlwkn.hannit-share.de/index.php/core/preview?fileId=11062915&x=1280&y=819&a=true","foto3":"https://nlwkn.hannit-share.de/index.php/core/preview?fileId=11062918&x=1280&y=819&a=true","foto4":"https://nlwkn.hannit-share.de/index.php/core/preview?fileId=11062921&x=1280&y=819&a=true","y_coord":"52.838382","x_coord":"7.12288","y_coord_D":52.838382000000003,"x_coord_D":7.1228800000000003}},{"type":"Feature","id":300,"geometry":{"type":"Point","coordinates":[792819.40309999883,6953164.5883999988]},"properties":{"OBJECTID":300,"ID_con":1518,"bw_id":"HRK_SON_10930","name":"Bootsanleger oh Schleuse III rechts","km":"10+930","KTR":"MBLEN20400","FSK":"031726021001430001__","upflicht":"NLWKN","bauart":"Bootsanleger","baujahr":null,"GEW":"HRK","rwert":373504,"hwert":5855948,"link1":null,"link2":null,"bemerk":null,"beschreib":"Bootsanleger oh Schleuse III rechts","beschreib_lang":"Bootsanleger oh Schleuse III rechts","stat_von":10930,"akz":null,"denkmal":"Nein","bez_urpl":"Bootsanleger oh Schleuse III rechts","Nr_WR":null,"tmp":1518,"id_bw_son_pun":166,"foto1":"https://nlwkn.hannit-share.de/index.php/core/preview?fileId=11062924&x=1280&y=819&a=true","foto2":"https://nlwkn.hannit-share.de/index.php/core/preview?fileId=11062927&x=1280&y=819&a=true","foto3":"https://nlwkn.hannit-share.de/index.php/core/preview?fileId=11062930&x=1280&y=819&a=true","foto4":null,"y_coord":"52.838414","x_coord":"7.122018","y_coord_D":52.838414,"x_coord_D":7.1220179999999997}},{"type":"Feature","id":301,"geometry":{"type":"Point","coordinates":[792471.1464000009,6953399.0251000002]},"properties":{"OBJECTID":301,"ID_con":2474,"bw_id":"HRK_SON_11180","name":"Rastplatz Hinterm Busch (Pflasterfläche, Pavillion, Sitzgelegenheiten)","km":"11+180","KTR":null,"FSK":"03172602400039______","upflicht":"Stadt Haren","bauart":"Rastplatz / Wartehäuschen","baujahr":"2013 / 2022","GEW":"HRK","rwert":373297,"hwert":5856095,"link1":null,"link2":null,"bemerk":null,"beschreib":"Rastplatz Hinterm Busch, Bereich K202/B408 nördlich des Haren-Rütenbrock-Kanals. Im Einzelnen: Pflasterfläche, Pavillon, Sitzgelegenheiten, Fahrradanlehnbügeln,  Aufstellen von Mülleimern,  Aufstellen einer Informationstafel","beschreib_lang":null,"stat_von":11180,"akz":null,"denkmal":"Nein","bez_urpl":"Rastplatz Hinterm Busch (Pflasterfläche, Pavillion, Sitzgelegenheiten)","Nr_WR":null,"tmp":2474,"id_bw_son_pun":618,"foto1":"https://nlwkn.hannit-share.de/index.php/core/preview?fileId=11062954&x=1280&y=819&a=true","foto2":"https://nlwkn.hannit-share.de/index.php/core/preview?fileId=11062957&x=1280&y=819&a=true","foto3":"https://nlwkn.hannit-share.de/index.php/core/preview?fileId=11062960&x=1280&y=819&a=true","foto4":"https://nlwkn.hannit-share.de/index.php/core/preview?fileId=11062963&x=1280&y=819&a=true","y_coord":"52.839686","x_coord":"7.118889","y_coord_D":52.839686,"x_coord_D":7.1188890000000002}},{"type":"Feature","id":302,"geometry":{"type":"Point","coordinates":[789205.42689999938,6954943.2541000023]},"properties":{"OBJECTID":302,"ID_con":1520,"bw_id":"HRK_SON_13360","name":"Bootsanleger uh Grenzschleuse links","km":"13+360","KTR":"MBLEN20500","FSK":"031726023000470001__","upflicht":"NLWKN","bauart":"Bootsanleger","baujahr":null,"GEW":"HRK","rwert":371346,"hwert":5857079,"link1":null,"link2":null,"bemerk":null,"beschreib":"Bootsanleger uh Grenzschleuse links","beschreib_lang":"Bootsanleger uh Grenzschleuse links","stat_von":13360,"akz":null,"denkmal":"Nein","bez_urpl":"Bootsanleger uh Grenzschleuse links","Nr_WR":null,"tmp":1520,"id_bw_son_pun":165,"foto1":"https://nlwkn.hannit-share.de/index.php/core/preview?fileId=11063029&x=1280&y=819&a=true","foto2":"https://nlwkn.hannit-share.de/index.php/core/preview?fileId=11063032&x=1280&y=819&a=true","foto3":"https://nlwkn.hannit-share.de/index.php/core/preview?fileId=11063035&x=1280&y=819&a=true","foto4":null,"y_coord":"52.848064","x_coord":"7.089553","y_coord_D":52.848064000000001,"x_coord_D":7.0895530000000004}},{"type":"Feature","id":303,"geometry":{"type":"Point","coordinates":[789128.20300000161,6954987.5992000028]},"properties":{"OBJECTID":303,"ID_con":1521,"bw_id":"HRK_SON_13420","name":"Infotafel Grenzschleuse","km":"13+420","KTR":null,"FSK":"031726023000470001__","upflicht":"NLWKN","bauart":"Infotafel","baujahr":"2006","GEW":"HRK","rwert":371300,"hwert":5857107,"link1":null,"link2":null,"bemerk":null,"beschreib":"Infotafel Grenzschleuse","beschreib_lang":"Infotafel Grenzschleuse","stat_von":13420,"akz":"02055-Veranstaltungen und Informationen-862/2022","denkmal":"Nein","bez_urpl":null,"Nr_WR":null,"tmp":1521,"id_bw_son_pun":365,"foto1":"https://nlwkn.hannit-share.de/index.php/core/preview?fileId=11063038&x=1280&y=819&a=true","foto2":null,"foto3":null,"foto4":null,"y_coord":"52.848305","x_coord":"7.088859","y_coord_D":52.848305000000003,"x_coord_D":7.0888590000000002}},{"type":"Feature","id":304,"geometry":{"type":"Point","coordinates":[789116.41899999976,6954995.5714000016]},"properties":{"OBJECTID":304,"ID_con":1522,"bw_id":"HRK_SON_13425","name":"Grenzschleuse Betriebsgebäude","km":"13+425","KTR":"MBLEN20500","FSK":"03172602300044______","upflicht":"NLWKN","bauart":"Betriebgebäude","baujahr":null,"GEW":"HRK","rwert":371293,"hwert":5857112,"link1":null,"link2":null,"bemerk":null,"beschreib":"Grenzschleuse Betriebsgebäude links","beschreib_lang":"Grenzschleuse Betriebsgebäude links","stat_von":13425,"akz":"62026-Haren-Rütenbrock-Kanal (HRK) Schleuse IV Grenzscshleuse-572/2023","denkmal":"Nein","bez_urpl":"Grenzschleuse Betriebsgebäude links","Nr_WR":null,"tmp":1522,"id_bw_son_pun":366,"foto1":"https://nlwkn.hannit-share.de/index.php/core/preview?fileId=11063041&x=1280&y=819&a=true","foto2":"https://nlwkn.hannit-share.de/index.php/core/preview?fileId=11063044&x=1280&y=819&a=true","foto3":"https://nlwkn.hannit-share.de/index.php/core/preview?fileId=11063047&x=1280&y=819&a=true","foto4":"https://nlwkn.hannit-share.de/index.php/core/preview?fileId=11063050&x=1280&y=819&a=true","y_coord":"52.848348","x_coord":"7.088753","y_coord_D":52.848348000000001,"x_coord_D":7.0887529999999996}},{"type":"Feature","id":305,"geometry":{"type":"Point","coordinates":[789058.94900000095,6954980.7806999981]},"properties":{"OBJECTID":305,"ID_con":1523,"bw_id":"HRK_SON_13450","name":"Bootsanleger oh Grenzschleuse rechts","km":"13+450","KTR":"MBLEN20500","FSK":"031726023000450001__","upflicht":"NLWKN","bauart":"Bootsanleger","baujahr":null,"GEW":"HRK","rwert":371258,"hwert":5857104,"link1":null,"link2":null,"bemerk":null,"beschreib":"Bootsanleger oh Grenzschleuse rechts","beschreib_lang":"Bootsanleger oh Grenzschleuse rechts","stat_von":13450,"akz":null,"denkmal":"Nein","bez_urpl":"Bootsanleger oh Grenzschleuse rechts","Nr_WR":null,"tmp":1523,"id_bw_son_pun":163,"foto1":"https://nlwkn.hannit-share.de/index.php/core/preview?fileId=11063053&x=1280&y=819&a=true","foto2":"https://nlwkn.hannit-share.de/index.php/core/preview?fileId=11063056&x=1280&y=819&a=true","foto3":null,"foto4":null,"y_coord":"52.848268","x_coord":"7.088237","y_coord_D":52.848267999999997,"x_coord_D":7.0882370000000003}},{"type":"Feature","id":306,"geometry":{"type":"Point","coordinates":[789065.80279999971,6955033.9965000004]},"properties":{"OBJECTID":306,"ID_con":1524,"bw_id":"HRK_SON_13460","name":"Schutzhütte Grenzschleuse","km":"13+460","KTR":null,"FSK":"03172602300001______","upflicht":"??","bauart":"Schutzhütte","baujahr":null,"GEW":"HRK","rwert":371263,"hwert":5857136,"link1":null,"link2":null,"bemerk":null,"beschreib":"Schutzhütte Grenzschleuse","beschreib_lang":null,"stat_von":13460,"akz":null,"denkmal":"Nein","bez_urpl":null,"Nr_WR":null,"tmp":1524,"id_bw_son_pun":164,"foto1":"https://nlwkn.hannit-share.de/index.php/core/preview?fileId=11063059&x=1280&y=819&a=true","foto2":"https://nlwkn.hannit-share.de/index.php/core/preview?fileId=11063062&x=1280&y=819&a=true","foto3":"https://nlwkn.hannit-share.de/index.php/core/preview?fileId=11063065&x=1280&y=819&a=true","foto4":"https://nlwkn.hannit-share.de/index.php/core/preview?fileId=11063068&x=1280&y=819&a=true","y_coord":"52.848557","x_coord":"7.088299","y_coord_D":52.848557,"x_coord_D":7.0882990000000001}},{"type":"Feature","id":307,"geometry":{"type":"Point","coordinates":[789030.16099999845,6955006.5293999985]},"properties":{"OBJECTID":307,"ID_con":1525,"bw_id":"HRK_SON_13475","name":"Grenze zu den Niederlanden","km":"13+475","KTR":null,"FSK":"031726023000450001__","upflicht":null,"bauart":"Grenze","baujahr":null,"GEW":"HRK","rwert":371241,"hwert":5857120,"link1":null,"link2":null,"bemerk":null,"beschreib":"Grenze zu den Niederlanden","beschreib_lang":null,"stat_von":13475,"akz":null,"denkmal":"Nein","bez_urpl":null,"Nr_WR":null,"tmp":1525,"id_bw_son_pun":162,"foto1":"https://nlwkn.hannit-share.de/index.php/core/preview?fileId=11063071&x=1280&y=819&a=true","foto2":"https://nlwkn.hannit-share.de/index.php/core/preview?fileId=11063074&x=1280&y=819&a=true","foto3":null,"foto4":null,"y_coord":"52.848408","x_coord":"7.087979","y_coord_D":52.848407999999999,"x_coord_D":7.0879789999999998}},{"type":"Feature","id":308,"geometry":{"type":"Point","coordinates":[786068.4963000007,6879316.2967000008]},"properties":{"OBJECTID":308,"ID_con":2138,"bw_id":"KOR_SON_0","name":"Böschungstreppe mit Geländer uh Brücke Stadtring","km":"0+000","KTR":null,"FSK":"033151006000010096__","upflicht":null,"bauart":"Böschungstreppe","baujahr":null,"GEW":"KOR","rwert":368215,"hwert":5811282,"link1":null,"link2":null,"bemerk":null,"beschreib":"Böschungstreppe mit Geländer uh Brücke Stadtring","beschreib_lang":null,"stat_von":0,"akz":null,"denkmal":"Nein","bez_urpl":"Böschungstreppe mit Geländer uh Brücke Stadtring","Nr_WR":null,"tmp":2138,"id_bw_son_pun":513,"foto1":null,"foto2":null,"foto3":null,"foto4":null,"y_coord":"52.435832","x_coord":"7.061373","y_coord_D":52.435831999999998,"x_coord_D":7.0613729999999997}},{"type":"Feature","id":309,"geometry":{"type":"Point","coordinates":[786114.80260000005,6879299.4820000008]},"properties":{"OBJECTID":309,"ID_con":2139,"bw_id":"KOR_SON_495","name":"Böschungstreppe mit Geländer oh. Brücke Stadtring","km":"0+495","KTR":null,"FSK":"033151006000010088__","upflicht":null,"bauart":"Böschungstreppe","baujahr":null,"GEW":"KOR","rwert":368243,"hwert":5811271,"link1":null,"link2":null,"bemerk":null,"beschreib":"Böschungstreppe mit Geländer oh. Brücke Stadtring","beschreib_lang":null,"stat_von":495,"akz":null,"denkmal":"Nein","bez_urpl":"Böschungstreppe mit Geländer oh. Brücke Stadtring","Nr_WR":null,"tmp":2139,"id_bw_son_pun":514,"foto1":"https://nlwkn.hannit-share.de/index.php/core/preview?fileId=11062219&x=1280&y=819&a=true","foto2":null,"foto3":null,"foto4":null,"y_coord":"52.43574","x_coord":"7.061789","y_coord_D":52.435740000000003,"x_coord_D":7.0617890000000001}},{"type":"Feature","id":310,"geometry":{"type":"Point","coordinates":[786881.62510000169,6878978.5733999982]},"properties":{"OBJECTID":310,"ID_con":2632,"bw_id":"KOR_SON_1040","name":"Böschungstreppe","km":"1+040","KTR":null,"FSK":"033151016001530010__","upflicht":"Stadt Nordhorn","bauart":"Böschungstreppe","baujahr":"??","GEW":"KOR","rwert":368706,"hwert":5811063,"link1":null,"link2":null,"bemerk":"Zuständigkeit??","beschreib":"Böschungstreppe links unterhalb Kornmühlenwehr","beschreib_lang":"Böschungstreppe links unterhalb Kornmühlenwehr","stat_von":1040,"akz":null,"denkmal":"Nein","bez_urpl":"Böschungstreppe","Nr_WR":null,"tmp":2632,"id_bw_son_pun":671,"foto1":"https://nlwkn.hannit-share.de/index.php/core/preview?fileId=12044108&x=1280&y=819&a=true","foto2":"https://nlwkn.hannit-share.de/index.php/core/preview?fileId=12044125&x=1280&y=819&a=true","foto3":"https://nlwkn.hannit-share.de/index.php/core/preview?fileId=12044124&x=1280&y=819&a=true","foto4":"https://nlwkn.hannit-share.de/index.php/core/preview?fileId=12044123&x=1280&y=819&a=true","y_coord":"52.433982","x_coord":"7.068678","y_coord_D":52.433982,"x_coord_D":7.0686780000000002}},{"type":"Feature","id":311,"geometry":{"type":"Point","coordinates":[786881.62510000169,6878978.5733999982]},"properties":{"OBJECTID":311,"ID_con":2632,"bw_id":"KOR_SON_1040","name":"Böschungstreppe","km":"1+040","KTR":null,"FSK":"033151016001530010__","upflicht":"Stadt Nordhorn","bauart":"Böschungstreppe","baujahr":"??","GEW":"KOR","rwert":368706,"hwert":5811063,"link1":null,"link2":null,"bemerk":"Zuständigkeit??","beschreib":"Böschungstreppe links unterhalb Kornmühlenwehr","beschreib_lang":"Böschungstreppe links unterhalb Kornmühlenwehr","stat_von":1040,"akz":null,"denkmal":"Nein","bez_urpl":"Böschungstreppe","Nr_WR":null,"tmp":2632,"id_bw_son_pun":670,"foto1":"https://nlwkn.hannit-share.de/index.php/core/preview?fileId=12044108&x=1280&y=819&a=true","foto2":"https://nlwkn.hannit-share.de/index.php/core/preview?fileId=12044125&x=1280&y=819&a=true","foto3":"https://nlwkn.hannit-share.de/index.php/core/preview?fileId=12044124&x=1280&y=819&a=true","foto4":"https://nlwkn.hannit-share.de/index.php/core/preview?fileId=12044123&x=1280&y=819&a=true","y_coord":"52.433982","x_coord":"7.068678","y_coord_D":52.433982,"x_coord_D":7.0686780000000002}},{"type":"Feature","id":312,"geometry":{"type":"Point","coordinates":[786927.50890000165,6879038.9063000008]},"properties":{"OBJECTID":312,"ID_con":1548,"bw_id":"KOR_SON_1080","name":"Betriebsgebäude (Wehrsteuerung Kornmühle)","km":"1+080","KTR":"MBGVE00800","FSK":"033151016001100005__","upflicht":"NLWKN","bauart":"Betriebsgebäude","baujahr":"1988","GEW":"KOR","rwert":368735,"hwert":5811099,"link1":null,"link2":null,"bemerk":null,"beschreib":"Betriebsgebäude Kornmühlenwehr Nordhorn mit Steuereinrichtungen und Hydraulik","beschreib_lang":null,"stat_von":1080,"akz":"62026-Vechte Korn- und Sägemühlenwehr-578/2023","denkmal":"Nein","bez_urpl":"Betriebsgebäude (Wehrsteuerung)","Nr_WR":null,"tmp":1548,"id_bw_son_pun":276,"foto1":"https://nlwkn.hannit-share.de/index.php/core/preview?fileId=11062193&x=1280&y=819&a=true","foto2":"https://nlwkn.hannit-share.de/index.php/core/preview?fileId=11062196&x=1280&y=819&a=true","foto3":"https://nlwkn.hannit-share.de/index.php/core/preview?fileId=11062199&x=1280&y=819&a=true","foto4":"https://nlwkn.hannit-share.de/index.php/core/preview?fileId=11062202&x=1280&y=819&a=true","y_coord":"52.434312","x_coord":"7.06909","y_coord_D":52.434311999999998,"x_coord_D":7.0690900000000001}},{"type":"Feature","id":313,"geometry":{"type":"Point","coordinates":[786936.60979999974,6879004.6730000004]},"properties":{"OBJECTID":313,"ID_con":2436,"bw_id":"KOR_SON_1081","name":"Sägemühle Nordhorn","km":"1+081","KTR":null,"FSK":"033151016001140036__","upflicht":"Stadt Nordhorn","bauart":"Sonstige Gebäude","baujahr":"1873","GEW":"KOR","rwert":368740,"hwert":5811078,"link1":null,"link2":null,"bemerk":null,"beschreib":"Ehemalige Korn- und Sägemühle an der Vechte in Nordhorn (hier die Sägemühle). Die Gebäude wurden vermutlich im frühen 18. Jahrhundert errichtet. Heute werden die sanierten Bauten für kulturelle Veranstaltungen genutzt.","beschreib_lang":"Ehemalige Korn- und Sägemühle an der Vechte in Nordhorn (hier die Sägemühle). Die Gebäude wurden vermutlich im frühen 18. Jahrhundert errichtet. Heute werden die sanierten Bauten für kulturelle Veranstaltungen genutzt.\n\nNebengebäude des Kornmühlenkomplexes auf der anderen Seite des Mühlgrabens, ehemalige Sägemühle. Auf der Mauer des Wehrs stehender eingeschossiger Fachwerkbau mit Satteldach, großes Eingangstor, rückwärtig Anbau mit Pultdach. Erbaut 1873.\n\nAn der Erhaltung des Nebengebäudes besteht aufgrund seiner geschichtlichen Bedeutung ein öffentliches Interesse.","stat_von":1081,"akz":null,"denkmal":"Ja","bez_urpl":"Sägemühle Nordhorn","Nr_WR":null,"tmp":2436,"id_bw_son_pun":609,"foto1":"https://nlwkn.hannit-share.de/index.php/core/preview?fileId=7627575&x=1280&y=819&a=true","foto2":"https://nlwkn.hannit-share.de/index.php/core/preview?fileId=11062207&x=1280&y=819&a=true","foto3":"https://nlwkn.hannit-share.de/index.php/core/preview?fileId=11062210&x=1280&y=819&a=true","foto4":"https://nlwkn.hannit-share.de/index.php/core/preview?fileId=11062213&x=1280&y=819&a=true","y_coord":"52.434125","x_coord":"7.069172","y_coord_D":52.434125000000002,"x_coord_D":7.069172}},{"type":"Feature","id":314,"geometry":{"type":"Point","coordinates":[784971.67069999874,6872786.0515000001]},"properties":{"OBJECTID":314,"ID_con":2447,"bw_id":"NAK_SON_0","name":"Absperrdamm und Querung der Rammelbecke","km":"0+000","KTR":null,"FSK":"033151010000880009__","upflicht":"NLWKN; UHV 114??","bauart":"Absperrdamm u. Querung","baujahr":"1961","GEW":"NAK","rwert":367438,"hwert":5807321,"link1":null,"link2":null,"bemerk":null,"beschreib":"Absperrdamm und Querung der Rammelbecke. 1961 wurde der Kanal auf niederländischer Seite zugeschüttet.","beschreib_lang":null,"stat_von":0,"akz":null,"denkmal":"Nein","bez_urpl":"Absperrdamm und Querung der Rammelbecke","Nr_WR":null,"tmp":2447,"id_bw_son_pun":612,"foto1":"https://nlwkn.hannit-share.de/index.php/core/preview?fileId=11061971&x=1280&y=819&a=true","foto2":null,"foto3":null,"foto4":null,"y_coord":"52.400054","x_coord":"7.05152","y_coord_D":52.400053999999997,"x_coord_D":7.05152}},{"type":"Feature","id":315,"geometry":{"type":"Point","coordinates":[785165.34860000014,6872947.1327000037]},"properties":{"OBJECTID":315,"ID_con":1549,"bw_id":"NAK_SON_155","name":"Altes Zollhaus","km":"0+155","KTR":null,"FSK":"033151010003390052__","upflicht":"Stadt Nordhorn","bauart":"Gebäude","baujahr":"2017/19","GEW":"NAK","rwert":367559,"hwert":5807416,"link1":null,"link2":null,"bemerk":null,"beschreib":"Das rund 115 Jahre alte Baudenkmal war in allerletzter Minute vor dem Verfall gerettet worden und ist nun ein Ort der Begegnung.","beschreib_lang":"Das rund 115 Jahre alte Baudenkmal war in allerletzter Minute vor dem Verfall gerettet worden und ist nun ein Ort der Begegnung.\nDer Zollschuppen ist eines jener Bauwerke, mit dem der preußische Staat Ende des 19. Jahrhunderts seine Westgrenze besser sichern wollte. Wohl schon seit 1898 sei im Zuge des Ausbaus der linksemsischen Kanäle die Errichtung einer Zollabfertigung an der Grenze in Frensdorferhaar geplant worden. In den Jahren 1904/05 wurde der Schuppen fertiggestellt und in Betrieb genommen. Als Zollstation hatte er eigentlich schon vor dem Zweiten Weltkrieg ausgedient. Nach 1945 fristete er ein Schattendasein, wurde schließlich als „Partybude“ in private Hände verkauft und fiel spätestens Mitte der 1980er-Jahre in einen Dornröschenschlaf als Lagerschuppen.\nDie Restaurierung dieses Baudenkmals ist buchstäblich in allerletzter Minute gelungen.. Sie konnte erst nach mehrjährigen Verhandlungen und Abstimmungen überhaupt beginnen.\nKniffelige Grundstücksfragen und Wegerechte, die strengen Auflagen des Naturschutzes und nicht zuletzt der Zustand des Gebäudes, der viel schlechter war als anfangs erwartet, waren große Herausforderungen gewesen. \nDie Sanierungskosten für das Bauwerk belaufen sich auf rund 280.000 Euro. Sie wurden aus verschiedenen Zuschussprogrammen gefördert, unter anderem mit 114.000 Euro aus dem Leader-Programm der EU.","stat_von":155,"akz":null,"denkmal":"Ja","bez_urpl":"Altes Zollhaus (auf Stelzen) links","Nr_WR":null,"tmp":1549,"id_bw_son_pun":286,"foto1":"https://nlwkn.hannit-share.de/index.php/core/preview?fileId=11062004&x=1280&y=819&a=true","foto2":"https://nlwkn.hannit-share.de/index.php/core/preview?fileId=11061974&x=1280&y=819&a=true","foto3":"https://nlwkn.hannit-share.de/index.php/core/preview?fileId=11061977&x=1280&y=819&a=true","foto4":"https://nlwkn.hannit-share.de/index.php/core/preview?fileId=11061980&x=1280&y=819&a=true","y_coord":"52.400937","x_coord":"7.05326","y_coord_D":52.400936999999999,"x_coord_D":7.0532599999999999}},{"type":"Feature","id":316,"geometry":{"type":"Point","coordinates":[785272.30689999834,6872986.1115999967]},"properties":{"OBJECTID":316,"ID_con":1550,"bw_id":"NAK_SON_210","name":"Schutzhütte oh Schleuse Frensdorfer Haar","km":"0+210","KTR":null,"FSK":"033151010000710105__","upflicht":"Stadt Nordhorn","bauart":"Schutzhütte","baujahr":"2021 ??","GEW":"NAK","rwert":367625,"hwert":5807438,"link1":null,"link2":null,"bemerk":null,"beschreib":"Schutzhütte (Raststation) oberhalb Schleuse Frensdorfer-Haar","beschreib_lang":null,"stat_von":210,"akz":null,"denkmal":"Nein","bez_urpl":"Schutzhütte oh Schleuse Frensdorfer Haar","Nr_WR":null,"tmp":1550,"id_bw_son_pun":452,"foto1":"https://nlwkn.hannit-share.de/index.php/core/preview?fileId=11062058&x=1280&y=819&a=true","foto2":"https://nlwkn.hannit-share.de/index.php/core/preview?fileId=11062007&x=1280&y=819&a=true","foto3":"https://nlwkn.hannit-share.de/index.php/core/preview?fileId=11062010&x=1280&y=819&a=true","foto4":"https://nlwkn.hannit-share.de/index.php/core/preview?fileId=11062013&x=1280&y=819&a=true","y_coord":"52.40115","x_coord":"7.054221","y_coord_D":52.401150000000001,"x_coord_D":7.0542210000000001}},{"type":"Feature","id":317,"geometry":{"type":"Point","coordinates":[785324.69330000132,6873107.2862000018]},"properties":{"OBJECTID":317,"ID_con":1876,"bw_id":"NAK_SON_290","name":"Infotafel Grenzschleuse NAK","km":"0+290","KTR":null,"FSK":"033151010000710105__","upflicht":"NLWKN","bauart":"Infotafel","baujahr":"2004","GEW":"NAK","rwert":367659,"hwert":5807511,"link1":null,"link2":null,"bemerk":null,"beschreib":"Infotafel Grenzschleuse NAK","beschreib_lang":"Infotafel Grenzschleuse NAK","stat_von":290,"akz":"02055-Veranstaltungen und Informationen-862/2022","denkmal":"Nein","bez_urpl":null,"Nr_WR":null,"tmp":1876,"id_bw_son_pun":472,"foto1":"https://nlwkn.hannit-share.de/index.php/core/preview?fileId=11062061&x=1280&y=819&a=true","foto2":null,"foto3":null,"foto4":null,"y_coord":"52.401814","x_coord":"7.054692","y_coord_D":52.401814000000002,"x_coord_D":7.0546920000000002}},{"type":"Feature","id":318,"geometry":{"type":"Point","coordinates":[785281.29549999908,6873138.9267999977]},"properties":{"OBJECTID":318,"ID_con":1551,"bw_id":"NAK_SON_295","name":"Böschungstreppe Schleuse Frensdorfer Haar","km":"0+295","KTR":null,"FSK":"033151010000710105__","upflicht":"NLWKN","bauart":"Böschungstreppe","baujahr":null,"GEW":"NAK","rwert":367633,"hwert":5807531,"link1":null,"link2":null,"bemerk":null,"beschreib":"Böschungstreppe Schleuse Frensdorfer Haar","beschreib_lang":"Böschungstreppe Schleuse Frensdorfer Haar","stat_von":295,"akz":null,"denkmal":"Nein","bez_urpl":"Böschungstreppe Schleuse Frensdorfer Haar","Nr_WR":null,"tmp":1551,"id_bw_son_pun":465,"foto1":"https://nlwkn.hannit-share.de/index.php/core/preview?fileId=11062082&x=1280&y=819&a=true","foto2":null,"foto3":null,"foto4":null,"y_coord":"52.401988","x_coord":"7.054302","y_coord_D":52.401988000000003,"x_coord_D":7.0543019999999999}},{"type":"Feature","id":319,"geometry":{"type":"Point","coordinates":[785319.17130000144,6873130.1053000018]},"properties":{"OBJECTID":319,"ID_con":1875,"bw_id":"NAK_SON_300","name":"Böschungstreppe links uh Brücke","km":"0+300","KTR":null,"FSK":"033151010000710105__","upflicht":"NLWKN","bauart":"Böschungstreppe","baujahr":null,"GEW":"NAK","rwert":367656,"hwert":5807525,"link1":null,"link2":null,"bemerk":null,"beschreib":"Böschungstreppe links uh Brücke","beschreib_lang":"Böschungstreppe links uh Brücke","stat_von":300,"akz":null,"denkmal":"Nein","bez_urpl":"Böschungstreppe links uh Brücke","Nr_WR":null,"tmp":1875,"id_bw_son_pun":471,"foto1":"https://nlwkn.hannit-share.de/index.php/core/preview?fileId=11062097&x=1280&y=819&a=true","foto2":null,"foto3":null,"foto4":null,"y_coord":"52.401939","x_coord":"7.054642","y_coord_D":52.401938999999999,"x_coord_D":7.0546420000000003}},{"type":"Feature","id":320,"geometry":{"type":"Point","coordinates":[785330.09019999951,6873150.0868000016]},"properties":{"OBJECTID":320,"ID_con":1552,"bw_id":"NAK_SON_315","name":"Böschungstreppe uh Schleuse (untere Böschung)","km":"0+315","KTR":null,"FSK":"033151010000710105__","upflicht":null,"bauart":"Böschungstreppe","baujahr":null,"GEW":"NAK","rwert":367663,"hwert":5807537,"link1":null,"link2":null,"bemerk":null,"beschreib":"Böschungstreppe uh Schleuse (untere Böschung)","beschreib_lang":null,"stat_von":315,"akz":null,"denkmal":"Nein","bez_urpl":null,"Nr_WR":null,"tmp":1552,"id_bw_son_pun":466,"foto1":"https://nlwkn.hannit-share.de/index.php/core/preview?fileId=11061983&x=1280&y=819&a=true","foto2":"https://nlwkn.hannit-share.de/index.php/core/preview?fileId=11062100&x=1280&y=819&a=true","foto3":"https://nlwkn.hannit-share.de/index.php/core/preview?fileId=11062103&x=1280&y=819&a=true","foto4":"https://nlwkn.hannit-share.de/index.php/core/preview?fileId=11062106&x=1280&y=819&a=true","y_coord":"52.402049","x_coord":"7.05474","y_coord_D":52.402048999999998,"x_coord_D":7.0547399999999998}},{"type":"Feature","id":321,"geometry":{"type":"Point","coordinates":[786345.34789999947,6875392.5063000023]},"properties":{"OBJECTID":321,"ID_con":2244,"bw_id":"NAK_SON_1815","name":"Trafohaus Brücke Nürnberger Weg","km":"1+815","KTR":null,"FSK":"033151051000010002__","upflicht":"??","bauart":"Trafostation","baujahr":null,"GEW":"NAK","rwert":368320,"hwert":5808887,"link1":null,"link2":null,"bemerk":"Vertrag suchen??","beschreib":"Trafohaus Brücke Nürnberger Weg","beschreib_lang":null,"stat_von":1815,"akz":null,"denkmal":"Nein","bez_urpl":"Trafohaus Brücke Nürnberger Weg","Nr_WR":null,"tmp":2244,"id_bw_son_pun":551,"foto1":"https://nlwkn.hannit-share.de/index.php/core/preview?fileId=11061983&x=1280&y=819&a=true","foto2":"https://nlwkn.hannit-share.de/index.php/core/preview?fileId=11061986&x=1280&y=819&a=true","foto3":"https://nlwkn.hannit-share.de/index.php/core/preview?fileId=11061989&x=1280&y=819&a=true","foto4":null,"y_coord":"52.414337","x_coord":"7.06386","y_coord_D":52.414337000000003,"x_coord_D":7.06386}},{"type":"Feature","id":322,"geometry":{"type":"Point","coordinates":[786402.38109999895,6875586.0411999971]},"properties":{"OBJECTID":322,"ID_con":2208,"bw_id":"NAK_SON_1945","name":"Bootsanlger Ludwig-Povel-Schule","km":"1+945","KTR":null,"FSK":"03315105100002______","upflicht":"Stadt Nordhorn","bauart":"Bootsanleger","baujahr":"2021","GEW":"NAK","rwert":368358,"hwert":5809004,"link1":null,"link2":null,"bemerk":"Vertrag??","beschreib":"Bootsanlger Ludwig-Povel-Schule","beschreib_lang":null,"stat_von":1945,"akz":"62011-02-08","denkmal":"Nein","bez_urpl":null,"Nr_WR":null,"tmp":2208,"id_bw_son_pun":541,"foto1":"https://nlwkn.hannit-share.de/index.php/core/preview?fileId=11062016&x=1280&y=819&a=true","foto2":"https://nlwkn.hannit-share.de/index.php/core/preview?fileId=11061995&x=1280&y=819&a=true","foto3":"https://nlwkn.hannit-share.de/index.php/core/preview?fileId=11061998&x=1280&y=819&a=true","foto4":"https://nlwkn.hannit-share.de/index.php/core/preview?fileId=11062001&x=1280&y=819&a=true","y_coord":"52.415398","x_coord":"7.064373","y_coord_D":52.415398000000003,"x_coord_D":7.0643729999999998}},{"type":"Feature","id":323,"geometry":{"type":"Point","coordinates":[787100.18450000137,6876614.0707999989]},"properties":{"OBJECTID":323,"ID_con":2231,"bw_id":"NAK_SON_2710","name":"Böschungstreppe","km":"2+710","KTR":null,"FSK":"033151052000690003__","upflicht":null,"bauart":"Böschungstreppe","baujahr":null,"GEW":"NAK","rwert":368801,"hwert":5809619,"link1":null,"link2":null,"bemerk":null,"beschreib":"Böschungstreppe","beschreib_lang":null,"stat_von":2710,"akz":null,"denkmal":"Nein","bez_urpl":null,"Nr_WR":null,"tmp":2231,"id_bw_son_pun":546,"foto1":"https://nlwkn.hannit-share.de/index.php/core/preview?fileId=11062016&x=1280&y=819&a=true","foto2":"https://nlwkn.hannit-share.de/index.php/core/preview?fileId=11062019&x=1280&y=819&a=true","foto3":null,"foto4":null,"y_coord":"52.42103","x_coord":"7.070641","y_coord_D":52.421030000000002,"x_coord_D":7.0706410000000002}},{"type":"Feature","id":324,"geometry":{"type":"Point","coordinates":[787081.44579999894,6876641.4711000025]},"properties":{"OBJECTID":324,"ID_con":2232,"bw_id":"NAK_SON_2715","name":"Steganlage (Privat)","km":"2+715","KTR":null,"FSK":"033151052000680001__","upflicht":"??","bauart":"Steg","baujahr":null,"GEW":"NAK","rwert":368790,"hwert":5809636,"link1":null,"link2":null,"bemerk":null,"beschreib":"Steganlage (Privat)","beschreib_lang":null,"stat_von":2715,"akz":null,"denkmal":"Nein","bez_urpl":null,"Nr_WR":null,"tmp":2232,"id_bw_son_pun":547,"foto1":"https://nlwkn.hannit-share.de/index.php/core/preview?fileId=11062022&x=1280&y=819&a=true","foto2":"https://nlwkn.hannit-share.de/index.php/core/preview?fileId=11062025&x=1280&y=819&a=true","foto3":"https://nlwkn.hannit-share.de/index.php/core/preview?fileId=11062028&x=1280&y=819&a=true","foto4":null,"y_coord":"52.42118","x_coord":"7.070473","y_coord_D":52.42118,"x_coord_D":7.0704729999999998}},{"type":"Feature","id":325,"geometry":{"type":"Point","coordinates":[787156.43780000135,6876776.423299998]},"properties":{"OBJECTID":325,"ID_con":2105,"bw_id":"NAK_SON_2810","name":"Klukkert-Hafen","km":"2+810","KTR":null,"FSK":"033151057001940007__","upflicht":"Stadt Nordhorn","bauart":"Hafen","baujahr":"1904/2006","GEW":"NAK","rwert":368838,"hwert":5809717,"link1":null,"link2":null,"bemerk":null,"beschreib":"Der Nino-Klukkert-Hafen, auch Klukkert-Hafen oder Nino-Hafen genannt, liegt am Nordhorn-Almelo-Kanal an der Augustastraße auf der Höhe der Kanalbrücke Gildehauser Weg in Nordhorn (Landkreis Grafschaft Bentheim in Niedersachsen).","beschreib_lang":"Der Nino-Klukkert-Hafen, auch Klukkert-Hafen oder Nino-Hafen genannt, liegt am Nordhorn-Almelo-Kanal an der Augustastraße auf der Höhe der Kanalbrücke Gildehauser Weg in Nordhorn (Landkreis Grafschaft Bentheim in Niedersachsen).\n\nDer Hafen wurde am 30. Juni 1904 – einige Jahre nach dem Bau des Kanals – eröffnet, weil man sich vorher noch nicht darüber im Klaren war, wo der endgültige Standort sein sollte.\n\nEnde der 1990er Jahre wurden Pläne zur Reaktivierung des Kanalnetzes (Kanalvision) entwickelt; in diesen Rahmen wurde auch der Nino-Klukkert-Hafen eingebunden. Mit einer Spende der Niedersächsischen Sparkassenstiftung (135 000 \u20AC) sowie einer finanziellen Beteiligung von Bund, Land, Landkreis und Stadt (265 000 \u20AC) wurde unter anderem das Areal von Wildwuchs befreit und das Hafenbecken gereinigt und restauriert. Der Nino-Klukkert-Hafen wurde am 6. Mai 2006 durch den damaligen niedersächsischen Ministerpräsidenten Christian Wulff zum zweiten Mal eröffnet. Neuer Bestandteil war eine Slipanlage. Mit dieser Schrägrampe können Boote ins Wasser gebracht werden.","stat_von":2810,"akz":null,"denkmal":"Ja","bez_urpl":"Klukkert-Hafen","Nr_WR":null,"tmp":2105,"id_bw_son_pun":500,"foto1":"https://nlwkn.hannit-share.de/index.php/core/preview?fileId=11062037&x=1280&y=819&a=true","foto2":"https://nlwkn.hannit-share.de/index.php/core/preview?fileId=11062034&x=1280&y=819&a=true","foto3":null,"foto4":null,"y_coord":"52.42192","x_coord":"7.071147","y_coord_D":52.42192,"x_coord_D":7.0711469999999998}},{"type":"Feature","id":326,"geometry":{"type":"Point","coordinates":[787212.98000000045,6876743.4685000032]},"properties":{"OBJECTID":326,"ID_con":2225,"bw_id":"NAK_SON_2815","name":"Infotafel Wasserstadt","km":"2+815","KTR":null,"FSK":"033151057001940007__","upflicht":"Stadt Nordhorn","bauart":"Infotafel","baujahr":null,"GEW":"NAK","rwert":368872,"hwert":5809696,"link1":null,"link2":null,"bemerk":null,"beschreib":"Infotafel Wasserstadt","beschreib_lang":null,"stat_von":2815,"akz":null,"denkmal":"Nein","bez_urpl":null,"Nr_WR":null,"tmp":2225,"id_bw_son_pun":545,"foto1":"https://nlwkn.hannit-share.de/index.php/core/preview?fileId=11062037&x=1280&y=819&a=true","foto2":"https://nlwkn.hannit-share.de/index.php/core/preview?fileId=11062040&x=1280&y=819&a=true","foto3":"https://nlwkn.hannit-share.de/index.php/core/preview?fileId=11062043&x=1280&y=819&a=true","foto4":null,"y_coord":"52.421739","x_coord":"7.071655","y_coord_D":52.421739000000002,"x_coord_D":7.0716549999999998}},{"type":"Feature","id":327,"geometry":{"type":"Point","coordinates":[787292.0764000006,6876847.3456000015]},"properties":{"OBJECTID":327,"ID_con":2240,"bw_id":"NAK_SON_2890","name":"Revisionsschacht TW-Längsverlegung","km":"2+890","KTR":null,"FSK":"033151057001940007__","upflicht":null,"bauart":"Revisionsschacht","baujahr":null,"GEW":"NAK","rwert":368922,"hwert":5809758,"link1":null,"link2":null,"bemerk":null,"beschreib":"Revisionsschacht TW-Längsverlegung","beschreib_lang":null,"stat_von":2890,"akz":null,"denkmal":"Nein","bez_urpl":null,"Nr_WR":null,"tmp":2240,"id_bw_son_pun":550,"foto1":"https://nlwkn.hannit-share.de/index.php/core/preview?fileId=11062046&x=1280&y=819&a=true","foto2":"https://nlwkn.hannit-share.de/index.php/core/preview?fileId=11062049&x=1280&y=819&a=true","foto3":"https://nlwkn.hannit-share.de/index.php/core/preview?fileId=11062052&x=1280&y=819&a=true","foto4":"https://nlwkn.hannit-share.de/index.php/core/preview?fileId=11062055&x=1280&y=819&a=true","y_coord":"52.422308","x_coord":"7.072365","y_coord_D":52.422308000000001,"x_coord_D":7.0723649999999996}},{"type":"Feature","id":328,"geometry":{"type":"Point","coordinates":[787362.81980000064,6876957.5653999969]},"properties":{"OBJECTID":328,"ID_con":2234,"bw_id":"NAK_SON_2975","name":"Feuerlöschentnahmestelle","km":"2+975","KTR":null,"FSK":"033151057001940007__","upflicht":"TFS Global Hanger","bauart":"Steg","baujahr":null,"GEW":"NAK","rwert":368967,"hwert":5809824,"link1":null,"link2":null,"bemerk":null,"beschreib":"Feuerlöschentnahmestelle","beschreib_lang":null,"stat_von":2975,"akz":null,"denkmal":"Nein","bez_urpl":"Feuerlöschentnahmestelle","Nr_WR":null,"tmp":2234,"id_bw_son_pun":548,"foto1":"https://nlwkn.hannit-share.de/index.php/core/preview?fileId=11062064&x=1280&y=819&a=true","foto2":"https://nlwkn.hannit-share.de/index.php/core/preview?fileId=11062067&x=1280&y=819&a=true","foto3":"https://nlwkn.hannit-share.de/index.php/core/preview?fileId=11062070&x=1280&y=819&a=true","foto4":null,"y_coord":"52.422912","x_coord":"7.073001","y_coord_D":52.422911999999997,"x_coord_D":7.0730009999999996}},{"type":"Feature","id":329,"geometry":{"type":"Point","coordinates":[787394.58179999888,6876994.5240999982]},"properties":{"OBJECTID":329,"ID_con":2235,"bw_id":"NAK_SON_3000","name":"Schaltschrank","km":"3+000","KTR":null,"FSK":"033151057001940007__","upflicht":"Stadt Nordhorn?","bauart":"Schaltschrank","baujahr":"2020","GEW":"NAK","rwert":368987,"hwert":5809846,"link1":null,"link2":null,"bemerk":null,"beschreib":"Schaltschrank","beschreib_lang":null,"stat_von":3000,"akz":null,"denkmal":"Nein","bez_urpl":null,"Nr_WR":null,"tmp":2235,"id_bw_son_pun":549,"foto1":"https://nlwkn.hannit-share.de/index.php/core/preview?fileId=11062073&x=1280&y=819&a=true","foto2":"https://nlwkn.hannit-share.de/index.php/core/preview?fileId=11062076&x=1280&y=819&a=true","foto3":"https://nlwkn.hannit-share.de/index.php/core/preview?fileId=11062079&x=1280&y=819&a=true","foto4":null,"y_coord":"52.423114","x_coord":"7.073286","y_coord_D":52.423113999999998,"x_coord_D":7.0732860000000004}},{"type":"Feature","id":330,"geometry":{"type":"Point","coordinates":[787639.70380000025,6877381.876000002]},"properties":{"OBJECTID":330,"ID_con":1553,"bw_id":"NAK_SON_3280","name":"OW-Entn.,Nordhorn-Almelo-Kanal,Nordhorn","km":"3+280","KTR":null,"FSK":"033151057001940005__","upflicht":"NINO AG - Konkursverwaltung","bauart":"Wasserrecht (Entnahme)","baujahr":null,"GEW":"NAK","rwert":369143,"hwert":5810078,"link1":null,"link2":null,"bemerk":"A-002 (aktiv, real), OW-Entn.,Nordhorn-Almelo-Kana","beschreib":"OW-Entn.,Nordhorn-Almelo-Kanal,Nordhorn","beschreib_lang":null,"stat_von":3280,"akz":null,"denkmal":"Nein","bez_urpl":"OW-Entn.,Nordhorn-Almelo-Kanal,Nordhorn","Nr_WR":"11/13682 (aktiv)","tmp":1553,"id_bw_son_pun":269,"foto1":null,"foto2":null,"foto3":null,"foto4":null,"y_coord":"52.425236","x_coord":"7.075488","y_coord_D":52.425235999999998,"x_coord_D":7.075488}},{"type":"Feature","id":331,"geometry":{"type":"Point","coordinates":[787836.58889999986,6877736.7633000016]},"properties":{"OBJECTID":331,"ID_con":2487,"bw_id":"NAK_SON_3560","name":"Steganlage","km":"3+560","KTR":null,"FSK":"033151008000520001__","upflicht":"Seenpark Nordhorn??","bauart":"Steg","baujahr":"2021","GEW":"NAK","rwert":369269,"hwert":5810291,"link1":null,"link2":null,"bemerk":"Position prüfen ; widerrechtlich","beschreib":"widerrechtlich errichtete Steganlage","beschreib_lang":null,"stat_von":3560,"akz":null,"denkmal":"Nein","bez_urpl":"Steganlage","Nr_WR":null,"tmp":2487,"id_bw_son_pun":624,"foto1":"https://nlwkn.hannit-share.de/index.php/core/preview?fileId=11557006&x=1280&y=819&a=true","foto2":null,"foto3":null,"foto4":null,"y_coord":"52.42718","x_coord":"7.077256","y_coord_D":52.42718,"x_coord_D":7.0772560000000002}},{"type":"Feature","id":332,"geometry":{"type":"Point","coordinates":[783615.10420000181,6903414.1850000024]},"properties":{"OBJECTID":332,"ID_con":2377,"bw_id":"PCK_SON_2140","name":"Werkhalle Betriebshof Georgsdorf","km":"2+140","KTR":null,"FSK":"033123011000060040__","upflicht":"NLWKN","bauart":"Betriebsgebäude","baujahr":"2019","GEW":"PCK","rwert":367115,"hwert":5825978,"link1":null,"link2":null,"bemerk":null,"beschreib":"NLWKN, Betriebshof Georgsdorf, Werkhalle","beschreib_lang":"NLWKN, Betriebshof Georgsdorf, Werkhalle","stat_von":2140,"akz":"02311-Betriebshof Georgsdorf-572/2022","denkmal":"Nein","bez_urpl":null,"Nr_WR":null,"tmp":2377,"id_bw_son_pun":594,"foto1":null,"foto2":null,"foto3":null,"foto4":null,"y_coord":"52.567608","x_coord":"7.039334","y_coord_D":52.567608,"x_coord_D":7.0393340000000002}},{"type":"Feature","id":333,"geometry":{"type":"Point","coordinates":[783578.26889999956,6903500.4583000019]},"properties":{"OBJECTID":333,"ID_con":1560,"bw_id":"PCK_SON_2200","name":"Betriebshof Georgsdorf","km":"2+200","KTR":null,"FSK":"033123011000060040__","upflicht":"NLWKN","bauart":"Betriebsgebäude","baujahr":"1996","GEW":"PCK","rwert":367094,"hwert":5826031,"link1":null,"link2":null,"bemerk":null,"beschreib":"NLWKN Betriebshof Georgsdorf","beschreib_lang":"NLWKN Betriebshof Georgsdorf","stat_von":2200,"akz":"02311-Betriebshof Georgsdorf-572/2022","denkmal":"Nein","bez_urpl":"Betriebshof Georgsdorf","Nr_WR":null,"tmp":1560,"id_bw_son_pun":290,"foto1":null,"foto2":null,"foto3":null,"foto4":null,"y_coord":"52.568079","x_coord":"7.039003","y_coord_D":52.568078999999997,"x_coord_D":7.0390030000000001}},{"type":"Feature","id":334,"geometry":{"type":"Point","coordinates":[783471.91090000048,6903606.2449000031]},"properties":{"OBJECTID":334,"ID_con":1561,"bw_id":"PCK_SON_2270","name":"Lagerplatte (mit Pflanzenkläranlage)","km":"2+270","KTR":"M1151","FSK":"033123011000060037__","upflicht":null,"bauart":"Lagerplatz","baujahr":"2004","GEW":"PCK","rwert":367031,"hwert":5826097,"link1":null,"link2":null,"bemerk":null,"beschreib":"Lagerplatte mit Pflanzenkläranlage (Kompostierungsanlage)","beschreib_lang":null,"stat_von":2270,"akz":"02311-Betriebshof Georgsdorf-572/2022","denkmal":"Nein","bez_urpl":"Lagerplatte (mit Pflanzenkläranlage) Betriebshof Georgsdorf","Nr_WR":null,"tmp":1561,"id_bw_son_pun":426,"foto1":null,"foto2":null,"foto3":null,"foto4":null,"y_coord":"52.568657","x_coord":"7.038048","y_coord_D":52.568657000000002,"x_coord_D":7.0380479999999999}},{"type":"Feature","id":335,"geometry":{"type":"Point","coordinates":[782222.4114000015,6903825.6799999997]},"properties":{"OBJECTID":335,"ID_con":2607,"bw_id":"PCK_SON_3030","name":"Trafostation am Unterhaltungsweg","km":"3+030","KTR":null,"FSK":"033123011000120023__","upflicht":"??","bauart":"Trafostation","baujahr":null,"GEW":"PCK","rwert":366274,"hwert":5826251,"link1":null,"link2":null,"bemerk":null,"beschreib":"Trafostation am Unterhaltungsweg","beschreib_lang":"Trafostation am Unterhaltungsweg","stat_von":3030,"akz":null,"denkmal":"Nein","bez_urpl":"Trafostation am Unterhaltungsweg","Nr_WR":null,"tmp":2607,"id_bw_son_pun":655,"foto1":"https://nlwkn.hannit-share.de/index.php/core/preview?fileId=11546857&x=1280&y=819&a=true","foto2":"https://nlwkn.hannit-share.de/index.php/core/preview?fileId=11546858&x=1280&y=819&a=true","foto3":"https://nlwkn.hannit-share.de/index.php/core/preview?fileId=11546860&x=1280&y=819&a=true","foto4":"https://nlwkn.hannit-share.de/index.php/core/preview?fileId=11546859&x=1280&y=819&a=true","y_coord":"52.569855","x_coord":"7.026823","y_coord_D":52.569854999999997,"x_coord_D":7.0268230000000003}},{"type":"Feature","id":336,"geometry":{"type":"Point","coordinates":[780550.65320000052,6905120.2729000002]},"properties":{"OBJECTID":336,"ID_con":1562,"bw_id":"PCK_SON_4345","name":"historische Ölpumpe","km":"4+345","KTR":null,"FSK":"033124007000170094__","upflicht":"Gemeinde Hoogstede","bauart":"Sonstiges","baujahr":"2019","GEW":"PCK","rwert":365278,"hwert":5827065,"link1":null,"link2":null,"bemerk":"Am Coevorden-Piccardie-Kanal, Ecke Deilmannstraße ","beschreib":"historische Ölpumpe","beschreib_lang":null,"stat_von":4345,"akz":"27014-77-01","denkmal":"Nein","bez_urpl":"historische Ölpumpe","Nr_WR":null,"tmp":1562,"id_bw_son_pun":367,"foto1":"https://nlwkn.hannit-share.de/index.php/core/preview?fileId=11061512&x=1280&y=819&a=true","foto2":"https://nlwkn.hannit-share.de/index.php/core/preview?fileId=11061515&x=1280&y=819&a=true","foto3":"https://nlwkn.hannit-share.de/index.php/core/preview?fileId=11061518&x=1280&y=819&a=true","foto4":null,"y_coord":"52.576923","x_coord":"7.011806","y_coord_D":52.576923000000001,"x_coord_D":7.011806}},{"type":"Feature","id":337,"geometry":{"type":"Point","coordinates":[780087.63340000063,6905705.376699999]},"properties":{"OBJECTID":337,"ID_con":2383,"bw_id":"PCK_SON_4795","name":"Brückenreste (ehemalige Brücke Brookdiek?)","km":"4+795","KTR":null,"FSK":"033124007000170094__","upflicht":"NLWKN","bauart":"Fundamentreste","baujahr":null,"GEW":"PCK","rwert":365006,"hwert":5827428,"link1":null,"link2":null,"bemerk":"!! Fotos","beschreib":"Im Abflussquerschnitt des Kanals befinden sich Brückenreste aus Klinkermauerwerk. Die Mauerreste gehören vermutlich zu einer hier ehemals vorhandenen Drehbrücke. Zum Einen handelt es sich um Reste des Königsstuhls, zum Anderen um Reste eines Pfeilers.","beschreib_lang":"Im Abflussquerschnitt des Kanals befinden sich Brückenreste aus Klinkermauerwerk. Die Mauerreste gehören vermutlich zu einer hier ehemals vorhandenen Drehbrücke. Zum Einen handelt es sich um Reste des Königsstuhls, zum Anderen um Reste eines Pfeilers.","stat_von":4795,"akz":null,"denkmal":"Nein","bez_urpl":"Brückenreste","Nr_WR":null,"tmp":2383,"id_bw_son_pun":597,"foto1":"https://nlwkn.hannit-share.de/index.php/core/preview?fileId=11061521&x=1280&y=819&a=true","foto2":null,"foto3":null,"foto4":null,"y_coord":"52.580116","x_coord":"7.007646","y_coord_D":52.580115999999997,"x_coord_D":7.0076460000000003}},{"type":"Feature","id":338,"geometry":{"type":"Point","coordinates":[777895.99439999834,6908174.8703999966]},"properties":{"OBJECTID":338,"ID_con":1563,"bw_id":"PCK_SON_6800","name":"Bienenunterstand","km":"6+800","KTR":null,"FSK":"033125007001300111__","upflicht":"Emmrich, Harald","bauart":"Bienenunterstand","baujahr":"2020","GEW":"PCK","rwert":363714,"hwert":5828964,"link1":null,"link2":null,"bemerk":null,"beschreib":"Bienenunterstand","beschreib_lang":null,"stat_von":6800,"akz":"27014-91-01","denkmal":"Nein","bez_urpl":null,"Nr_WR":null,"tmp":1563,"id_bw_son_pun":33,"foto1":null,"foto2":null,"foto3":null,"foto4":null,"y_coord":"52.593594","x_coord":"6.987959","y_coord_D":52.593594000000003,"x_coord_D":6.987959}},{"type":"Feature","id":339,"geometry":{"type":"Point","coordinates":[777822.26399999857,6908225.5344000012]},"properties":{"OBJECTID":339,"ID_con":1564,"bw_id":"PCK_SON_6860","name":"Schutzhütte Bathorn (linksseitig)","km":"6+860","KTR":null,"FSK":"033125007001300111__","upflicht":null,"bauart":"Schutzhütte","baujahr":"2006","GEW":"PCK","rwert":363670,"hwert":5828996,"link1":null,"link2":null,"bemerk":null,"beschreib":"Schutzhütte Bathorn (linksseitig)","beschreib_lang":null,"stat_von":6860,"akz":null,"denkmal":"Nein","bez_urpl":null,"Nr_WR":null,"tmp":1564,"id_bw_son_pun":299,"foto1":"https://nlwkn.hannit-share.de/index.php/core/preview?fileId=11061536&x=1280&y=819&a=true","foto2":"https://nlwkn.hannit-share.de/index.php/core/preview?fileId=11061539&x=1280&y=819&a=true","foto3":null,"foto4":null,"y_coord":"52.593871","x_coord":"6.987296","y_coord_D":52.593871,"x_coord_D":6.9872959999999997}},{"type":"Feature","id":340,"geometry":{"type":"Point","coordinates":[777792.6389000006,6908344.990199998]},"properties":{"OBJECTID":340,"ID_con":2121,"bw_id":"PCK_SON_6920","name":"Infotafel Lager Bathorn","km":"6+920","KTR":null,"FSK":"033125007001300111__","upflicht":"??","bauart":"Infotafel","baujahr":"2020","GEW":"PCK","rwert":363654,"hwert":5829069,"link1":null,"link2":null,"bemerk":null,"beschreib":"Infotafel Lager Bathorn","beschreib_lang":null,"stat_von":6920,"akz":null,"denkmal":"Nein","bez_urpl":null,"Nr_WR":null,"tmp":2121,"id_bw_son_pun":501,"foto1":"https://nlwkn.hannit-share.de/index.php/core/preview?fileId=11061542&x=1280&y=819&a=true","foto2":"https://nlwkn.hannit-share.de/index.php/core/preview?fileId=11061545&x=1280&y=819&a=true","foto3":"https://nlwkn.hannit-share.de/index.php/core/preview?fileId=11061548&x=1280&y=819&a=true","foto4":"https://nlwkn.hannit-share.de/index.php/core/preview?fileId=11061968&x=1280&y=819&a=true","y_coord":"52.594523","x_coord":"6.98703","y_coord_D":52.594523000000002,"x_coord_D":6.9870299999999999}},{"type":"Feature","id":341,"geometry":{"type":"Point","coordinates":[777361.44999999925,6908894.8121000007]},"properties":{"OBJECTID":341,"ID_con":2382,"bw_id":"PCK_SON_7345","name":"Brückenreste (ehem. Brücke Böbbeldiek?)","km":"7+345","KTR":null,"FSK":"033125007001300111__","upflicht":"NLWKN","bauart":"Fundamentreste","baujahr":null,"GEW":"PCK","rwert":363401,"hwert":5829410,"link1":null,"link2":null,"bemerk":"!!Fotos","beschreib":"Im Abflussquerschnitt des Kanals befinden sich Brückenreste aus Klinkermauerwerk. Die Mauerreste gehören vermutlich zu einer hier ehemals vorhandenen Drehbrücke. Zum Einen handelt es sich um Reste des Königsstuhls, zum Anderen um Reste eines Pfeilers.","beschreib_lang":"Im Abflussquerschnitt des Kanals befinden sich Brückenreste aus Klinkermauerwerk. Die Mauerreste gehören vermutlich zu einer hier ehemals vorhandenen Drehbrücke. Zum Einen handelt es sich um Reste des Königsstuhls, zum Anderen um Reste eines Pfeilers.","stat_von":7345,"akz":null,"denkmal":"Nein","bez_urpl":"Fundamentreste","Nr_WR":null,"tmp":2382,"id_bw_son_pun":596,"foto1":"https://nlwkn.hannit-share.de/index.php/core/preview?fileId=11061554&x=1280&y=819&a=true","foto2":null,"foto3":null,"foto4":null,"y_coord":"52.597523","x_coord":"6.983157","y_coord_D":52.597523000000002,"x_coord_D":6.9831570000000003}},{"type":"Feature","id":342,"geometry":{"type":"Point","coordinates":[776698.02600000054,6909517.2229999974]},"properties":{"OBJECTID":342,"ID_con":1565,"bw_id":"PCK_SON_7905","name":"Infotafel Schleuse I","km":"7+905","KTR":null,"FSK":"033127004000790009__","upflicht":"NLWKN","bauart":"Infotafel","baujahr":"2004","GEW":"PCK","rwert":363008,"hwert":5829799,"link1":null,"link2":null,"bemerk":null,"beschreib":"Infotafel Schleuse I","beschreib_lang":"Infotafel Schleuse I","stat_von":7905,"akz":"02055-Veranstaltungen und Informationen-862/2022","denkmal":"Nein","bez_urpl":null,"Nr_WR":null,"tmp":1565,"id_bw_son_pun":456,"foto1":"https://nlwkn.hannit-share.de/index.php/core/preview?fileId=11061575&x=1280&y=819&a=true","foto2":"https://nlwkn.hannit-share.de/index.php/core/preview?fileId=11061578&x=1280&y=819&a=true","foto3":"https://nlwkn.hannit-share.de/index.php/core/preview?fileId=11061581&x=1280&y=819&a=true","foto4":"https://nlwkn.hannit-share.de/index.php/core/preview?fileId=11061551&x=1280&y=819&a=true","y_coord":"52.600919","x_coord":"6.977197","y_coord_D":52.600918999999998,"x_coord_D":6.9771970000000003}},{"type":"Feature","id":343,"geometry":{"type":"Point","coordinates":[774740.97679999843,6910826.5826999992]},"properties":{"OBJECTID":343,"ID_con":1566,"bw_id":"PCK_SON_9335","name":"Schutzhütte (rechtsseitig)","km":"9+335","KTR":null,"FSK":"033127004000170016__","upflicht":"??","bauart":"Schutzhütte","baujahr":null,"GEW":"PCK","rwert":361840,"hwert":5830627,"link1":null,"link2":null,"bemerk":null,"beschreib":"Schutzhütte (rechtsseitig)","beschreib_lang":null,"stat_von":9335,"akz":null,"denkmal":"Nein","bez_urpl":null,"Nr_WR":null,"tmp":1566,"id_bw_son_pun":298,"foto1":null,"foto2":null,"foto3":null,"foto4":null,"y_coord":"52.608062","x_coord":"6.959617","y_coord_D":52.608061999999997,"x_coord_D":6.9596169999999997}},{"type":"Feature","id":344,"geometry":{"type":"Point","coordinates":[771553.13740000129,6911679.995099999]},"properties":{"OBJECTID":344,"ID_con":2606,"bw_id":"PCK_SON_11390","name":"Kunstobjekt bei Brücke Brookstraße","km":"11+390","KTR":null,"FSK":"033128004000180022__","upflicht":"??","bauart":"Kunstobjekt","baujahr":null,"GEW":"PCK","rwert":359916,"hwert":5831200,"link1":null,"link2":null,"bemerk":null,"beschreib":"Kunstobjekt bei Brücke Brookstraße an Kanalaufweitung (Bestandteil des offenen Museums „Kunstwegen“","beschreib_lang":"Kunstobjekt bei Brücke Brookstraße an Kanalaufweitung (Bestandteil des offenen Museums „Kunstwegen“","stat_von":11390,"akz":null,"denkmal":"Nein","bez_urpl":"Kunstobjekt bei Brücke Brookstraße","Nr_WR":null,"tmp":2606,"id_bw_son_pun":654,"foto1":"https://nlwkn.hannit-share.de/index.php/core/preview?fileId=11546116&x=1280&y=819&a=true","foto2":"https://nlwkn.hannit-share.de/index.php/core/preview?fileId=11546115&x=1280&y=819&a=true","foto3":"https://nlwkn.hannit-share.de/index.php/core/preview?fileId=11546117&x=1280&y=819&a=true","foto4":"https://nlwkn.hannit-share.de/index.php/core/preview?fileId=11546897&x=1280&y=819&a=true","y_coord":"52.612718","x_coord":"6.93098","y_coord_D":52.612718000000001,"x_coord_D":6.9309799999999999}},{"type":"Feature","id":345,"geometry":{"type":"Point","coordinates":[771463.14950000122,6911664.2175000012]},"properties":{"OBJECTID":345,"ID_con":1554,"bw_id":"PCK_SON_11445","name":"Schutzhütte Kleinringe (linksseitig)","km":"11+445","KTR":null,"FSK":"033128004000180022__","upflicht":"??","bauart":"Schutzhütte","baujahr":null,"GEW":"PCK","rwert":359861,"hwert":5831192,"link1":null,"link2":null,"bemerk":null,"beschreib":"Schutzhütte Kleinringe (linksseitig)","beschreib_lang":null,"stat_von":11445,"akz":null,"denkmal":"Nein","bez_urpl":null,"Nr_WR":null,"tmp":1554,"id_bw_son_pun":311,"foto1":"https://nlwkn.hannit-share.de/index.php/core/preview?fileId=11061455&x=1280&y=819&a=true","foto2":null,"foto3":null,"foto4":null,"y_coord":"52.612632","x_coord":"6.930171","y_coord_D":52.612631999999998,"x_coord_D":6.9301709999999996}},{"type":"Feature","id":346,"geometry":{"type":"Point","coordinates":[769362.41739999875,6912206.8175000027]},"properties":{"OBJECTID":346,"ID_con":2609,"bw_id":"PCK_SON_12800","name":"Fremdbebauung links bei Brücke Höftestraße","km":"12+800","KTR":null,"FSK":"033128005000200013__","upflicht":"NLWKN","bauart":"Fremdbebauung auf Landeseigentum","baujahr":null,"GEW":"PCK","rwert":358593,"hwert":5831558,"link1":null,"link2":null,"bemerk":"Vorgang einleiten","beschreib":"Fremdbebauung links bei Brücke Höftestraße","beschreib_lang":"Fremdbebauung links bei Brücke Höftestraße","stat_von":12800,"akz":null,"denkmal":"Nein","bez_urpl":"Fremdbebauung links bei Brücke Höftestraße","Nr_WR":null,"tmp":2609,"id_bw_son_pun":657,"foto1":"https://nlwkn.hannit-share.de/index.php/core/preview?fileId=11546927&x=1280&y=819&a=true","foto2":null,"foto3":null,"foto4":null,"y_coord":"52.615591","x_coord":"6.9113","y_coord_D":52.615591000000002,"x_coord_D":6.9112999999999998}},{"type":"Feature","id":347,"geometry":{"type":"Point","coordinates":[766520.89319999889,6913045.3550999984]},"properties":{"OBJECTID":347,"ID_con":2123,"bw_id":"PCK_SON_14620","name":"Schutzhütte Brücke Hahnenberger Diek","km":"14+620","KTR":null,"FSK":"033129007000250014__","upflicht":"??","bauart":"Schutzhütte","baujahr":null,"GEW":"PCK","rwert":356880,"hwert":5832117,"link1":null,"link2":null,"bemerk":null,"beschreib":"Schutzhütte Brücke Hahnenberger Diek","beschreib_lang":null,"stat_von":14620,"akz":null,"denkmal":"Nein","bez_urpl":null,"Nr_WR":null,"tmp":2123,"id_bw_son_pun":502,"foto1":"https://nlwkn.hannit-share.de/index.php/core/preview?fileId=11061470&x=1280&y=819&a=true","foto2":null,"foto3":null,"foto4":null,"y_coord":"52.620164","x_coord":"6.885774","y_coord_D":52.620164000000003,"x_coord_D":6.8857739999999996}},{"type":"Feature","id":348,"geometry":{"type":"Point","coordinates":[764058.21869999915,6913066.5314000025]},"properties":{"OBJECTID":348,"ID_con":1555,"bw_id":"PCK_SON_16245","name":"Entnahme, Emsland-Stärke GmbH,Emlichheim","km":"16+245","KTR":null,"FSK":"033129008000640001__","upflicht":"Emsland-Stärke GmbH","bauart":"Wasserrecht (Entnahme)","baujahr":null,"GEW":"PCK","rwert":355383,"hwert":5832174,"link1":null,"link2":null,"bemerk":"A-001 (aktiv, real) , OW-Ent., Emsland-Stärke GmbH","beschreib":"Entnahme, Emsland-Stärke GmbH,Emlichheim","beschreib_lang":null,"stat_von":16245,"akz":null,"denkmal":"Nein","bez_urpl":"Entnahme, Emsland-Stärke GmbH,Emlichheim, links","Nr_WR":"11/3358 (aktiv)","tmp":1555,"id_bw_son_pun":261,"foto1":"https://nlwkn.hannit-share.de/index.php/core/preview?fileId=11061476&x=1280&y=819&a=true","foto2":null,"foto3":null,"foto4":null,"y_coord":"52.62028","x_coord":"6.863652","y_coord_D":52.620280000000001,"x_coord_D":6.8636520000000001}},{"type":"Feature","id":349,"geometry":{"type":"Point","coordinates":[763344.06940000132,6913134.3104000017]},"properties":{"OBJECTID":349,"ID_con":1556,"bw_id":"PCK_SON_16585","name":"Schutzhütte (rechtsseitig) an Kanalaufweitung","km":"16+585","KTR":null,"FSK":"033129019000070015__","upflicht":"??","bauart":"Schutzhütte","baujahr":null,"GEW":"PCK","rwert":354950,"hwert":5832228,"link1":null,"link2":null,"bemerk":null,"beschreib":"Schutzhütte (rechtsseitig) an Kanalaufweitung","beschreib_lang":null,"stat_von":16585,"akz":null,"denkmal":"Nein","bez_urpl":null,"Nr_WR":null,"tmp":1556,"id_bw_son_pun":297,"foto1":"https://nlwkn.hannit-share.de/index.php/core/preview?fileId=11061485&x=1280&y=819&a=true","foto2":"https://nlwkn.hannit-share.de/index.php/core/preview?fileId=11061488&x=1280&y=819&a=true","foto3":null,"foto4":null,"y_coord":"52.62065","x_coord":"6.857236","y_coord_D":52.620649999999998,"x_coord_D":6.8572360000000003}},{"type":"Feature","id":350,"geometry":{"type":"Point","coordinates":[762150.55779999867,6913006.3180000037]},"properties":{"OBJECTID":350,"ID_con":1557,"bw_id":"PCK_SON_17485","name":"Entnahme,  Sportanlage - SG Emlichheim","km":"17+485","KTR":null,"FSK":"033129019001340066__","upflicht":"Gemeinde Emlichheim","bauart":"Wasserrecht (Entnahme)","baujahr":null,"GEW":"PCK","rwert":354222,"hwert":5832172,"link1":null,"link2":null,"bemerk":"A-001 (aktiv, real) , OW-Entnahme - Sportanlage - ","beschreib":"Entnahme,  Sportanlage - SG Emlichheim","beschreib_lang":null,"stat_von":17485,"akz":null,"denkmal":"Nein","bez_urpl":"Entnahme,  Sportanlage - SG Emlichheim, links","Nr_WR":"11/13042 (aktiv)","tmp":1557,"id_bw_son_pun":260,"foto1":null,"foto2":null,"foto3":null,"foto4":null,"y_coord":"52.619951","x_coord":"6.846515","y_coord_D":52.619951,"x_coord_D":6.8465150000000001}},{"type":"Feature","id":351,"geometry":{"type":"Point","coordinates":[760949.77419999987,6913451.7039000019]},"properties":{"OBJECTID":351,"ID_con":1558,"bw_id":"PCK_SON_18100","name":"Schutzhütte (linksseitig)","km":"18+100","KTR":null,"FSK":"033129019001340066__","upflicht":"??","bauart":"Schutzhütte","baujahr":null,"GEW":"PCK","rwert":353500,"hwert":5832464,"link1":null,"link2":null,"bemerk":null,"beschreib":"Schutzhütte (linksseitig)","beschreib_lang":null,"stat_von":18100,"akz":null,"denkmal":"Nein","bez_urpl":null,"Nr_WR":null,"tmp":1558,"id_bw_son_pun":296,"foto1":null,"foto2":null,"foto3":null,"foto4":null,"y_coord":"52.62238","x_coord":"6.835728","y_coord_D":52.62238,"x_coord_D":6.8357279999999996}},{"type":"Feature","id":352,"geometry":{"type":"Point","coordinates":[759590.74040000141,6914286.2493999973]},"properties":{"OBJECTID":352,"ID_con":2466,"bw_id":"PCK_SON_19065","name":"Schleusenwärterhaus","km":"19+065","KTR":null,"FSK":"033129019000010022__","upflicht":"Eigentümer","bauart":"Schleusenwärterhaus","baujahr":"1895","GEW":"PCK","rwert":352689,"hwert":5832995,"link1":null,"link2":null,"bemerk":null,"beschreib":"ehemaliges Schleusenwärterhaus. Das Gebäude steht unter Denkmalschutz","beschreib_lang":null,"stat_von":19065,"akz":null,"denkmal":"Ja","bez_urpl":null,"Nr_WR":null,"tmp":2466,"id_bw_son_pun":614,"foto1":"https://nlwkn.hannit-share.de/index.php/core/preview?fileId=11061491&x=1280&y=819&a=true","foto2":"https://nlwkn.hannit-share.de/index.php/core/preview?fileId=11061494&x=1280&y=819&a=true","foto3":null,"foto4":null,"y_coord":"52.626931","x_coord":"6.82352","y_coord_D":52.626930999999999,"x_coord_D":6.8235200000000003}},{"type":"Feature","id":353,"geometry":{"type":"Point","coordinates":[756830.47309999913,6915422.5494000018]},"properties":{"OBJECTID":353,"ID_con":1559,"bw_id":"PCK_SON_20880","name":"Schutzhütte (linksseitig)","km":"20+880","KTR":null,"FSK":"033131106000410003__","upflicht":"??","bauart":"Schutzhütte","baujahr":null,"GEW":"PCK","rwert":351032,"hwert":5833735,"link1":null,"link2":null,"bemerk":null,"beschreib":"Schutzhütte (linksseitig)","beschreib_lang":null,"stat_von":20880,"akz":null,"denkmal":"Nein","bez_urpl":null,"Nr_WR":null,"tmp":1559,"id_bw_son_pun":295,"foto1":"https://nlwkn.hannit-share.de/index.php/core/preview?fileId=11061506&x=1280&y=819&a=true","foto2":"https://nlwkn.hannit-share.de/index.php/core/preview?fileId=11061509&x=1280&y=819&a=true","foto3":null,"foto4":null,"y_coord":"52.633127","x_coord":"6.798724","y_coord_D":52.633127000000002,"x_coord_D":6.798724}},{"type":"Feature","id":354,"geometry":{"type":"Point","coordinates":[789641.26309999824,6930745.4100999981]},"properties":{"OBJECTID":354,"ID_con":1567,"bw_id":"SHK_SON_445","name":"Steganlage (Privat) mit Bank rechts","km":"0+445","KTR":null,"FSK":"033118041000010636__","upflicht":null,"bauart":"Steg","baujahr":null,"GEW":"SHK","rwert":371222,"hwert":5842449,"link1":null,"link2":null,"bemerk":"!!Löschen!!","beschreib":"Steganlage (Privat) mit Bank rechts","beschreib_lang":null,"stat_von":445,"akz":null,"denkmal":"Nein","bez_urpl":null,"Nr_WR":null,"tmp":1567,"id_bw_son_pun":407,"foto1":null,"foto2":null,"foto3":null,"foto4":null,"y_coord":"52.716588","x_coord":"7.093468","y_coord_D":52.716588000000002,"x_coord_D":7.0934679999999997}},{"type":"Feature","id":355,"geometry":{"type":"Point","coordinates":[786911.03620000184,6931574.6555999964]},"properties":{"OBJECTID":355,"ID_con":2537,"bw_id":"SHK_EIN_2300","name":"Freie Einmündung?? Graben","km":"2+300","KTR":null,"FSK":"03311805000029______","upflicht":"Gemeinde Twist??","bauart":"freie Grabeneinmündung","baujahr":null,"GEW":"SHK","rwert":369579,"hwert":5842995,"link1":null,"link2":null,"bemerk":null,"beschreib":"freie Grabeneinmündung","beschreib_lang":null,"stat_von":2300,"akz":null,"denkmal":"Nein","bez_urpl":"freie Grabeneinmündung","Nr_WR":null,"tmp":2537,"id_bw_son_pun":643,"foto1":null,"foto2":null,"foto3":null,"foto4":null,"y_coord":"52.7211","x_coord":"7.068942","y_coord_D":52.7211,"x_coord_D":7.0689419999999998}},{"type":"Feature","id":356,"geometry":{"type":"Point","coordinates":[786674.23169999942,6883436.5456999987]},"properties":{"OBJECTID":356,"ID_con":1613,"bw_id":"SNK_SON_50","name":"Schutzhütte","km":"0+050","KTR":null,"FSK":"033151034000510010__","upflicht":"??Schützenverein Bookholt e.V.","bauart":"Schutzhütte","baujahr":null,"GEW":"SNK","rwert":368652,"hwert":5813781,"link1":null,"link2":null,"bemerk":null,"beschreib":"Schutzhütte","beschreib_lang":"Schutzhütte","stat_von":50,"akz":null,"denkmal":"Nein","bez_urpl":null,"Nr_WR":null,"tmp":1613,"id_bw_son_pun":185,"foto1":"https://nlwkn.hannit-share.de/index.php/core/preview?fileId=11060393&x=1280&y=819&a=true","foto2":null,"foto3":null,"foto4":null,"y_coord":"52.458391","x_coord":"7.066815","y_coord_D":52.458390999999999,"x_coord_D":7.0668150000000001}},{"type":"Feature","id":357,"geometry":{"type":"Point","coordinates":[788010.95859999955,6884375.8175000027]},"properties":{"OBJECTID":357,"ID_con":2437,"bw_id":"SNK_SON_1039","name":"Pegelmesstation Nordhorn (oh Schleuse I SNK)","km":"1+039","KTR":"MAAVE10100","FSK":"033151032000800009__","upflicht":"NLWKN","bauart":"Pegel","baujahr":"2015/2016","GEW":"SNK","rwert":369483,"hwert":5814331,"link1":null,"link2":null,"bemerk":null,"beschreib":"Pegelmesstation Nordhorn (oh Schleuse I SNK, solarbetrieben mit Akkus)","beschreib_lang":"Pegelmesstation Nordhorn (oh Schleuse I SNK, solarbetrieben mit Akkus)","stat_von":1039,"akz":"62024-Süd-Nord-Kanal (SNK)-539/2022","denkmal":"Nein","bez_urpl":"Pegelmesstation Nordhorn (oh Schleuse I SNK)","Nr_WR":null,"tmp":2437,"id_bw_son_pun":610,"foto1":"https://nlwkn.hannit-share.de/index.php/core/preview?fileId=11059901&x=1280&y=819&a=true","foto2":null,"foto3":null,"foto4":null,"y_coord":"52.463532","x_coord":"7.078823","y_coord_D":52.463532000000001,"x_coord_D":7.0788229999999999}},{"type":"Feature","id":358,"geometry":{"type":"Point","coordinates":[788014.23380000144,6884375.9047999978]},"properties":{"OBJECTID":358,"ID_con":2074,"bw_id":"SNK_SON_1040","name":"Steg","km":"1+040","KTR":null,"FSK":"033151032000800009__","upflicht":"??","bauart":"Steg","baujahr":null,"GEW":"SNK","rwert":369485,"hwert":5814331,"link1":null,"link2":null,"bemerk":null,"beschreib":"Steg","beschreib_lang":"Steg","stat_von":1040,"akz":null,"denkmal":"Nein","bez_urpl":null,"Nr_WR":null,"tmp":2074,"id_bw_son_pun":494,"foto1":"https://nlwkn.hannit-share.de/index.php/core/preview?fileId=11059904&x=1280&y=819&a=true","foto2":null,"foto3":null,"foto4":null,"y_coord":"52.463532","x_coord":"7.078852","y_coord_D":52.463532000000001,"x_coord_D":7.0788520000000004}},{"type":"Feature","id":359,"geometry":{"type":"Point","coordinates":[788054.93859999999,6884447.6330000013]},"properties":{"OBJECTID":359,"ID_con":1571,"bw_id":"SNK_SON_1085","name":"ehem. Schleusenwärterhaus Schleuse I","km":"1+085","KTR":null,"FSK":"033151032001740080__","upflicht":"Nykamp, Andreas","bauart":"Schleusenwärterhaus","baujahr":"1904","GEW":"SNK","rwert":369511,"hwert":5814374,"link1":null,"link2":null,"bemerk":null,"beschreib":"Ehemaliges Wärterhaus zu Schleuse I des 1871-1904 erbauten Süd-Nord-Kanals. Eingeschossiger Backsteinbau mit Risalit unter Satteldach. Fenster verändert, rechts später Anbau hinzugefügt.","beschreib_lang":"Ehemaliges Wärterhaus zu Schleuse I des 1871-1904 erbauten Süd-Nord-Kanals. Eingeschossiger Backsteinbau mit Risalit unter Satteldach. Fenster verändert, rechts später Anbau hinzugefügt.\n\nAn der Erhaltung des Schleusenwärterhauses besteht aufgrund seiner geschichtlichen Bedeutung ein öffentliches Interesse.","stat_von":1085,"akz":null,"denkmal":"Ja","bez_urpl":null,"Nr_WR":null,"tmp":1571,"id_bw_son_pun":187,"foto1":"https://nlwkn.hannit-share.de/index.php/core/preview?fileId=11059907&x=1280&y=819&a=true","foto2":"https://nlwkn.hannit-share.de/index.php/core/preview?fileId=11059910&x=1280&y=819&a=true","foto3":"https://nlwkn.hannit-share.de/index.php/core/preview?fileId=11059913&x=1280&y=819&a=true","foto4":null,"y_coord":"52.463925","x_coord":"7.079218","y_coord_D":52.463925000000003,"x_coord_D":7.079218}},{"type":"Feature","id":360,"geometry":{"type":"Point","coordinates":[788088.64869999886,6884412.3887000009]},"properties":{"OBJECTID":360,"ID_con":1572,"bw_id":"SNK_SON_1090","name":"Insektenhotel mit Infotafel","km":"1+090","KTR":null,"FSK":"033151032000800003__","upflicht":"Biotop-Fonds der Jägerschaften Emsland – Grafschaft Bentheim e.V. ??","bauart":"Insektenhotel","baujahr":"2020","GEW":"SNK","rwert":369531,"hwert":5814352,"link1":null,"link2":null,"bemerk":null,"beschreib":"Insektenhotel mit Infotafel","beschreib_lang":"Insektenhotel mit Infotafel","stat_von":1090,"akz":"27014-89-01","denkmal":"Nein","bez_urpl":null,"Nr_WR":null,"tmp":1572,"id_bw_son_pun":192,"foto1":"https://nlwkn.hannit-share.de/index.php/core/preview?fileId=11059916&x=1280&y=819&a=true","foto2":"https://nlwkn.hannit-share.de/index.php/core/preview?fileId=11059919&x=1280&y=819&a=true","foto3":"https://nlwkn.hannit-share.de/index.php/core/preview?fileId=11059922&x=1280&y=819&a=true","foto4":"https://nlwkn.hannit-share.de/index.php/core/preview?fileId=11061584&x=1280&y=819&a=true","y_coord":"52.463732","x_coord":"7.079521","y_coord_D":52.463732,"x_coord_D":7.0795209999999997}},{"type":"Feature","id":361,"geometry":{"type":"Point","coordinates":[788095.61760000139,6884458.5746000037]},"properties":{"OBJECTID":361,"ID_con":1573,"bw_id":"SNK_SON_1115","name":"Holztor","km":"1+115","KTR":null,"FSK":"033151032001640080__","upflicht":"NLWKN","bauart":"Tor","baujahr":null,"GEW":"SNK","rwert":369536,"hwert":5814380,"link1":null,"link2":null,"bemerk":null,"beschreib":"Holztor","beschreib_lang":"Holztor","stat_von":1115,"akz":null,"denkmal":"Nein","bez_urpl":"Holztor","Nr_WR":null,"tmp":1573,"id_bw_son_pun":303,"foto1":"https://nlwkn.hannit-share.de/index.php/core/preview?fileId=11059940&x=1280&y=819&a=true","foto2":null,"foto3":null,"foto4":null,"y_coord":"52.463985","x_coord":"7.079583","y_coord_D":52.463985000000001,"x_coord_D":7.0795830000000004}},{"type":"Feature","id":362,"geometry":{"type":"Point","coordinates":[788145.82990000024,6884419.0055999979]},"properties":{"OBJECTID":362,"ID_con":1574,"bw_id":"SNK_SON_1116","name":"Schutzhütte bei Schleuse I","km":"1+116","KTR":null,"FSK":"033151032000800002__","upflicht":null,"bauart":"Schutzhütte","baujahr":null,"GEW":"SNK","rwert":369566,"hwert":5814355.0999999996,"link1":null,"link2":null,"bemerk":null,"beschreib":"Schutzhütte bei Schleuse I","beschreib_lang":"Schutzhütte bei Schleuse I","stat_von":1116,"akz":null,"denkmal":"Nein","bez_urpl":null,"Nr_WR":null,"tmp":1574,"id_bw_son_pun":406,"foto1":"https://nlwkn.hannit-share.de/index.php/core/preview?fileId=11059943&x=1280&y=819&a=true","foto2":"https://nlwkn.hannit-share.de/index.php/core/preview?fileId=11059946&x=1280&y=819&a=true","foto3":"https://nlwkn.hannit-share.de/index.php/core/preview?fileId=11059949&x=1280&y=819&a=true","foto4":null,"y_coord":"52.463768","x_coord":"7.080034","y_coord_D":52.463768000000002,"x_coord_D":7.0800340000000004}},{"type":"Feature","id":363,"geometry":{"type":"Point","coordinates":[790120.14939999953,6888239.181599997]},"properties":{"OBJECTID":363,"ID_con":2075,"bw_id":"SNK_SON_3745","name":"Kunstobjekt oh Schleuse II rechts","km":"3+745","KTR":null,"FSK":"033151030004200031__","upflicht":"Stadt Nordhorn??","bauart":"Kunst","baujahr":null,"GEW":"SNK","rwert":370832,"hwert":5816648,"link1":null,"link2":null,"bemerk":null,"beschreib":"Kunstobjekt oh Schleuse II rechts","beschreib_lang":"Kunstobjekt oh Schleuse II rechts","stat_von":3745,"akz":null,"denkmal":"Nein","bez_urpl":null,"Nr_WR":null,"tmp":2075,"id_bw_son_pun":495,"foto1":"https://nlwkn.hannit-share.de/index.php/core/preview?fileId=1060204&x=1280&y=819&a=true","foto2":"https://nlwkn.hannit-share.de/index.php/core/preview?fileId=11060207&x=1280&y=819&a=true","foto3":"https://nlwkn.hannit-share.de/index.php/core/preview?fileId=11060210&x=1280&y=819&a=true","foto4":null,"y_coord":"52.484671","x_coord":"7.09777","y_coord_D":52.484670999999999,"x_coord_D":7.0977699999999997}},{"type":"Feature","id":364,"geometry":{"type":"Point","coordinates":[790079.57389999926,6888348.2339999974]},"properties":{"OBJECTID":364,"ID_con":1600,"bw_id":"SNK_SON_3795","name":"ehem. Schleusenwärterhaus Schleuse II","km":"3+795","KTR":null,"FSK":"033149004000730001__","upflicht":"Schlagelambers, Andrea","bauart":"Schleusenwärterhaus","baujahr":null,"GEW":"SNK","rwert":370809,"hwert":5816715,"link1":null,"link2":null,"bemerk":null,"beschreib":"ehem. Schleusenwärterhaus Schleuse II","beschreib_lang":"ehem. Schleusenwärterhaus Schleuse II","stat_von":3795,"akz":null,"denkmal":"Ja","bez_urpl":null,"Nr_WR":null,"tmp":1600,"id_bw_son_pun":190,"foto1":"https://nlwkn.hannit-share.de/index.php/core/preview?fileId=11060204&x=1280&y=819&a=true","foto2":"https://nlwkn.hannit-share.de/index.php/core/preview?fileId=11060216&x=1280&y=819&a=true","foto3":"https://nlwkn.hannit-share.de/index.php/core/preview?fileId=11060219&x=1280&y=819&a=true","foto4":null,"y_coord":"52.485268","x_coord":"7.097406","y_coord_D":52.485267999999998,"x_coord_D":7.0974060000000003}},{"type":"Feature","id":365,"geometry":{"type":"Point","coordinates":[790165.67799999937,6888315.9913000017]},"properties":{"OBJECTID":365,"ID_con":1601,"bw_id":"SNK_SON_3800","name":"Schutzhütte bei Schleuse II","km":"3+800","KTR":null,"FSK":"033151030004200031__","upflicht":"??","bauart":"Schutzhütte","baujahr":null,"GEW":"SNK","rwert":370861,"hwert":5816694,"link1":null,"link2":null,"bemerk":null,"beschreib":"Schutzhütte bei Schleuse II","beschreib_lang":"Schutzhütte bei Schleuse II","stat_von":3800,"akz":null,"denkmal":"Nein","bez_urpl":null,"Nr_WR":null,"tmp":1601,"id_bw_son_pun":291,"foto1":"https://nlwkn.hannit-share.de/index.php/core/preview?fileId=11060222&x=1280&y=819&a=true","foto2":"https://nlwkn.hannit-share.de/index.php/core/preview?fileId=11060225&x=1280&y=819&a=true","foto3":"https://nlwkn.hannit-share.de/index.php/core/preview?fileId=11060228&x=1280&y=819&a=true","foto4":"https://nlwkn.hannit-share.de/index.php/core/preview?fileId=11060231&x=1280&y=819&a=true","y_coord":"52.485092","x_coord":"7.098179","y_coord_D":52.485092000000002,"x_coord_D":7.098179}},{"type":"Feature","id":366,"geometry":{"type":"Point","coordinates":[790287.46290000156,6890296.7555000037]},"properties":{"OBJECTID":366,"ID_con":1614,"bw_id":"SNK_SON_5060","name":"alte Böschungstreppe","km":"5+060","KTR":null,"FSK":"033148016002740110__","upflicht":"UHV 114","bauart":"Böschungstreppe","baujahr":"2006","GEW":"SNK","rwert":370967,"hwert":5817897,"link1":null,"link2":null,"bemerk":null,"beschreib":"Für den Einbau von Absperrtafeln an der Mündung Klausheider Graben wurde eine Böschungstreppe angelegt (Siehe SNK_EIN_SON_5065).","beschreib_lang":"Für den Einbau von Absperrtafeln an der Mündung Klausheider Graben wurde eine Böschungstreppe angelegt (Siehe SNK_EIN_SON_5065).","stat_von":5060,"akz":null,"denkmal":"Nein","bez_urpl":"alte Böschungstreppe rechts","Nr_WR":null,"tmp":1614,"id_bw_son_pun":414,"foto1":"https://nlwkn.hannit-share.de/index.php/core/preview?fileId=11060381&x=1280&y=819&a=true","foto2":null,"foto3":null,"foto4":null,"y_coord":"52.495926","x_coord":"7.099273","y_coord_D":52.495925999999997,"x_coord_D":7.0992730000000002}},{"type":"Feature","id":367,"geometry":{"type":"Point","coordinates":[790262.62180000171,6890305.9641999975]},"properties":{"OBJECTID":367,"ID_con":1615,"bw_id":"SNK_SON_5070","name":"altes Brückenfundament im Kanal","km":"5+070","KTR":null,"FSK":"033148016002750110__","upflicht":"NLWKN","bauart":"Bauwerksrest","baujahr":null,"GEW":"SNK","rwert":370952,"hwert":5817903,"link1":null,"link2":null,"bemerk":"!!Eignet sich die Stelle zur touristischen Aufwertung z.B. durch Anlage einer Aussichtsplattform mit Infotafel","beschreib":"Bauwerksrest (Brückenfundament) im Kanal links","beschreib_lang":"Bauwerksrest (Brückenfundament) im Kanal links","stat_von":5070,"akz":null,"denkmal":"Nein","bez_urpl":"Bauwerksrest (Brückenfundament) im Kanal links","Nr_WR":null,"tmp":1615,"id_bw_son_pun":191,"foto1":"https://nlwkn.hannit-share.de/index.php/core/preview?fileId=11060384&x=1280&y=819&a=true","foto2":"https://nlwkn.hannit-share.de/index.php/core/preview?fileId=11060387&x=1280&y=819&a=true","foto3":"https://nlwkn.hannit-share.de/index.php/core/preview?fileId=11060390&x=1280&y=819&a=true","foto4":null,"y_coord":"52.495976","x_coord":"7.09905","y_coord_D":52.495975999999999,"x_coord_D":7.0990500000000001}},{"type":"Feature","id":368,"geometry":{"type":"Point","coordinates":[790048.69700000063,6891706.0997999981]},"properties":{"OBJECTID":368,"ID_con":1568,"bw_id":"SNK_SON_5955","name":"Tor","km":"5+955","KTR":null,"FSK":"03315402000027______","upflicht":"??","bauart":"Tor","baujahr":null,"GEW":"SNK","rwert":370844,"hwert":5818758,"link1":null,"link2":null,"bemerk":null,"beschreib":"Tor mit Überwegung zum Kanalseitengraben","beschreib_lang":"Tor mit Überwegung zum Kanalseitengraben","stat_von":5955,"akz":null,"denkmal":"Nein","bez_urpl":null,"Nr_WR":null,"tmp":1568,"id_bw_son_pun":415,"foto1":"https://nlwkn.hannit-share.de/index.php/core/preview?fileId=11060396&x=1280&y=819&a=true","foto2":null,"foto3":null,"foto4":null,"y_coord":"52.503633","x_coord":"7.097128","y_coord_D":52.503633000000001,"x_coord_D":7.0971279999999997}},{"type":"Feature","id":369,"geometry":{"type":"Point","coordinates":[790148.6724999994,6892021.1709999964]},"properties":{"OBJECTID":369,"ID_con":1616,"bw_id":"SNK_SON_6155","name":"Überfahrt (Seitengraben) mit Absperrung","km":"6+155","KTR":null,"FSK":"033154012000040012__","upflicht":"??","bauart":"Überfahrt","baujahr":null,"GEW":"SNK","rwert":370910,"hwert":5818948,"link1":null,"link2":null,"bemerk":null,"beschreib":"Überfahrt (Seitengraben) mit Absperrung","beschreib_lang":"Überfahrt (Seitengraben) mit Absperrung","stat_von":6155,"akz":null,"denkmal":"Nein","bez_urpl":null,"Nr_WR":null,"tmp":1616,"id_bw_son_pun":416,"foto1":"https://nlwkn.hannit-share.de/index.php/core/preview?fileId=11060399&x=1280&y=819&a=true","foto2":null,"foto3":null,"foto4":null,"y_coord":"52.505356","x_coord":"7.098026","y_coord_D":52.505355999999999,"x_coord_D":7.0980259999999999}},{"type":"Feature","id":370,"geometry":{"type":"Point","coordinates":[789681.81599999964,6893865.5649000034]},"properties":{"OBJECTID":370,"ID_con":1617,"bw_id":"SNK_SON_7320","name":"Trafostation am U-Weg","km":"7+320","KTR":null,"FSK":"033154012000040008__","upflicht":"??","bauart":"Trafostation","baujahr":null,"GEW":"SNK","rwert":370655,"hwert":5820077,"link1":null,"link2":null,"bemerk":null,"beschreib":"Trafostation am U-Weg","beschreib_lang":"Trafostation am U-Weg","stat_von":7320,"akz":null,"denkmal":"Nein","bez_urpl":"Trafostation am U-Weg links","Nr_WR":null,"tmp":1617,"id_bw_son_pun":417,"foto1":"https://nlwkn.hannit-share.de/index.php/core/preview?fileId=11060402&x=1280&y=819&a=true","foto2":"https://nlwkn.hannit-share.de/index.php/core/preview?fileId=11060405&x=1280&y=819&a=true","foto3":"https://nlwkn.hannit-share.de/index.php/core/preview?fileId=11060408&x=1280&y=819&a=true","foto4":"https://nlwkn.hannit-share.de/index.php/core/preview?fileId=11060411&x=1280&y=819&a=true","y_coord":"52.51544","x_coord":"7.093832","y_coord_D":52.515439999999998,"x_coord_D":7.0938319999999999}},{"type":"Feature","id":371,"geometry":{"type":"Point","coordinates":[789708.08619999886,6893927.1172999963]},"properties":{"OBJECTID":371,"ID_con":2146,"bw_id":"SNK_SON_7355","name":"Infotafel (Infostein) Schleuse III","km":"7+355","KTR":null,"FSK":"033154012000040012__","upflicht":null,"bauart":"Infotafel (Infostein)","baujahr":null,"GEW":"SNK","rwert":370672,"hwert":5820114,"link1":null,"link2":null,"bemerk":null,"beschreib":"Infotafel (Infostein) Schleuse III","beschreib_lang":null,"stat_von":7355,"akz":null,"denkmal":"Nein","bez_urpl":null,"Nr_WR":null,"tmp":2146,"id_bw_son_pun":516,"foto1":"https://nlwkn.hannit-share.de/index.php/core/preview?fileId=11060414&x=1280&y=819&a=true","foto2":"https://nlwkn.hannit-share.de/index.php/core/preview?fileId=11060417&x=1280&y=819&a=true","foto3":null,"foto4":null,"y_coord":"52.515776","x_coord":"7.094068","y_coord_D":52.515776000000002,"x_coord_D":7.094068}},{"type":"Feature","id":372,"geometry":{"type":"Point","coordinates":[789545.15049999952,6894070.8347000033]},"properties":{"OBJECTID":372,"ID_con":2449,"bw_id":"SNK_SON_7490","name":"ehemaliges Schleusenwärterhaus bei Schleuse III","km":"7+490","KTR":null,"FSK":"033154013000730003__","upflicht":"Hund, Werner","bauart":"Schleusenwärterhaus","baujahr":null,"GEW":"SNK","rwert":370575,"hwert":5820204,"link1":null,"link2":null,"bemerk":null,"beschreib":"ehemaliges Schleusenwärterhaus","beschreib_lang":null,"stat_von":7490,"akz":null,"denkmal":"Ja","bez_urpl":null,"Nr_WR":null,"tmp":2449,"id_bw_son_pun":613,"foto1":null,"foto2":null,"foto3":null,"foto4":null,"y_coord":"52.516562","x_coord":"7.092605","y_coord_D":52.516562,"x_coord_D":7.0926049999999998}},{"type":"Feature","id":373,"geometry":{"type":"Point","coordinates":[789314.22989999875,6894676.6086999997]},"properties":{"OBJECTID":373,"ID_con":1618,"bw_id":"SNK_SON_7875","name":"Schutzhütte (rechtsseitig)","km":"7+875","KTR":null,"FSK":"033154013000010016__","upflicht":"??","bauart":"Schutzhütte","baujahr":null,"GEW":"SNK","rwert":370444,"hwert":5820576,"link1":null,"link2":null,"bemerk":null,"beschreib":"Schutzhütte (rechtsseitig)","beschreib_lang":null,"stat_von":7875,"akz":null,"denkmal":"Nein","bez_urpl":null,"Nr_WR":null,"tmp":1618,"id_bw_son_pun":302,"foto1":"https://nlwkn.hannit-share.de/index.php/core/preview?fileId=11060423&x=1280&y=819&a=true","foto2":"https://nlwkn.hannit-share.de/index.php/core/preview?fileId=11060426&x=1280&y=819&a=true","foto3":"https://nlwkn.hannit-share.de/index.php/core/preview?fileId=11060429&x=1280&y=819&a=true","foto4":"https://nlwkn.hannit-share.de/index.php/core/preview?fileId=11060432&x=1280&y=819&a=true","y_coord":"52.519873","x_coord":"7.09053","y_coord_D":52.519872999999997,"x_coord_D":7.0905300000000002}},{"type":"Feature","id":374,"geometry":{"type":"Point","coordinates":[788649.95809999853,6898757.5447999984]},"properties":{"OBJECTID":374,"ID_con":1570,"bw_id":"SNK_SON_10395","name":"Schutzhütte (rechtsseitig)","km":"10+395","KTR":null,"FSK":"03315401900069______","upflicht":"??","bauart":"Schutzhütte","baujahr":null,"GEW":"SNK","rwert":370105,"hwert":5823067,"link1":null,"link2":null,"bemerk":null,"beschreib":"Schutzhütte (rechtsseitig)","beschreib_lang":null,"stat_von":10395,"akz":null,"denkmal":"Nein","bez_urpl":null,"Nr_WR":null,"tmp":1570,"id_bw_son_pun":301,"foto1":"https://nlwkn.hannit-share.de/index.php/core/preview?fileId=11059898&x=1280&y=819&a=true","foto2":null,"foto3":null,"foto4":null,"y_coord":"52.542174","x_coord":"7.084563","y_coord_D":52.542174000000003,"x_coord_D":7.0845630000000002}},{"type":"Feature","id":375,"geometry":{"type":"Point","coordinates":[788436.3077000007,6901057.9114999995]},"properties":{"OBJECTID":375,"ID_con":1575,"bw_id":"SNK_SON_11825","name":"private Steganlage??","km":"11+825","KTR":null,"FSK":"033121014001050102__","upflicht":"??","bauart":"Steg","baujahr":null,"GEW":"SNK","rwert":370012,"hwert":5824468,"link1":null,"link2":null,"bemerk":null,"beschreib":"private Steganlage??","beschreib_lang":null,"stat_von":11825,"akz":null,"denkmal":"Nein","bez_urpl":"private Steganlage??","Nr_WR":null,"tmp":1575,"id_bw_son_pun":202,"foto1":"https://nlwkn.hannit-share.de/index.php/core/preview?fileId=11059961&x=1280&y=819&a=true","foto2":"https://nlwkn.hannit-share.de/index.php/core/preview?fileId=11059964&x=1280&y=819&a=true","foto3":null,"foto4":null,"y_coord":"52.55474","x_coord":"7.082644","y_coord_D":52.554740000000002,"x_coord_D":7.0826440000000002}},{"type":"Feature","id":376,"geometry":{"type":"Point","coordinates":[788450.19399999827,6901958.8258000016]},"properties":{"OBJECTID":376,"ID_con":2623,"bw_id":"SNK_SON_12370","name":"Trafokasten","km":"12+370","KTR":null,"FSK":"033121014001090101__","upflicht":"Westnetz??","bauart":"Trafokasten","baujahr":"??","GEW":"SNK","rwert":370035,"hwert":5825015,"link1":null,"link2":null,"bemerk":null,"beschreib":"Trafokasten","beschreib_lang":"Trafokasten","stat_von":12370,"akz":null,"denkmal":"Nein","bez_urpl":"Trafokasten an Brücke","Nr_WR":null,"tmp":2623,"id_bw_son_pun":661,"foto1":"https://nlwkn.hannit-share.de/index.php/core/preview?fileId=11656445&x=1280&y=819&a=true","foto2":"https://nlwkn.hannit-share.de/index.php/core/preview?fileId=11656446&x=1280&y=819&a=true","foto3":null,"foto4":null,"y_coord":"52.559661","x_coord":"7.082769","y_coord_D":52.559660999999998,"x_coord_D":7.0827689999999999}},{"type":"Feature","id":377,"geometry":{"type":"Point","coordinates":[788438.42480000108,6903022.1726000011]},"properties":{"OBJECTID":377,"ID_con":1577,"bw_id":"SNK_SON_13020","name":"Schutzhütte rechts","km":"13+020","KTR":null,"FSK":"033121014001150100__","upflicht":"??","bauart":"Schutzhütte","baujahr":null,"GEW":"SNK","rwert":370045,"hwert":5825661,"link1":null,"link2":null,"bemerk":null,"beschreib":"Schutzhütte rechts","beschreib_lang":null,"stat_von":13020,"akz":null,"denkmal":"Nein","bez_urpl":null,"Nr_WR":null,"tmp":1577,"id_bw_son_pun":418,"foto1":null,"foto2":null,"foto3":null,"foto4":null,"y_coord":"52.565467","x_coord":"7.082663","y_coord_D":52.565466999999998,"x_coord_D":7.0826630000000002}},{"type":"Feature","id":378,"geometry":{"type":"Point","coordinates":[788299.20820000023,6903935.6925999969]},"properties":{"OBJECTID":378,"ID_con":1576,"bw_id":"SNK_SON_13575","name":"Schutzhütte rechts","km":"13+575","KTR":null,"FSK":"033121008000530026__","upflicht":"??","bauart":"Schutzhütte","baujahr":null,"GEW":"SNK","rwert":369975,"hwert":5826218,"link1":null,"link2":null,"bemerk":null,"beschreib":"Schutzhütte rechts","beschreib_lang":null,"stat_von":13575,"akz":null,"denkmal":"Nein","bez_urpl":null,"Nr_WR":null,"tmp":1576,"id_bw_son_pun":419,"foto1":null,"foto2":null,"foto3":null,"foto4":null,"y_coord":"52.570455","x_coord":"7.081412","y_coord_D":52.570455000000003,"x_coord_D":7.0814120000000003}},{"type":"Feature","id":379,"geometry":{"type":"Point","coordinates":[787209.6101000011,6903768.2299000025]},"properties":{"OBJECTID":379,"ID_con":2253,"bw_id":"SNK_SON_14240","name":"Sitzgruppe (Bänke)","km":"14+240","KTR":null,"FSK":"033121009000530029__","upflicht":"Gemeinde Georgsdorf","bauart":"Sitzgruppe","baujahr":null,"GEW":"SNK","rwert":369309,"hwert":5826134,"link1":null,"link2":null,"bemerk":null,"beschreib":"Sitzgruppe (Bänke)","beschreib_lang":null,"stat_von":14240,"akz":null,"denkmal":"Nein","bez_urpl":"Sitzgruppe (Bänke)","Nr_WR":null,"tmp":2253,"id_bw_son_pun":552,"foto1":"https://nlwkn.hannit-share.de/index.php/core/preview?fileId=11532874&x=1280&y=819&a=true","foto2":null,"foto3":null,"foto4":null,"y_coord":"52.569541","x_coord":"7.071624","y_coord_D":52.569541000000001,"x_coord_D":7.0716239999999999}},{"type":"Feature","id":380,"geometry":{"type":"Point","coordinates":[786980.05920000002,6906151.9272999987]},"properties":{"OBJECTID":380,"ID_con":1578,"bw_id":"SNK_SON_15810","name":"Schutzhütte (linksseitig)","km":"15+810","KTR":null,"FSK":"033121010000670007__","upflicht":"??","bauart":"Schutzhütte","baujahr":null,"GEW":"SNK","rwert":369208,"hwert":5827585,"link1":null,"link2":null,"bemerk":null,"beschreib":"Schutzhütte (linksseitig)","beschreib_lang":null,"stat_von":15810,"akz":null,"denkmal":"Nein","bez_urpl":null,"Nr_WR":null,"tmp":1578,"id_bw_son_pun":300,"foto1":null,"foto2":null,"foto3":null,"foto4":null,"y_coord":"52.582554","x_coord":"7.069562","y_coord_D":52.582554000000002,"x_coord_D":7.0695620000000003}},{"type":"Feature","id":381,"geometry":{"type":"Point","coordinates":[786949.95199999958,6908202.2458000034]},"properties":{"OBJECTID":381,"ID_con":1579,"bw_id":"SNK_SON_17060","name":"Schachtdeckel mit Pflasterung","km":"17+060","KTR":null,"FSK":"033121004000150022__","upflicht":null,"bauart":"Schachtdeckel","baujahr":null,"GEW":"SNK","rwert":369223,"hwert":5828830,"link1":null,"link2":null,"bemerk":"Vertrag??","beschreib":"Schachtdeckel mit Pflasterung","beschreib_lang":null,"stat_von":17060,"akz":null,"denkmal":"Nein","bez_urpl":"Schachtdeckel mit Pflasterung (links)","Nr_WR":null,"tmp":1579,"id_bw_son_pun":383,"foto1":"https://nlwkn.hannit-share.de/index.php/core/preview?fileId=11059982&x=1280&y=819&a=true","foto2":null,"foto3":null,"foto4":null,"y_coord":"52.593744","x_coord":"7.069292","y_coord_D":52.593744000000001,"x_coord_D":7.0692919999999999}},{"type":"Feature","id":382,"geometry":{"type":"Point","coordinates":[787820.94319999963,6909875.0983999968]},"properties":{"OBJECTID":382,"ID_con":1580,"bw_id":"SNK_SON_18290","name":"Steganlage (Privat)","km":"18+290","KTR":null,"FSK":"033120007000010035__","upflicht":"??","bauart":"Steg","baujahr":null,"GEW":"SNK","rwert":369780,"hwert":5829831,"link1":null,"link2":null,"bemerk":"?? Prüfen ob Anlage vorhanden??","beschreib":"Steganlage (Privat)","beschreib_lang":null,"stat_von":18290,"akz":null,"denkmal":"Nein","bez_urpl":null,"Nr_WR":null,"tmp":1580,"id_bw_son_pun":384,"foto1":null,"foto2":null,"foto3":null,"foto4":null,"y_coord":"52.602872","x_coord":"7.077116","y_coord_D":52.602871999999998,"x_coord_D":7.0771160000000002}},{"type":"Feature","id":383,"geometry":{"type":"Point","coordinates":[788239.08370000124,6910286.751699999]},"properties":{"OBJECTID":383,"ID_con":1581,"bw_id":"SNK_SON_18645","name":"Trafokasten","km":"18+645","KTR":null,"FSK":"033120007000010035__","upflicht":"??","bauart":"Trafostation","baujahr":null,"GEW":"SNK","rwert":370041,"hwert":5830074,"link1":null,"link2":null,"bemerk":null,"beschreib":"Trafokasten","beschreib_lang":null,"stat_von":18645,"akz":null,"denkmal":"Nein","bez_urpl":null,"Nr_WR":null,"tmp":1581,"id_bw_son_pun":385,"foto1":"https://nlwkn.hannit-share.de/index.php/core/preview?fileId=11060015&x=1280&y=819&a=true","foto2":"https://nlwkn.hannit-share.de/index.php/core/preview?fileId=11060018&x=1280&y=819&a=true","foto3":"https://nlwkn.hannit-share.de/index.php/core/preview?fileId=11060021&x=1280&y=819&a=true","foto4":"https://nlwkn.hannit-share.de/index.php/core/preview?fileId=11060024&x=1280&y=819&a=true","y_coord":"52.605117","x_coord":"7.080872","y_coord_D":52.605117,"x_coord_D":7.0808720000000003}},{"type":"Feature","id":384,"geometry":{"type":"Point","coordinates":[788275.82030000165,6910327.2870000005]},"properties":{"OBJECTID":384,"ID_con":1582,"bw_id":"SNK_SON_18680","name":"Schutzhütte","km":"18+680","KTR":null,"FSK":"033120003000610062__","upflicht":"??","bauart":"Schutzhütte","baujahr":null,"GEW":"SNK","rwert":370064,"hwert":5830098,"link1":"https://nlwkn.hannit-share.de/index.php/core/preview?fileId=11060039&x=1280&y=819&a=true","link2":"https://nlwkn.hannit-share.de/index.php/core/preview?fileId=11060042&x=1280&y=819&a=true","bemerk":null,"beschreib":"Schutzhütte","beschreib_lang":null,"stat_von":18680,"akz":null,"denkmal":"Nein","bez_urpl":null,"Nr_WR":null,"tmp":1582,"id_bw_son_pun":215,"foto1":"https://nlwkn.hannit-share.de/index.php/core/preview?fileId=11060027&x=1280&y=819&a=true","foto2":"https://nlwkn.hannit-share.de/index.php/core/preview?fileId11060030&x=1280&y=819&a=true","foto3":"https://nlwkn.hannit-share.de/index.php/core/preview?fileId=11060033&x=1280&y=819&a=true","foto4":"https://nlwkn.hannit-share.de/index.php/core/preview?fileId=11060036&x=1280&y=819&a=true","y_coord":"52.605339","x_coord":"7.081202","y_coord_D":52.605339000000001,"x_coord_D":7.0812020000000002}},{"type":"Feature","id":385,"geometry":{"type":"Point","coordinates":[789026.48939999938,6910973.5962999985]},"properties":{"OBJECTID":385,"ID_con":1583,"bw_id":"SNK_SON_19275","name":"Schaltschränke","km":"19+275","KTR":null,"FSK":"033120004000170051__","upflicht":"??","bauart":"Schaltschrank","baujahr":null,"GEW":"SNK","rwert":370531,"hwert":5830478,"link1":null,"link2":null,"bemerk":null,"beschreib":"Schaltschränke","beschreib_lang":null,"stat_von":19275,"akz":null,"denkmal":"Nein","bez_urpl":null,"Nr_WR":null,"tmp":1583,"id_bw_son_pun":387,"foto1":"https://nlwkn.hannit-share.de/index.php/core/preview?fileId=11060045&x=1280&y=819&a=true","foto2":null,"foto3":null,"foto4":null,"y_coord":"52.608864","x_coord":"7.087946","y_coord_D":52.608863999999997,"x_coord_D":7.0879459999999996}},{"type":"Feature","id":386,"geometry":{"type":"Point","coordinates":[788976.19629999995,6911010.1688999981]},"properties":{"OBJECTID":386,"ID_con":1815,"bw_id":"SNK_SON_19280","name":"Schaltschränke","km":"19+280","KTR":null,"FSK":"033120004000170051__","upflicht":"EWE","bauart":"Schaltschrank","baujahr":null,"GEW":"SNK","rwert":370501,"hwert":5830501,"link1":null,"link2":null,"bemerk":null,"beschreib":"Schaltschränke","beschreib_lang":null,"stat_von":19280,"akz":null,"denkmal":"Nein","bez_urpl":null,"Nr_WR":null,"tmp":1815,"id_bw_son_pun":469,"foto1":"https://nlwkn.hannit-share.de/index.php/core/preview?fileId=11060048&x=1280&y=819&a=true","foto2":"https://nlwkn.hannit-share.de/index.php/core/preview?fileId=11060051&x=1280&y=819&a=true","foto3":null,"foto4":null,"y_coord":"52.609064","x_coord":"7.087494","y_coord_D":52.609063999999996,"x_coord_D":7.0874940000000004}},{"type":"Feature","id":387,"geometry":{"type":"Point","coordinates":[789000.23149999976,6911033.8839000016]},"properties":{"OBJECTID":387,"ID_con":1816,"bw_id":"SNK_SON_19300","name":"Museumseisenbahn (Torfbahn)","km":"19+300","KTR":null,"FSK":"033120004000170051__","upflicht":null,"bauart":"Tourismus (Museumseisenbahn)","baujahr":null,"GEW":"SNK","rwert":370516,"hwert":5830515,"link1":null,"link2":null,"bemerk":null,"beschreib":"Museumseisenbahn (Torfbahn)","beschreib_lang":null,"stat_von":19300,"akz":null,"denkmal":"Nein","bez_urpl":null,"Nr_WR":null,"tmp":1816,"id_bw_son_pun":470,"foto1":"https://nlwkn.hannit-share.de/index.php/core/preview?fileId=11060054&x=1280&y=819&a=true","foto2":"https://nlwkn.hannit-share.de/index.php/core/preview?fileId=11060057&x=1280&y=819&a=true","foto3":"https://nlwkn.hannit-share.de/index.php/core/preview?fileId=11060060&x=1280&y=819&a=true","foto4":null,"y_coord":"52.609193","x_coord":"7.08771","y_coord_D":52.609192999999998,"x_coord_D":7.0877100000000004}},{"type":"Feature","id":388,"geometry":{"type":"Point","coordinates":[789032.26410000026,6911066.0530000031]},"properties":{"OBJECTID":388,"ID_con":1585,"bw_id":"SNK_SON_19325","name":"Schachtdeckel","km":"19+325","KTR":null,"FSK":"033120004000170051__","upflicht":null,"bauart":"Schachtdeckel (Dükerung??)","baujahr":null,"GEW":"SNK","rwert":370536,"hwert":5830534,"link1":null,"link2":null,"bemerk":null,"beschreib":"Schachtdeckel (Dükerung??)","beschreib_lang":null,"stat_von":19325,"akz":null,"denkmal":"Nein","bez_urpl":null,"Nr_WR":null,"tmp":1585,"id_bw_son_pun":373,"foto1":"https://nlwkn.hannit-share.de/index.php/core/preview?fileId=11060063&x=1280&y=819&a=true","foto2":"https://nlwkn.hannit-share.de/index.php/core/preview?fileId=11060066&x=1280&y=819&a=true","foto3":"https://nlwkn.hannit-share.de/index.php/core/preview?fileId=11060069&x=1280&y=819&a=true","foto4":null,"y_coord":"52.609369","x_coord":"7.087997","y_coord_D":52.609369000000001,"x_coord_D":7.0879969999999997}},{"type":"Feature","id":389,"geometry":{"type":"Point","coordinates":[790129.32669999823,6915362.0305000022]},"properties":{"OBJECTID":389,"ID_con":1586,"bw_id":"SNK_SON_22140","name":"Böschungstreppe privat inks","km":"22+140","KTR":null,"FSK":"033118013000090018__","upflicht":"??","bauart":"Böschungstreppe","baujahr":null,"GEW":"SNK","rwert":371272,"hwert":5833122,"link1":null,"link2":null,"bemerk":"Vertrag??","beschreib":"Böschungstreppe privat inks","beschreib_lang":null,"stat_von":22140,"akz":null,"denkmal":"Nein","bez_urpl":"Böschungstreppe links (privat)","Nr_WR":null,"tmp":1586,"id_bw_son_pun":369,"foto1":"https://nlwkn.hannit-share.de/index.php/core/preview?fileId=11060093&x=1280&y=819&a=true","foto2":"https://nlwkn.hannit-share.de/index.php/core/preview?fileId=11060096&x=1280&y=819&a=true","foto3":null,"foto4":null,"y_coord":"52.632797","x_coord":"7.097853","y_coord_D":52.632796999999997,"x_coord_D":7.0978529999999997}},{"type":"Feature","id":390,"geometry":{"type":"Point","coordinates":[790177.97080000117,6915701.4011000022]},"properties":{"OBJECTID":390,"ID_con":1587,"bw_id":"SNK_SON_22350","name":"Steganlage Privat)","km":"22+350","KTR":null,"FSK":"033118010000040019__","upflicht":null,"bauart":"Steg","baujahr":null,"GEW":"SNK","rwert":371307,"hwert":5833327,"link1":null,"link2":null,"bemerk":null,"beschreib":"Steganlage Privat)","beschreib_lang":null,"stat_von":22350,"akz":null,"denkmal":"Nein","bez_urpl":"Private Steganlage rechts","Nr_WR":null,"tmp":1587,"id_bw_son_pun":370,"foto1":"https://nlwkn.hannit-share.de/index.php/core/preview?fileId=11060099&x=1280&y=819&a=true","foto2":"https://nlwkn.hannit-share.de/index.php/core/preview?fileId=11060102&x=1280&y=819&a=true","foto3":null,"foto4":null,"y_coord":"52.634647","x_coord":"7.098289","y_coord_D":52.634647000000001,"x_coord_D":7.0982890000000003}},{"type":"Feature","id":391,"geometry":{"type":"Point","coordinates":[790144.13639999926,6915736.7889000028]},"properties":{"OBJECTID":391,"ID_con":1588,"bw_id":"SNK_SON_22370","name":"Steg (Privat), Am Kanal West","km":"22+370","KTR":null,"FSK":"033118010000040019__","upflicht":"??","bauart":"Steg","baujahr":null,"GEW":"SNK","rwert":371287,"hwert":5833349,"link1":null,"link2":null,"bemerk":null,"beschreib":"Steg (Privat), Am Kanal West","beschreib_lang":null,"stat_von":22370,"akz":null,"denkmal":"Nein","bez_urpl":"private Steganlage (links)","Nr_WR":null,"tmp":1588,"id_bw_son_pun":316,"foto1":"https://nlwkn.hannit-share.de/index.php/core/preview?fileId=11060105&x=1280&y=819&a=true","foto2":null,"foto3":null,"foto4":null,"y_coord":"52.63484","x_coord":"7.097986","y_coord_D":52.634839999999997,"x_coord_D":7.0979859999999997}},{"type":"Feature","id":392,"geometry":{"type":"Point","coordinates":[790141.33960000053,6916092.9565000013]},"properties":{"OBJECTID":392,"ID_con":1589,"bw_id":"SNK_SON_22585","name":"Pegel Twist (Brücke Reiners)","km":"22+585","KTR":"MAAEN10100","FSK":"033118010000040019__","upflicht":"NLWKN","bauart":"Pegel","baujahr":null,"GEW":"SNK","rwert":371291,"hwert":5833565,"link1":null,"link2":null,"bemerk":"Baujahr??","beschreib":"Pegel Brücke Reiners (Pegelmessstation Twist, Solarbetrieben mit Akkus)","beschreib_lang":null,"stat_von":22585,"akz":"62024-Süd-Nord-Kanal (SNK)-539/2022","denkmal":"Nein","bez_urpl":"Pegel Brücke Reiners","Nr_WR":null,"tmp":1589,"id_bw_son_pun":371,"foto1":"https://nlwkn.hannit-share.de/index.php/core/preview?fileId=11060108&x=1280&y=819&a=true","foto2":"https://nlwkn.hannit-share.de/index.php/core/preview?fileId=11060111&x=1280&y=819&a=true","foto3":"https://nlwkn.hannit-share.de/index.php/core/preview?fileId=11060114&x=1280&y=819&a=true","foto4":"https://nlwkn.hannit-share.de/index.php/core/preview?fileId=11060117&x=1280&y=819&a=true","y_coord":"52.636782","x_coord":"7.09796","y_coord_D":52.636781999999997,"x_coord_D":7.0979599999999996}},{"type":"Feature","id":393,"geometry":{"type":"Point","coordinates":[790151.34349999949,6916525.3501000032]},"properties":{"OBJECTID":393,"ID_con":1590,"bw_id":"SNK_SON_22845","name":"Fundamentrest (Zulauf??)","km":"22+845","KTR":null,"FSK":"033118010000040019__","upflicht":null,"bauart":"Fundamentreste","baujahr":null,"GEW":"SNK","rwert":371304,"hwert":5833827,"link1":null,"link2":null,"bemerk":"Sieht aus wie ein Einlaufbauwerk ; Prüfen!!","beschreib":"Sieht aus wie ein Einlaufbauwerk ; Prüfen!!","beschreib_lang":"Sieht aus wie ein Einlaufbauwerk ; Prüfen!!","stat_von":22845,"akz":null,"denkmal":"Nein","bez_urpl":null,"Nr_WR":null,"tmp":1590,"id_bw_son_pun":372,"foto1":"https://nlwkn.hannit-share.de/index.php/core/preview?fileId=11060126&x=1280&y=819&a=true","foto2":null,"foto3":null,"foto4":null,"y_coord":"52.639139","x_coord":"7.09805","y_coord_D":52.639139,"x_coord_D":7.0980499999999997}},{"type":"Feature","id":394,"geometry":{"type":"Point","coordinates":[790081.14009999856,6918253.8884999976]},"properties":{"OBJECTID":394,"ID_con":2564,"bw_id":"SNK_SON_23905","name":"Übersichtstafel Gemeinde Twist","km":"23+905","KTR":null,"FSK":"033118023001010019__","upflicht":"2plus GmbH Werbe - u. Handelskontor (Twist)","bauart":"Infotafel","baujahr":"2004","GEW":"SNK","rwert":371289,"hwert":5834876,"link1":null,"link2":null,"bemerk":null,"beschreib":"Infotafel Gemeinde Twist (2plus GmbH Werbe - u. Handelskontor)","beschreib_lang":null,"stat_von":23905,"akz":"27014-2plus GmbH Werbe - u. Handelskontor (vorher: Konzept & Design Werbekontor)","denkmal":"Nein","bez_urpl":null,"Nr_WR":null,"tmp":2564,"id_bw_son_pun":646,"foto1":"https://nlwkn.hannit-share.de/index.php/core/preview?fileId=11060141&x=1280&y=819&a=true","foto2":"https://nlwkn.hannit-share.de/index.php/core/preview?fileId=11060144&x=1280&y=819&a=true","foto3":"https://nlwkn.hannit-share.de/index.php/core/preview?fileId=11060147&x=1280&y=819&a=true","foto4":null,"y_coord":"52.648561","x_coord":"7.09742","y_coord_D":52.648561000000001,"x_coord_D":7.0974199999999996}},{"type":"Feature","id":395,"geometry":{"type":"Point","coordinates":[790057.05909999833,6918918.1252999976]},"properties":{"OBJECTID":395,"ID_con":2584,"bw_id":"SNK_SON_24300","name":"Wildblumenwiese (Jägerschaft Twist, Herr Ströer)","km":"24+300","KTR":null,"FSK":"033118023000960007__","upflicht":"Jägerschaft Twist","bauart":"Wildblumenwiese","baujahr":"2024","GEW":"SNK","rwert":371285,"hwert":5835279,"link1":null,"link2":null,"bemerk":"Originalvertrag einscannen, Akz. anlegen, Vertrag endet am 31.03.2029","beschreib":"Wildblumenwiese (Jägerschaft Twist, Herr Ströer)","beschreib_lang":"Die Untere Naturschutzbehörde des Landkreises Emsland hatte ein Förderprogramm Wildblumenwiesen aufgelegt. Privatpersonen, Vereine und Verbände sowie Kommunen des Landkreises Emsland konnten einen Antrag auf zertifiziertes Regio-Saatgut stellen. Das Saatgut wurde vom Landkreis bereitgestellt. Die Jägerschaft Twist (Herr Ströer) hatte hier eine Wildblumenwiese angelegt","stat_von":24300,"akz":null,"denkmal":"Nein","bez_urpl":null,"Nr_WR":null,"tmp":2584,"id_bw_son_pun":647,"foto1":"https://nlwkn.hannit-share.de/index.php/core/preview?fileId=11060150&x=1280&y=819&a=true","foto2":"https://nlwkn.hannit-share.de/index.php/core/preview?fileId=11060153&x=1280&y=819&a=true","foto3":"https://nlwkn.hannit-share.de/index.php/core/preview?fileId=11060156&x=1280&y=819&a=true","foto4":"https://nlwkn.hannit-share.de/index.php/core/preview?fileId=11060159&x=1280&y=819&a=true","y_coord":"52.652181","x_coord":"7.097203","y_coord_D":52.652180999999999,"x_coord_D":7.0972030000000004}},{"type":"Feature","id":396,"geometry":{"type":"Point","coordinates":[789852.23910000175,6920132.0525999963]},"properties":{"OBJECTID":396,"ID_con":1591,"bw_id":"SNK_SON_25100","name":"Lagerplatz Rühlertwist (ohne Pflanzenkläranlage)","km":"25+100","KTR":null,"FSK":"033118032000130013__","upflicht":"NLWKN","bauart":"Lagerplatz, Betriebsgelände","baujahr":null,"GEW":"SNK","rwert":371180,"hwert":5836018,"link1":null,"link2":null,"bemerk":"mit Strom??","beschreib":"Lagerplatz Rühlertwist","beschreib_lang":null,"stat_von":25100,"akz":"62024-12-05","denkmal":"Nein","bez_urpl":"Lagerplatz Rühlertwist","Nr_WR":null,"tmp":1591,"id_bw_son_pun":216,"foto1":"https://nlwkn.hannit-share.de/index.php/core/preview?fileId=11060162&x=1280&y=819&a=true","foto2":"https://nlwkn.hannit-share.de/index.php/core/preview?fileId=11060165&x=1280&y=819&a=true","foto3":"https://nlwkn.hannit-share.de/index.php/core/preview?fileId=11060168&x=1280&y=819&a=true","foto4":"https://nlwkn.hannit-share.de/index.php/core/preview?fileId=11060171&x=1280&y=819&a=true","y_coord":"52.658796","x_coord":"7.095363","y_coord_D":52.658796000000002,"x_coord_D":7.0953629999999999}},{"type":"Feature","id":397,"geometry":{"type":"Point","coordinates":[789846.81230000034,6922335.1308000013]},"properties":{"OBJECTID":397,"ID_con":1592,"bw_id":"SNK_SON_26400","name":"Infotafel Moorlandschaften","km":"26+400","KTR":null,"FSK":"033118036000010324__","upflicht":null,"bauart":"Infotafel","baujahr":null,"GEW":"SNK","rwert":371212,"hwert":5837353,"link1":null,"link2":null,"bemerk":null,"beschreib":"Infotafel Moorlandschaften","beschreib_lang":null,"stat_von":26400,"akz":null,"denkmal":"Nein","bez_urpl":null,"Nr_WR":null,"tmp":1592,"id_bw_son_pun":467,"foto1":"https://nlwkn.hannit-share.de/index.php/core/preview?fileId=11060174&x=1280&y=819&a=true","foto2":"https://nlwkn.hannit-share.de/index.php/core/preview?fileId=11060177&x=1280&y=819&a=true","foto3":null,"foto4":null,"y_coord":"52.670798","x_coord":"7.095315","y_coord_D":52.670797999999998,"x_coord_D":7.0953150000000003}},{"type":"Feature","id":398,"geometry":{"type":"Point","coordinates":[789868.03150000051,6924027.7137999982]},"properties":{"OBJECTID":398,"ID_con":1593,"bw_id":"SNK_SON_27420","name":"Schöpfwerk Südlicher Annaveenschloot","km":"27+420","KTR":null,"FSK":"033118036000010371__","upflicht":null,"bauart":"Schöpfwerk","baujahr":null,"GEW":"SNK","rwert":371252,"hwert":5838378,"link1":null,"link2":null,"bemerk":null,"beschreib":"Schöpfwerk Südlicher Annaveenschloot","beschreib_lang":null,"stat_von":27420,"akz":null,"denkmal":"Nein","bez_urpl":"Schöpfwerk Südlicher Annaveenschloot","Nr_WR":null,"tmp":1593,"id_bw_son_pun":214,"foto1":"https://nlwkn.hannit-share.de/index.php/core/preview?fileId=11563370&x=1280&y=819&a=true","foto2":"https://nlwkn.hannit-share.de/index.php/core/preview?fileId=11563368&x=1280&y=819&a=true","foto3":"https://nlwkn.hannit-share.de/index.php/core/preview?fileId=11563369&x=1280&y=819&a=true","foto4":"https://nlwkn.hannit-share.de/index.php/core/preview?fileId=11563371&x=1280&y=819&a=true","y_coord":"52.680017","x_coord":"7.095505","y_coord_D":52.680016999999999,"x_coord_D":7.0955050000000002}},{"type":"Feature","id":399,"geometry":{"type":"Point","coordinates":[790231.04360000044,6925001.5270999968]},"properties":{"OBJECTID":399,"ID_con":1594,"bw_id":"SNK_SON_28000","name":"Wald Provinzialmoor","km":"28+000","KTR":null,"FSK":"033118036000010247__","upflicht":null,"bauart":"Wald","baujahr":null,"GEW":"SNK","rwert":371488,"hwert":5838962,"link1":null,"link2":null,"bemerk":null,"beschreib":"Wald Provinzialmoor","beschreib_lang":null,"stat_von":28000,"akz":null,"denkmal":"Nein","bez_urpl":"Waldstück rechts im Landeseigentum","Nr_WR":null,"tmp":1594,"id_bw_son_pun":217,"foto1":null,"foto2":null,"foto3":null,"foto4":null,"y_coord":"52.68532","x_coord":"7.098766","y_coord_D":52.685319999999997,"x_coord_D":7.0987660000000004}},{"type":"Feature","id":400,"geometry":{"type":"Point","coordinates":[790222.33029999956,6928021.7655000016]},"properties":{"OBJECTID":400,"ID_con":2209,"bw_id":"SNK_SON_29850","name":"Verteilerkasten (Kompaktstation Westnetz)","km":"29+850","KTR":null,"FSK":"033118041000010832__","upflicht":"Westnetz (innogy)","bauart":"Verteilerkasten","baujahr":"2019","GEW":"SNK","rwert":371531,"hwert":5840791,"link1":null,"link2":null,"bemerk":null,"beschreib":"Verteilerkasten (Kompaktstation Westnetz)","beschreib_lang":null,"stat_von":29850,"akz":"27014-06-105","denkmal":"Nein","bez_urpl":null,"Nr_WR":null,"tmp":2209,"id_bw_son_pun":542,"foto1":"https://nlwkn.hannit-share.de/index.php/core/preview?fileId=11986846&x=1280&y=819&a=true","foto2":null,"foto3":null,"foto4":null,"y_coord":"52.701764","x_coord":"7.098688","y_coord_D":52.701763999999997,"x_coord_D":7.0986880000000001}},{"type":"Feature","id":401,"geometry":{"type":"Point","coordinates":[790336.73580000177,6929746.9173000008]},"properties":{"OBJECTID":401,"ID_con":2494,"bw_id":"SNK_SON_30900","name":"Sitzbank","km":"30+900","KTR":null,"FSK":"033118041000010583__","upflicht":"??","bauart":"Sitzbank","baujahr":null,"GEW":"SNK","rwert":371628,"hwert":5841833.5,"link1":null,"link2":null,"bemerk":"prüfen ob rechtmäßig","beschreib":"Sitzbank","beschreib_lang":null,"stat_von":30900,"akz":null,"denkmal":"Nein","bez_urpl":"Sitzbank","Nr_WR":null,"tmp":2494,"id_bw_son_pun":626,"foto1":"https://nlwkn.hannit-share.de/index.php/core/preview?fileId=11060180&x=1280&y=819&a=true","foto2":null,"foto3":null,"foto4":null,"y_coord":"52.711154","x_coord":"7.099716","y_coord_D":52.711154000000001,"x_coord_D":7.0997159999999999}},{"type":"Feature","id":402,"geometry":{"type":"Point","coordinates":[790378.66409999877,6930345.2807999998]},"properties":{"OBJECTID":402,"ID_con":2497,"bw_id":"SNK_SON_31260","name":"Sitzbank","km":"31+260","KTR":null,"FSK":"033118041000010583__","upflicht":"??","bauart":"Sitzbank","baujahr":null,"GEW":"SNK","rwert":371663,"hwert":5842195,"link1":null,"link2":null,"bemerk":null,"beschreib":"Sitzbank","beschreib_lang":null,"stat_von":31260,"akz":null,"denkmal":"Nein","bez_urpl":"Sitzbank","Nr_WR":null,"tmp":2497,"id_bw_son_pun":627,"foto1":"https://nlwkn.hannit-share.de/index.php/core/preview?fileId=11060183&x=1280&y=819&a=true","foto2":null,"foto3":null,"foto4":null,"y_coord":"52.71441","x_coord":"7.100092","y_coord_D":52.714410000000001,"x_coord_D":7.1000920000000001}},{"type":"Feature","id":403,"geometry":{"type":"Point","coordinates":[790423.87040000036,6930944.6011999995]},"properties":{"OBJECTID":403,"ID_con":2470,"bw_id":"SNK_SON_31625","name":"Sitzgruppe bei Brücke Reiners (am Infoschild)","km":"31+625","KTR":null,"FSK":"033118041000010583__","upflicht":"Gemeinde Twist??","bauart":"Sitzgruppe","baujahr":null,"GEW":"SNK","rwert":371700,"hwert":5842557,"link1":null,"link2":null,"bemerk":"!!Vertrag!!","beschreib":"Sitzgruppe bei Brücke Reiners (am Infoschild)","beschreib_lang":null,"stat_von":31625,"akz":null,"denkmal":"Nein","bez_urpl":"Sitzgruppe bei Brücke Reiners (am Infoschild)","Nr_WR":null,"tmp":2470,"id_bw_son_pun":617,"foto1":"https://nlwkn.hannit-share.de/index.php/core/preview?fileId=11060186&x=1280&y=819&a=true","foto2":null,"foto3":null,"foto4":null,"y_coord":"52.717672","x_coord":"7.100498","y_coord_D":52.717672,"x_coord_D":7.100498}},{"type":"Feature","id":404,"geometry":{"type":"Point","coordinates":[790421.96249999851,6930954.4646999985]},"properties":{"OBJECTID":404,"ID_con":1595,"bw_id":"SNK_SON_31630","name":"Infotafel Drehbrücke Ströer und LEK-Historie","km":"31+630","KTR":null,"FSK":"033118041000010583__","upflicht":"NLWKN??","bauart":"Infotafel","baujahr":null,"GEW":"SNK","rwert":371699,"hwert":5842563,"link1":null,"link2":null,"bemerk":null,"beschreib":"Infotafel Drehbrücke Ströer und LEK-Historie","beschreib_lang":null,"stat_von":31630,"akz":"02055-Veranstaltungen und Informationen-862/2022","denkmal":"Nein","bez_urpl":null,"Nr_WR":null,"tmp":1595,"id_bw_son_pun":213,"foto1":"https://nlwkn.hannit-share.de/index.php/core/preview?fileId=11060189&x=1280&y=819&a=true","foto2":null,"foto3":null,"foto4":null,"y_coord":"52.717725","x_coord":"7.100481","y_coord_D":52.717725000000002,"x_coord_D":7.1004810000000003}},{"type":"Feature","id":405,"geometry":{"type":"Point","coordinates":[790455.87810000032,6932546.7230999991]},"properties":{"OBJECTID":405,"ID_con":1596,"bw_id":"SNK_SON_32600","name":"nicht genehmigte Entnahmestelle","km":"32+600","KTR":null,"FSK":"033118045000010030__","upflicht":"??","bauart":"Entnahmestelle (nicht genehmigt)","baujahr":null,"GEW":"SNK","rwert":371745,"hwert":5843526,"link1":null,"link2":null,"bemerk":null,"beschreib":"nicht genehmigte Entnahmestelle","beschreib_lang":null,"stat_von":32600,"akz":null,"denkmal":"Nein","bez_urpl":"nicht genehmigte Entnahme","Nr_WR":null,"tmp":1596,"id_bw_son_pun":212,"foto1":"https://nlwkn.hannit-share.de/index.php/core/preview?fileId=11060192&x=1280&y=819&a=true","foto2":"https://nlwkn.hannit-share.de/index.php/core/preview?fileId=11060195&x=1280&y=819&a=true","foto3":null,"foto4":null,"y_coord":"52.726389","x_coord":"7.100786","y_coord_D":52.726388999999998,"x_coord_D":7.1007860000000003}},{"type":"Feature","id":406,"geometry":{"type":"Point","coordinates":[790744.34250000119,6936248.9067000002]},"properties":{"OBJECTID":406,"ID_con":1597,"bw_id":"SNK_SON_34840","name":"Schutzhütte","km":"34+840","KTR":null,"FSK":"033102030000140143__","upflicht":"??","bauart":"Schutzhütte","baujahr":null,"GEW":"SNK","rwert":371979,"hwert":5845761,"link1":null,"link2":null,"bemerk":null,"beschreib":"Schutzhütte","beschreib_lang":null,"stat_von":34840,"akz":null,"denkmal":"Nein","bez_urpl":null,"Nr_WR":null,"tmp":1597,"id_bw_son_pun":374,"foto1":"https://nlwkn.hannit-share.de/index.php/core/preview?fileId=11060201&x=1280&y=819&a=true","foto2":null,"foto3":null,"foto4":null,"y_coord":"52.746525","x_coord":"7.103377","y_coord_D":52.746524999999998,"x_coord_D":7.1033770000000001}},{"type":"Feature","id":407,"geometry":{"type":"Point","coordinates":[790744.21209999919,6936253.863499999]},"properties":{"OBJECTID":407,"ID_con":1598,"bw_id":"SNK_SON_34845","name":"Infotafel bei Brücke","km":"34+845","KTR":null,"FSK":"033102030000140143__","upflicht":"NLWKN??","bauart":"Infotafel","baujahr":null,"GEW":"SNK","rwert":371979,"hwert":5845764,"link1":null,"link2":null,"bemerk":null,"beschreib":"Infotafel bei Brücke","beschreib_lang":null,"stat_von":34845,"akz":null,"denkmal":"Nein","bez_urpl":null,"Nr_WR":null,"tmp":1598,"id_bw_son_pun":211,"foto1":null,"foto2":null,"foto3":null,"foto4":null,"y_coord":"52.746552","x_coord":"7.103376","y_coord_D":52.746552000000001,"x_coord_D":7.1033759999999999}},{"type":"Feature","id":408,"geometry":{"type":"Point","coordinates":[790801.63219999894,6936453.7941000015]},"properties":{"OBJECTID":408,"ID_con":1599,"bw_id":"SNK_SON_34990","name":"Betriebsgebäude (Stützpunkt Wesuwer Moor)","km":"34+990","KTR":null,"FSK":"033102030000140152__","upflicht":"NLWKN","bauart":"Betriebsgebäude","baujahr":null,"GEW":"SNK","rwert":372017,"hwert":5845884,"link1":null,"link2":null,"bemerk":"Bourtanger Str. 1, 49733 Haren (Ems)","beschreib":"NLWKN, Betriebshof Georgsdorf, Stützpunkt Wesuwer Moor (Bourtanger Straße 1, 49733 Haren (Ems))","beschreib_lang":"NLWKN, Betriebshof Georgsdorf, Stützpunkt Wesuwer Moor","stat_von":34990,"akz":"02311-Betriebshof Georgsdorf-572/2022","denkmal":"Nein","bez_urpl":"Stützpunkt Weuwermoor","Nr_WR":null,"tmp":1599,"id_bw_son_pun":210,"foto1":null,"foto2":null,"foto3":null,"foto4":null,"y_coord":"52.747639","x_coord":"7.103892","y_coord_D":52.747638999999999,"x_coord_D":7.1038920000000001}},{"type":"Feature","id":409,"geometry":{"type":"Point","coordinates":[791084.46779999882,6940131.1397999972]},"properties":{"OBJECTID":409,"ID_con":2256,"bw_id":"SNK_SON_37205","name":"Sitzgruppe (Bürgerverein Fehndorf)","km":"37+205","KTR":null,"FSK":"031737042000370054__","upflicht":"Bürgerverein Fehndorf (Stadt Haren)","bauart":"Sitzgruppe","baujahr":"2022","GEW":"SNK","rwert":372247,"hwert":5848103,"link1":null,"link2":null,"bemerk":null,"beschreib":"Sitzgruppe (Bürgerverein Fehndorf)","beschreib_lang":null,"stat_von":37205,"akz":null,"denkmal":"Nein","bez_urpl":null,"Nr_WR":null,"tmp":2256,"id_bw_son_pun":553,"foto1":null,"foto2":null,"foto3":null,"foto4":null,"y_coord":"52.767631","x_coord":"7.106433","y_coord_D":52.767631000000002,"x_coord_D":7.106433}},{"type":"Feature","id":410,"geometry":{"type":"Point","coordinates":[791153.20560000092,6941598.7258000001]},"properties":{"OBJECTID":410,"ID_con":1602,"bw_id":"SNK_SON_38090","name":"Steg","km":"38+090","KTR":null,"FSK":"031737038000490097__","upflicht":"?","bauart":"Steg","baujahr":null,"GEW":"SNK","rwert":372312,"hwert":5848989,"link1":null,"link2":null,"bemerk":"Anlage wurde auf Veranlassung UWB (Az. 671/209/202","beschreib":"Steg","beschreib_lang":null,"stat_von":38090,"akz":null,"denkmal":"Nein","bez_urpl":"Steg links","Nr_WR":null,"tmp":1602,"id_bw_son_pun":209,"foto1":null,"foto2":null,"foto3":null,"foto4":null,"y_coord":"52.775607","x_coord":"7.10705","y_coord_D":52.775607000000001,"x_coord_D":7.1070500000000001}},{"type":"Feature","id":411,"geometry":{"type":"Point","coordinates":[791148.73490000144,6941706.1525000036]},"properties":{"OBJECTID":411,"ID_con":1603,"bw_id":"SNK_SON_38155","name":"Schutzhütte??","km":"38+155","KTR":null,"FSK":"031737038000490097__","upflicht":"??","bauart":"Schutzhütte","baujahr":null,"GEW":"SNK","rwert":372311,"hwert":5849054,"link1":null,"link2":null,"bemerk":null,"beschreib":"Schutzhütte??","beschreib_lang":null,"stat_von":38155,"akz":null,"denkmal":"Nein","bez_urpl":null,"Nr_WR":null,"tmp":1603,"id_bw_son_pun":208,"foto1":null,"foto2":null,"foto3":null,"foto4":null,"y_coord":"52.776191","x_coord":"7.10701","y_coord_D":52.776190999999997,"x_coord_D":7.1070099999999998}},{"type":"Feature","id":412,"geometry":{"type":"Point","coordinates":[791216.01249999925,6942098.4087999985]},"properties":{"OBJECTID":412,"ID_con":1604,"bw_id":"SNK_SON_38395","name":"Kanalaufweitung","km":"38+395","KTR":null,"FSK":"031737038000490097__","upflicht":"NLWKN","bauart":"Kanalaufweitung","baujahr":null,"GEW":"SNK","rwert":372358,"hwert":5849290,"link1":null,"link2":null,"bemerk":null,"beschreib":"Kanalaufweitung","beschreib_lang":"Kanalaufweitung","stat_von":38395,"akz":null,"denkmal":"Nein","bez_urpl":"Kanalaufweitung rechts","Nr_WR":null,"tmp":1604,"id_bw_son_pun":207,"foto1":"https://nlwkn.hannit-share.de/index.php/core/preview?fileId=11060234&x=1280&y=819&a=true","foto2":null,"foto3":null,"foto4":null,"y_coord":"52.778323","x_coord":"7.107614","y_coord_D":52.778323,"x_coord_D":7.1076139999999999}},{"type":"Feature","id":413,"geometry":{"type":"Point","coordinates":[791231.16189999878,6942212.9782000035]},"properties":{"OBJECTID":413,"ID_con":1605,"bw_id":"SNK_SON_38465","name":"Kunst","km":"38+465","KTR":null,"FSK":"03173700700188______","upflicht":"Stadt Haren","bauart":"Altes Torfschiff, Sitzbank, Infotafel","baujahr":null,"GEW":"SNK","rwert":372369,"hwert":5849359,"link1":null,"link2":null,"bemerk":null,"beschreib":"Kunst","beschreib_lang":null,"stat_von":38465,"akz":null,"denkmal":"Nein","bez_urpl":"Altes Schiff auf rechter Böschung","Nr_WR":null,"tmp":1605,"id_bw_son_pun":206,"foto1":"https://nlwkn.hannit-share.de/index.php/core/preview?fileId=11060237&x=1280&y=819&a=true","foto2":"https://nlwkn.hannit-share.de/index.php/core/preview?fileId=11060240&x=1280&y=819&a=true","foto3":"https://nlwkn.hannit-share.de/index.php/core/preview?fileId=11060243&x=1280&y=819&a=true","foto4":null,"y_coord":"52.778945","x_coord":"7.10775","y_coord_D":52.778945,"x_coord_D":7.1077500000000002}},{"type":"Feature","id":414,"geometry":{"type":"Point","coordinates":[791236.8489000015,6942310.7528999969]},"properties":{"OBJECTID":414,"ID_con":1606,"bw_id":"SNK_SON_38525","name":"Infostand Altenberge","km":"38+525","KTR":null,"FSK":"031737037001040083__","upflicht":"Stadt Haren","bauart":"Infostand","baujahr":null,"GEW":"SNK","rwert":372374,"hwert":5849418,"link1":null,"link2":null,"bemerk":null,"beschreib":"Infostand Altenberge","beschreib_lang":null,"stat_von":38525,"akz":null,"denkmal":"Nein","bez_urpl":"Infotafel rechtsseitig","Nr_WR":null,"tmp":1606,"id_bw_son_pun":205,"foto1":"https://nlwkn.hannit-share.de/index.php/core/preview?fileId=11060246&x=1280&y=819&a=true","foto2":"https://nlwkn.hannit-share.de/index.php/core/preview?fileId=11060249&x=1280&y=819&a=true","foto3":"https://nlwkn.hannit-share.de/index.php/core/preview?fileId=11060252&x=1280&y=819&a=true","foto4":null,"y_coord":"52.779476","x_coord":"7.107802","y_coord_D":52.779476000000003,"x_coord_D":7.1078020000000004}},{"type":"Feature","id":415,"geometry":{"type":"Point","coordinates":[791236.15560000017,6942462.9654999971]},"properties":{"OBJECTID":415,"ID_con":1607,"bw_id":"SNK_SON_38615","name":"Steg","km":"38+615","KTR":null,"FSK":"031737037001040083__","upflicht":"??","bauart":"Steg","baujahr":null,"GEW":"SNK","rwert":372376,"hwert":5849510,"link1":null,"link2":null,"bemerk":null,"beschreib":"Steg","beschreib_lang":null,"stat_von":38615,"akz":null,"denkmal":"Nein","bez_urpl":"Steg rechtsseitig","Nr_WR":null,"tmp":1607,"id_bw_son_pun":204,"foto1":"https://nlwkn.hannit-share.de/index.php/core/preview?fileId=11060255&x=1280&y=819&a=true","foto2":null,"foto3":null,"foto4":null,"y_coord":"52.780304","x_coord":"7.107795","y_coord_D":52.780304000000001,"x_coord_D":7.1077950000000003}},{"type":"Feature","id":416,"geometry":{"type":"Point","coordinates":[791322.86439999938,6943876.8332000002]},"properties":{"OBJECTID":416,"ID_con":1608,"bw_id":"SNK_SON_39495","name":"Betriebsgebäude (Wehrsteuerung Fehndorf)","km":"39+495","KTR":null,"FSK":"031737037001040083__","upflicht":"NLWKN","bauart":"Betriebsgebäude","baujahr":"1985/86","GEW":"SNK","rwert":372451,"hwert":5850363,"link1":"https://nlwkn.hannit-share.de/index.php/core/preview?fileId=11056277&x=1280&y=819&a=true","link2":null,"bemerk":null,"beschreib":"Betriebsgebäude (Wehrsteuerung) Wehr Fehndorf","beschreib_lang":"Betriebsgebäude (Wehrsteuerung) Wehr Fehndorf","stat_von":39495,"akz":"62026-Süd-Nord-Kanal (SNK) Wehr Fehndorf km 39+500 km-570/2023","denkmal":"Nein","bez_urpl":"Betriebsgebäude (Wehrsteuerung)","Nr_WR":null,"tmp":1608,"id_bw_son_pun":271,"foto1":"https://nlwkn.hannit-share.de/index.php/core/preview?fileId=11060279&x=1280&y=819&a=true","foto2":"https://nlwkn.hannit-share.de/index.php/core/preview?fileId=11060282&x=1280&y=819&a=true","foto3":"https://nlwkn.hannit-share.de/index.php/core/preview?fileId=11060285&x=1280&y=819&a=true","foto4":"https://nlwkn.hannit-share.de/index.php/core/preview?fileId=11060288&x=1280&y=819&a=true","y_coord":"52.787985","x_coord":"7.108574","y_coord_D":52.787984999999999,"x_coord_D":7.1085739999999999}},{"type":"Feature","id":417,"geometry":{"type":"Point","coordinates":[792919.95560000092,6951715.9136999995]},"properties":{"OBJECTID":417,"ID_con":1610,"bw_id":"SNK_SON_44625","name":"Betriebsgebäude (Wehrsteuerung Altenberge)","km":"44+625","KTR":null,"FSK":"03172602100174______","upflicht":"NLWKN","bauart":"Betriebsgebäude","baujahr":"1975","GEW":"SNK","rwert":373542,"hwert":5855072,"link1":null,"link2":null,"bemerk":null,"beschreib":"Betriebsgebäude (Wehrsteuerung) Wehr Altenberge","beschreib_lang":"Betriebsgebäude (Wehrsteuerung) Wehr Altenberge","stat_von":44625,"akz":"62026-Süd-Nord-Kanal (SNK) Wehr Altenberge-2011/2023","denkmal":"Nein","bez_urpl":"Betriebsgebäude Wehrsteuerung","Nr_WR":null,"tmp":1610,"id_bw_son_pun":273,"foto1":"https://nlwkn.hannit-share.de/index.php/core/preview?fileId=11060330&x=1280&y=819&a=true","foto2":"https://nlwkn.hannit-share.de/index.php/core/preview?fileId=11060333&x=1280&y=819&a=true","foto3":"https://nlwkn.hannit-share.de/index.php/core/preview?fileId=11060336&x=1280&y=819&a=true","foto4":"https://nlwkn.hannit-share.de/index.php/core/preview?fileId=11060339&x=1280&y=819&a=true","y_coord":"52.830552","x_coord":"7.122921","y_coord_D":52.830551999999997,"x_coord_D":7.1229209999999998}},{"type":"Feature","id":418,"geometry":{"type":"Point","coordinates":[792608.9924999997,6952930.425999999]},"properties":{"OBJECTID":418,"ID_con":1612,"bw_id":"SNK_SON_45385","name":"Krautsperre SNK","km":"45+385","KTR":null,"FSK":"03172602100171______","upflicht":"NLWKN","bauart":"Krautsperre","baujahr":null,"GEW":"SNK","rwert":373373,"hwert":5855810,"link1":null,"link2":null,"bemerk":null,"beschreib":"Krautsperre vor Mündung in HRK","beschreib_lang":"Krautsperre vor Mündung in HRK","stat_von":45385,"akz":null,"denkmal":"Nein","bez_urpl":"Krautsperre vor Mündung in HRK","Nr_WR":null,"tmp":1612,"id_bw_son_pun":193,"foto1":"https://nlwkn.hannit-share.de/index.php/core/preview?fileId=11060378&x=1280&y=819&a=true","foto2":null,"foto3":null,"foto4":null,"y_coord":"52.837143","x_coord":"7.120128","y_coord_D":52.837142999999998,"x_coord_D":7.1201280000000002}},{"type":"Feature","id":419,"geometry":{"type":"Point","coordinates":[786839.87440000102,6879438.8022999987]},"properties":{"OBJECTID":419,"ID_con":1619,"bw_id":"VBA_SON_20","name":"Bootsanleger (Beton)","km":"0+020","KTR":null,"FSK":"033151016000950002__","upflicht":"Stadt Nordhorn","bauart":"Bootsanleger","baujahr":null,"GEW":"VBA","rwert":368688,"hwert":5811344,"link1":null,"link2":null,"bemerk":null,"beschreib":"Bootsanleger links oberhalb des Einlaufes in den Borstenfischpass am Ölmühlenwehr","beschreib_lang":null,"stat_von":20,"akz":null,"denkmal":"Nein","bez_urpl":null,"Nr_WR":null,"tmp":1619,"id_bw_son_pun":388,"foto1":"https://nlwkn.hannit-share.de/index.php/core/preview?fileId=11058080&x=1280&y=819&a=true","foto2":"https://nlwkn.hannit-share.de/index.php/core/preview?fileId=11058083&x=1280&y=819&a=true","foto3":"https://nlwkn.hannit-share.de/index.php/core/preview?fileId=11058086&x=1280&y=819&a=true","foto4":"https://nlwkn.hannit-share.de/index.php/core/preview?fileId=11058089&x=1280&y=819&a=true","y_coord":"52.436502","x_coord":"7.068303","y_coord_D":52.436501999999997,"x_coord_D":7.0683030000000002}},{"type":"Feature","id":420,"geometry":{"type":"Point","coordinates":[786889.05939999968,6879436.8366999999]},"properties":{"OBJECTID":420,"ID_con":1620,"bw_id":"VBA_SON_45","name":"Böschungstreppe","km":"0+045","KTR":null,"FSK":"03315101700568______","upflicht":"Stephanswerk (Nr. 288)","bauart":"Böschungstreppe","baujahr":null,"GEW":"VBA","rwert":368718,"hwert":5811342,"link1":null,"link2":null,"bemerk":null,"beschreib":"Böschungstreppe","beschreib_lang":null,"stat_von":45,"akz":null,"denkmal":"Nein","bez_urpl":null,"Nr_WR":null,"tmp":1620,"id_bw_son_pun":389,"foto1":"https://nlwkn.hannit-share.de/index.php/core/preview?fileId=11058092&x=1280&y=819&a=true","foto2":"https://nlwkn.hannit-share.de/index.php/core/preview?fileId=11058095&x=1280&y=819&a=true","foto3":"https://nlwkn.hannit-share.de/index.php/core/preview?fileId=11058098&x=1280&y=819&a=true","foto4":null,"y_coord":"52.436492","x_coord":"7.068745","y_coord_D":52.436492000000001,"x_coord_D":7.0687449999999998}},{"type":"Feature","id":421,"geometry":{"type":"Point","coordinates":[786903.11430000141,6879401.0926000029]},"properties":{"OBJECTID":421,"ID_con":1622,"bw_id":"VBA_SON_65","name":"Steganlage (privat)","km":"0+065","KTR":null,"FSK":"03315101700570______","upflicht":"Katholische Kirchengemeinde St. Augustinus","bauart":"Steg","baujahr":null,"GEW":"VBA","rwert":368726,"hwert":5811320,"link1":null,"link2":null,"bemerk":null,"beschreib":"Steganlage (privat)","beschreib_lang":null,"stat_von":65,"akz":null,"denkmal":"Nein","bez_urpl":null,"Nr_WR":null,"tmp":1622,"id_bw_son_pun":390,"foto1":"https://nlwkn.hannit-share.de/index.php/core/preview?fileId=11058101&x=1280&y=819&a=true","foto2":"https://nlwkn.hannit-share.de/index.php/core/preview?fileId=11058104&x=1280&y=819&a=true","foto3":null,"foto4":null,"y_coord":"52.436296","x_coord":"7.068871","y_coord_D":52.436295999999999,"x_coord_D":7.0688709999999997}},{"type":"Feature","id":422,"geometry":{"type":"Point","coordinates":[788164.2397999987,6880078.4145999998]},"properties":{"OBJECTID":422,"ID_con":1623,"bw_id":"VBK_SON_40","name":"Bootsanleger (fest)","km":"0+040","KTR":null,"FSK":"033151067002390005__","upflicht":"Stadt Nordhorn??","bauart":"Bootsanleger","baujahr":null,"GEW":"VBK","rwert":369507,"hwert":5811712,"link1":null,"link2":null,"bemerk":null,"beschreib":"Bootsanleger im Bereich der Mündung zum Ems-Vechte-Kanal","beschreib_lang":null,"stat_von":40,"akz":null,"denkmal":"Nein","bez_urpl":null,"Nr_WR":null,"tmp":1623,"id_bw_son_pun":441,"foto1":"https://nlwkn.hannit-share.de/index.php/core/preview?fileId=11058017&x=1280&y=819&a=true","foto2":"https://nlwkn.hannit-share.de/index.php/core/preview?fileId=11058020&x=1280&y=819&a=true","foto3":"https://nlwkn.hannit-share.de/index.php/core/preview?fileId=11058023&x=1280&y=819&a=true","foto4":null,"y_coord":"52.440005","x_coord":"7.0802","y_coord_D":52.440004999999999,"x_coord_D":7.0801999999999996}},{"type":"Feature","id":423,"geometry":{"type":"Point","coordinates":[787852.86510000005,6879221.2553000003]},"properties":{"OBJECTID":423,"ID_con":1624,"bw_id":"VBK_SON_605","name":"Steg","km":"0+605","KTR":null,"FSK":"033151013000270074__","upflicht":"Stadt Nordhorn??","bauart":"Steg","baujahr":null,"GEW":"VBK","rwert":369303,"hwert":5811195,"link1":null,"link2":null,"bemerk":null,"beschreib":"Steg mit Böschungstreppe oh. Verbindungsschleuse","beschreib_lang":null,"stat_von":605,"akz":null,"denkmal":"Nein","bez_urpl":"Steg oh. Verbindungsschleuse","Nr_WR":null,"tmp":1624,"id_bw_son_pun":447,"foto1":"https://nlwkn.hannit-share.de/index.php/core/preview?fileId=11058026&x=1280&y=819&a=true","foto2":"https://nlwkn.hannit-share.de/index.php/core/preview?fileId=11058029&x=1280&y=819&a=true","foto3":null,"foto4":null,"y_coord":"52.435311","x_coord":"7.077403","y_coord_D":52.435310999999999,"x_coord_D":7.0774030000000003}},{"type":"Feature","id":424,"geometry":{"type":"Point","coordinates":[787811.44729999825,6879177.4635000005]},"properties":{"OBJECTID":424,"ID_con":1625,"bw_id":"VBK_SON_640","name":"Infotafel Verbindungsschleuse","km":"0+640","KTR":null,"FSK":"033151013000270064__","upflicht":"NLWKN","bauart":"Infotafel","baujahr":"2004","GEW":"VBK","rwert":369277,"hwert":5811169,"link1":null,"link2":null,"bemerk":null,"beschreib":"Infotafel Verbindungsschleuse","beschreib_lang":null,"stat_von":640,"akz":"02055-Veranstaltungen und Informationen-862/2022","denkmal":"Nein","bez_urpl":null,"Nr_WR":null,"tmp":1625,"id_bw_son_pun":464,"foto1":"https://nlwkn.hannit-share.de/index.php/core/preview?fileId=11058032&x=1280&y=819&a=true","foto2":null,"foto3":null,"foto4":null,"y_coord":"52.435071","x_coord":"7.077031","y_coord_D":52.435071000000001,"x_coord_D":7.0770309999999998}},{"type":"Feature","id":425,"geometry":{"type":"Point","coordinates":[787743.73380000144,6879075.507600002]},"properties":{"OBJECTID":425,"ID_con":1626,"bw_id":"VBK_SON_715","name":"Steg","km":"0+715","KTR":null,"FSK":"033151013000270059__","upflicht":"Stadt Nordhorn??","bauart":"Steg","baujahr":null,"GEW":"VBK","rwert":369234,"hwert":5811108,"link1":null,"link2":null,"bemerk":null,"beschreib":"Steg mit Böschungstreppe vor der Mündung zur Vechte","beschreib_lang":null,"stat_von":715,"akz":null,"denkmal":"Nein","bez_urpl":"Steg rechts","Nr_WR":null,"tmp":1626,"id_bw_son_pun":442,"foto1":"https://nlwkn.hannit-share.de/index.php/core/preview?fileId=11058035&x=1280&y=819&a=true","foto2":null,"foto3":null,"foto4":null,"y_coord":"52.434513","x_coord":"7.076422","y_coord_D":52.434513000000003,"x_coord_D":7.076422}},{"type":"Feature","id":426,"geometry":{"type":"Point","coordinates":[749115.49890000001,6911678.7246000022]},"properties":{"OBJECTID":426,"ID_con":1718,"bw_id":"VEC_SON_74730","name":"Biotop (G.Nr.: 3306002)","km":"74+730","KTR":null,"FSK":"03313112900031______","upflicht":"Landkreis Grafschaft Bentheim","bauart":"Biotop","baujahr":null,"GEW":"VEC","rwert":346271,"hwert":5831610,"link1":null,"link2":null,"bemerk":null,"beschreib":"Biotop (G.Nr.: 3306002), rechtsseitig in der Gemeinde Laar ohne direkte Verbindung zur Vechte","beschreib_lang":"Biotop (G.Nr.: 3306002), rechtsseitig in der Gemeinde Laar ohne direkte Verbindung zur Vechte","stat_von":74730,"akz":null,"denkmal":"Nein","bez_urpl":null,"Nr_WR":null,"tmp":1718,"id_bw_son_pun":143,"foto1":null,"foto2":null,"foto3":null,"foto4":null,"y_coord":"52.612711","x_coord":"6.729419","y_coord_D":52.612710999999997,"x_coord_D":6.729419}},{"type":"Feature","id":427,"geometry":{"type":"Point","coordinates":[749371.8423999995,6911841.7771999985]},"properties":{"OBJECTID":427,"ID_con":2363,"bw_id":"VEC_SON_74840","name":"Biotop GB-NOH 3306/005","km":"74+840","KTR":null,"FSK":null,"upflicht":"Landkreis Grafschaft Bentheim","bauart":"Biotop","baujahr":null,"GEW":"VEC","rwert":346430,"hwert":5831704,"link1":null,"link2":null,"bemerk":null,"beschreib":"Biotop GB-NOH 3306/005 rechtsseitg in der Gemeinde Laar ohne direkte Verbindung zur Vechte","beschreib_lang":"Biotop GB-NOH 3306/005 rechtsseitg in der Gemeinde Laar ohne direkte Verbindung zur Vechte","stat_von":74840,"akz":null,"denkmal":"Nein","bez_urpl":null,"Nr_WR":null,"tmp":2363,"id_bw_son_pun":581,"foto1":null,"foto2":null,"foto3":null,"foto4":null,"y_coord":"52.6136","x_coord":"6.731722","y_coord_D":52.613599999999998,"x_coord_D":6.7317220000000004}},{"type":"Feature","id":428,"geometry":{"type":"Point","coordinates":[749821.47819999978,6911766.9302000031]},"properties":{"OBJECTID":428,"ID_con":2419,"bw_id":"VEC_SON_75080","name":"Biotop (GB-NOH 3306/006)","km":"75+080","KTR":null,"FSK":null,"upflicht":"Landkreis Grafschaft Bentheim","bauart":"Biotop","baujahr":null,"GEW":"VEC","rwert":346702,"hwert":5831650,"link1":null,"link2":null,"bemerk":null,"beschreib":"Biotop (GB-NOH 3306/006) rechtsseitig in der Gemeinde Laar ohne direkte Verbindung zur Vechte","beschreib_lang":"Biotop (GB-NOH 3306/006) rechtsseitig in der Gemeinde Laar ohne direkte Verbindung zur Vechte","stat_von":75080,"akz":null,"denkmal":"Nein","bez_urpl":null,"Nr_WR":null,"tmp":2419,"id_bw_son_pun":601,"foto1":null,"foto2":null,"foto3":null,"foto4":null,"y_coord":"52.613192","x_coord":"6.735761","y_coord_D":52.613191999999998,"x_coord_D":6.7357610000000001}},{"type":"Feature","id":429,"geometry":{"type":"Point","coordinates":[750115.28009999916,6911416.8083999977]},"properties":{"OBJECTID":429,"ID_con":1719,"bw_id":"VEC_SON_75300","name":"Gütemessstation (Pegel) Laar","km":"75+300","KTR":null,"FSK":"03313118000250001__","upflicht":"NLWKN, GB 3","bauart":"Gütemessstation und Pegel","baujahr":null,"GEW":"VEC","rwert":346874,"hwert":5831432,"link1":null,"link2":null,"bemerk":null,"beschreib":"Gütemessstation Laar des NLWKN (Siehe auch Güte-Online NLWKN : https://www.gewaessergueteonline.nlwkn.niedersachsen.de/Karte )","beschreib_lang":null,"stat_von":75300,"akz":null,"denkmal":"Nein","bez_urpl":"Gütemessstation Laar","Nr_WR":null,"tmp":1719,"id_bw_son_pun":265,"foto1":"https://nlwkn.hannit-share.de/index.php/core/preview?fileId=11057528&x=1280&y=819&a=true","foto2":"https://nlwkn.hannit-share.de/index.php/core/preview?fileId=11057531&x=1280&y=819&a=true","foto3":"https://nlwkn.hannit-share.de/index.php/core/preview?fileId=11058014&x=1280&y=819&a=true","foto4":"https://nlwkn.hannit-share.de/index.php/core/preview?fileId=11057537&x=1280&y=819&a=true","y_coord":"52.611282","x_coord":"6.7384","y_coord_D":52.611282000000003,"x_coord_D":6.7384000000000004}},{"type":"Feature","id":430,"geometry":{"type":"Point","coordinates":[750151.40740000084,6911523.4460000023]},"properties":{"OBJECTID":430,"ID_con":2192,"bw_id":"VEC_SON_75301","name":"Böschungstreppe, Pegel (Reste)","km":"75+301","KTR":null,"FSK":"033131128000710001__","upflicht":"??","bauart":"Böschungstreppe","baujahr":null,"GEW":"VEC","rwert":346898,"hwert":5831496,"link1":null,"link2":null,"bemerk":"U-Pflicht klären, GB3 ansprechen","beschreib":"Böschungstreppe, Pegel (Reste)","beschreib_lang":null,"stat_von":75301,"akz":null,"denkmal":"Nein","bez_urpl":null,"Nr_WR":null,"tmp":2192,"id_bw_son_pun":539,"foto1":"https://nlwkn.hannit-share.de/index.php/core/preview?fileId=11057540&x=1280&y=819&a=true","foto2":"https://nlwkn.hannit-share.de/index.php/core/preview?fileId=11057543&x=1280&y=819&a=true","foto3":null,"foto4":null,"y_coord":"52.611864","x_coord":"6.738725","y_coord_D":52.611863999999997,"x_coord_D":6.7387249999999996}},{"type":"Feature","id":431,"geometry":{"type":"Point","coordinates":[750187.09699999914,6911433.9032000005]},"properties":{"OBJECTID":431,"ID_con":2193,"bw_id":"VEC_SON_75335","name":"Steganlage","km":"75+335","KTR":null,"FSK":"03313112700092______","upflicht":"??","bauart":"Steg","baujahr":null,"GEW":"VEC","rwert":346918,"hwert":5831441,"link1":null,"link2":null,"bemerk":null,"beschreib":"Steganlage","beschreib_lang":null,"stat_von":75335,"akz":null,"denkmal":"Nein","bez_urpl":null,"Nr_WR":null,"tmp":2193,"id_bw_son_pun":540,"foto1":"https://nlwkn.hannit-share.de/index.php/core/preview?fileId=11057546&x=1280&y=819&a=true","foto2":null,"foto3":null,"foto4":null,"y_coord":"52.611375","x_coord":"6.739045","y_coord_D":52.611375000000002,"x_coord_D":6.739045}},{"type":"Feature","id":432,"geometry":{"type":"Point","coordinates":[750319.1865000017,6911416.626199998]},"properties":{"OBJECTID":432,"ID_con":1720,"bw_id":"VEC_SON_75390","name":"Biotop (GB-NOH 3306/007)","km":"75+390","KTR":null,"FSK":"03313112600001______","upflicht":"Landkreis Grafschaft Bentheim","bauart":"Biotop","baujahr":null,"GEW":"VEC","rwert":346998,"hwert":5831428,"link1":null,"link2":null,"bemerk":null,"beschreib":"Biotop (GB-NOH 3306/007) linksseitig in der Gemeinde Laar oberhalb der Brücke K 20 (Vechtestraße) ohne direkte Verbindung zur Vechte","beschreib_lang":"Biotop (GB-NOH 3306/007) linksseitig in der Gemeinde Laar oberhalb der Brücke K 20 (Vechtestraße) ohne direkte Verbindung zur Vechte","stat_von":75390,"akz":null,"denkmal":"Nein","bez_urpl":null,"Nr_WR":null,"tmp":1720,"id_bw_son_pun":144,"foto1":null,"foto2":null,"foto3":null,"foto4":null,"y_coord":"52.611281","x_coord":"6.740232","y_coord_D":52.611280999999998,"x_coord_D":6.7402319999999998}},{"type":"Feature","id":433,"geometry":{"type":"Point","coordinates":[750580.372299999,6911583.0837000012]},"properties":{"OBJECTID":433,"ID_con":1721,"bw_id":"VEC_SON_75590","name":"Bootsanleger Laar","km":"75+590","KTR":null,"FSK":"03313112700092______","upflicht":"Samtgemeinde Emlichheim","bauart":"Bootsanleger","baujahr":"2015","GEW":"VEC","rwert":347160,"hwert":5831524,"link1":null,"link2":null,"bemerk":"Insgesamt sechs Bootsanleger hat die Samtgemeinde ","beschreib":"Bootsanleger Laar","beschreib_lang":null,"stat_von":75590,"akz":null,"denkmal":"Nein","bez_urpl":"Bootsanleger Laar rechts","Nr_WR":null,"tmp":1721,"id_bw_son_pun":5,"foto1":"https://nlwkn.hannit-share.de/index.php/core/preview?fileId=11057549&x=1280&y=819&a=true","foto2":null,"foto3":null,"foto4":null,"y_coord":"52.612189","x_coord":"6.742578","y_coord_D":52.612189000000001,"x_coord_D":6.742578}},{"type":"Feature","id":434,"geometry":{"type":"Point","coordinates":[750611.99670000002,6911570.8888000026]},"properties":{"OBJECTID":434,"ID_con":1879,"bw_id":"VEC_SON_75610","name":"Steganlage Laar","km":"75+610","KTR":null,"FSK":"03313112700092______","upflicht":"Samtgemeinde Laar","bauart":"Steg","baujahr":null,"GEW":"VEC","rwert":347179,"hwert":5831516,"link1":null,"link2":null,"bemerk":null,"beschreib":"Steganlage Laar","beschreib_lang":null,"stat_von":75610,"akz":null,"denkmal":"Nein","bez_urpl":"Steganlage Laar","Nr_WR":null,"tmp":1879,"id_bw_son_pun":473,"foto1":"https://nlwkn.hannit-share.de/index.php/core/preview?fileId=11057552&x=1280&y=819&a=true","foto2":"https://nlwkn.hannit-share.de/index.php/core/preview?fileId=11057555&x=1280&y=819&a=true","foto3":"https://nlwkn.hannit-share.de/index.php/core/preview?fileId=11057534&x=1280&y=819&a=true","foto4":"https://nlwkn.hannit-share.de/index.php/core/preview?fileId=11057561&x=1280&y=819&a=true","y_coord":"52.612122","x_coord":"6.742862","y_coord_D":52.612121999999999,"x_coord_D":6.7428619999999997}},{"type":"Feature","id":435,"geometry":{"type":"Point","coordinates":[750652.14359999821,6911549.0703999996]},"properties":{"OBJECTID":435,"ID_con":1722,"bw_id":"VEC_SON_75630","name":"Schwimmendes Bootshaus für Vechtezompe","km":"75+630","KTR":null,"FSK":"03313112700092______","upflicht":null,"bauart":"Bootsanleger","baujahr":null,"GEW":"VEC","rwert":347203,"hwert":5831502,"link1":null,"link2":null,"bemerk":null,"beschreib":"Schwimmendes Bootshaus für Vechtezompe","beschreib_lang":null,"stat_von":75630,"akz":null,"denkmal":"Nein","bez_urpl":"Anleger (Dalben) Bootshaus Laar rechts","Nr_WR":null,"tmp":1722,"id_bw_son_pun":1,"foto1":"https://nlwkn.hannit-share.de/index.php/core/preview?fileId=11057564&x=1280&y=819&a=true","foto2":"https://nlwkn.hannit-share.de/index.php/core/preview?fileId=11057567&x=1280&y=819&a=true","foto3":"https://nlwkn.hannit-share.de/index.php/core/preview?fileId=11057558&x=1280&y=819&a=true","foto4":"https://nlwkn.hannit-share.de/index.php/core/preview?fileId=11057573&x=1280&y=819&a=true","y_coord":"52.612003","x_coord":"6.743223","y_coord_D":52.612003000000001,"x_coord_D":6.7432230000000004}},{"type":"Feature","id":436,"geometry":{"type":"Point","coordinates":[751618.39869999886,6911411.1996000037]},"properties":{"OBJECTID":436,"ID_con":2635,"bw_id":"VEC_SON_76285","name":"Böschungssicherung (Uferabbruch)","km":"76+285","KTR":"MABVE00100","FSK":"03313112700092______","upflicht":"NLWKN","bauart":"Böschungssicherung (Uferabbruch)","baujahr":"2025","GEW":"VEC","rwert":347788,"hwert":5831400,"link1":null,"link2":null,"bemerk":null,"beschreib":"Beseitigung eines Böschungsabbruches infolge des Hochwassers 2023/24 durch eine externe Beauftragung mit ingenieurbiologischer Bauweise","beschreib_lang":"Beseitigung eines Böschungsabbruches infolge des Hochwassers 2023/24 durch eine externe Beauftragung mit ingenieurbiologischer Bauweise","stat_von":76285,"akz":null,"denkmal":"Nein","bez_urpl":"Böschungssicherung (Uferabbruch)","Nr_WR":null,"tmp":2635,"id_bw_son_pun":672,"foto1":"https://nlwkn.hannit-share.de/index.php/core/preview?fileId=12109179&x=1280&y=819&a=true","foto2":"https://nlwkn.hannit-share.de/index.php/core/preview?fileId=12109167&x=1280&y=819&a=true","foto3":"https://nlwkn.hannit-share.de/index.php/core/preview?fileId=12109168&x=1280&y=819&a=true","foto4":"https://nlwkn.hannit-share.de/index.php/core/preview?fileId=12109162&x=1280&y=819&a=true","y_coord":"52.611251","x_coord":"6.751903","y_coord_D":52.611251000000003,"x_coord_D":6.7519030000000004}},{"type":"Feature","id":437,"geometry":{"type":"Point","coordinates":[752937.04360000044,6910830.8823999986]},"properties":{"OBJECTID":437,"ID_con":2176,"bw_id":"VEC_SON_77245","name":"Biotop (GB-NOH 3306/008)","km":"77+245","KTR":null,"FSK":"03313111400090______","upflicht":"Landkreis Grafschaft Bentheim","bauart":"Biotop","baujahr":null,"GEW":"VEC","rwert":348579,"hwert":5831023,"link1":null,"link2":null,"bemerk":null,"beschreib":"Biotop (GB-NOH 3306/008)  linksseitig (Altarm Deichweg) in der Gemeinde Laar mit Verbindung zur Vechte über Kastendurchlass","beschreib_lang":"Kastendurchlass","stat_von":77245,"akz":null,"denkmal":"Nein","bez_urpl":"Biotop (GB-NOH 3306/008)","Nr_WR":null,"tmp":2176,"id_bw_son_pun":531,"foto1":"https://nlwkn.hannit-share.de/index.php/core/preview?fileId=11057582&x=1280&y=819&a=true","foto2":"https://nlwkn.hannit-share.de/index.php/core/preview?fileId=11057585&x=1280&y=819&a=true","foto3":null,"foto4":null,"y_coord":"52.608086","x_coord":"6.763749","y_coord_D":52.608086,"x_coord_D":6.7637489999999998}},{"type":"Feature","id":438,"geometry":{"type":"Point","coordinates":[753967.57869999856,6911217.2652999982]},"properties":{"OBJECTID":438,"ID_con":1723,"bw_id":"VEC_SON_78010","name":"Bootsanleger rechts (Düshook)","km":"78+010","KTR":null,"FSK":"03313111400090______","upflicht":"Samtgemeinde Emlichheim","bauart":"Bootsanleger","baujahr":"2015","GEW":"VEC","rwert":349213,"hwert":5831238,"link1":null,"link2":null,"bemerk":null,"beschreib":"Bootsanleger rechts (Düshook) der Samtgemeinde Emlichheim","beschreib_lang":null,"stat_von":78010,"akz":"27014-Samtgemeinde Emlichheim-478/2022","denkmal":"Nein","bez_urpl":"Bootsanleger rechts","Nr_WR":null,"tmp":1723,"id_bw_son_pun":2,"foto1":"https://nlwkn.hannit-share.de/index.php/core/preview?fileId=11057588&x=1280&y=819&a=true","foto2":null,"foto3":null,"foto4":null,"y_coord":"52.610194","x_coord":"6.773006","y_coord_D":52.610194,"x_coord_D":6.7730059999999996}},{"type":"Feature","id":439,"geometry":{"type":"Point","coordinates":[754075.01649999991,6911199.1633000001]},"properties":{"OBJECTID":439,"ID_con":1724,"bw_id":"VEC_SON_78070","name":"Anleger Kurbelfähre 'Fähr Harm'","km":"78+070","KTR":null,"FSK":"03313111300071______","upflicht":"Samtgemeinde Emlichheim","bauart":"Bootsanleger","baujahr":null,"GEW":"VEC","rwert":349278,"hwert":5831225,"link1":null,"link2":null,"bemerk":null,"beschreib":"Anleger (beidseitig) Kurbelfähre 'Fähr Harm'","beschreib_lang":null,"stat_von":78070,"akz":null,"denkmal":"Nein","bez_urpl":"Kurbelfähre Laar","Nr_WR":null,"tmp":1724,"id_bw_son_pun":3,"foto1":"https://nlwkn.hannit-share.de/index.php/core/preview?fileId=11057591&x=1280&y=819&a=true","foto2":"https://nlwkn.hannit-share.de/index.php/core/preview?fileId=11057594&x=1280&y=819&a=true","foto3":"https://nlwkn.hannit-share.de/index.php/core/preview?fileId=11057570&x=1280&y=819&a=true","foto4":"https://nlwkn.hannit-share.de/index.php/core/preview?fileId=11057600&x=1280&y=819&a=true","y_coord":"52.610095","x_coord":"6.773971","y_coord_D":52.610095000000001,"x_coord_D":6.7739710000000004}},{"type":"Feature","id":440,"geometry":{"type":"Point","coordinates":[754599.40419999883,6910722.5266999975]},"properties":{"OBJECTID":440,"ID_con":1725,"bw_id":"VEC_SON_78480","name":"Biotop (GB-NOH 3306/009)","km":"78+480","KTR":null,"FSK":"03313111500017______","upflicht":"Landkreis Grafschaft Bentheim","bauart":"Biotop","baujahr":null,"GEW":"VEC","rwert":349588,"hwert":5830926,"link1":null,"link2":null,"bemerk":null,"beschreib":"Biotop (GB-NOH 3306/009) linksseitig in der Gemeinde Laar ohne direkte Verbindung zur Vechte","beschreib_lang":"Biotop (GB-NOH 3306/009) linksseitig in der Gemeinde Laar ohne direkte Verbindung zur Vechte","stat_von":78480,"akz":null,"denkmal":"Nein","bez_urpl":null,"Nr_WR":null,"tmp":1725,"id_bw_son_pun":145,"foto1":null,"foto2":null,"foto3":null,"foto4":null,"y_coord":"52.607495","x_coord":"6.778682","y_coord_D":52.607495,"x_coord_D":6.7786819999999999}},{"type":"Feature","id":441,"geometry":{"type":"Point","coordinates":[755518.65670000017,6910717.9073999971]},"properties":{"OBJECTID":441,"ID_con":1726,"bw_id":"VEC_SON_79040","name":"Entnahmestelle Feldberegnung A-001","km":"79+040","KTR":null,"FSK":"03313111300071______","upflicht":"Breman","bauart":"Wasserrecht (Entnahme)","baujahr":null,"GEW":"VEC","rwert":350147,"hwert":5830906,"link1":null,"link2":null,"bemerk":"A-001 (aktiv, real), Entnahmestelle 1, A45 landwir","beschreib":"Entnahmestelle Feldberegnung A-001","beschreib_lang":null,"stat_von":79040,"akz":null,"denkmal":"Nein","bez_urpl":"Wasserrecht (Entnahme) links","Nr_WR":"100059907 (aktiv)","tmp":1726,"id_bw_son_pun":6,"foto1":null,"foto2":null,"foto3":null,"foto4":null,"y_coord":"52.607469","x_coord":"6.78694","y_coord_D":52.607469000000002,"x_coord_D":6.7869400000000004}},{"type":"Feature","id":442,"geometry":{"type":"Point","coordinates":[756317.0214000009,6910472.125]},"properties":{"OBJECTID":442,"ID_con":1727,"bw_id":"VEC_SON_79550","name":"Biotop (GB-NOH 3306/011)","km":"79+550","KTR":null,"FSK":"03313111300062______","upflicht":"Landkreis Grafschaft Bentheim","bauart":"Biotop","baujahr":null,"GEW":"VEC","rwert":350628,"hwert":5830742,"link1":null,"link2":null,"bemerk":null,"beschreib":"Biotop (GB-NOH 3306/011) rechtsseitg Altarm (Echteler Straße) in der Gemeinde Laar mit Verbindung zur Vechte über Kastendurchlass","beschreib_lang":null,"stat_von":79550,"akz":null,"denkmal":"Nein","bez_urpl":"Biotop (GB-NOH 3306/011)","Nr_WR":null,"tmp":1727,"id_bw_son_pun":146,"foto1":"https://nlwkn.hannit-share.de/index.php/core/preview?fileId=11057609&x=1280&y=819&a=true","foto2":"https://nlwkn.hannit-share.de/index.php/core/preview?fileId=11057612&x=1280&y=819&a=true","foto3":null,"foto4":null,"y_coord":"52.606129","x_coord":"6.794111","y_coord_D":52.606129000000003,"x_coord_D":6.794111}},{"type":"Feature","id":443,"geometry":{"type":"Point","coordinates":[756767.02930000052,6909948.6097000018]},"properties":{"OBJECTID":443,"ID_con":2628,"bw_id":"VEC_SON_79960","name":"Vechteschaukel Laar/Echteler","km":"79+960","KTR":null,"FSK":"033130106000330001__","upflicht":"Samtgemeinde Emlichheim","bauart":"Vechteschaukel (Tourismus)","baujahr":"2025","GEW":"VEC","rwert":350892,"hwert":5830416,"link1":null,"link2":null,"bemerk":"Fotos hinzufügen","beschreib":"Die Samtgemeinde Emlichheim hat im Rahmen einer LEADER-Förderung „Vechteschaukeln“ als touristisches Pausenhighlight entlang der Radwegeführung der Vechte in 2025 errichtet.","beschreib_lang":"Die Samtgemeinde Emlichheim hat im Rahmen einer LEADER-Förderung „Vechteschaukeln“ als touristisches Pausenhighlight entlang der Radwegeführung der Vechte in 2025 errichtet. Hierzu wurde in jeder Mitgliedgemeinde ein Standort ausgewählt. Die „Vechteschaukeln“ sollen dem Besucher zugleich als Rastplatz dienen und ebenfalls einen wunderschönen Ausblick auf die Vechte bieten.\nDie geplanten Vechteschaukeln sollen ganzjährlich zur Verfügung stehen.Da die Schaukeln dicht an der Vechte platziert werden sollen, befinden sich diese im Überschwemmungsgebiet. Im Falle eines Hochwasserereignisses können die Schaukeln einfach aus der Halterung ausgehangen werden. Somit wird kein\nRückhaltevolumen aus der Überflutungsfläche entnommen. Zudem sind bis auf die Betonfundamente keine zusätzlichen Befestigungen oder Versiegelungen (z.B. Zuwegung) in diesen Bereichen geplant.","stat_von":79960,"akz":null,"denkmal":"Nein","bez_urpl":"Vechteschaukel","Nr_WR":null,"tmp":2628,"id_bw_son_pun":666,"foto1":"https://nlwkn.hannit-share.de/index.php/core/preview?fileId=11823666&x=1280&y=819&a=true","foto2":"https://nlwkn.hannit-share.de/index.php/core/preview?fileId=11823652&x=1280&y=819&a=true","foto3":"https://nlwkn.hannit-share.de/index.php/core/preview?fileId=11823655&x=1280&y=819&a=true","foto4":"https://nlwkn.hannit-share.de/index.php/core/preview?fileId=11823653&x=1280&y=819&a=true","y_coord":"52.603273","x_coord":"6.798154","y_coord_D":52.603273000000002,"x_coord_D":6.7981540000000003}},{"type":"Feature","id":444,"geometry":{"type":"Point","coordinates":[756757.8396999985,6909872.514700003]},"properties":{"OBJECTID":444,"ID_con":1728,"bw_id":"VEC_SON_79970","name":"Bootsanleger bei K 21 Echteler Straße","km":"79+970","KTR":null,"FSK":"033132102000360001__","upflicht":null,"bauart":"Bootsanleger","baujahr":null,"GEW":"VEC","rwert":350885,"hwert":5830370,"link1":null,"link2":null,"bemerk":null,"beschreib":"Bootsanleger bei K 21 Echteler Straße","beschreib_lang":null,"stat_von":79970,"akz":null,"denkmal":"Nein","bez_urpl":"Bootsanleger links","Nr_WR":null,"tmp":1728,"id_bw_son_pun":9,"foto1":"https://nlwkn.hannit-share.de/index.php/core/preview?fileId=11057615&x=1280&y=819&a=true","foto2":null,"foto3":null,"foto4":null,"y_coord":"52.602857","x_coord":"6.798071","y_coord_D":52.602857,"x_coord_D":6.7980710000000002}},{"type":"Feature","id":445,"geometry":{"type":"Point","coordinates":[756839.57580000162,6909833.8144999966]},"properties":{"OBJECTID":445,"ID_con":1729,"bw_id":"VEC_SON_80025","name":"Entnahmestelle Feldberegnung A-002","km":"80+025","KTR":null,"FSK":"033132102000360001__","upflicht":"Breman","bauart":"Wasserrecht (Entnahme)","baujahr":null,"GEW":"VEC","rwert":350934,"hwert":5830345,"link1":null,"link2":null,"bemerk":"A-002 (aktiv, real), Entnahmestelle 1, A45 landwir","beschreib":"Entnahmestelle Feldberegnung A-002","beschreib_lang":null,"stat_von":80025,"akz":null,"denkmal":"Nein","bez_urpl":"Wasserrecht (Entnahme) links","Nr_WR":"100059907 (aktiv)","tmp":1729,"id_bw_son_pun":250,"foto1":null,"foto2":null,"foto3":null,"foto4":null,"y_coord":"52.602646","x_coord":"6.798806","y_coord_D":52.602646,"x_coord_D":6.7988059999999999}},{"type":"Feature","id":446,"geometry":{"type":"Point","coordinates":[760328.79630000144,6909539.3825000003]},"properties":{"OBJECTID":446,"ID_con":1730,"bw_id":"VEC_SON_82430","name":"Bootsanleger","km":"82+430","KTR":null,"FSK":"033129018000330004__","upflicht":"Samtgemeinde Emlichheim","bauart":"schwimmender Bootsanleger","baujahr":null,"GEW":"VEC","rwert":353051,"hwert":5830102,"link1":null,"link2":null,"bemerk":null,"beschreib":"Schwimmender Bootsanleger","beschreib_lang":"Schwimmender Bootsanleger für Kanufahrer","stat_von":82430,"akz":null,"denkmal":"Nein","bez_urpl":"Bootsanleger rechts","Nr_WR":null,"tmp":1730,"id_bw_son_pun":94,"foto1":"https://nlwkn.hannit-share.de/index.php/core/preview?fileId=11532466&x=1280&y=819&a=true","foto2":null,"foto3":null,"foto4":null,"y_coord":"52.60104","x_coord":"6.83015","y_coord_D":52.601039999999998,"x_coord_D":6.8301499999999997}},{"type":"Feature","id":447,"geometry":{"type":"Point","coordinates":[760454.73429999873,6909615.6956999972]},"properties":{"OBJECTID":447,"ID_con":2629,"bw_id":"VEC_SON_82530","name":"Vechteschaukel Emlichheim","km":"82+530","KTR":null,"FSK":"033129017003090017__","upflicht":"Samtgemeinde Emlichheim","bauart":"Vechteschaukel (Tourismus)","baujahr":"2025","GEW":"VEC","rwert":353129,"hwert":5830146,"link1":null,"link2":null,"bemerk":"Fotos hinzufügen","beschreib":"Die Samtgemeinde Emlichheim hat im Rahmen einer LEADER-Förderung „Vechteschaukeln“ als touristisches Pausenhighlight entlang der Radwegeführung der Vechte in 2025 errichtet.","beschreib_lang":"Die Samtgemeinde Emlichheim hat im Rahmen einer LEADER-Förderung „Vechteschaukeln“ als touristisches Pausenhighlight entlang der Radwegeführung der Vechte in 2025 errichtet. Hierzu wurde in jeder Mitgliedgemeinde ein Standort ausgewählt. Die „Vechteschaukeln“ sollen dem Besucher zugleich als Rastplatz dienen und ebenfalls einen wunderschönen Ausblick auf die Vechte bieten.\nDie geplanten Vechteschaukeln sollen ganzjährlich zur Verfügung stehen.Da die Schaukeln dicht an der Vechte platziert werden sollen, befinden sich diese im Überschwemmungsgebiet. Im Falle eines Hochwasserereignisses können die Schaukeln einfach aus der Halterung ausgehangen werden. Somit wird kein\nRückhaltevolumen aus der Überflutungsfläche entnommen. Zudem sind bis auf die Betonfundamente keine zusätzlichen Befestigungen oder Versiegelungen (z.B. Zuwegung) in diesen Bereichen geplant.","stat_von":82530,"akz":null,"denkmal":"Nein","bez_urpl":"Vechteschaukel","Nr_WR":null,"tmp":2629,"id_bw_son_pun":667,"foto1":"https://nlwkn.hannit-share.de/index.php/core/preview?fileId=11823654&x=1280&y=819&a=true","foto2":"https://nlwkn.hannit-share.de/index.php/core/preview?fileId=11823656&x=1280&y=819&a=true","foto3":"https://nlwkn.hannit-share.de/index.php/core/preview?fileId=11823658&x=1280&y=819&a=true","foto4":"https://nlwkn.hannit-share.de/index.php/core/preview?fileId=11823657&x=1280&y=819&a=true","y_coord":"52.601456","x_coord":"6.831281","y_coord_D":52.601455999999999,"x_coord_D":6.8312809999999997}},{"type":"Feature","id":448,"geometry":{"type":"Point","coordinates":[762849.63599999994,6909572.2026000023]},"properties":{"OBJECTID":448,"ID_con":1731,"bw_id":"VEC_SON_84135","name":"Entnahmestelle Sportplatz Emlichheim","km":"84+135","KTR":null,"FSK":"033129016002210004__","upflicht":"Samtgemeinde Emlichheim","bauart":"Wasserrecht (Entnahme)","baujahr":null,"GEW":"VEC","rwert":354585,"hwert":5830076,"link1":null,"link2":null,"bemerk":"A-001 (aktiv, real), OW-Entn., Samtgemeinde Emlich","beschreib":"Entnahmestelle Sportplatz Emlichheim","beschreib_lang":null,"stat_von":84135,"akz":null,"denkmal":"Nein","bez_urpl":"Wasserrecht (Entnahme) Rechts","Nr_WR":"11/3361 (aktiv)","tmp":1731,"id_bw_son_pun":10,"foto1":null,"foto2":null,"foto3":null,"foto4":null,"y_coord":"52.601219","x_coord":"6.852795","y_coord_D":52.601219,"x_coord_D":6.8527950000000004}},{"type":"Feature","id":449,"geometry":{"type":"Point","coordinates":[764625.02950000018,6910020.558799997]},"properties":{"OBJECTID":449,"ID_con":1735,"bw_id":"VEC_SON_84320","name":"Biotop (GB-NOH 3307/002)","km":"84+320","KTR":null,"FSK":"033129011001080010__","upflicht":"Landkreis Gafschaft Bentheim","bauart":"Biotop","baujahr":null,"GEW":"VEC","rwert":355673,"hwert":5830316,"link1":null,"link2":null,"bemerk":null,"beschreib":"Biotop (GB-NOH 3307/002) linksseitig in der Gemeinde Emlichheim mit abschnittsweiser Verbindung zur Böschungsoberkante der Vechte","beschreib_lang":"Biotop (GB-NOH 3307/002) linksseitig in der Gemeinde Emlichheim mit abschnittsweiser Verbindung zur Böschungsoberkante der Vechte","stat_von":84320,"akz":null,"denkmal":"Nein","bez_urpl":"Biotop (GB-NOH 3307/002)","Nr_WR":null,"tmp":1735,"id_bw_son_pun":147,"foto1":null,"foto2":null,"foto3":null,"foto4":null,"y_coord":"52.603665","x_coord":"6.868744","y_coord_D":52.603664999999999,"x_coord_D":6.8687440000000004}},{"type":"Feature","id":450,"geometry":{"type":"Point","coordinates":[763299.3339000009,6909763.608099997]},"properties":{"OBJECTID":450,"ID_con":1732,"bw_id":"VEC_SON_84450","name":"Bootsanleger (Unterhalb Brücke 403 Emlichheim)","km":"84+450","KTR":null,"FSK":"033129016001760002__","upflicht":"Samtgemeinde Emlichheim","bauart":"Bootsanleger","baujahr":null,"GEW":"VEC","rwert":354862,"hwert":5830184,"link1":null,"link2":null,"bemerk":null,"beschreib":"Bootsanleger (Unterhalb Brücke 403 Emlichheim)","beschreib_lang":null,"stat_von":84450,"akz":null,"denkmal":"Nein","bez_urpl":"Bootsanleger rechts","Nr_WR":null,"tmp":1732,"id_bw_son_pun":12,"foto1":null,"foto2":null,"foto3":null,"foto4":null,"y_coord":"52.602263","x_coord":"6.856835","y_coord_D":52.602263000000001,"x_coord_D":6.8568350000000002}},{"type":"Feature","id":451,"geometry":{"type":"Point","coordinates":[763422.37779999897,6909772.2185999975]},"properties":{"OBJECTID":451,"ID_con":1733,"bw_id":"VEC_SON_84510","name":"Pegel Emlichheim","km":"84+510","KTR":null,"FSK":"033129016003680008__","upflicht":"NLWKN, GB 3","bauart":"Pegel","baujahr":null,"GEW":"VEC","rwert":354937,"hwert":5830187,"link1":null,"link2":null,"bemerk":null,"beschreib":"Pegel Emlichheim (Siehe auch Pegelonline NLWKN : https://www.pegelonline.nlwkn.niedersachsen.de/Karte)","beschreib_lang":null,"stat_von":84510,"akz":"62121-02-02","denkmal":"Nein","bez_urpl":"Pegel Emlichheim","Nr_WR":null,"tmp":1733,"id_bw_son_pun":262,"foto1":"https://nlwkn.hannit-share.de/index.php/core/preview?fileId=11057624&x=1280&y=819&a=true","foto2":null,"foto3":null,"foto4":null,"y_coord":"52.60231","x_coord":"6.85794","y_coord_D":52.602310000000003,"x_coord_D":6.8579400000000001}},{"type":"Feature","id":452,"geometry":{"type":"Point","coordinates":[763430.47599999979,6909831.7907999977]},"properties":{"OBJECTID":452,"ID_con":1734,"bw_id":"VEC_SON_84535","name":"Bootsanleger (mit Böschungstreppe??)","km":"84+535","KTR":null,"FSK":"033129016003680002__","upflicht":"Samtgemeinde Emlichheim","bauart":"Bootsanleger","baujahr":null,"GEW":"VEC","rwert":354943,"hwert":5830223,"link1":null,"link2":null,"bemerk":"!!Vertrag!! !!Akz!!","beschreib":"Bootsanleger (mit Böschungstreppe??). Insgesamt sechs Bootsanleger hat die Samtgemeinde Emlichheim gebaut.","beschreib_lang":null,"stat_von":84535,"akz":null,"denkmal":"Nein","bez_urpl":"Bootsanleger links mit Böschungstreppe??","Nr_WR":null,"tmp":1734,"id_bw_son_pun":312,"foto1":"https://nlwkn.hannit-share.de/index.php/core/preview?fileId=11057627&x=1280&y=819&a=true","foto2":null,"foto3":null,"foto4":null,"y_coord":"52.602635","x_coord":"6.858013","y_coord_D":52.602634999999999,"x_coord_D":6.8580129999999997}},{"type":"Feature","id":453,"geometry":{"type":"Point","coordinates":[765159.63720000163,6910178.126199998]},"properties":{"OBJECTID":453,"ID_con":2421,"bw_id":"VEC_SON_85650","name":"Biotop (GB-NOH 3307/003)","km":"85+650","KTR":null,"FSK":null,"upflicht":"Landkreis Grafschaft Bentheim","bauart":"Biotop","baujahr":null,"GEW":"VEC","rwert":356001,"hwert":5830402,"link1":null,"link2":null,"bemerk":null,"beschreib":"Biotop (GB-NOH 3307/003) linksseitig in der Gemeinde Emlichheim (Altarm (Wilminkweg),mit zweifacher Verbindung zur Vechte, über Kastendurchlass und über Rohrdurchlass","beschreib_lang":"Biotop (GB-NOH 3307/003) linksseitig in der Gemeinde Emlichheim (Altarm (Wilminkweg),mit zweifacher Verbindung zur Vechte, über Kastendurchlass und über Rohrdurchlass","stat_von":85650,"akz":null,"denkmal":"Nein","bez_urpl":"Biotop (GB-NOH 3307/003)","Nr_WR":null,"tmp":2421,"id_bw_son_pun":602,"foto1":null,"foto2":null,"foto3":null,"foto4":null,"y_coord":"52.604525","x_coord":"6.873546","y_coord_D":52.604525000000002,"x_coord_D":6.8735460000000002}},{"type":"Feature","id":454,"geometry":{"type":"Point","coordinates":[765976.79879999906,6909783.6284999996]},"properties":{"OBJECTID":454,"ID_con":2422,"bw_id":"VEC_SON_86550","name":"Biotop (GB-NOH 3307/005)","km":"86+550","KTR":null,"FSK":null,"upflicht":"Landkreis Grafschaft Bentheim","bauart":"Biotop","baujahr":null,"GEW":"VEC","rwert":356491,"hwert":5830148,"link1":null,"link2":null,"bemerk":null,"beschreib":"Biotop (GB-NOH 3307/005) linksseitig in der Gemeinde Emlichheim ohne direkte Verbindung zur Vechte","beschreib_lang":"Biotop (GB-NOH 3307/005) linksseitig in der Gemeinde Emlichheim ohne direkte Verbindung zur Vechte","stat_von":86550,"akz":null,"denkmal":"Nein","bez_urpl":null,"Nr_WR":null,"tmp":2422,"id_bw_son_pun":603,"foto1":null,"foto2":null,"foto3":null,"foto4":null,"y_coord":"52.602372","x_coord":"6.880887","y_coord_D":52.602372000000003,"x_coord_D":6.8808870000000004}},{"type":"Feature","id":455,"geometry":{"type":"Point","coordinates":[767598.85240000114,6910085.0728999972]},"properties":{"OBJECTID":455,"ID_con":1736,"bw_id":"VEC_SON_87200","name":"??Entnahmestelle (A007)","km":"87+200","KTR":null,"FSK":"03312800700331______","upflicht":"Wesselink GbR","bauart":"Wasserrecht (Entnahme)","baujahr":null,"GEW":"VEC","rwert":357483,"hwert":5830302,"link1":null,"link2":null,"bemerk":"??Entnahmestelle, A-007 (aktiv, real), Entnahmeste","beschreib":"??Entnahmestelle (A007)","beschreib_lang":null,"stat_von":87200,"akz":null,"denkmal":"Nein","bez_urpl":"Entnahme Feldberegnung A-007 rechts","Nr_WR":"100059663 (aktiv)","tmp":1736,"id_bw_son_pun":252,"foto1":null,"foto2":null,"foto3":null,"foto4":null,"y_coord":"52.604017","x_coord":"6.895458","y_coord_D":52.604016999999999,"x_coord_D":6.8954579999999996}},{"type":"Feature","id":456,"geometry":{"type":"Point","coordinates":[767543.76190000027,6908646.4187000021]},"properties":{"OBJECTID":456,"ID_con":2630,"bw_id":"VEC_SON_87700","name":"Vechteschaukel Hoogstede","km":"87+700","KTR":null,"FSK":"033126021000360001__","upflicht":"Samtgemeinde Emlichheim","bauart":"Vechteschaukel (Tourismus)","baujahr":"2025","GEW":"VEC","rwert":357424,"hwert":5829430,"link1":null,"link2":null,"bemerk":"Fotos hinzufügen","beschreib":"Die Samtgemeinde Emlichheim hat im Rahmen einer LEADER-Förderung „Vechteschaukeln“ als touristisches Pausenhighlight entlang der Radwegeführung der Vechte in 2025 errichtet.","beschreib_lang":"Die Samtgemeinde Emlichheim hat im Rahmen einer LEADER-Förderung „Vechteschaukeln“ als touristisches Pausenhighlight entlang der Radwegeführung der Vechte in 2025 errichtet. Hierzu wurde in jeder Mitgliedgemeinde ein Standort ausgewählt. Die „Vechteschaukeln“ sollen dem Besucher zugleich als Rastplatz dienen und ebenfalls einen wunderschönen Ausblick auf die Vechte bieten.\nDie geplanten Vechteschaukeln sollen ganzjährlich zur Verfügung stehen.Da die Schaukeln dicht an der Vechte platziert werden sollen, befinden sich diese im Überschwemmungsgebiet. Im Falle eines Hochwasserereignisses können die Schaukeln einfach aus der Halterung ausgehangen werden. Somit wird kein\nRückhaltevolumen aus der Überflutungsfläche entnommen. Zudem sind bis auf die Betonfundamente keine zusätzlichen Befestigungen oder Versiegelungen (z.B. Zuwegung) in diesen Bereichen geplant.","stat_von":87700,"akz":null,"denkmal":"Nein","bez_urpl":"Vechteschaukel Ringe","Nr_WR":null,"tmp":2630,"id_bw_son_pun":668,"foto1":null,"foto2":null,"foto3":null,"foto4":null,"y_coord":"52.596168","x_coord":"6.894963","y_coord_D":52.596167999999999,"x_coord_D":6.8949629999999997}},{"type":"Feature","id":457,"geometry":{"type":"Point","coordinates":[767622.30710000172,6908658.6044000015]},"properties":{"OBJECTID":457,"ID_con":1737,"bw_id":"VEC_SON_87740","name":"Bootsanleger (Unterhalb Brücke Pappelweg, Ringe)","km":"87+740","KTR":null,"FSK":"033126021000350001__","upflicht":null,"bauart":"Bootsanleger","baujahr":null,"GEW":"VEC","rwert":357472,"hwert":5829436,"link1":null,"link2":null,"bemerk":null,"beschreib":"Bootsanleger (Unterhalb Brücke Pappelweg, Ringe), Insgesamt sechs Bootsanleger hat die Samtgemeinde Emlichheim errichtet","beschreib_lang":null,"stat_von":87740,"akz":null,"denkmal":"Nein","bez_urpl":"Bootsanleger Blaue Brücke","Nr_WR":null,"tmp":1737,"id_bw_son_pun":18,"foto1":null,"foto2":null,"foto3":null,"foto4":null,"y_coord":"52.596234","x_coord":"6.895669","y_coord_D":52.596234000000003,"x_coord_D":6.8956689999999998}},{"type":"Feature","id":458,"geometry":{"type":"Point","coordinates":[767689.50890000165,6908495.7883000001]},"properties":{"OBJECTID":458,"ID_con":1738,"bw_id":"VEC_SON_87800","name":"Biotop (GB-NOH 3407/032)","km":"87+800","KTR":null,"FSK":"033126021000360002__","upflicht":"Landkreis Grafschaft Bentheim","bauart":"Biotop","baujahr":null,"GEW":"VEC","rwert":357510,"hwert":5829336,"link1":null,"link2":null,"bemerk":null,"beschreib":"Biotop (GB-NOH 3407/032) linksseitig in der Gemeinde Hoogstede Altarm (Lambers-Heerspink) mit Verbindung zur Vechte über Kastendurchlass (ID:  748)","beschreib_lang":"Biotop (GB-NOH 3407/032) linksseitig in der Gemeinde Hoogstede Altarm (Lambers-Heerspink) mit Verbindung zur Vechte über Kastendurchlass (ID:  748)","stat_von":87800,"akz":null,"denkmal":"Nein","bez_urpl":"Biotop (GB-NOH 3407/032)","Nr_WR":null,"tmp":1738,"id_bw_son_pun":149,"foto1":null,"foto2":null,"foto3":null,"foto4":null,"y_coord":"52.595346","x_coord":"6.896272","y_coord_D":52.595345999999999,"x_coord_D":6.8962719999999997}},{"type":"Feature","id":459,"geometry":{"type":"Point","coordinates":[768463.83080000058,6908264.6431000009]},"properties":{"OBJECTID":459,"ID_con":1739,"bw_id":"VEC_SON_88315","name":"Entnahmestelle (A004, oberhalb Mündung Großringer A-Graben)), Feldberegnung; 4 Brunnen u. 7 Entnahmestellen Vechte","km":"88+315","KTR":null,"FSK":"03312800600296______","upflicht":"Wesselink GbR","bauart":"Wasserrecht (Entnahme)","baujahr":null,"GEW":"VEC","rwert":357977,"hwert":5829182,"link1":null,"link2":null,"bemerk":"A-004 (aktiv, real), Entnahmestelle 4, A45 landwir","beschreib":"Entnahmestelle (A004, oberhalb Mündung Großringer A-Graben)), Feldberegnung; 4 Brunnen u. 7 Entnahmestellen Vechte","beschreib_lang":null,"stat_von":88315,"akz":null,"denkmal":"Nein","bez_urpl":"Entnahme Feldberegnung A-004 rechts","Nr_WR":"100059663 (aktiv)","tmp":1739,"id_bw_son_pun":22,"foto1":null,"foto2":null,"foto3":null,"foto4":null,"y_coord":"52.594084","x_coord":"6.903228","y_coord_D":52.594084000000002,"x_coord_D":6.9032280000000004}},{"type":"Feature","id":460,"geometry":{"type":"Point","coordinates":[768570.98930000141,6907913.5064999983]},"properties":{"OBJECTID":460,"ID_con":1740,"bw_id":"VEC_SON_88515","name":"Entnahmestelle (A006, Bahne), Feldberegnung; 4 Brunnen u. 7 Entnahmestellen Vechte","km":"88+515","KTR":null,"FSK":"03312602100064______","upflicht":"Wesselink GbR","bauart":"Wasserrecht (Entnahme)","baujahr":null,"GEW":"VEC","rwert":358036,"hwert":5828967,"link1":null,"link2":null,"bemerk":"A-006 (aktiv, real), Entnahmestelle 6, A45 landwir","beschreib":"Entnahmestelle (A006, Bahne), Feldberegnung; 4 Brunnen u. 7 Entnahmestellen Vechte","beschreib_lang":null,"stat_von":88515,"akz":null,"denkmal":"Nein","bez_urpl":"Entnahme Feldberegnung A-006 links","Nr_WR":"100059663 (aktiv)","tmp":1740,"id_bw_son_pun":24,"foto1":null,"foto2":null,"foto3":null,"foto4":null,"y_coord":"52.592168","x_coord":"6.904191","y_coord_D":52.592168000000001,"x_coord_D":6.904191}},{"type":"Feature","id":461,"geometry":{"type":"Point","coordinates":[768942.01639999822,6907757.8954000026]},"properties":{"OBJECTID":461,"ID_con":1741,"bw_id":"VEC_SON_88760","name":"Entnahmestelle (A003, Unterhalb Altarm), Feldberegnung; 4 Brunnen u. 7 Entnahmestellen Vechte","km":"88+760","KTR":null,"FSK":"03312700800407______","upflicht":"Wesselink GbR","bauart":"Wasserrecht (Entnahme)","baujahr":null,"GEW":"VEC","rwert":358259,"hwert":5828866,"link1":null,"link2":null,"bemerk":"A-003 (aktiv, real), Entnahmestelle 3, A45 landwir","beschreib":"Entnahmestelle (A003, Unterhalb Altarm), Feldberegnung; 4 Brunnen u. 7 Entnahmestellen Vechte","beschreib_lang":null,"stat_von":88760,"akz":null,"denkmal":"Nein","bez_urpl":"Entnahme Feldberegnung A-003 rechts","Nr_WR":"100059663 (aktiv)","tmp":1741,"id_bw_son_pun":19,"foto1":null,"foto2":null,"foto3":null,"foto4":null,"y_coord":"52.591319","x_coord":"6.907524","y_coord_D":52.591318999999999,"x_coord_D":6.9075240000000004}},{"type":"Feature","id":462,"geometry":{"type":"Point","coordinates":[769038.05319999903,6907562.9729999974]},"properties":{"OBJECTID":462,"ID_con":2423,"bw_id":"VEC_SON_88850","name":"Biotop (GB-NOH 3407/033)","km":"88+850","KTR":null,"FSK":"03312602100067______","upflicht":"Landkreis Grafschaft Bentheim","bauart":"Biotop","baujahr":null,"GEW":"VEC","rwert":358314,"hwert":5828746,"link1":null,"link2":null,"bemerk":null,"beschreib":"Biotop (GB-NOH 3407/033) linksseitig in der Gemeinde Hoogstede ohne direkte Verbindung zur Vechte","beschreib_lang":"Biotop (GB-NOH 3407/033) linksseitig in der Gemeinde Hoogstede ohne direkte Verbindung zur Vechte","stat_von":88850,"akz":null,"denkmal":"Nein","bez_urpl":null,"Nr_WR":null,"tmp":2423,"id_bw_son_pun":604,"foto1":null,"foto2":null,"foto3":null,"foto4":null,"y_coord":"52.590255","x_coord":"6.908386","y_coord_D":52.590254999999999,"x_coord_D":6.9083860000000001}},{"type":"Feature","id":463,"geometry":{"type":"Point","coordinates":[769188.10720000044,6907545.9165000021]},"properties":{"OBJECTID":463,"ID_con":1742,"bw_id":"VEC_SON_88945","name":"Entnahmestelle (A005, gegenüber Mündung Altarm), Feldberegnung; 4 Brunnen u. 7 Entnahmestellen Vechte","km":"88+945","KTR":null,"FSK":"03312602200019______","upflicht":"Wesselink GbR","bauart":"Wasserrecht (Entnahme)","baujahr":null,"GEW":"VEC","rwert":358405,"hwert":5828733,"link1":null,"link2":null,"bemerk":"A-005 (aktiv, real), Entnahmestelle 5, A45 landwir","beschreib":"Entnahmestelle (A005, gegenüber Mündung Altarm), Feldberegnung; 4 Brunnen u. 7 Entnahmestellen Vechte","beschreib_lang":null,"stat_von":88945,"akz":null,"denkmal":"Nein","bez_urpl":"Entnahme Feldberegnung A-005 links","Nr_WR":"100059663 (aktiv)","tmp":1742,"id_bw_son_pun":23,"foto1":null,"foto2":null,"foto3":null,"foto4":null,"y_coord":"52.590162","x_coord":"6.909734","y_coord_D":52.590161999999999,"x_coord_D":6.9097340000000003}},{"type":"Feature","id":464,"geometry":{"type":"Point","coordinates":[769290.92009999976,6907627.9895000011]},"properties":{"OBJECTID":464,"ID_con":1743,"bw_id":"VEC_SON_88985","name":"Entnahmestelle (A002, oberhalb Altarm), Feldberegnung; 4 Brunnen u. 7 Entnahmestellen Vechte","km":"88+985","KTR":null,"FSK":"03312700800407______","upflicht":"Wesselink GbR","bauart":"Wasserrecht (Entnahme)","baujahr":null,"GEW":"VEC","rwert":358469,"hwert":5828781,"link1":null,"link2":null,"bemerk":"A-002 (aktiv, real), Entnahmestelle 2, A45 landwir","beschreib":"Entnahmestelle (A002, oberhalb Altarm), Feldberegnung; 4 Brunnen u. 7 Entnahmestellen Vechte","beschreib_lang":null,"stat_von":88985,"akz":null,"denkmal":"Nein","bez_urpl":"Entnahme Feldberegnung A-002 rechts","Nr_WR":"100059663 (aktiv)","tmp":1743,"id_bw_son_pun":21,"foto1":null,"foto2":null,"foto3":null,"foto4":null,"y_coord":"52.59061","x_coord":"6.910658","y_coord_D":52.590609999999998,"x_coord_D":6.9106579999999997}},{"type":"Feature","id":465,"geometry":{"type":"Point","coordinates":[769379.76419999823,6907681.6464999989]},"properties":{"OBJECTID":465,"ID_con":1744,"bw_id":"VEC_SON_89025","name":"Entnahmestelle (A001, Am Altarm Dönsberg)","km":"89+025","KTR":null,"FSK":"03312700800407______","upflicht":"Köster","bauart":"Wasserrecht (Entnahme)","baujahr":null,"GEW":"VEC","rwert":358524,"hwert":5828812,"link1":null,"link2":null,"bemerk":"A-001 (aktiv, real), Beregnung, Johann Köster, Hoo","beschreib":"Entnahmestelle (A001, Am Altarm Dönsberg)","beschreib_lang":null,"stat_von":89025,"akz":null,"denkmal":"Nein","bez_urpl":"Entnahme Feldberegnung A-001, Köster, rechts","Nr_WR":"11/12985 (aktiv)","tmp":1744,"id_bw_son_pun":25,"foto1":null,"foto2":null,"foto3":null,"foto4":null,"y_coord":"52.590903","x_coord":"6.911456","y_coord_D":52.590902999999997,"x_coord_D":6.9114560000000003}},{"type":"Feature","id":466,"geometry":{"type":"Point","coordinates":[769849.04969999939,6907138.3783000037]},"properties":{"OBJECTID":466,"ID_con":1745,"bw_id":"VEC_SON_89430","name":"Entnahmestelle (A001, Unterhalb Mündung Leegraben)","km":"89+430","KTR":null,"FSK":"03312700800408______","upflicht":"Wesselink GbR","bauart":"Wasserrecht (Entnahme)","baujahr":null,"GEW":"VEC","rwert":358800,"hwert":5828474,"link1":null,"link2":null,"bemerk":"A-001 (aktiv, real), Entnahmestelle 1, A45 landwir","beschreib":"Entnahmestelle (A001, Unterhalb Mündung Leegraben)","beschreib_lang":null,"stat_von":89430,"akz":null,"denkmal":"Nein","bez_urpl":"Entnahme Feldberegnung A-001 rechts","Nr_WR":"100059663 (aktiv)","tmp":1745,"id_bw_son_pun":20,"foto1":null,"foto2":null,"foto3":null,"foto4":null,"y_coord":"52.587938","x_coord":"6.915672","y_coord_D":52.587938000000001,"x_coord_D":6.9156719999999998}},{"type":"Feature","id":467,"geometry":{"type":"Point","coordinates":[768975.34090000018,6906038.8986999989]},"properties":{"OBJECTID":467,"ID_con":1746,"bw_id":"VEC_SON_89620","name":"Entnahme  A-001 (aktiv, real), Feldberegnung Toomsen GbR","km":"89+620","KTR":null,"FSK":"03312602200035______","upflicht":"Toomsen GbR","bauart":"Wasserrecht (Entnahme)","baujahr":null,"GEW":"VEC","rwert":358249,"hwert":5827822,"link1":null,"link2":null,"bemerk":"A-001 (aktiv, real), Entnahmestelle 1, A45 landwir","beschreib":"Entnahme  A-001 (aktiv, real), Feldberegnung Toomsen GbR","beschreib_lang":null,"stat_von":89620,"akz":null,"denkmal":"Nein","bez_urpl":"Entnahme A-001, Beregnung, Toomsen GbR","Nr_WR":"100059915 (aktiv)","tmp":1746,"id_bw_son_pun":256,"foto1":null,"foto2":null,"foto3":null,"foto4":null,"y_coord":"52.581937","x_coord":"6.907823","y_coord_D":52.581937000000003,"x_coord_D":6.9078229999999996}},{"type":"Feature","id":468,"geometry":{"type":"Point","coordinates":[770636.56879999861,6906441.2245000005]},"properties":{"OBJECTID":468,"ID_con":1747,"bw_id":"VEC_SON_90100","name":"Entnahmestelle 2 (oberhalb Mündung Leegraben, Toomsen GbR)","km":"90+100","KTR":null,"FSK":"03312602300005______","upflicht":"Toomsen GbR","bauart":"Wasserrecht (Entnahme)","baujahr":null,"GEW":"VEC","rwert":359267,"hwert":5828037,"link1":null,"link2":null,"bemerk":"A-001 (aktiv, real), Entnahmestelle 1A45 landwirts","beschreib":"Entnahmestelle 2 (oberhalb Mündung Leegraben, Toomsen GbR)","beschreib_lang":null,"stat_von":90100,"akz":null,"denkmal":"Nein","bez_urpl":"Entnahme Feldberegnung A-002, Toomsen GbR, rechts","Nr_WR":"100059915 (aktiv)","tmp":1747,"id_bw_son_pun":26,"foto1":null,"foto2":null,"foto3":null,"foto4":null,"y_coord":"52.584133","x_coord":"6.922746","y_coord_D":52.584133000000001,"x_coord_D":6.9227460000000001}},{"type":"Feature","id":469,"geometry":{"type":"Point","coordinates":[771546.70050000027,6906220.3533999994]},"properties":{"OBJECTID":469,"ID_con":1748,"bw_id":"VEC_SON_90685","name":"Entnahmestelle 3 (oberhalb Mündung Bathorner Graben, Köster)","km":"90+685","KTR":null,"FSK":"03312602300013______","upflicht":"Köster","bauart":"Wasserrecht (Entnahme)","baujahr":null,"GEW":"VEC","rwert":359817,"hwert":5827887,"link1":null,"link2":null,"bemerk":"A-003 (aktiv, real), Beregnung, Johann Köster, Hoo","beschreib":"Entnahmestelle 3 (oberhalb Mündung Bathorner Graben, Köster)","beschreib_lang":null,"stat_von":90685,"akz":null,"denkmal":"Nein","bez_urpl":"Entnahme Feldberegnung A-003, Köster, rechts","Nr_WR":"11/12985 (aktiv)","tmp":1748,"id_bw_son_pun":27,"foto1":null,"foto2":null,"foto3":null,"foto4":null,"y_coord":"52.582927","x_coord":"6.930922","y_coord_D":52.582926999999998,"x_coord_D":6.9309219999999998}},{"type":"Feature","id":470,"geometry":{"type":"Point","coordinates":[771801.7686999999,6905575.3686999977]},"properties":{"OBJECTID":470,"ID_con":1749,"bw_id":"VEC_SON_90930","name":"Entnahme A-004, Beregnung, Johann Köster, Hoogstede","km":"90+930","KTR":null,"FSK":"03312602300013______","upflicht":"Köster","bauart":"Wasserrecht (Entnahme)","baujahr":null,"GEW":"VEC","rwert":359961,"hwert":5827491,"link1":null,"link2":null,"bemerk":"A-004 (aktiv, real), Beregnung, Johann Köster, Hoo","beschreib":"Entnahme A-004, Beregnung, Johann Köster, Hoogstede","beschreib_lang":null,"stat_von":90930,"akz":null,"denkmal":"Nein","bez_urpl":"Entnahme A-004, Beregnung, Johann Köster, Hoogstede","Nr_WR":"11/12985 (aktiv)","tmp":1749,"id_bw_son_pun":254,"foto1":null,"foto2":null,"foto3":null,"foto4":null,"y_coord":"52.579407","x_coord":"6.933213","y_coord_D":52.579407000000003,"x_coord_D":6.9332130000000003}},{"type":"Feature","id":471,"geometry":{"type":"Point","coordinates":[771442.25490000099,6905678.688500002]},"properties":{"OBJECTID":471,"ID_con":1750,"bw_id":"VEC_SON_91005","name":"Entnahme A-002, Beregnung, Johann Köster, Hoogstede","km":"91+005","KTR":null,"FSK":"03312602300013______","upflicht":"Köster","bauart":"Wasserrecht (Entnahme)","baujahr":null,"GEW":"VEC","rwert":359744,"hwert":5827560,"link1":null,"link2":null,"bemerk":"A-001 (aktiv, real), Beregnung, Johann Köster, Hoo","beschreib":"Entnahme A-002, Beregnung, Johann Köster, Hoogstede","beschreib_lang":null,"stat_von":91005,"akz":null,"denkmal":"Nein","bez_urpl":"Entnahme A-002, Beregnung, Johann Köster, Hoogstede","Nr_WR":"11/12985 (aktiv)","tmp":1750,"id_bw_son_pun":253,"foto1":null,"foto2":null,"foto3":null,"foto4":null,"y_coord":"52.579971","x_coord":"6.929984","y_coord_D":52.579971,"x_coord_D":6.9299840000000001}},{"type":"Feature","id":472,"geometry":{"type":"Point","coordinates":[771358.34659999982,6905280.9497999996]},"properties":{"OBJECTID":472,"ID_con":2187,"bw_id":"VEC_SON_91275","name":"Böschungstreppe","km":"91+275","KTR":null,"FSK":"03312602300051______","upflicht":"Landkreis Grafschaft Bentheim","bauart":"Böschungstreppe","baujahr":"2011","GEW":"VEC","rwert":359686,"hwert":5827320,"link1":null,"link2":null,"bemerk":null,"beschreib":"Böschungstreppe","beschreib_lang":null,"stat_von":91275,"akz":null,"denkmal":"Nein","bez_urpl":null,"Nr_WR":null,"tmp":2187,"id_bw_son_pun":534,"foto1":"https://nlwkn.hannit-share.de/index.php/core/preview?fileId=11057636&x=1280&y=819&a=true","foto2":"https://nlwkn.hannit-share.de/index.php/core/preview?fileId=11057639&x=1280&y=819&a=true","foto3":"https://nlwkn.hannit-share.de/index.php/core/preview?fileId=11057597&x=1280&y=819&a=true","foto4":"https://nlwkn.hannit-share.de/index.php/core/preview?fileId=11057645&x=1280&y=819&a=true","y_coord":"52.5778","x_coord":"6.92923","y_coord_D":52.577800000000003,"x_coord_D":6.9292299999999996}},{"type":"Feature","id":473,"geometry":{"type":"Point","coordinates":[771417.15709999949,6905350.1755999997]},"properties":{"OBJECTID":473,"ID_con":2184,"bw_id":"VEC_SON_91280","name":"Böschungstreppe","km":"91+280","KTR":null,"FSK":"03312602300051______","upflicht":"Landkreis Grafschaft Bentheim","bauart":"Böschungstreppe","baujahr":"2011","GEW":"VEC","rwert":359723,"hwert":5827361,"link1":null,"link2":null,"bemerk":null,"beschreib":"Böschungstreppe","beschreib_lang":null,"stat_von":91280,"akz":null,"denkmal":"Nein","bez_urpl":null,"Nr_WR":null,"tmp":2184,"id_bw_son_pun":533,"foto1":"https://nlwkn.hannit-share.de/index.php/core/preview?fileId=11057651&x=1280&y=819&a=true","foto2":"https://nlwkn.hannit-share.de/index.php/core/preview?fileId=11057654&x=1280&y=819&a=true","foto3":null,"foto4":null,"y_coord":"52.578178","x_coord":"6.929758","y_coord_D":52.578178000000001,"x_coord_D":6.9297579999999996}},{"type":"Feature","id":474,"geometry":{"type":"Point","coordinates":[771401.82409999892,6905311.8498999998]},"properties":{"OBJECTID":474,"ID_con":2188,"bw_id":"VEC_SON_91290","name":"Bootsanleger","km":"91+290","KTR":null,"FSK":"03312602300051______","upflicht":"Samtgemeinde Emlichheim","bauart":"Bootsanleger","baujahr":null,"GEW":"VEC","rwert":359713,"hwert":5827338,"link1":null,"link2":null,"bemerk":"!!Vertrag!! !!akz!!","beschreib":"Insgesamt sechs Bootsanleger hat die Samtgemeinde Emlichheim errichtet","beschreib_lang":null,"stat_von":91290,"akz":null,"denkmal":"Nein","bez_urpl":null,"Nr_WR":null,"tmp":2188,"id_bw_son_pun":535,"foto1":"https://nlwkn.hannit-share.de/index.php/core/preview?fileId=11057657&x=1280&y=819&a=true","foto2":"https://nlwkn.hannit-share.de/index.php/core/preview?fileId=11057660&x=1280&y=819&a=true","foto3":"https://nlwkn.hannit-share.de/index.php/core/preview?fileId=11057642&x=1280&y=819&a=true","foto4":"https://nlwkn.hannit-share.de/index.php/core/preview?fileId=11057666&x=1280&y=819&a=true","y_coord":"52.577968","x_coord":"6.92962","y_coord_D":52.577967999999998,"x_coord_D":6.9296199999999999}},{"type":"Feature","id":475,"geometry":{"type":"Point","coordinates":[772078.86050000042,6905423.5483999997]},"properties":{"OBJECTID":475,"ID_con":1751,"bw_id":"VEC_SON_91670","name":"Entnahme A-005, Beregnung, Johann Köster, Hoogstede","km":"91+670","KTR":null,"FSK":"03312602300102______","upflicht":"Köster","bauart":"Wasserrecht (Entnahme)","baujahr":null,"GEW":"VEC","rwert":360127,"hwert":5827394,"link1":null,"link2":null,"bemerk":"A-005 (aktiv, real), Beregnung, Johann Köster, Hoo","beschreib":"Entnahme A-005, Beregnung, Johann Köster, Hoogstede","beschreib_lang":null,"stat_von":91670,"akz":null,"denkmal":"Nein","bez_urpl":"Entnahme A-005, Beregnung, Johann Köster, Hoogstede","Nr_WR":"11/12985 (aktiv)","tmp":1751,"id_bw_son_pun":255,"foto1":null,"foto2":null,"foto3":null,"foto4":null,"y_coord":"52.578578","x_coord":"6.935702","y_coord_D":52.578578,"x_coord_D":6.935702}},{"type":"Feature","id":476,"geometry":{"type":"Point","coordinates":[773132.1660999991,6904379.8210000023]},"properties":{"OBJECTID":476,"ID_con":2631,"bw_id":"VEC_SON_92530","name":"Vechtschaukel Hoogstede","km":"92+530","KTR":null,"FSK":"03312602500059______","upflicht":null,"bauart":"Vechteschaukel (Tourismus)","baujahr":"2025","GEW":"VEC","rwert":360750,"hwert":5826742,"link1":null,"link2":null,"bemerk":"; ACHTUNG: Flurstück hat sich geändert durch Teilung","beschreib":"Die Samtgemeinde Emlichheim hat im Rahmen einer LEADER-Förderung „Vechteschaukeln“ als touristisches Pausenhighlight entlang der Radwegeführung der Vechte in 2025 errichtet.","beschreib_lang":"Die Samtgemeinde Emlichheim hat im Rahmen einer LEADER-Förderung „Vechteschaukeln“ als touristisches Pausenhighlight entlang der Radwegeführung der Vechte in 2025 errichtet. Hierzu wurde in jeder Mitgliedgemeinde ein Standort ausgewählt. Die „Vechteschaukeln“ sollen dem Besucher zugleich als Rastplatz dienen und ebenfalls einen wunderschönen Ausblick auf die Vechte bieten.\nDie geplanten Vechteschaukeln sollen ganzjährlich zur Verfügung stehen.Da die Schaukeln dicht an der Vechte platziert werden sollen, befinden sich diese im Überschwemmungsgebiet. Im Falle eines Hochwasserereignisses können die Schaukeln einfach aus der Halterung ausgehangen werden. Somit wird kein\nRückhaltevolumen aus der Überflutungsfläche entnommen. Zudem sind bis auf die Betonfundamente keine zusätzlichen Befestigungen oder Versiegelungen (z.B. Zuwegung) in diesen Bereichen geplant.","stat_von":92530,"akz":null,"denkmal":"Nein","bez_urpl":"Vechtschaukel Hoogstede","Nr_WR":null,"tmp":2631,"id_bw_son_pun":669,"foto1":"https://nlwkn.hannit-share.de/index.php/core/preview?fileId=11823663&x=1280&y=819&a=true","foto2":"https://nlwkn.hannit-share.de/index.php/core/preview?fileId=11823664&x=1280&y=819&a=true","foto3":"https://nlwkn.hannit-share.de/index.php/core/preview?fileId=11823667&x=1280&y=819&a=true","foto4":"https://nlwkn.hannit-share.de/index.php/core/preview?fileId=11823665&x=1280&y=819&a=true","y_coord":"52.57288","x_coord":"6.945164","y_coord_D":52.572879999999998,"x_coord_D":6.9451640000000001}},{"type":"Feature","id":477,"geometry":{"type":"Point","coordinates":[773126.67579999939,6904341.7842999995]},"properties":{"OBJECTID":477,"ID_con":1752,"bw_id":"VEC_SON_92540","name":"Bootsanleger Hoogstede","km":"92+540","KTR":null,"FSK":"03312602500059______","upflicht":"Samtgemeinde Emlichheim","bauart":"Bootsanleger","baujahr":null,"GEW":"VEC","rwert":360746,"hwert":5826719,"link1":null,"link2":null,"bemerk":"!!Vertrag!! !!Akz!!","beschreib":"Insgesamt sechs Bootsanleger hat die Samtgemeinde Emlichheim errichtet","beschreib_lang":null,"stat_von":92540,"akz":null,"denkmal":"Nein","bez_urpl":"Bootsanleger rechts","Nr_WR":null,"tmp":1752,"id_bw_son_pun":32,"foto1":null,"foto2":null,"foto3":null,"foto4":null,"y_coord":"52.572673","x_coord":"6.945115","y_coord_D":52.572673000000002,"x_coord_D":6.9451150000000004}},{"type":"Feature","id":478,"geometry":{"type":"Point","coordinates":[786017.29560000077,6879883.0125999972]},"properties":{"OBJECTID":478,"ID_con":1644,"bw_id":"VEC_SON_114240","name":"Böschungstreppe (obere Böschung), Ölmühlenarm","km":"114+240","KTR":null,"FSK":"033151006000010112__","upflicht":"Stadt Nordhorn","bauart":"Böschungstreppe","baujahr":"1970","GEW":"VEC","rwert":368193,"hwert":5811628,"link1":null,"link2":null,"bemerk":null,"beschreib":"Böschungstreppe (obere Böschung), Ölmühlenarm","beschreib_lang":null,"stat_von":114240,"akz":"62026-Vechtewehr Ölmühle Nordhorn-566/2022","denkmal":"Nein","bez_urpl":null,"Nr_WR":null,"tmp":1644,"id_bw_son_pun":434,"foto1":"https://nlwkn.hannit-share.de/index.php/core/preview?fileId=11056583&x=1280&y=819&a=true","foto2":"https://nlwkn.hannit-share.de/index.php/core/preview?fileId=11056586&x=1280&y=819&a=true","foto3":null,"foto4":null,"y_coord":"52.438935","x_coord":"7.060914","y_coord_D":52.438935000000001,"x_coord_D":7.0609140000000004}},{"type":"Feature","id":479,"geometry":{"type":"Point","coordinates":[786240.93530000001,6879849.6199000031]},"properties":{"OBJECTID":479,"ID_con":1645,"bw_id":"VEC_SON_114375","name":"Böschungstreppe (obere Böschung)","km":"114+375","KTR":null,"FSK":"033151006000010112__","upflicht":"Stadt Nordhorn??","bauart":"Böschungstreppe","baujahr":null,"GEW":"VEC","rwert":368329,"hwert":5811604,"link1":null,"link2":null,"bemerk":null,"beschreib":"Böschungstreppe (obere Böschung)","beschreib_lang":null,"stat_von":114375,"akz":null,"denkmal":"Nein","bez_urpl":null,"Nr_WR":null,"tmp":1645,"id_bw_son_pun":435,"foto1":"https://nlwkn.hannit-share.de/index.php/core/preview?fileId=11056589&x=1280&y=819&a=true","foto2":null,"foto3":null,"foto4":null,"y_coord":"52.438752","x_coord":"7.062922","y_coord_D":52.438752000000001,"x_coord_D":7.0629220000000004}},{"type":"Feature","id":480,"geometry":{"type":"Point","coordinates":[786301.34650000185,6879795.4177000001]},"properties":{"OBJECTID":480,"ID_con":1646,"bw_id":"VEC_SON_114420","name":"Böschungstreppe uh Brücke Stadtring (rechtes)","km":"114+420","KTR":null,"FSK":"033151006000010113__","upflicht":"Stadt Nordhorn","bauart":"Böschungstreppe","baujahr":null,"GEW":"VEC","rwert":368365,"hwert":5811570,"link1":null,"link2":null,"bemerk":null,"beschreib":"Böschungstreppe uh Brücke Stadtring (rechtes)","beschreib_lang":null,"stat_von":114420,"akz":null,"denkmal":"Nein","bez_urpl":null,"Nr_WR":null,"tmp":1646,"id_bw_son_pun":436,"foto1":"https://nlwkn.hannit-share.de/index.php/core/preview?fileId=11056592&x=1280&y=819&a=true","foto2":"https://nlwkn.hannit-share.de/index.php/core/preview?fileId=11056595&x=1280&y=819&a=true","foto3":null,"foto4":null,"y_coord":"52.438455","x_coord":"7.063465","y_coord_D":52.438454999999998,"x_coord_D":7.0634649999999999}},{"type":"Feature","id":481,"geometry":{"type":"Point","coordinates":[786289.08680000156,6879763.8916999996]},"properties":{"OBJECTID":481,"ID_con":1647,"bw_id":"VEC_SON_114430","name":"Böschungstreppe uh Brücke Stadtring links","km":"114+430","KTR":null,"FSK":"033151006000010103__","upflicht":"Stadt Nordhorn","bauart":"Böschungstreppe","baujahr":null,"GEW":"VEC","rwert":368357,"hwert":5811551,"link1":null,"link2":null,"bemerk":null,"beschreib":"Böschungstreppe uh Brücke Stadtring links","beschreib_lang":null,"stat_von":114430,"akz":null,"denkmal":"Nein","bez_urpl":null,"Nr_WR":null,"tmp":1647,"id_bw_son_pun":437,"foto1":"https://nlwkn.hannit-share.de/index.php/core/preview?fileId=11056598&x=1280&y=819&a=true","foto2":"https://nlwkn.hannit-share.de/index.php/core/preview?fileId=11056601&x=1280&y=819&a=true","foto3":"https://nlwkn.hannit-share.de/index.php/core/preview?fileId=11056559&x=1280&y=819&a=true","foto4":null,"y_coord":"52.438283","x_coord":"7.063355","y_coord_D":52.438282999999998,"x_coord_D":7.0633549999999996}},{"type":"Feature","id":482,"geometry":{"type":"Point","coordinates":[786336.3302000016,6879773.3707000017]},"properties":{"OBJECTID":482,"ID_con":1648,"bw_id":"VEC_SON_114445","name":"Böschungstreppe oh Brücke Stadtring rechts","km":"114+445","KTR":null,"FSK":"033151016000810082__","upflicht":"Stadt Nordhorn","bauart":"Böschungstreppe","baujahr":null,"GEW":"VEC","rwert":368386,"hwert":5811556,"link1":null,"link2":null,"bemerk":null,"beschreib":"Böschungstreppe oh Brücke Stadtring rechts","beschreib_lang":null,"stat_von":114445,"akz":null,"denkmal":"Nein","bez_urpl":null,"Nr_WR":null,"tmp":1648,"id_bw_son_pun":438,"foto1":"https://nlwkn.hannit-share.de/index.php/core/preview?fileId=11056607&x=1280&y=819&a=true","foto2":"https://nlwkn.hannit-share.de/index.php/core/preview?fileId=11056610&x=1280&y=819&a=true","foto3":null,"foto4":null,"y_coord":"52.438335","x_coord":"7.063779","y_coord_D":52.438335000000002,"x_coord_D":7.0637790000000003}},{"type":"Feature","id":483,"geometry":{"type":"Point","coordinates":[786457.33900000155,6879535.2616000026]},"properties":{"OBJECTID":483,"ID_con":1649,"bw_id":"VEC_SON_114600","name":"Böschungstreppe links obere Böschung","km":"114+600","KTR":null,"FSK":"033151016000810040__","upflicht":"Privat? Stadt Nordhorn?","bauart":"Böschungstreppe","baujahr":null,"GEW":"VEC","rwert":368456,"hwert":5811409,"link1":null,"link2":null,"bemerk":null,"beschreib":"Böschungstreppe links obere Böschung","beschreib_lang":null,"stat_von":114600,"akz":null,"denkmal":"Nein","bez_urpl":null,"Nr_WR":null,"tmp":1649,"id_bw_son_pun":439,"foto1":"https://nlwkn.hannit-share.de/index.php/core/preview?fileId=11056616&x=1280&y=819&a=true","foto2":"https://nlwkn.hannit-share.de/index.php/core/preview?fileId=11056619&x=1280&y=819&a=true","foto3":null,"foto4":null,"y_coord":"52.437031","x_coord":"7.064866","y_coord_D":52.437030999999998,"x_coord_D":7.0648660000000003}},{"type":"Feature","id":484,"geometry":{"type":"Point","coordinates":[786540.7901000008,6879476.752700001]},"properties":{"OBJECTID":484,"ID_con":1650,"bw_id":"VEC_SON_114660","name":"Böschungstreppe obere Böschung links","km":"114+660","KTR":null,"FSK":"033151006000040002__","upflicht":"Stadt Nordhorn","bauart":"Böschungstreppe","baujahr":null,"GEW":"VEC","rwert":368506,"hwert":5811372,"link1":null,"link2":null,"bemerk":null,"beschreib":"Böschungstreppe obere Böschung links","beschreib_lang":null,"stat_von":114660,"akz":null,"denkmal":"Nein","bez_urpl":null,"Nr_WR":null,"tmp":1650,"id_bw_son_pun":440,"foto1":"https://nlwkn.hannit-share.de/index.php/core/preview?fileId=11056622&x=1280&y=819&a=true","foto2":"https://nlwkn.hannit-share.de/index.php/core/preview?fileId=11056625&x=1280&y=819&a=true","foto3":null,"foto4":null,"y_coord":"52.43671","x_coord":"7.065616","y_coord_D":52.436709999999998,"x_coord_D":7.0656160000000003}},{"type":"Feature","id":485,"geometry":{"type":"Point","coordinates":[786710.46990000084,6879501.0072999969]},"properties":{"OBJECTID":485,"ID_con":1651,"bw_id":"VEC_SON_114760","name":"Kolk am Ölmühenwehr","km":"114+760","KTR":null,"FSK":"033151016000930009__","upflicht":"NLWKN","bauart":"Auskolkung","baujahr":null,"GEW":"VEC","rwert":368610,"hwert":5811384,"link1":null,"link2":null,"bemerk":null,"beschreib":"Kolk am Ölmühenwehr","beschreib_lang":"Kolk am Ölmühenwehr","stat_von":114760,"akz":null,"denkmal":"Nein","bez_urpl":"Kolk am Ölmühenwehr","Nr_WR":null,"tmp":1651,"id_bw_son_pun":99,"foto1":"https://nlwkn.hannit-share.de/index.php/core/preview?fileId=11056628&x=1280&y=819&a=true","foto2":"https://nlwkn.hannit-share.de/index.php/core/preview?fileId=11056631&x=1280&y=819&a=true","foto3":null,"foto4":null,"y_coord":"52.436843","x_coord":"7.06714","y_coord_D":52.436843000000003,"x_coord_D":7.0671400000000002}},{"type":"Feature","id":486,"geometry":{"type":"Point","coordinates":[786746.19530000165,6879451.0675999969]},"properties":{"OBJECTID":486,"ID_con":1652,"bw_id":"VEC_SON_114785","name":"Böschungstreppe uh Ölmühlenwehr","km":"114+785","KTR":null,"FSK":"033151016001010004__","upflicht":null,"bauart":"Böschungstreppe","baujahr":"1970","GEW":"VEC","rwert":368631,"hwert":5811353,"link1":null,"link2":null,"bemerk":null,"beschreib":"Böschungstreppe uh Ölmühlenwehr","beschreib_lang":null,"stat_von":114785,"akz":"62026-Vechtewehr Ölmühle Nordhorn-566/2022","denkmal":"Nein","bez_urpl":null,"Nr_WR":null,"tmp":1652,"id_bw_son_pun":463,"foto1":"https://nlwkn.hannit-share.de/index.php/core/preview?fileId=11056646&x=1280&y=819&a=true","foto2":"https://nlwkn.hannit-share.de/index.php/core/preview?fileId=11056649&x=1280&y=819&a=true","foto3":"https://nlwkn.hannit-share.de/index.php/core/preview?fileId=11056604&x=1280&y=819&a=true","foto4":null,"y_coord":"52.43657","x_coord":"7.067461","y_coord_D":52.436570000000003,"x_coord_D":7.0674609999999998}},{"type":"Feature","id":487,"geometry":{"type":"Point","coordinates":[786789.63910000026,6879480.1440000013]},"properties":{"OBJECTID":487,"ID_con":1653,"bw_id":"VEC_SON_114810","name":"Betriebsgebäude (Wehrsteuerung Ölmühlenwehr)","km":"114+810","KTR":null,"FSK":"033151016000930010__","upflicht":"NLWKN","bauart":"Betriebsgebäude","baujahr":"1970","GEW":"VEC","rwert":368658,"hwert":5811370,"link1":null,"link2":null,"bemerk":null,"beschreib":"Betriebsgebäude (Wehrsteuerung Ölmühlenwehr)","beschreib_lang":"Betriebsgebäude (Wehrsteuerung Ölmühlenwehr)","stat_von":114810,"akz":"62026-Vechtewehr Ölmühle Nordhorn-566/2022","denkmal":"Nein","bez_urpl":null,"Nr_WR":null,"tmp":1653,"id_bw_son_pun":277,"foto1":"https://nlwkn.hannit-share.de/index.php/core/preview?fileId=11056655&x=1280&y=819&a=true","foto2":"https://nlwkn.hannit-share.de/index.php/core/preview?fileId=11056658&x=1280&y=819&a=true","foto3":"https://nlwkn.hannit-share.de/index.php/core/preview?fileId=11056652&x=1280&y=819&a=true","foto4":null,"y_coord":"52.436729","x_coord":"7.067852","y_coord_D":52.436729,"x_coord_D":7.0678520000000002}},{"type":"Feature","id":488,"geometry":{"type":"Point","coordinates":[786807.31780000031,6879431.3621999994]},"properties":{"OBJECTID":488,"ID_con":1654,"bw_id":"VEC_SON_114820","name":"Infotafel Ölmühlenwehr","km":"114+820","KTR":null,"FSK":"033151016000950003__","upflicht":"Stadt Nordhorn??","bauart":"Infotafel","baujahr":null,"GEW":"VEC","rwert":368668,"hwert":5811340,"link1":null,"link2":null,"bemerk":null,"beschreib":"Infotafel Ölmühlenwehr","beschreib_lang":null,"stat_von":114820,"akz":null,"denkmal":"Nein","bez_urpl":null,"Nr_WR":null,"tmp":1654,"id_bw_son_pun":462,"foto1":"https://nlwkn.hannit-share.de/index.php/core/preview?fileId=11056664&x=1280&y=819&a=true","foto2":null,"foto3":null,"foto4":null,"y_coord":"52.436462","x_coord":"7.06801","y_coord_D":52.436461999999999,"x_coord_D":7.0680100000000001}},{"type":"Feature","id":489,"geometry":{"type":"Point","coordinates":[786807.6939000003,6879662.8768000007]},"properties":{"OBJECTID":489,"ID_con":1655,"bw_id":"VEC_SON_114950","name":"Hafen Am Schweinemarkt","km":"114+950","KTR":null,"FSK":"033151016000810079__","upflicht":"Stadt Nordhorn","bauart":"Hafen","baujahr":null,"GEW":"VEC","rwert":368672,"hwert":5811481,"link1":null,"link2":null,"bemerk":null,"beschreib":"Hafen für Freizeitboote am Schweinemarkt gegenüber Rawe-Ringcenter","beschreib_lang":null,"stat_von":114950,"akz":null,"denkmal":"Nein","bez_urpl":"Hafen am Schweinemarkt","Nr_WR":null,"tmp":1655,"id_bw_son_pun":100,"foto1":null,"foto2":null,"foto3":null,"foto4":null,"y_coord":"52.43773","x_coord":"7.068014","y_coord_D":52.437730000000002,"x_coord_D":7.0680139999999998}},{"type":"Feature","id":490,"geometry":{"type":"Point","coordinates":[787148.09279999882,6879611.2443000004]},"properties":{"OBJECTID":490,"ID_con":1643,"bw_id":"VEC_SON_115145","name":"Bootsanleger am Schweinemarkt (Rawe-Ring-Center)","km":"115+145","KTR":null,"FSK":"033151015000460005__","upflicht":null,"bauart":"Bootsanleger","baujahr":"2009","GEW":"VEC","rwert":368879,"hwert":5811444,"link1":null,"link2":null,"bemerk":null,"beschreib":"Bootsanleger für die Jantje  am Schweinemarkt.Die Jantje ist ein Plattbodenschiff und wurde 1923 in Delftzijl in den Niederlanden erbaut.","beschreib_lang":"Bootsanleger für die Jantje  am Schweinemarkt. Die Jantje ist ein Plattbodenschiff und wurde 1923 in Delftzijl in den Niederlanden erbaut. Sie wurde einst als Frachtsegelschiff auf dem Ijsselmeer, den friesischen Meeren, der Waddenzee und den Kanälen der Niederlande eingesetzt.","stat_von":115145,"akz":null,"denkmal":"Nein","bez_urpl":"Bootsanleger am Schweinemarkt","Nr_WR":null,"tmp":1643,"id_bw_son_pun":102,"foto1":"https://nlwkn.hannit-share.de/index.php/core/preview?fileId=11056670&x=1280&y=819&a=true","foto2":"https://nlwkn.hannit-share.de/index.php/core/preview?fileId=11056673&x=1280&y=819&a=true","foto3":"https://nlwkn.hannit-share.de/index.php/core/preview?fileId=11056661&x=1280&y=819&a=true","foto4":null,"y_coord":"52.437447","x_coord":"7.071072","y_coord_D":52.437446999999999,"x_coord_D":7.071072}},{"type":"Feature","id":491,"geometry":{"type":"Point","coordinates":[787375.19049999863,6879508.9550999999]},"properties":{"OBJECTID":491,"ID_con":2605,"bw_id":"VEC_SON_115280","name":"Stadthafen Nordhorn","km":"115+280","KTR":null,"FSK":"033151015000460022__","upflicht":"Stadt Nordhorn","bauart":"Hafen","baujahr":"2026/27","GEW":"VEC","rwert":369016,"hwert":5811378,"link1":null,"link2":null,"bemerk":"Hafen wird voraussichtlich in 2025 gebaut. Akte, Vertrag nachtragen","beschreib":"Stadthafen Nordhorn (Bau in 2026)","beschreib_lang":"Stadthafen Nordhorn (Bau in 2026)","stat_von":115280,"akz":null,"denkmal":"Nein","bez_urpl":"Stadthafen Nordhorn","Nr_WR":null,"tmp":2605,"id_bw_son_pun":653,"foto1":"https://nlwkn.hannit-share.de/index.php/core/preview?fileId=11515119&x=1280&y=819&a=true","foto2":"https://nlwkn.hannit-share.de/index.php/core/preview?fileId=11515120&x=1280&y=819&a=true","foto3":"https://nlwkn.hannit-share.de/index.php/core/preview?fileId=11515121&x=1280&y=819&a=true","foto4":"https://nlwkn.hannit-share.de/index.php/core/preview?fileId=11515122&x=1280&y=819&a=true","y_coord":"52.436887","x_coord":"7.073112","y_coord_D":52.436886999999999,"x_coord_D":7.0731120000000001}},{"type":"Feature","id":492,"geometry":{"type":"Point","coordinates":[787410.191300001,6879301.3764000013]},"properties":{"OBJECTID":492,"ID_con":1656,"bw_id":"VEC_SON_115395","name":"Bootsanleger VVV Turm","km":"115+395","KTR":null,"FSK":"033151013000150023__","upflicht":null,"bauart":"Bootsanleger","baujahr":null,"GEW":"VEC","rwert":369034,"hwert":5811251,"link1":null,"link2":null,"bemerk":null,"beschreib":"Bootsanleger VVV Turm","beschreib_lang":null,"stat_von":115395,"akz":null,"denkmal":"Nein","bez_urpl":"Bootsanleger am VVV Turm","Nr_WR":null,"tmp":1656,"id_bw_son_pun":103,"foto1":"https://nlwkn.hannit-share.de/index.php/core/preview?fileId=11056679&x=1280&y=819&a=true","foto2":null,"foto3":null,"foto4":null,"y_coord":"52.43575","x_coord":"7.073426","y_coord_D":52.435749999999999,"x_coord_D":7.0734260000000004}},{"type":"Feature","id":493,"geometry":{"type":"Point","coordinates":[787407.55079999939,6879215.931400001]},"properties":{"OBJECTID":493,"ID_con":2625,"bw_id":"VEC_SON_115445","name":"Alte Feuerwehrtreppe in der Böschung","km":"115+445","KTR":null,"FSK":"033151013000160008__","upflicht":"Stadt Nordhorn","bauart":"Böschungstreppe","baujahr":null,"GEW":"VEC","rwert":369031,"hwert":5811199,"link1":null,"link2":null,"bemerk":null,"beschreib":"Alte Feuerwehrtreppe in der Böschung, Die Treppe iat als Bauwerk bei der Stadt gelistet und wird regelmäßig einer Bauwerkskontrolle durch die Stadt unterzogen.","beschreib_lang":"Alte Feuerwehrtreppe in der Böschung, Die Treppe iat als Bauwerk bei der Stadt gelistet und wird regelmäßig einer Bauwerkskontrolle durch die Stadt unterzogen. Die Treppe wird vom VVV als Ausstieg genutzt.","stat_von":115445,"akz":null,"denkmal":"Nein","bez_urpl":"Alte Feuerwehrtreppe in der Böschung","Nr_WR":null,"tmp":2625,"id_bw_son_pun":662,"foto1":"https://nlwkn.hannit-share.de/index.php/core/preview?fileId=11748441&x=1280&y=819&a=true","foto2":"https://nlwkn.hannit-share.de/index.php/core/preview?fileId=12001743&x=1280&y=819&a=true","foto3":null,"foto4":null,"y_coord":"52.435282","x_coord":"7.073402","y_coord_D":52.435282000000001,"x_coord_D":7.0734019999999997}},{"type":"Feature","id":494,"geometry":{"type":"Point","coordinates":[788130.91800000146,6878678.6805000007]},"properties":{"OBJECTID":494,"ID_con":1657,"bw_id":"VEC_SON_116100","name":"Sandfang Nordhorn","km":"116+100","KTR":"MBOVE00100","FSK":"033151013000300023__","upflicht":"NLWKN","bauart":"Sandfang","baujahr":"1972-1974","GEW":"VEC","rwert":369464,"hwert":5810860,"link1":null,"link2":null,"bemerk":null,"beschreib":"Vechtesee (Sandfang) Nordhorn. Ca. 16 ha Wasserfläche mit Tiefen bis 10 m","beschreib_lang":"Im Sommer kann auf dem Vechtesee eine Vielzahl von Angeboten genutzt werden.  Zum Beispiel kann man von Mai bis Oktober im Vechtesee Tretboot fahren oder sich mit den Ausflugsschiffen Vechtestromer oder Vechtesonne die Umgebung zeigen lassen. Außerdem kann man Wassersportarten wie Windsurfen, Segeln und Paddeln betreiben oder einen Spaziergang auf dem rund zwei Kilometer langen Weg um den See machen. Weiterhin befindet sich die kunstwegen-Station Parabolic Triangular Pavilion I des US-amerikanischen Künstlers Dan Graham am östlichen Ufer des Vechtesees.\nNeben dem örtlichen Bootsclub befindet sich seit 2009 ein Hotel- und Restaurantkomplex am Vechtesee. Des Weiteren hat die DLRG-Ortsgruppe Nordhorn ihre Rettungswachstation am Vechtesee.\n\nUm die Stadt Nordhorn vor immer wiederkehrenden Hochwassern zu schützen, hat man Mitte der 60er Jahre die Vechte von Norden her bis an den Nordhorn-Almelo-Kanal ausgebaut. Da der Fluss ständig große Mengen feinkörnigen Sand mit sich führt, wurde es notwendig, einen Sandfang anzulegen, in dem sich sogn. „Geschiebe“ ablagert und mit Saugbaggern von Zeit zu Zeit entnommen werden kann. Dafür bot sich ein unbebautes, oft überflutetes Weide- und Ackerland an. Dieses befand sich östlich des Stadtteils „Streng“, rechtsseitig des Nordhorn-Almelo-Kanals.\n\nDieser Sandfang sollte nach ursprünglichen Entwürfen ein großes, rechteckiges Gewässer werden. Beim Baudezernat der Stadt war man allerdings von dieser Bauform nicht begeistert, und man überlegte, ob man nicht eine in die Landschaft passende Wasserfläche anlegen könne. Nach längeren Verhandlungen mit den am Bau beteiligten Behörden, und nachdem man sich über die Finanzierung geeinigt hatte, gab man im Rathaus Grünes Licht für den Baubeginn. Die Gesamtfläche des Sees war auf 16,0 Hektar festgelegt. Der Auftrag zum Ausbaggern wurde einer Firma aus Haren-Emmeln zugesprochen.\n\nAm 5. Juni 1972 begann man mit der Aushebung einer 50 x 50 Meter großen Fläche, die sich allmählich mit Grundwasser füllte. Aus den Niederlanden wurde ein weltweit eingesetzter Schwimmbagger angeliefert und in dieses Loch gesetzt. Von dort aus baggerte er sich nun selbstständig weiter. Durch dicke Spülleitungen wurde das Sand-Wasser-Gemisch zum Bau des Altendorfer Rings und andere Geländeaufspülungen gedrückt. Es wurden 850.000 Kubikmeter Boden bewegt. Die Gesamtkosten für dieses gewaltige Bauobjekt betrugen ca. 4 Millionen Deutsche Mark. Am 30. Mai konnte man die Fertigstellung vermelden. Der so entstandene „Vechtesee“, in unmittelbarer Nähe der Nordhorner Innenstadt gelegen, ist seit vielen Jahren ein gern angenommenes Erholungs- und Wassersportgebiet geworden.","stat_von":116100,"akz":"62026-Vechte - Sandfang Nordhorn-4845/2023","denkmal":"Nein","bez_urpl":"Vechtesandfang Nordhorn","Nr_WR":null,"tmp":1657,"id_bw_son_pun":113,"foto1":"https://nlwkn.hannit-share.de/index.php/core/preview?fileId=11056694&x=1280&y=819&a=true","foto2":"https://nlwkn.hannit-share.de/index.php/core/preview?fileId=11056697&x=1280&y=819&a=true","foto3":"https://nlwkn.hannit-share.de/index.php/core/preview?fileId=11056676&x=1280&y=819&a=true","foto4":null,"y_coord":"52.43234","x_coord":"7.0799","y_coord_D":52.432340000000003,"x_coord_D":7.0799000000000003}},{"type":"Feature","id":495,"geometry":{"type":"Point","coordinates":[788220.97250000015,6878122.9213000014]},"properties":{"OBJECTID":495,"ID_con":2150,"bw_id":"VEC_SON_116445","name":"Einlaufleitwerk Sandfang NOH","km":"116+445","KTR":"MBOVE00100","FSK":"033151013000300023__","upflicht":"NLWKN","bauart":"Leitwerk","baujahr":"1972-1974","GEW":"VEC","rwert":369510,"hwert":5810520,"link1":null,"link2":null,"bemerk":null,"beschreib":"Einlaufleitwerk Sandfang NOH","beschreib_lang":"Einlaufleitwerk Sandfang NOH","stat_von":116445,"akz":"62026-Vechte - Sandfang Nordhorn-4845/2023","denkmal":"Nein","bez_urpl":"Einlaufleitwerk Sandfang NOH","Nr_WR":null,"tmp":2150,"id_bw_son_pun":519,"foto1":"https://nlwkn.hannit-share.de/index.php/core/preview?fileId=11056703&x=1280&y=819&a=true","foto2":"https://nlwkn.hannit-share.de/index.php/core/preview?fileId=11056706&x=1280&y=819&a=true","foto3":"https://nlwkn.hannit-share.de/index.php/core/preview?fileId=11056700&x=1280&y=819&a=true","foto4":"https://nlwkn.hannit-share.de/index.php/core/preview?fileId=11056712&x=1280&y=819&a=true","y_coord":"52.429295","x_coord":"7.080709","y_coord_D":52.429295000000003,"x_coord_D":7.0807089999999997}},{"type":"Feature","id":496,"geometry":{"type":"Point","coordinates":[788411.36980000138,6877747.1501000002]},"properties":{"OBJECTID":496,"ID_con":2507,"bw_id":"VEC_SON_116690","name":"Überfahrt Seepark Nordhorn","km":"116+690","KTR":null,"FSK":"033151008000770101__","upflicht":"Stadt Nordhorn","bauart":"Brücke","baujahr":"2023","GEW":"VEC","rwert":369620.20000000001,"hwert":5810288,"link1":null,"link2":null,"bemerk":null,"beschreib":"Überfahrt über den Seitenarm zum Seepark Nordhorn (siehe auch VEC_EIN_116700 ID: 2151)","beschreib_lang":null,"stat_von":116690,"akz":"21100-Bauleitplanung der Stadt Nordhorn-608/2022","denkmal":"Nein","bez_urpl":"Überfahrt rechts Seepark Nordhorn","Nr_WR":null,"tmp":2507,"id_bw_son_pun":632,"foto1":"https://nlwkn.hannit-share.de/index.php/core/preview?fileId=11056727&x=1280&y=819&a=true","foto2":"https://nlwkn.hannit-share.de/index.php/core/preview?fileId=11056730&x=1280&y=819&a=true","foto3":"https://nlwkn.hannit-share.de/index.php/core/preview?fileId=11056709&x=1280&y=819&a=true","foto4":null,"y_coord":"52.427237","x_coord":"7.08242","y_coord_D":52.427236999999998,"x_coord_D":7.0824199999999999}},{"type":"Feature","id":497,"geometry":{"type":"Point","coordinates":[788844.66050000116,6877696.2879000008]},"properties":{"OBJECTID":497,"ID_con":1658,"bw_id":"VEC_SON_116950","name":"Bootsanleger Brücke B213","km":"116+950","KTR":null,"FSK":"033151008001050024__","upflicht":"Stadt Nordhorn??","bauart":"Bootsanleger","baujahr":null,"GEW":"VEC","rwert":369884,"hwert":5810250,"link1":null,"link2":null,"bemerk":"U-Pflicht prüfen","beschreib":"Bootsanleger Brücke B213","beschreib_lang":null,"stat_von":116950,"akz":null,"denkmal":"Nein","bez_urpl":"Bootsanleger (fest) rechts","Nr_WR":null,"tmp":1658,"id_bw_son_pun":313,"foto1":"https://nlwkn.hannit-share.de/index.php/core/preview?fileId=11056736&x=1280&y=819&a=true","foto2":"https://nlwkn.hannit-share.de/index.php/core/preview?fileId=11056739&x=1280&y=819&a=true","foto3":"https://nlwkn.hannit-share.de/index.php/core/preview?fileId=11056733&x=1280&y=819&a=true","foto4":"https://nlwkn.hannit-share.de/index.php/core/preview?fileId=11056745&x=1280&y=819&a=true","y_coord":"52.426959","x_coord":"7.086312","y_coord_D":52.426958999999997,"x_coord_D":7.0863120000000004}},{"type":"Feature","id":498,"geometry":{"type":"Point","coordinates":[788932.74819999933,6877770.8522000015]},"properties":{"OBJECTID":498,"ID_con":2172,"bw_id":"VEC_SON_117000","name":"Biotop (GB-NOH 3508/030)","km":"117+000","KTR":null,"FSK":"033151008001050024__","upflicht":"Landkreis Grafschaft Bentheim","bauart":"Biotop","baujahr":null,"GEW":"VEC","rwert":369939,"hwert":5810294,"link1":null,"link2":null,"bemerk":null,"beschreib":"Biotop","beschreib_lang":null,"stat_von":117000,"akz":null,"denkmal":"Nein","bez_urpl":"Biotop (GB-NOH 3508/030)","Nr_WR":null,"tmp":2172,"id_bw_son_pun":529,"foto1":"https://nlwkn.hannit-share.de/index.php/core/preview?fileId=11056748&x=1280&y=819&a=true","foto2":null,"foto3":null,"foto4":null,"y_coord":"52.427367","x_coord":"7.087103","y_coord_D":52.427366999999997,"x_coord_D":7.0871029999999999}},{"type":"Feature","id":499,"geometry":{"type":"Point","coordinates":[789184.40199999884,6877665.9045000002]},"properties":{"OBJECTID":499,"ID_con":2588,"bw_id":"VEC_SON_117155","name":"Brücke/Überfahrt zum Zoohafen Nordhorn","km":"117+155","KTR":null,"FSK":null,"upflicht":"Stadt Nordhorn","bauart":"Brücke/Überfahrt","baujahr":"2025","GEW":"VEC","rwert":370091,"hwert":5810226,"link1":null,"link2":null,"bemerk":"noch nicht gebaut Akte anlegen, Vertrag einarbeiten","beschreib":"Brücke/Überfahrt zum Zoohafen Nordhorn","beschreib_lang":"Brücke/Überfahrt zum Zoohafen Nordhorn","stat_von":117155,"akz":null,"denkmal":"Nein","bez_urpl":"Brücke/Überfahrt zum Zoohafen Nordhorn","Nr_WR":null,"tmp":2588,"id_bw_son_pun":649,"foto1":"https://nlwkn.hannit-share.de/index.php/core/preview?fileId=11056751&x=1280&y=819&a=true","foto2":"https://nlwkn.hannit-share.de/index.php/core/preview?fileId=11056754&x=1280&y=819&a=true","foto3":"https://nlwkn.hannit-share.de/index.php/core/preview?fileId=11056742&x=1280&y=819&a=true","foto4":"https://nlwkn.hannit-share.de/index.php/core/preview?fileId=11056760&x=1280&y=819&a=true","y_coord":"52.426792","x_coord":"7.089364","y_coord_D":52.426791999999999,"x_coord_D":7.0893639999999998}},{"type":"Feature","id":500,"geometry":{"type":"Point","coordinates":[789831.7221999988,6877395.7802999988]},"properties":{"OBJECTID":500,"ID_con":2173,"bw_id":"VEC_SON_117550","name":"Biotop (GB-NOH 3508/031)","km":"117+550","KTR":null,"FSK":"033151008001420007__","upflicht":null,"bauart":"Biotop","baujahr":null,"GEW":"VEC","rwert":370482,"hwert":5810051,"link1":null,"link2":null,"bemerk":null,"beschreib":"Biotop","beschreib_lang":null,"stat_von":117550,"akz":null,"denkmal":"Nein","bez_urpl":"Biotop (GB-NOH 3508/031)","Nr_WR":null,"tmp":2173,"id_bw_son_pun":530,"foto1":"https://nlwkn.hannit-share.de/index.php/core/preview?fileId=11056763&x=1280&y=819&a=true","foto2":"https://nlwkn.hannit-share.de/index.php/core/preview?fileId=11056766&x=1280&y=819&a=true","foto3":null,"foto4":null,"y_coord":"52.425312","x_coord":"7.095179","y_coord_D":52.425311999999998,"x_coord_D":7.0951789999999999}},{"type":"Feature","id":501,"geometry":{"type":"Point","coordinates":[789985.85139999911,6876265.7004999965]},"properties":{"OBJECTID":501,"ID_con":2157,"bw_id":"VEC_SON_118200","name":"Naturdenkmal (Biotop Nr. GB-NOH 3508/037)","km":"118+200","KTR":null,"FSK":"033151008001140006__","upflicht":"Landkreis Grafschaft Bentheim","bauart":"Biotop","baujahr":null,"GEW":"VEC","rwert":370558,"hwert":5809360,"link1":null,"link2":null,"bemerk":null,"beschreib":"Naturdenkmal (Biotop Nr. GB-NOH 3508/037)","beschreib_lang":null,"stat_von":118200,"akz":null,"denkmal":"Nein","bez_urpl":"Naturdenkmal (Biotop Nr. GB-NOH 3508/037)","Nr_WR":null,"tmp":2157,"id_bw_son_pun":520,"foto1":"https://nlwkn.hannit-share.de/index.php/core/preview?fileId=11056769&x=1280&y=819&a=true","foto2":"https://nlwkn.hannit-share.de/index.php/core/preview?fileId=11056772&x=1280&y=819&a=true","foto3":"https://nlwkn.hannit-share.de/index.php/core/preview?fileId=11056757&x=1280&y=819&a=true","foto4":"https://nlwkn.hannit-share.de/index.php/core/preview?fileId=11056778&x=1280&y=819&a=true","y_coord":"52.419122","x_coord":"7.096564","y_coord_D":52.419122000000002,"x_coord_D":7.0965639999999999}},{"type":"Feature","id":502,"geometry":{"type":"Point","coordinates":[790167.4001000002,6875897.9470999986]},"properties":{"OBJECTID":502,"ID_con":2159,"bw_id":"VEC_SON_118500","name":"Naturdenkmal (Biotop Nr. GB-NOH 3508/034 , Altarm)","km":"118+500","KTR":null,"FSK":"033152007001200014__","upflicht":"Landkreis Grafschaft Bentheim","bauart":"Biotop","baujahr":null,"GEW":"VEC","rwert":370663,"hwert":5809133,"link1":null,"link2":null,"bemerk":null,"beschreib":"Biotop, Naturdenkmal","beschreib_lang":null,"stat_von":118500,"akz":null,"denkmal":"Nein","bez_urpl":"Naturdenkmal (Biotop Nr. GB-NOH 3508/034 , Altarm)","Nr_WR":null,"tmp":2159,"id_bw_son_pun":521,"foto1":"https://nlwkn.hannit-share.de/index.php/core/preview?fileId=11056793&x=1280&y=819&a=true","foto2":"https://nlwkn.hannit-share.de/index.php/core/preview?fileId=11056796&x=1280&y=819&a=true","foto3":"https://nlwkn.hannit-share.de/index.php/core/preview?fileId=11056775&x=1280&y=819&a=true","foto4":"https://nlwkn.hannit-share.de/index.php/core/preview?fileId=11056802&x=1280&y=819&a=true","y_coord":"52.417107","x_coord":"7.098195","y_coord_D":52.417107000000001,"x_coord_D":7.0981949999999996}},{"type":"Feature","id":503,"geometry":{"type":"Point","coordinates":[790424.64840000123,6875389.4309]},"properties":{"OBJECTID":503,"ID_con":2160,"bw_id":"VEC_SON_118900","name":"Naturdenkmal (Biotop Nr. GB-NOH 3508/035 , Altarm)","km":"118+900","KTR":null,"FSK":"033152007001200014__","upflicht":"Landkreis Grafschaft Bentheim","bauart":"Biotop","baujahr":null,"GEW":"VEC","rwert":370812,"hwert":5808819,"link1":null,"link2":null,"bemerk":null,"beschreib":"Naturdenkmal, Biotop","beschreib_lang":null,"stat_von":118900,"akz":null,"denkmal":"Nein","bez_urpl":"Naturdenkmal (Biotop Nr. GB-NOH 3508/035 , Altarm)","Nr_WR":null,"tmp":2160,"id_bw_son_pun":522,"foto1":"https://nlwkn.hannit-share.de/index.php/core/preview?fileId=11056805&x=1280&y=819&a=true","foto2":"https://nlwkn.hannit-share.de/index.php/core/preview?fileId=11056808&x=1280&y=819&a=true","foto3":"https://nlwkn.hannit-share.de/index.php/core/preview?fileId=11056799&x=1280&y=819&a=true","foto4":"https://nlwkn.hannit-share.de/index.php/core/preview?fileId=11056814&x=1280&y=819&a=true","y_coord":"52.414321","x_coord":"7.100505","y_coord_D":52.414321000000001,"x_coord_D":7.1005050000000001}},{"type":"Feature","id":504,"geometry":{"type":"Point","coordinates":[790713.74130000174,6875226.3774000034]},"properties":{"OBJECTID":504,"ID_con":2161,"bw_id":"VEC_SON_119100","name":"Naturdenkmal Vechtealtarm Hesepe (Biotop Nr. GB-NOH 3508/036 , Altarm)","km":"119+100","KTR":null,"FSK":"033152004000200009__","upflicht":"Landkreis Grafschaft Bentheim","bauart":"Biotop","baujahr":null,"GEW":"VEC","rwert":370986,"hwert":5808715,"link1":null,"link2":null,"bemerk":null,"beschreib":"Naturdenkmal Vechtealtarm Hesepe: https://de.wikipedia.org/wiki/Liste_der_Naturdenkmale_im_Landkreis_Grafschaft_Bentheim\n, Biotop","beschreib_lang":null,"stat_von":119100,"akz":null,"denkmal":"Nein","bez_urpl":"Naturdenkmal (Biotop Nr. GB-NOH 3508/036 , Altarm)","Nr_WR":null,"tmp":2161,"id_bw_son_pun":523,"foto1":"https://nlwkn.hannit-share.de/index.php/core/preview?fileId=11056817&x=1280&y=819&a=true","foto2":"https://nlwkn.hannit-share.de/index.php/core/preview?fileId=11056820&x=1280&y=819&a=true","foto3":"https://nlwkn.hannit-share.de/index.php/core/preview?fileId=11056811&x=1280&y=819&a=true","foto4":"https://nlwkn.hannit-share.de/index.php/core/preview?fileId=11056826&x=1280&y=819&a=true","y_coord":"52.413427","x_coord":"7.103102","y_coord_D":52.413426999999999,"x_coord_D":7.1031019999999998}},{"type":"Feature","id":505,"geometry":{"type":"Point","coordinates":[791730.62640000135,6873075.7602000013]},"properties":{"OBJECTID":505,"ID_con":2164,"bw_id":"VEC_SON_120650","name":"Biotop (GB-NOH 3508/042)","km":"120+650","KTR":null,"FSK":"033152004000200009__","upflicht":"Landkreis Grafschaft Bentheim","bauart":"Biotop","baujahr":null,"GEW":"VEC","rwert":371573,"hwert":5807388,"link1":null,"link2":null,"bemerk":null,"beschreib":"Biotop","beschreib_lang":null,"stat_von":120650,"akz":null,"denkmal":"Nein","bez_urpl":"Biotop (GB-NOH 3508/042)","Nr_WR":null,"tmp":2164,"id_bw_son_pun":524,"foto1":null,"foto2":null,"foto3":null,"foto4":null,"y_coord":"52.401642","x_coord":"7.112237","y_coord_D":52.401642000000002,"x_coord_D":7.1122370000000004}},{"type":"Feature","id":506,"geometry":{"type":"Point","coordinates":[791975.82690000162,6873023.1159999967]},"properties":{"OBJECTID":506,"ID_con":2165,"bw_id":"VEC_SON_120700","name":"Biotop (GB-NOH 3508/043)","km":"120+700","KTR":null,"FSK":"033152004000200009__","upflicht":"Landkreis Grafschaft Bentheim","bauart":"Biotop","baujahr":null,"GEW":"VEC","rwert":371722,"hwert":5807352,"link1":null,"link2":null,"bemerk":null,"beschreib":"\nBiotop","beschreib_lang":null,"stat_von":120700,"akz":null,"denkmal":"Nein","bez_urpl":"Biotop (GB-NOH 3508/043)","Nr_WR":null,"tmp":2165,"id_bw_son_pun":525,"foto1":null,"foto2":null,"foto3":null,"foto4":null,"y_coord":"52.401353","x_coord":"7.11444","y_coord_D":52.401353,"x_coord_D":7.1144400000000001}},{"type":"Feature","id":507,"geometry":{"type":"Point","coordinates":[792432.83619999886,6873258.1704000011]},"properties":{"OBJECTID":507,"ID_con":1660,"bw_id":"VEC_SON_121000","name":"Teich rechts (Tillenberge)","km":"121+000","KTR":null,"FSK":"033152004000580026__","upflicht":null,"bauart":"Teich","baujahr":null,"GEW":"VEC","rwert":372005,"hwert":5807488,"link1":null,"link2":null,"bemerk":null,"beschreib":"Teich rechts (Tillenberge)","beschreib_lang":null,"stat_von":121000,"akz":null,"denkmal":"Nein","bez_urpl":null,"Nr_WR":null,"tmp":1660,"id_bw_son_pun":105,"foto1":"https://nlwkn.hannit-share.de/index.php/core/preview?fileId=11056856&x=1280&y=819&a=true","foto2":null,"foto3":null,"foto4":null,"y_coord":"52.402641","x_coord":"7.118545","y_coord_D":52.402641000000003,"x_coord_D":7.1185450000000001}},{"type":"Feature","id":508,"geometry":{"type":"Point","coordinates":[792603.61520000175,6873298.7176999971]},"properties":{"OBJECTID":508,"ID_con":2167,"bw_id":"VEC_SON_121100","name":"Böschungstreppe (Privat)","km":"121+100","KTR":null,"FSK":"033152004000620016__","upflicht":null,"bauart":"Böschungstreppe","baujahr":null,"GEW":"VEC","rwert":372110,"hwert":5807510,"link1":null,"link2":null,"bemerk":null,"beschreib":"Böschungstreppe (Privat)","beschreib_lang":null,"stat_von":121100,"akz":null,"denkmal":"Nein","bez_urpl":null,"Nr_WR":null,"tmp":2167,"id_bw_son_pun":526,"foto1":"https://nlwkn.hannit-share.de/index.php/core/preview?fileId=11056856&x=1280&y=819&a=true","foto2":"https://nlwkn.hannit-share.de/index.php/core/preview?fileId=11056859&x=1280&y=819&a=true","foto3":"https://nlwkn.hannit-share.de/index.php/core/preview?fileId=11056862&x=1280&y=819&a=true","foto4":null,"y_coord":"52.402864","x_coord":"7.120079","y_coord_D":52.402864000000001,"x_coord_D":7.1200789999999996}},{"type":"Feature","id":509,"geometry":{"type":"Point","coordinates":[793063.45019999892,6873046.5609000027]},"properties":{"OBJECTID":509,"ID_con":2168,"bw_id":"VEC_SON_121445","name":"Brücke  (Fußweg)","km":"121+445","KTR":null,"FSK":"033152003000230005__","upflicht":null,"bauart":"Brücke","baujahr":null,"GEW":"VEC","rwert":372387,"hwert":5807349,"link1":"https://nlwkn.hannit-share.de/index.php/core/preview?fileId=11057000&x=1280&y=819&a=true","link2":null,"bemerk":null,"beschreib":"Brücke  (Fußweg)","beschreib_lang":null,"stat_von":121445,"akz":null,"denkmal":"Nein","bez_urpl":"Brücke  (Fußweg)","Nr_WR":null,"tmp":2168,"id_bw_son_pun":527,"foto1":"https://nlwkn.hannit-share.de/index.php/core/preview?fileId=11056865&x=1280&y=819&a=true","foto2":"https://nlwkn.hannit-share.de/index.php/core/preview?fileId=11056868&x=1280&y=819&a=true","foto3":"https://nlwkn.hannit-share.de/index.php/core/preview?fileId=11056862&x=1280&y=819&a=true","foto4":"https://nlwkn.hannit-share.de/index.php/core/preview?fileId=11056874&x=1280&y=819&a=true","y_coord":"52.401482","x_coord":"7.12421","y_coord_D":52.401482000000001,"x_coord_D":7.1242099999999997}},{"type":"Feature","id":510,"geometry":{"type":"Point","coordinates":[793124.67889999971,6873020.264200002]},"properties":{"OBJECTID":510,"ID_con":2169,"bw_id":"VEC_SON_121470","name":"Biotop (GB-NOH 3508/040)","km":"121+470","KTR":null,"FSK":"033152003000230009__","upflicht":"Landkreis Grafschaft Bentheim","bauart":"Biotop","baujahr":null,"GEW":"VEC","rwert":372424,"hwert":5807332,"link1":null,"link2":null,"bemerk":null,"beschreib":"Biotop","beschreib_lang":null,"stat_von":121470,"akz":null,"denkmal":"Nein","bez_urpl":"Biotop (GB-NOH 3508/040)","Nr_WR":null,"tmp":2169,"id_bw_son_pun":528,"foto1":"https://nlwkn.hannit-share.de/index.php/core/preview?fileId=11056880&x=1280&y=819&a=true","foto2":"https://nlwkn.hannit-share.de/index.php/core/preview?fileId=11056883&x=1280&y=819&a=true","foto3":null,"foto4":null,"y_coord":"52.401337","x_coord":"7.12476","y_coord_D":52.401336999999998,"x_coord_D":7.1247600000000002}},{"type":"Feature","id":511,"geometry":{"type":"Point","coordinates":[793106.09230000153,6872916.4275000021]},"properties":{"OBJECTID":511,"ID_con":1661,"bw_id":"VEC_SON_121525","name":"Schrägpegel mit Pegeltreppe uh Wehr Brandlecht","km":"121+525","KTR":null,"FSK":"033152003000260004__","upflicht":"NLWKN","bauart":"Schrägpegel","baujahr":"1976","GEW":"VEC","rwert":372411,"hwert":5807269,"link1":null,"link2":null,"bemerk":null,"beschreib":"Schrägpegel mit Pegeltreppe unterhalb Wehr Brandlecht","beschreib_lang":null,"stat_von":121525,"akz":"62026-Vechtewehr Brandlecht-445/2022","denkmal":"Nein","bez_urpl":"Schrägpegel mit Böschungstreppe rechts uh Wehr Brandlecht","Nr_WR":null,"tmp":1661,"id_bw_son_pun":412,"foto1":"https://nlwkn.hannit-share.de/index.php/core/preview?fileId=11056886&x=1280&y=819&a=true","foto2":"https://nlwkn.hannit-share.de/index.php/core/preview?fileId=11056889&x=1280&y=819&a=true","foto3":"https://nlwkn.hannit-share.de/index.php/core/preview?fileId=11056871&x=1280&y=819&a=true","foto4":"https://nlwkn.hannit-share.de/index.php/core/preview?fileId=11056895&x=1280&y=819&a=true","y_coord":"52.400768","x_coord":"7.124593","y_coord_D":52.400767999999999,"x_coord_D":7.124593}},{"type":"Feature","id":512,"geometry":{"type":"Point","coordinates":[793118.61919999868,6872811.7607000023]},"properties":{"OBJECTID":512,"ID_con":1662,"bw_id":"VEC_SON_121580","name":"Böschungstreppe links Wehr Brandlecht","km":"121+580","KTR":null,"FSK":"033152003000240012__","upflicht":"NLWKN","bauart":"Böschungstreppe","baujahr":"1976","GEW":"VEC","rwert":372417,"hwert":5807205,"link1":null,"link2":null,"bemerk":null,"beschreib":"Böschungstreppe links Wehr Brandlecht","beschreib_lang":"Böschungstreppe links Wehr Brandlecht","stat_von":121580,"akz":"62026-Vechtewehr Brandlecht-445/2022","denkmal":"Nein","bez_urpl":null,"Nr_WR":null,"tmp":1662,"id_bw_son_pun":413,"foto1":"https://nlwkn.hannit-share.de/index.php/core/preview?fileId=11056910&x=1280&y=819&a=true","foto2":"https://nlwkn.hannit-share.de/index.php/core/preview?fileId=11056913&x=1280&y=819&a=true","foto3":"https://nlwkn.hannit-share.de/index.php/core/preview?fileId=11056892&x=1280&y=819&a=true","foto4":null,"y_coord":"52.400195","x_coord":"7.124706","y_coord_D":52.400194999999997,"x_coord_D":7.1247059999999998}},{"type":"Feature","id":513,"geometry":{"type":"Point","coordinates":[793146.16470000148,6872822.3200000003]},"properties":{"OBJECTID":513,"ID_con":1663,"bw_id":"VEC_SON_121585","name":"Betriebsgebäude (Steuerung Wehr Brandlecht)","km":"121+585","KTR":null,"FSK":"033152003000240012__","upflicht":"NLWKN","bauart":"Betriebsgebäude","baujahr":"1976","GEW":"VEC","rwert":372434,"hwert":5807211,"link1":null,"link2":null,"bemerk":null,"beschreib":"Betriebsgebäude (Steuerung Wehr Brandlecht)","beschreib_lang":"Betriebsgebäude (Steuerung Wehr Brandlecht)","stat_von":121585,"akz":"62026-Vechtewehr Brandlecht-445/2022","denkmal":"Nein","bez_urpl":"Betriebsgebäude (Steuerung Wehr Brandlecht)","Nr_WR":null,"tmp":1663,"id_bw_son_pun":279,"foto1":"https://nlwkn.hannit-share.de/index.php/core/preview?fileId=11056919&x=1280&y=819&a=true","foto2":"https://nlwkn.hannit-share.de/index.php/core/preview?fileId=11056922&x=1280&y=819&a=true","foto3":"https://nlwkn.hannit-share.de/index.php/core/preview?fileId=11056916&x=1280&y=819&a=true","foto4":"https://nlwkn.hannit-share.de/index.php/core/preview?fileId=11056928&x=1280&y=819&a=true","y_coord":"52.400252","x_coord":"7.124953","y_coord_D":52.400252000000002,"x_coord_D":7.1249529999999996}},{"type":"Feature","id":514,"geometry":{"type":"Point","coordinates":[793192.24980000034,6872812.0346999988]},"properties":{"OBJECTID":514,"ID_con":1664,"bw_id":"VEC_SON_121610","name":"Böschungstreppe (obere Böschung)","km":"121+610","KTR":null,"FSK":"033152003000240012__","upflicht":"??","bauart":"Böschungstreppe","baujahr":null,"GEW":"VEC","rwert":372462,"hwert":5807204,"link1":null,"link2":null,"bemerk":null,"beschreib":"Böschungstreppe (obere Böschung)","beschreib_lang":null,"stat_von":121610,"akz":null,"denkmal":"Nein","bez_urpl":null,"Nr_WR":null,"tmp":1664,"id_bw_son_pun":410,"foto1":"https://nlwkn.hannit-share.de/index.php/core/preview?fileId=11056931&x=1280&y=819&a=true","foto2":"https://nlwkn.hannit-share.de/index.php/core/preview?fileId=11056934&x=1280&y=819&a=true","foto3":"https://nlwkn.hannit-share.de/index.php/core/preview?fileId=11056925&x=1280&y=819&a=true","foto4":"https://nlwkn.hannit-share.de/index.php/core/preview?fileId=11056940&x=1280&y=819&a=true","y_coord":"52.400196","x_coord":"7.125367","y_coord_D":52.400196000000001,"x_coord_D":7.1253669999999998}},{"type":"Feature","id":515,"geometry":{"type":"Point","coordinates":[793199.51179999858,6872784.3351000026]},"properties":{"OBJECTID":515,"ID_con":1665,"bw_id":"VEC_SON_121625","name":"Schrägpegel mit Treppe oh Wehr Brandlecht","km":"121+625","KTR":null,"FSK":"033152003000240012__","upflicht":null,"bauart":"Schrägpegel","baujahr":"1976","GEW":"VEC","rwert":372466,"hwert":5807187,"link1":null,"link2":null,"bemerk":null,"beschreib":"Schrägpegel mit Treppe oberhalb Wehr Brandlecht","beschreib_lang":null,"stat_von":121625,"akz":"62026-Vechtewehr Brandlecht-445/2022","denkmal":"Nein","bez_urpl":"Schrägpegel mit Treppe oh Wehr Brandlecht","Nr_WR":null,"tmp":1665,"id_bw_son_pun":411,"foto1":"https://nlwkn.hannit-share.de/index.php/core/preview?fileId=11056943&x=1280&y=819&a=true","foto2":"https://nlwkn.hannit-share.de/index.php/core/preview?fileId=11056946&x=1280&y=819&a=true","foto3":"https://nlwkn.hannit-share.de/index.php/core/preview?fileId=11056937&x=1280&y=819&a=true","foto4":null,"y_coord":"52.400044","x_coord":"7.125432","y_coord_D":52.400044000000001,"x_coord_D":7.125432}},{"type":"Feature","id":516,"geometry":{"type":"Point","coordinates":[795000.96299999952,6871835.2426000014]},"properties":{"OBJECTID":516,"ID_con":1666,"bw_id":"VEC_SON_122960","name":"Böschungsabbruch Stroot","km":"122+960","KTR":null,"FSK":"03315301100018______","upflicht":"NLWKN","bauart":"Auskolkung","baujahr":null,"GEW":"VEC","rwert":373552,"hwert":5806580,"link1":null,"link2":null,"bemerk":null,"beschreib":"In Folge des Hochwassers 2023/24 wurde der bereits vorhandene Kolk stark vergrößert. Es kam zu Ausspülungen auf der angrenzenden landwirtschaftlichen Fläche","beschreib_lang":"In Folge des Hochwassers 2023/24 wurde der bereits vorhandene Kolk stark vergrößert. Es kam zu Ausspülungen auf der angrenzenden landwirtschaftlichen Fläche","stat_von":122960,"akz":null,"denkmal":"Nein","bez_urpl":"Böschungsabbruch Stroot","Nr_WR":null,"tmp":1666,"id_bw_son_pun":106,"foto1":"https://nlwkn.hannit-share.de/index.php/core/preview?fileId=11056958&x=1280&y=819&a=true","foto2":"https://nlwkn.hannit-share.de/index.php/core/preview?fileId=11757096&x=1280&y=819&a=true","foto3":"https://nlwkn.hannit-share.de/index.php/core/preview?fileId=11757095&x=1280&y=819&a=true","foto4":"https://nlwkn.hannit-share.de/index.php/core/preview?fileId=11757097&x=1280&y=819&a=true","y_coord":"52.394842","x_coord":"7.141615","y_coord_D":52.394841999999997,"x_coord_D":7.1416149999999998}},{"type":"Feature","id":517,"geometry":{"type":"Point","coordinates":[795127.91660000011,6871797.505900003]},"properties":{"OBJECTID":517,"ID_con":1667,"bw_id":"VEC_SON_123040","name":"Fundamentreste in Sohle und Böschung","km":"123+040","KTR":null,"FSK":"03315301100018______","upflicht":"NLWKN","bauart":"Fremdkörper in Sohle und Böschung","baujahr":null,"GEW":"VEC","rwert":373629,"hwert":5806555,"link1":null,"link2":null,"bemerk":null,"beschreib":"Fundamentreste in Sohle und Böschung","beschreib_lang":null,"stat_von":123040,"akz":null,"denkmal":"Nein","bez_urpl":"Fremdkörper in Sohle und Böschung","Nr_WR":null,"tmp":1667,"id_bw_son_pun":314,"foto1":"https://nlwkn.hannit-share.de/index.php/core/preview?fileId=11056961&x=1280&y=819&a=true","foto2":"https://nlwkn.hannit-share.de/index.php/core/preview?fileId=11056964&x=1280&y=819&a=true","foto3":null,"foto4":null,"y_coord":"52.394635","x_coord":"7.142756","y_coord_D":52.394635000000001,"x_coord_D":7.1427560000000003}},{"type":"Feature","id":518,"geometry":{"type":"Point","coordinates":[795610.72920000181,6871408.0645999983]},"properties":{"OBJECTID":518,"ID_con":1668,"bw_id":"VEC_SON_123435","name":"Kolk linksseitig in Außenkurve (Fläche bereits betroffen)","km":"123+435","KTR":null,"FSK":"034202015000010001__","upflicht":"NLWKN","bauart":"Auskolkung","baujahr":null,"GEW":"VEC","rwert":373918,"hwert":5806310,"link1":null,"link2":null,"bemerk":null,"beschreib":"Kolk linksseitig in Außenkurve (Fläche bereits betroffen)","beschreib_lang":null,"stat_von":123435,"akz":null,"denkmal":"Nein","bez_urpl":"Kolk linksseitig","Nr_WR":null,"tmp":1668,"id_bw_son_pun":107,"foto1":"https://nlwkn.hannit-share.de/index.php/core/preview?fileId=11056967&x=1280&y=819&a=true","foto2":"https://nlwkn.hannit-share.de/index.php/core/preview?fileId=11056970&x=1280&y=819&a=true","foto3":"https://nlwkn.hannit-share.de/index.php/core/preview?fileId=11056949&x=1280&y=819&a=true","foto4":"https://nlwkn.hannit-share.de/index.php/core/preview?fileId=11056976&x=1280&y=819&a=true","y_coord":"52.3925","x_coord":"7.147093","y_coord_D":52.392499999999998,"x_coord_D":7.1470929999999999}},{"type":"Feature","id":519,"geometry":{"type":"Point","coordinates":[796558.0064000003,6871151.8756999969]},"properties":{"OBJECTID":519,"ID_con":1669,"bw_id":"VEC_SON_124115","name":"Bootsanleger oberhalb Brücke","km":"124+115","KTR":null,"FSK":"034202015000010001__","upflicht":"??","bauart":"Bootsanleger","baujahr":null,"GEW":"VEC","rwert":374493,"hwert":5806139,"link1":null,"link2":null,"bemerk":"??prüfen","beschreib":"Bootsanleger oberhalb Brücke","beschreib_lang":null,"stat_von":124115,"akz":null,"denkmal":"Nein","bez_urpl":"Bootsanleger oberhalb Brücke  links","Nr_WR":null,"tmp":1669,"id_bw_son_pun":294,"foto1":"https://nlwkn.hannit-share.de/index.php/core/preview?fileId=11056979&x=1280&y=819&a=true","foto2":"https://nlwkn.hannit-share.de/index.php/core/preview?fileId=11056982&x=1280&y=819&a=true","foto3":"https://nlwkn.hannit-share.de/index.php/core/preview?fileId=11056973&x=1280&y=819&a=true","foto4":null,"y_coord":"52.391096","x_coord":"7.155602","y_coord_D":52.391095999999997,"x_coord_D":7.155602}},{"type":"Feature","id":520,"geometry":{"type":"Point","coordinates":[796926.39350000024,6870754.5401000008]},"properties":{"OBJECTID":520,"ID_con":1670,"bw_id":"VEC_SON_124450","name":"Kolk beidseitig unterhalb Sohlgleite Eistrup","km":"124+450","KTR":null,"FSK":"034202015000010001__","upflicht":"NLWKN","bauart":"Auskolkung","baujahr":null,"GEW":"VEC","rwert":374712,"hwert":5805891,"link1":"https://nlwkn.hannit-share.de/index.php/core/preview?fileId=11057303&x=1280&y=819&a=true","link2":null,"bemerk":null,"beschreib":"Kolk beidseitig unterhalb Sohlgleite Eistrup","beschreib_lang":null,"stat_von":124450,"akz":null,"denkmal":"Nein","bez_urpl":"Kolk beidseitig unterhalb Sohlgleite Eistrup","Nr_WR":null,"tmp":1670,"id_bw_son_pun":108,"foto1":"https://nlwkn.hannit-share.de/index.php/core/preview?fileId=11056988&x=1280&y=819&a=true","foto2":"https://nlwkn.hannit-share.de/index.php/core/preview?fileId=11056991&x=1280&y=819&a=true","foto3":"https://nlwkn.hannit-share.de/index.php/core/preview?fileId=11056985&x=1280&y=819&a=true","foto4":"https://nlwkn.hannit-share.de/index.php/core/preview?fileId=11056997&x=1280&y=819&a=true","y_coord":"52.388918","x_coord":"7.158912","y_coord_D":52.388917999999997,"x_coord_D":7.1589119999999999}},{"type":"Feature","id":521,"geometry":{"type":"Point","coordinates":[797737.78379999846,6870368.4834000021]},"properties":{"OBJECTID":521,"ID_con":1671,"bw_id":"VEC_SON_125020","name":"Kolk linksseitig in Außenkurve (Fläche bereits betroffen)","km":"125+020","KTR":null,"FSK":"03420200300001______","upflicht":"NLWKN","bauart":"Auskolkung","baujahr":null,"GEW":"VEC","rwert":375202,"hwert":5805643,"link1":null,"link2":null,"bemerk":null,"beschreib":"Kolk linksseitig in Außenkurve (Fläche bereits betroffen)","beschreib_lang":null,"stat_von":125020,"akz":null,"denkmal":"Nein","bez_urpl":"Kolk linksseitig in Außenkurve","Nr_WR":null,"tmp":1671,"id_bw_son_pun":110,"foto1":"https://nlwkn.hannit-share.de/index.php/core/preview?fileId=11057021&x=1280&y=819&a=true","foto2":"https://nlwkn.hannit-share.de/index.php/core/preview?fileId=11057024&x=1280&y=819&a=true","foto3":null,"foto4":null,"y_coord":"52.386801","x_coord":"7.1662","y_coord_D":52.386800999999998,"x_coord_D":7.1661999999999999}},{"type":"Feature","id":522,"geometry":{"type":"Point","coordinates":[798007.20059999824,6870388.4488999993]},"properties":{"OBJECTID":522,"ID_con":2148,"bw_id":"VEC_SON_125185","name":"Infotafel LK Grafschaft Bentheim","km":"125+185","KTR":null,"FSK":"03315301200027______","upflicht":"Landkreis Grafschaft Bentheim","bauart":"Infotafel","baujahr":null,"GEW":"VEC","rwert":375367,"hwert":5805651,"link1":null,"link2":null,"bemerk":null,"beschreib":"Infotafel LK Grafschaft Bentheim","beschreib_lang":null,"stat_von":125185,"akz":null,"denkmal":"Nein","bez_urpl":null,"Nr_WR":null,"tmp":2148,"id_bw_son_pun":518,"foto1":"https://nlwkn.hannit-share.de/index.php/core/preview?fileId=11057027&x=1280&y=819&a=true","foto2":"https://nlwkn.hannit-share.de/index.php/core/preview?fileId=11057030&x=1280&y=819&a=true","foto3":null,"foto4":null,"y_coord":"52.38691","x_coord":"7.168621","y_coord_D":52.38691,"x_coord_D":7.1686209999999999}},{"type":"Feature","id":523,"geometry":{"type":"Point","coordinates":[798199.98640000075,6870268.7030000016]},"properties":{"OBJECTID":523,"ID_con":1672,"bw_id":"VEC_SON_125325","name":"Kolk linksseitig in Innerkurve (Fläche bereits betroffen)","km":"125+325","KTR":null,"FSK":"03420200300001______","upflicht":"NLWKN","bauart":"Auskolkung","baujahr":null,"GEW":"VEC","rwert":375483,"hwert":5805575,"link1":null,"link2":null,"bemerk":null,"beschreib":"Kolk linksseitig in Innerkurve (Fläche bereits betroffen)","beschreib_lang":null,"stat_von":125325,"akz":null,"denkmal":"Nein","bez_urpl":"Kolk linksseitig in Innenkurve","Nr_WR":null,"tmp":1672,"id_bw_son_pun":109,"foto1":"https://nlwkn.hannit-share.de/index.php/core/preview?fileId=11057033&x=1280&y=819&a=true","foto2":"https://nlwkn.hannit-share.de/index.php/core/preview?fileId=11057036&x=1280&y=819&a=true","foto3":null,"foto4":null,"y_coord":"52.386254","x_coord":"7.170352","y_coord_D":52.386254000000001,"x_coord_D":7.1703520000000003}},{"type":"Feature","id":524,"geometry":{"type":"Point","coordinates":[800264.85520000011,6868681.0063000023]},"properties":{"OBJECTID":524,"ID_con":1673,"bw_id":"VEC_SON_127095","name":"Kolk rechtsseitig unterhalb Sohlgleite Rohrbachstau","km":"127+095","KTR":null,"FSK":"033153009000480002__","upflicht":"NLWKN","bauart":"Auskolkung","baujahr":null,"GEW":"VEC","rwert":376721,"hwert":5804575,"link1":null,"link2":null,"bemerk":"in Außenkurve rechtsseitig (Fläche bereits betroff","beschreib":"Kolk rechtsseitig unterhalb Sohlgleite Rohrbachstau","beschreib_lang":null,"stat_von":127095,"akz":null,"denkmal":"Nein","bez_urpl":"Kolk rechtsseitig in Außenkurve unterhalb Sohlgleite Rohrbachstau","Nr_WR":null,"tmp":1673,"id_bw_son_pun":111,"foto1":"https://nlwkn.hannit-share.de/index.php/core/preview?fileId=11057054&x=1280&y=819&a=true","foto2":"https://nlwkn.hannit-share.de/index.php/core/preview?fileId=11057057&x=1280&y=819&a=true","foto3":null,"foto4":null,"y_coord":"52.377548","x_coord":"7.188902","y_coord_D":52.377547999999997,"x_coord_D":7.1889019999999997}},{"type":"Feature","id":525,"geometry":{"type":"Point","coordinates":[800399.42269999906,6868466.313699998]},"properties":{"OBJECTID":525,"ID_con":1674,"bw_id":"VEC_SON_127355","name":"Kunstprojekt 'Raumansichten'","km":"127+355","KTR":null,"FSK":"03420500100094______","upflicht":null,"bauart":"Kunst","baujahr":null,"GEW":"VEC","rwert":376800,"hwert":5804442,"link1":null,"link2":null,"bemerk":null,"beschreib":"Kunstprojekt 'Raumansichten'","beschreib_lang":null,"stat_von":127355,"akz":"62024-04-03","denkmal":"Nein","bez_urpl":null,"Nr_WR":null,"tmp":1674,"id_bw_son_pun":425,"foto1":"https://nlwkn.hannit-share.de/index.php/core/preview?fileId=11057072&x=1280&y=819&a=true","foto2":"https://nlwkn.hannit-share.de/index.php/core/preview?fileId=11057075&x=1280&y=819&a=true","foto3":"https://nlwkn.hannit-share.de/index.php/core/preview?fileId=11056994&x=1280&y=819&a=true","foto4":"https://nlwkn.hannit-share.de/index.php/core/preview?fileId=11057081&x=1280&y=819&a=true","y_coord":"52.376371","x_coord":"7.19011","y_coord_D":52.376370999999999,"x_coord_D":7.1901099999999998}},{"type":"Feature","id":526,"geometry":{"type":"Point","coordinates":[800594.49929999933,6867595.7048999965]},"properties":{"OBJECTID":526,"ID_con":1675,"bw_id":"VEC_SON_127805","name":"Kolk beidseitig","km":"127+805","KTR":null,"FSK":"03420500200345______","upflicht":"NLWKN","bauart":"Auskolkung","baujahr":null,"GEW":"VEC","rwert":376906,"hwert":5803908,"link1":null,"link2":null,"bemerk":"Außenkurvedroht in Talgraben links durchzubrechen)","beschreib":"Kolk beidseitig","beschreib_lang":null,"stat_von":127805,"akz":null,"denkmal":"Nein","bez_urpl":"Kolk beidseitig","Nr_WR":null,"tmp":1675,"id_bw_son_pun":114,"foto1":"https://nlwkn.hannit-share.de/index.php/core/preview?fileId=11057084&x=1280&y=819&a=true","foto2":"https://nlwkn.hannit-share.de/index.php/core/preview?fileId=11057087&x=1280&y=819&a=true","foto3":"https://nlwkn.hannit-share.de/index.php/core/preview?fileId=11057078&x=1280&y=819&a=true","foto4":"https://nlwkn.hannit-share.de/index.php/core/preview?fileId=11057093&x=1280&y=819&a=true","y_coord":"52.371596","x_coord":"7.191863","y_coord_D":52.371595999999997,"x_coord_D":7.1918629999999997}},{"type":"Feature","id":527,"geometry":{"type":"Point","coordinates":[800580.03579999879,6867585.5058000013]},"properties":{"OBJECTID":527,"ID_con":1676,"bw_id":"VEC_SON_127810","name":"Mauerrest in Böschung","km":"127+810","KTR":null,"FSK":"03420500200345______","upflicht":null,"bauart":"Fremdkörper in Sohle und Böschung","baujahr":null,"GEW":"VEC","rwert":376897,"hwert":5803902,"link1":null,"link2":null,"bemerk":null,"beschreib":"Mauerrest in Böschung. Der Mauerrest bestehend auch Klinkersteinen stammt von einer hier ehemals vorhandenen Brücke.","beschreib_lang":"Mauerrest in Böschung. Der Mauerrest bestehend auch Klinkersteinen stammt von einer hier ehemals vorhandenen Brücke.","stat_von":127810,"akz":null,"denkmal":"Nein","bez_urpl":"Mauerrest in linker Böschung","Nr_WR":null,"tmp":1676,"id_bw_son_pun":115,"foto1":"https://nlwkn.hannit-share.de/index.php/core/preview?fileId=11675163&x=1280&y=819&a=true","foto2":"https://nlwkn.hannit-share.de/index.php/core/preview?fileId=11675160&x=1280&y=819&a=true","foto3":"https://nlwkn.hannit-share.de/index.php/core/preview?fileId=11675162&x=1280&y=819&a=true","foto4":"https://nlwkn.hannit-share.de/index.php/core/preview?fileId=11675161&x=1280&y=819&a=true","y_coord":"52.37154","x_coord":"7.191733","y_coord_D":52.371540000000003,"x_coord_D":7.1917330000000002}},{"type":"Feature","id":528,"geometry":{"type":"Point","coordinates":[800726.18030000106,6867430.1450999975]},"properties":{"OBJECTID":528,"ID_con":1677,"bw_id":"VEC_SON_127935","name":"Kolk rechtsseitig in Außenkurve","km":"127+935","KTR":null,"FSK":"03420800600170______","upflicht":"NLWKN","bauart":"Auskolkung","baujahr":null,"GEW":"VEC","rwert":376984,"hwert":5803805,"link1":null,"link2":null,"bemerk":null,"beschreib":"Kolk rechtsseitig in Außenkurve","beschreib_lang":null,"stat_von":127935,"akz":null,"denkmal":"Nein","bez_urpl":"Kolk rechtsseitig in Außenkurve","Nr_WR":null,"tmp":1677,"id_bw_son_pun":116,"foto1":"https://nlwkn.hannit-share.de/index.php/core/preview?fileId=11057096&x=1280&y=819&a=true","foto2":"https://nlwkn.hannit-share.de/index.php/core/preview?fileId=11057099&x=1280&y=819&a=true","foto3":null,"foto4":null,"y_coord":"52.370688","x_coord":"7.193046","y_coord_D":52.370688000000001,"x_coord_D":7.1930459999999998}},{"type":"Feature","id":529,"geometry":{"type":"Point","coordinates":[800748.32400000095,6867394.6331999972]},"properties":{"OBJECTID":529,"ID_con":1678,"bw_id":"VEC_SON_127960","name":"Kolk rechtsseitig in Außenkurve","km":"127+960","KTR":null,"FSK":"03420800600170______","upflicht":"NLWKN","bauart":"Auskolkung","baujahr":null,"GEW":"VEC","rwert":376997,"hwert":5803783,"link1":null,"link2":null,"bemerk":null,"beschreib":"Kolk rechtsseitig in Außenkurve","beschreib_lang":null,"stat_von":127960,"akz":null,"denkmal":"Nein","bez_urpl":"Kolk rechtsseitig in Außenkurve","Nr_WR":null,"tmp":1678,"id_bw_son_pun":117,"foto1":"https://nlwkn.hannit-share.de/index.php/core/preview?fileId=11057102&x=1280&y=819&a=true","foto2":"https://nlwkn.hannit-share.de/index.php/core/preview?fileId=11057105&x=1280&y=819&a=true","foto3":null,"foto4":null,"y_coord":"52.370493","x_coord":"7.193245","y_coord_D":52.370493000000003,"x_coord_D":7.1932450000000001}},{"type":"Feature","id":530,"geometry":{"type":"Point","coordinates":[800849.86639999971,6866534.9045000002]},"properties":{"OBJECTID":530,"ID_con":1679,"bw_id":"VEC_SON_128495","name":"Kolk rechtsseitig (Fläche bereits betroffen)","km":"128+495","KTR":null,"FSK":"03420800600170______","upflicht":"NLWKN","bauart":"Auskolkung","baujahr":null,"GEW":"VEC","rwert":377046,"hwert":5803257,"link1":null,"link2":null,"bemerk":null,"beschreib":"Kolk rechtsseitig (Fläche bereits betroffen)","beschreib_lang":null,"stat_von":128495,"akz":null,"denkmal":"Nein","bez_urpl":"Kolk rechtsseitig","Nr_WR":null,"tmp":1679,"id_bw_son_pun":118,"foto1":"https://nlwkn.hannit-share.de/index.php/core/preview?fileId=11057108&x=1280&y=819&a=true","foto2":"https://nlwkn.hannit-share.de/index.php/core/preview?fileId=11057111&x=1280&y=819&a=true","foto3":"https://nlwkn.hannit-share.de/index.php/core/preview?fileId=11057090&x=1280&y=819&a=true","foto4":"https://nlwkn.hannit-share.de/index.php/core/preview?fileId=11057117&x=1280&y=819&a=true","y_coord":"52.365778","x_coord":"7.194157","y_coord_D":52.365777999999999,"x_coord_D":7.1941569999999997}},{"type":"Feature","id":531,"geometry":{"type":"Point","coordinates":[799897.82409999892,6864917.8632000014]},"properties":{"OBJECTID":531,"ID_con":1680,"bw_id":"VEC_SON_129900","name":"Kolk beidseitig","km":"129+900","KTR":null,"FSK":"034205012000240006__","upflicht":"NLWKN","bauart":"Auskolkung","baujahr":null,"GEW":"VEC","rwert":376439,"hwert":5802285,"link1":null,"link2":null,"bemerk":null,"beschreib":"Kolk beidseitig","beschreib_lang":null,"stat_von":129900,"akz":null,"denkmal":"Nein","bez_urpl":"Kolk beidseitig","Nr_WR":null,"tmp":1680,"id_bw_son_pun":119,"foto1":"https://nlwkn.hannit-share.de/index.php/core/preview?fileId=11057135&x=1280&y=819&a=true","foto2":null,"foto3":null,"foto4":null,"y_coord":"52.356907","x_coord":"7.185604","y_coord_D":52.356907,"x_coord_D":7.1856039999999997}},{"type":"Feature","id":532,"geometry":{"type":"Point","coordinates":[800007.50230000168,6863539.1563000008]},"properties":{"OBJECTID":532,"ID_con":1681,"bw_id":"VEC_SON_130765","name":"Kolk rechtsseitig (auf Landesfläche)","km":"130+765","KTR":null,"FSK":"03422200800031______","upflicht":"NLWKN","bauart":"Auskolkung","baujahr":null,"GEW":"VEC","rwert":376485,"hwert":5801442,"link1":null,"link2":null,"bemerk":null,"beschreib":"Kolk rechtsseitig (auf Landesfläche)","beschreib_lang":null,"stat_von":130765,"akz":null,"denkmal":"Nein","bez_urpl":"Kolk rechtsseitig","Nr_WR":null,"tmp":1681,"id_bw_son_pun":120,"foto1":"https://nlwkn.hannit-share.de/index.php/core/preview?fileId=11057138&x=1280&y=819&a=true","foto2":null,"foto3":null,"foto4":null,"y_coord":"52.349342","x_coord":"7.18659","y_coord_D":52.349342,"x_coord_D":7.1865899999999998}},{"type":"Feature","id":533,"geometry":{"type":"Point","coordinates":[800015.71489999816,6863472.1799999997]},"properties":{"OBJECTID":533,"ID_con":1682,"bw_id":"VEC_SON_130805","name":"Kolk rechtsseitig (auf Landesfläche)","km":"130+805","KTR":null,"FSK":"03422200800031______","upflicht":"NLWKN","bauart":"Auskolkung","baujahr":null,"GEW":"VEC","rwert":376489,"hwert":5801401,"link1":null,"link2":null,"bemerk":null,"beschreib":"Kolk rechtsseitig (auf Landesfläche)","beschreib_lang":null,"stat_von":130805,"akz":null,"denkmal":"Nein","bez_urpl":"Kolk rechtsseitig","Nr_WR":null,"tmp":1682,"id_bw_son_pun":121,"foto1":"https://nlwkn.hannit-share.de/index.php/core/preview?fileId=11057141&x=1280&y=819&a=true","foto2":null,"foto3":null,"foto4":null,"y_coord":"52.348975","x_coord":"7.186663","y_coord_D":52.348975000000003,"x_coord_D":7.1866630000000002}},{"type":"Feature","id":534,"geometry":{"type":"Point","coordinates":[799822.13580000028,6863174.0102000013]},"properties":{"OBJECTID":534,"ID_con":1683,"bw_id":"VEC_SON_131025","name":"Kolk beidseitig unterhalb Sohlgleite Löbmann","km":"131+025","KTR":null,"FSK":"03422200800030______","upflicht":"NLWKN","bauart":"Auskolkung","baujahr":null,"GEW":"VEC","rwert":376366,"hwert":5801222,"link1":null,"link2":null,"bemerk":null,"beschreib":"Kolk beidseitig unterhalb Sohlgleite Löbmann","beschreib_lang":null,"stat_von":131025,"akz":null,"denkmal":"Nein","bez_urpl":"Kolk beidseitig unterhalb Sohlgleite Löbmann","Nr_WR":null,"tmp":1683,"id_bw_son_pun":123,"foto1":"https://nlwkn.hannit-share.de/index.php/core/preview?fileId=11057147&x=1280&y=819&a=true","foto2":"https://nlwkn.hannit-share.de/index.php/core/preview?fileId=11057150&x=1280&y=819&a=true","foto3":"https://nlwkn.hannit-share.de/index.php/core/preview?fileId=11057114&x=1280&y=819&a=true","foto4":"https://nlwkn.hannit-share.de/index.php/core/preview?fileId=11057156&x=1280&y=819&a=true","y_coord":"52.347338","x_coord":"7.184924","y_coord_D":52.347338000000001,"x_coord_D":7.1849239999999996}},{"type":"Feature","id":535,"geometry":{"type":"Point","coordinates":[799695.94759999961,6862861.1582000032]},"properties":{"OBJECTID":535,"ID_con":1684,"bw_id":"VEC_SON_131245","name":"Kolk beidseitig unterhalb Sohlgleite Löpmann","km":"131+245","KTR":null,"FSK":"03422200800030______","upflicht":"NLWKN","bauart":"Auskolkung","baujahr":null,"GEW":"VEC","rwert":376284,"hwert":5801033,"link1":null,"link2":null,"bemerk":null,"beschreib":"Kolk beidseitig unterhalb Sohlgleite Löpmann","beschreib_lang":null,"stat_von":131245,"akz":null,"denkmal":"Nein","bez_urpl":"Kolk beidseitig unterhalb Sohlgleite Löpmann","Nr_WR":null,"tmp":1684,"id_bw_son_pun":124,"foto1":"https://nlwkn.hannit-share.de/index.php/core/preview?fileId=11057165&x=1280&y=819&a=true","foto2":"https://nlwkn.hannit-share.de/index.php/core/preview?fileId=11057168&x=1280&y=819&a=true","foto3":null,"foto4":null,"y_coord":"52.345622","x_coord":"7.183791","y_coord_D":52.345621999999999,"x_coord_D":7.1837910000000003}},{"type":"Feature","id":536,"geometry":{"type":"Point","coordinates":[799686.84470000118,6862833.0750999972]},"properties":{"OBJECTID":536,"ID_con":1685,"bw_id":"VEC_SON_131260","name":"Alter Dükerest","km":"131+260","KTR":null,"FSK":"03422200800030______","upflicht":"NLWKN","bauart":"Fremdkörper in Sohle und Böschung","baujahr":null,"GEW":"VEC","rwert":376278,"hwert":5801016,"link1":null,"link2":null,"bemerk":null,"beschreib":"Alter Dükerest","beschreib_lang":null,"stat_von":131260,"akz":null,"denkmal":"Nein","bez_urpl":"Alter Dükerrest (beidseitig)","Nr_WR":null,"tmp":1685,"id_bw_son_pun":125,"foto1":"https://nlwkn.hannit-share.de/index.php/core/preview?fileId=11057171&x=1280&y=819&a=true","foto2":"https://nlwkn.hannit-share.de/index.php/core/preview?fileId=11057174&x=1280&y=819&a=true","foto3":"https://nlwkn.hannit-share.de/index.php/core/preview?fileId=11057153&x=1280&y=819&a=true","foto4":"https://nlwkn.hannit-share.de/index.php/core/preview?fileId=11057180&x=1280&y=819&a=true","y_coord":"52.345468","x_coord":"7.183709","y_coord_D":52.345467999999997,"x_coord_D":7.1837090000000003}},{"type":"Feature","id":537,"geometry":{"type":"Point","coordinates":[799828.72120000049,6862584.3247999996]},"properties":{"OBJECTID":537,"ID_con":1686,"bw_id":"VEC_SON_131445","name":"Kolk beidseitig unterhalb Brücke A30","km":"131+445","KTR":null,"FSK":"03422200800030______","upflicht":"NLWKN","bauart":"Auskolkung","baujahr":null,"GEW":"VEC","rwert":376361,"hwert":5800862,"link1":null,"link2":null,"bemerk":null,"beschreib":"Kolk beidseitig unterhalb Brücke A30","beschreib_lang":null,"stat_von":131445,"akz":null,"denkmal":"Nein","bez_urpl":"Kolk beidseitig unterhalb Brücke A30 (bereits auf privater Fläche??)","Nr_WR":null,"tmp":1686,"id_bw_son_pun":126,"foto1":"https://nlwkn.hannit-share.de/index.php/core/preview?fileId=11057183&x=1280&y=819&a=true","foto2":"https://nlwkn.hannit-share.de/index.php/core/preview?fileId=11057186&x=1280&y=819&a=true","foto3":"https://nlwkn.hannit-share.de/index.php/core/preview?fileId=11057177&x=1280&y=819&a=true","foto4":"https://nlwkn.hannit-share.de/index.php/core/preview?fileId=11057192&x=1280&y=819&a=true","y_coord":"52.344102","x_coord":"7.184984","y_coord_D":52.344101999999999,"x_coord_D":7.184984}},{"type":"Feature","id":538,"geometry":{"type":"Point","coordinates":[803323.06500000134,6860382.8920999989]},"properties":{"OBJECTID":538,"ID_con":2479,"bw_id":"VEC_SON_134150","name":"Auengewässer","km":"134+140","KTR":null,"FSK":"034210002001550064__","upflicht":"Naturschutzstiftung Grafschaft Bentheim","bauart":"Auengewässer","baujahr":"2023","GEW":"VEC","rwert":378466,"hwert":5799465,"link1":null,"link2":null,"bemerk":null,"beschreib":"Die Blänke wurde im Auftrag der Naturschutzstiftung im zeitigen Frühjahr 2023 auf eigenen Flächen angelegt","beschreib_lang":"Die Blänke wurde im Auftrag der Naturschutzstiftung im zeitigen Frühjahr 2023 auf eigenen Flächen angelegt.\nVorgeschichte: Die gesamte Fläche bis hin zur Kläranlage wurde von Landwirten über mehrere Jahre lang intensiv ackerbaulich (meist mit Maisanbau) genutzt. Bevor das geschah, war die Fläche mit abwechselndem Relief größtenteils Grünland und mit Hecken bestanden. Dann wurde die Fläche nivelliert.  Der BUND drängte die Naturschutzstiftung  immer wieder darauf, diese Flächen (vom Fürsten?) zu erwerben und sie wieder in den ursprünglichen Zustand zu überführen. Unsere Absicht ist, die Fläche ähnlich wie den gegenüberliegenden Brückenbrink für Wiesenvögel attraktiv zu gestalten.","stat_von":134140,"akz":null,"denkmal":"Nein","bez_urpl":"Auengewässer","Nr_WR":null,"tmp":2479,"id_bw_son_pun":621,"foto1":null,"foto2":null,"foto3":null,"foto4":null,"y_coord":"52.332019","x_coord":"7.216374","y_coord_D":52.332019000000003,"x_coord_D":7.2163740000000001}},{"type":"Feature","id":539,"geometry":{"type":"Point","coordinates":[803678.05050000176,6859566.1642000005]},"properties":{"OBJECTID":539,"ID_con":2477,"bw_id":"VEC_SON_134800","name":"Kläranlage Schüttorf","km":"134+800","KTR":null,"FSK":"034210002002890016__","upflicht":"TAV Bad Bentheim, Schüttorf, Salzbergen und Emsbüren","bauart":"Kläranlage","baujahr":null,"GEW":"VEC","rwert":378671,"hwert":5798961,"link1":null,"link2":null,"bemerk":"Siehe auch Einlaufbauwerke","beschreib":"Kläranlage Schüttorf vom TAV Bad Bentheim, Schüttorf, Salzbergen und Emsbüren","beschreib_lang":null,"stat_von":134800,"akz":null,"denkmal":"Nein","bez_urpl":"Kläranlage Schüttorf","Nr_WR":null,"tmp":2477,"id_bw_son_pun":619,"foto1":null,"foto2":null,"foto3":null,"foto4":null,"y_coord":"52.327536","x_coord":"7.219563","y_coord_D":52.327536000000002,"x_coord_D":7.219563}},{"type":"Feature","id":540,"geometry":{"type":"Point","coordinates":[804262.95059999824,6858763.3489999995]},"properties":{"OBJECTID":540,"ID_con":1687,"bw_id":"VEC_SON_135420","name":"Entnahme, Punkt B, Gathmann & Gerdemann","km":"135+420","KTR":null,"FSK":"034210002002290002__","upflicht":"Gathmann & Gerdemann","bauart":"Wasserrecht (Entnahme)","baujahr":null,"GEW":"VEC","rwert":379017,"hwert":5798462,"link1":null,"link2":null,"bemerk":"A-001 (aktiv, real), Punkt B, Gathmann & Gerdemann","beschreib":"Entnahme, Punkt B, Gathmann & Gerdemann","beschreib_lang":null,"stat_von":135420,"akz":null,"denkmal":"Nein","bez_urpl":"Entnahme, Punkt B, Gathmann & Gerdemann","Nr_WR":"11/12993 (aktiv)","tmp":1687,"id_bw_son_pun":258,"foto1":null,"foto2":null,"foto3":null,"foto4":null,"y_coord":"52.323128","x_coord":"7.224817","y_coord_D":52.323127999999997,"x_coord_D":7.2248169999999998}},{"type":"Feature","id":541,"geometry":{"type":"Point","coordinates":[804425.13230000064,6858744.4087999985]},"properties":{"OBJECTID":541,"ID_con":1688,"bw_id":"VEC_SON_135470","name":"Entnahme, Punkt A, Gathmann & Gerdemann","km":"135+470","KTR":null,"FSK":"034210002002270002__","upflicht":"Gathmann & Gerdemann","bauart":"Wasserrecht (Entnahme)","baujahr":null,"GEW":"VEC","rwert":379116,"hwert":5798448,"link1":null,"link2":null,"bemerk":"A-001 (aktiv, real), Punkt A, Gathmann & Gerdemann","beschreib":"Entnahme, Punkt A, Gathmann & Gerdemann","beschreib_lang":null,"stat_von":135470,"akz":null,"denkmal":"Nein","bez_urpl":"Entnahme, Punkt A, Gathmann & Gerdemann","Nr_WR":"11/12993 (aktiv)","tmp":1688,"id_bw_son_pun":257,"foto1":null,"foto2":null,"foto3":null,"foto4":null,"y_coord":"52.323024","x_coord":"7.226274","y_coord_D":52.323023999999997,"x_coord_D":7.2262740000000001}},{"type":"Feature","id":542,"geometry":{"type":"Point","coordinates":[805405.21290000156,6857805.5595000014]},"properties":{"OBJECTID":542,"ID_con":1690,"bw_id":"VEC_SON_136350","name":"Sandfang Schüttorf","km":"136+350","KTR":"MBOVE00200","FSK":"034210007000940008__","upflicht":"NLWKN","bauart":"Sandfang","baujahr":"1973","GEW":"VEC","rwert":379702,"hwert":5797860,"link1":null,"link2":null,"bemerk":null,"beschreib":"Vechtesandfang Schüttorf","beschreib_lang":"Vechtesandfang Schüttorf","stat_von":136350,"akz":"62026-Vechte - Sandfang Schüttorf-4846/2023","denkmal":"Nein","bez_urpl":"Vechtesandfang Schüttorf","Nr_WR":null,"tmp":1690,"id_bw_son_pun":112,"foto1":"https://nlwkn.hannit-share.de/index.php/core/preview?fileId=11057276&x=1280&y=819&a=true","foto2":"https://nlwkn.hannit-share.de/index.php/core/preview?fileId=11057279&x=1280&y=819&a=true","foto3":"https://nlwkn.hannit-share.de/index.php/core/preview?fileId=11057189&x=1280&y=819&a=true","foto4":"https://nlwkn.hannit-share.de/index.php/core/preview?fileId=11057285&x=1280&y=819&a=true","y_coord":"52.317869","x_coord":"7.235078","y_coord_D":52.317869000000002,"x_coord_D":7.2350779999999997}},{"type":"Feature","id":543,"geometry":{"type":"Point","coordinates":[806173.67469999939,6854874.1762999967]},"properties":{"OBJECTID":543,"ID_con":1691,"bw_id":"VEC_SON_138575","name":"Pegellatte (Schräg mit Böschungstreppe) UW Wehr Samern","km":"138+575","KTR":null,"FSK":null,"upflicht":null,"bauart":"Pegellatte (Schräg mit Böschungstreppe)","baujahr":null,"GEW":"VEC","rwert":380129,"hwert":5796058,"link1":"https://nlwkn.hannit-share.de/index.php/core/preview?fileId=11057483&x=1280&y=819&a=true","link2":null,"bemerk":"Zeigt zum Zeitpunkt der Aufnahme einen Wasserstand","beschreib":"Pegellatte (Schräg mit Böschungstreppe) unterhalb Wehr Samern","beschreib_lang":null,"stat_von":138575,"akz":null,"denkmal":"Nein","bez_urpl":"Pegellatte (Schräg mit Böschungstreppe) UW Wehr Samern","Nr_WR":null,"tmp":1691,"id_bw_son_pun":318,"foto1":"https://nlwkn.hannit-share.de/index.php/core/preview?fileId=11057291&x=1280&y=819&a=true","foto2":"https://nlwkn.hannit-share.de/index.php/core/preview?fileId=11057294&x=1280&y=819&a=true","foto3":"https://nlwkn.hannit-share.de/index.php/core/preview?fileId=11057282&x=1280&y=819&a=true","foto4":"https://nlwkn.hannit-share.de/index.php/core/preview?fileId=11057300&x=1280&y=819&a=true","y_coord":"52.301769","x_coord":"7.241981","y_coord_D":52.301769,"x_coord_D":7.241981}},{"type":"Feature","id":544,"geometry":{"type":"Point","coordinates":[806262.33709999919,6854786.3083999977]},"properties":{"OBJECTID":544,"ID_con":1692,"bw_id":"VEC_SON_138650","name":"Betriebsgebäude (Steuerung Wehr Samern)","km":"138+650","KTR":null,"FSK":"03421201800299______","upflicht":"NLWKN","bauart":"Betriebsgebäude","baujahr":null,"GEW":"VEC","rwert":380182,"hwert":5796003,"link1":null,"link2":null,"bemerk":null,"beschreib":"Betriebsgebäude (Steuerung Wehr Samern)","beschreib_lang":"Betriebsgebäude (Steuerung Wehr Samern)","stat_von":138650,"akz":null,"denkmal":"Nein","bez_urpl":"Betriebsgebäude (Steuerung Wehr Samern)","Nr_WR":null,"tmp":1692,"id_bw_son_pun":282,"foto1":"https://nlwkn.hannit-share.de/index.php/core/preview?fileId=11057312&x=1280&y=819&a=true","foto2":"https://nlwkn.hannit-share.de/index.php/core/preview?fileId=11057315&x=1280&y=819&a=true","foto3":null,"foto4":null,"y_coord":"52.301286","x_coord":"7.242778","y_coord_D":52.301285999999998,"x_coord_D":7.2427780000000004}},{"type":"Feature","id":545,"geometry":{"type":"Point","coordinates":[806349.53269999847,6854758.9670000002]},"properties":{"OBJECTID":545,"ID_con":1693,"bw_id":"VEC_SON_138705","name":"Pegellatte (Schräg mit Böschungstreppe) OW Wehr Samern","km":"138+705","KTR":null,"FSK":null,"upflicht":"NLWKN","bauart":"Pegellatte (Schräg mit Böschungstreppe)","baujahr":null,"GEW":"VEC","rwert":380235,"hwert":5795985,"link1":null,"link2":null,"bemerk":null,"beschreib":"Pegellatte (Schräg mit Böschungstreppe) oberhalb Wehr Samern","beschreib_lang":null,"stat_von":138705,"akz":null,"denkmal":"Nein","bez_urpl":"Pegellatte (Schräg mit Böschungstreppe)","Nr_WR":null,"tmp":1693,"id_bw_son_pun":319,"foto1":"https://nlwkn.hannit-share.de/index.php/core/preview?fileId=11057318&x=1280&y=819&a=true","foto2":"https://nlwkn.hannit-share.de/index.php/core/preview?fileId=11057321&x=1280&y=819&a=true","foto3":"https://nlwkn.hannit-share.de/index.php/core/preview?fileId=11057297&x=1280&y=819&a=true","foto4":"https://nlwkn.hannit-share.de/index.php/core/preview?fileId=11057327&x=1280&y=819&a=true","y_coord":"52.301136","x_coord":"7.243561","y_coord_D":52.301136,"x_coord_D":7.2435609999999997}},{"type":"Feature","id":546,"geometry":{"type":"Point","coordinates":[807714.65940000117,6853528.5253000036]},"properties":{"OBJECTID":546,"ID_con":1694,"bw_id":"VEC_SON_139860","name":"Auskolkung (Mündung Junkergraben)","km":"139+860","KTR":null,"FSK":null,"upflicht":"NLWKN","bauart":"Auskolkung","baujahr":null,"GEW":"VEC","rwert":381053,"hwert":5795213,"link1":null,"link2":null,"bemerk":"Die Auskolkung befindet sich unterhalb des hier eh","beschreib":"Auskolkung (Mündung Junkergraben)","beschreib_lang":null,"stat_von":139860,"akz":null,"denkmal":"Nein","bez_urpl":"Auskolkung (Mündung Junkergraben)","Nr_WR":null,"tmp":1694,"id_bw_son_pun":320,"foto1":"https://nlwkn.hannit-share.de/index.php/core/preview?fileId=11057360&x=1280&y=819&a=true","foto2":"https://nlwkn.hannit-share.de/index.php/core/preview?fileId=11057363&x=1280&y=819&a=true","foto3":"https://nlwkn.hannit-share.de/index.php/core/preview?fileId=11057324&x=1280&y=819&a=true","foto4":"https://nlwkn.hannit-share.de/index.php/core/preview?fileId=11057369&x=1280&y=819&a=true","y_coord":"52.294377","x_coord":"7.255824","y_coord_D":52.294376999999997,"x_coord_D":7.2558239999999996}},{"type":"Feature","id":547,"geometry":{"type":"Point","coordinates":[807763.13170000166,6853413.5]},"properties":{"OBJECTID":547,"ID_con":2626,"bw_id":"VEC_SON_139940","name":"Böschungsabbruch","km":"139+940","KTR":null,"FSK":"034212018002210002__","upflicht":"NLWKN","bauart":"Böschungsabbruch (Beseitigung)","baujahr":"2025","GEW":"VEC","rwert":381081,"hwert":5795142,"link1":null,"link2":null,"bemerk":null,"beschreib":"Böschungsabbruch infolge des Hochwassers 2023/24. Der Böschungsabbruch wurde in 2025 durch Fa. Wilmes (Gersten) im Auftrag NLWKN beseitigt.","beschreib_lang":"Böschungsabbruch infolge des Hochwassers 2023/24. Der Böschungsabbruch wurde in 2025 durch Fa. Wilmes (Gersten) im Auftrag NLWKN beseitigt.","stat_von":139940,"akz":null,"denkmal":"Nein","bez_urpl":"Böschungsabbruch (Beseitigung)","Nr_WR":null,"tmp":2626,"id_bw_son_pun":664,"foto1":"https://nlwkn.hannit-share.de/index.php/core/preview?fileId=11756758&x=1280&y=819&a=true","foto2":"https://nlwkn.hannit-share.de/index.php/core/preview?fileId=11756759&x=1280&y=819&a=true","foto3":"https://nlwkn.hannit-share.de/index.php/core/preview?fileId=11756761&x=1280&y=819&a=true","foto4":"https://nlwkn.hannit-share.de/index.php/core/preview?fileId=11756760&x=1280&y=819&a=true","y_coord":"52.293745","x_coord":"7.25626","y_coord_D":52.293745000000001,"x_coord_D":7.2562600000000002}},{"type":"Feature","id":548,"geometry":{"type":"Point","coordinates":[807764.11410000175,6853372.6102000028]},"properties":{"OBJECTID":548,"ID_con":1695,"bw_id":"VEC_SON_139965","name":"Riegel 6, Sohlgleite Samern","km":"139+965","KTR":"MBNVE00100","FSK":"034212018002210002__","upflicht":"NLWKN","bauart":"Sohlgleite","baujahr":"2018","GEW":"VEC","rwert":381081,"hwert":5795117,"link1":null,"link2":null,"bemerk":"Im Bereich des Riegels 6 befinden sich Abbruchstel","beschreib":"Riegel 6, Sohlgleite Samern","beschreib_lang":"Riegel 6, Sohlgleite Samern","stat_von":139965,"akz":null,"denkmal":"Nein","bez_urpl":"Riegel 6, Sohlgleite Samern","Nr_WR":null,"tmp":1695,"id_bw_son_pun":127,"foto1":"https://nlwkn.hannit-share.de/index.php/core/preview?fileId=11057372&x=1280&y=819&a=true","foto2":null,"foto3":null,"foto4":null,"y_coord":"52.29352","x_coord":"7.256268","y_coord_D":52.293520000000001,"x_coord_D":7.2562680000000004}},{"type":"Feature","id":549,"geometry":{"type":"Point","coordinates":[807779.36620000005,6853281.3326999992]},"properties":{"OBJECTID":549,"ID_con":1700,"bw_id":"VEC_SON_140020","name":"Bauwerksrest in U-Weg","km":"140+020","KTR":null,"FSK":null,"upflicht":"NLWKN","bauart":"Bauwerksrest","baujahr":null,"GEW":"VEC","rwert":381089,"hwert":5795061,"link1":null,"link2":null,"bemerk":null,"beschreib":"Bauwerksrest in U-Weg","beschreib_lang":null,"stat_von":140020,"akz":null,"denkmal":"Nein","bez_urpl":"Fundamentreste im U-Weg (rechts)","Nr_WR":null,"tmp":1700,"id_bw_son_pun":321,"foto1":null,"foto2":null,"foto3":null,"foto4":null,"y_coord":"52.293018","x_coord":"7.256406","y_coord_D":52.293017999999996,"x_coord_D":7.2564060000000001}},{"type":"Feature","id":550,"geometry":{"type":"Point","coordinates":[807757.86180000007,6853225.1718999967]},"properties":{"OBJECTID":550,"ID_con":1696,"bw_id":"VEC_SON_140055","name":"Riegel 5, Sohlgleite Samern","km":"140+055","KTR":"MBNVE00100","FSK":"03421201100181______","upflicht":"NLWKN","bauart":"Sohlgleite","baujahr":"2018","GEW":"VEC","rwert":381075,"hwert":5795027,"link1":null,"link2":null,"bemerk":null,"beschreib":"Riegel 5, Sohlgleite Samern","beschreib_lang":"Riegel 5, Sohlgleite Samern","stat_von":140055,"akz":null,"denkmal":"Nein","bez_urpl":"Riegel 5, Sohlgleite Samern","Nr_WR":null,"tmp":1696,"id_bw_son_pun":129,"foto1":null,"foto2":null,"foto3":null,"foto4":null,"y_coord":"52.29271","x_coord":"7.256212","y_coord_D":52.29271,"x_coord_D":7.2562119999999997}},{"type":"Feature","id":551,"geometry":{"type":"Point","coordinates":[807724.42669999972,6853189.9978]},"properties":{"OBJECTID":551,"ID_con":1697,"bw_id":"VEC_SON_140075","name":"Kolk linksseitig in Außenkurve","km":"140+075","KTR":null,"FSK":"03421201100181______","upflicht":"NLWKN","bauart":"Auskolkung","baujahr":null,"GEW":"VEC","rwert":381054,"hwert":5795006,"link1":null,"link2":null,"bemerk":"Massnahmen??","beschreib":"Kolk linksseitig in Außenkurve","beschreib_lang":null,"stat_von":140075,"akz":null,"denkmal":"Nein","bez_urpl":"Kolk linksseitig in Außenkurve","Nr_WR":null,"tmp":1697,"id_bw_son_pun":324,"foto1":"https://nlwkn.hannit-share.de/index.php/core/preview?fileId=11057375&x=1280&y=819&a=true","foto2":null,"foto3":null,"foto4":null,"y_coord":"52.292517","x_coord":"7.255912","y_coord_D":52.292516999999997,"x_coord_D":7.2559120000000004}},{"type":"Feature","id":552,"geometry":{"type":"Point","coordinates":[807778.91169999912,6853096.3967999965]},"properties":{"OBJECTID":552,"ID_con":1698,"bw_id":"VEC_SON_140140","name":"Bauwerksrest (Fundamente) im U-Weg","km":"140+140","KTR":null,"FSK":"03421201100180______","upflicht":"NLWKN","bauart":"Bauwerksrest im U-Weg","baujahr":null,"GEW":"VEC","rwert":381086,"hwert":5794948,"link1":null,"link2":null,"bemerk":null,"beschreib":"Bauwerksrest (Fundamente) im U-Weg","beschreib_lang":null,"stat_von":140140,"akz":null,"denkmal":"Nein","bez_urpl":"Bauwerksrest (Fundamente) im U-Weg rechts","Nr_WR":null,"tmp":1698,"id_bw_son_pun":323,"foto1":"https://nlwkn.hannit-share.de/index.php/core/preview?fileId=11057378&x=1280&y=819&a=true","foto2":null,"foto3":null,"foto4":null,"y_coord":"52.292002","x_coord":"7.256401","y_coord_D":52.292001999999997,"x_coord_D":7.2564010000000003}},{"type":"Feature","id":553,"geometry":{"type":"Point","coordinates":[807764.54320000112,6853082.9579999968]},"properties":{"OBJECTID":553,"ID_con":1699,"bw_id":"VEC_SON_140145","name":"Riegel 4, Sohlgleite Samern","km":"140+145","KTR":"MBNVE00100","FSK":"03421201100181______","upflicht":"NLWKN","bauart":"Sohlgleite","baujahr":"2018","GEW":"VEC","rwert":381077,"hwert":5794940,"link1":null,"link2":null,"bemerk":null,"beschreib":"Riegel 4, Sohlgleite Samern","beschreib_lang":"Riegel 4, Sohlgleite Samern","stat_von":140145,"akz":null,"denkmal":"Nein","bez_urpl":"Riegel 4, Sohlgleite Samern","Nr_WR":null,"tmp":1699,"id_bw_son_pun":131,"foto1":"https://nlwkn.hannit-share.de/index.php/core/preview?fileId=11057381&x=1280&y=819&a=true","foto2":null,"foto3":null,"foto4":null,"y_coord":"52.291928","x_coord":"7.256272","y_coord_D":52.291927999999999,"x_coord_D":7.2562720000000001}},{"type":"Feature","id":554,"geometry":{"type":"Point","coordinates":[807866.61259999871,6852979.0512000024]},"properties":{"OBJECTID":554,"ID_con":1701,"bw_id":"VEC_SON_140235","name":"Riegel 3, Sohlgleite Samern","km":"140+235","KTR":"MBNVE00100","FSK":"03421201100181______","upflicht":"NLWKN","bauart":"Sohlgleite","baujahr":"2018","GEW":"VEC","rwert":381138,"hwert":5794875,"link1":null,"link2":null,"bemerk":null,"beschreib":"Riegel 3, Sohlgleite Samern","beschreib_lang":"Riegel 3, Sohlgleite Samern","stat_von":140235,"akz":null,"denkmal":"Nein","bez_urpl":"Riegel 3, Sohlgleite Samern","Nr_WR":null,"tmp":1701,"id_bw_son_pun":132,"foto1":null,"foto2":null,"foto3":null,"foto4":null,"y_coord":"52.291358","x_coord":"7.257189","y_coord_D":52.291358000000002,"x_coord_D":7.2571890000000003}},{"type":"Feature","id":555,"geometry":{"type":"Point","coordinates":[807981.18079999834,6852898.3561000004]},"properties":{"OBJECTID":555,"ID_con":1702,"bw_id":"VEC_SON_140320","name":"Riegel 2, Sohlgleite Samern","km":"140+320","KTR":"MBNVE00100","FSK":"03421201100181______","upflicht":"NLWKN","bauart":"Sohlgleite","baujahr":"2018","GEW":"VEC","rwert":381207,"hwert":5794824,"link1":null,"link2":null,"bemerk":null,"beschreib":"Riegel 2, Sohlgleite Samern","beschreib_lang":"Riegel 2, Sohlgleite Samern","stat_von":140320,"akz":null,"denkmal":"Nein","bez_urpl":"Riegel 2, Sohlgleite Samern","Nr_WR":null,"tmp":1702,"id_bw_son_pun":133,"foto1":"https://nlwkn.hannit-share.de/index.php/core/preview?fileId=11057384&x=1280&y=819&a=true","foto2":null,"foto3":null,"foto4":null,"y_coord":"52.290914","x_coord":"7.258218","y_coord_D":52.290914000000001,"x_coord_D":7.2582180000000003}},{"type":"Feature","id":556,"geometry":{"type":"Point","coordinates":[808107.28409999982,6852813.0289999992]},"properties":{"OBJECTID":556,"ID_con":1703,"bw_id":"VEC_SON_140410","name":"Riegel 1, Sohlgleite Samern","km":"140+410","KTR":"MBNVE00100","FSK":"03421201100181______","upflicht":"NLWKN","bauart":"Sohlgleite","baujahr":"2018","GEW":"VEC","rwert":381283,"hwert":5794770,"link1":null,"link2":null,"bemerk":null,"beschreib":"Riegel 1, Sohlgleite Samern","beschreib_lang":"Riegel 1, Sohlgleite Samern","stat_von":140410,"akz":null,"denkmal":"Nein","bez_urpl":"Riegel 1, Sohlgleite Samern","Nr_WR":null,"tmp":1703,"id_bw_son_pun":134,"foto1":null,"foto2":null,"foto3":null,"foto4":null,"y_coord":"52.290445","x_coord":"7.259351","y_coord_D":52.290444999999998,"x_coord_D":7.2593509999999997}},{"type":"Feature","id":557,"geometry":{"type":"Point","coordinates":[808180.16209999844,6852768.9653000012]},"properties":{"OBJECTID":557,"ID_con":1704,"bw_id":"VEC_SON_140470","name":"Kolk beidseitig unterhalb Sohlgleite","km":"140+470","KTR":null,"FSK":"03421201100181______","upflicht":"NLWKN","bauart":"Auskolkung","baujahr":null,"GEW":"VEC","rwert":381327,"hwert":5794742,"link1":null,"link2":null,"bemerk":"Kolk grenzt beidseitig an öffentliche Flächen (Sam","beschreib":"Kolk beidseitig unterhalb Sohlgleite","beschreib_lang":null,"stat_von":140470,"akz":null,"denkmal":"Nein","bez_urpl":"Kolk beidseitig unterhalb Sohlgleite Samern alt (Privatfläche rechtsseitig betroffen)","Nr_WR":null,"tmp":1704,"id_bw_son_pun":135,"foto1":"https://nlwkn.hannit-share.de/index.php/core/preview?fileId=11057387&x=1280&y=819&a=true","foto2":"https://nlwkn.hannit-share.de/index.php/core/preview?fileId=11057390&x=1280&y=819&a=true","foto3":"https://nlwkn.hannit-share.de/index.php/core/preview?fileId=11057366&x=1280&y=819&a=true","foto4":"https://nlwkn.hannit-share.de/index.php/core/preview?fileId=11057396&x=1280&y=819&a=true","y_coord":"52.290203","x_coord":"7.260006","y_coord_D":52.290202999999998,"x_coord_D":7.2600059999999997}},{"type":"Feature","id":558,"geometry":{"type":"Point","coordinates":[809799.94420000166,6851578.9673999995]},"properties":{"OBJECTID":558,"ID_con":1705,"bw_id":"VEC_SON_141765","name":"Kolk rechtsseitig in Außenkurve (Fläche bereits betroffen)","km":"141+765","KTR":null,"FSK":"034212010000390007__","upflicht":"NLWKN","bauart":"Auskolkung","baujahr":null,"GEW":"VEC","rwert":382302,"hwert":5793991,"link1":null,"link2":null,"bemerk":null,"beschreib":"Kolk rechtsseitig in Außenkurve (Fläche bereits betroffen)","beschreib_lang":null,"stat_von":141765,"akz":null,"denkmal":"Nein","bez_urpl":"Kolk rechtsseitig in Außenkurve","Nr_WR":null,"tmp":1705,"id_bw_son_pun":137,"foto1":"https://nlwkn.hannit-share.de/index.php/core/preview?fileId=11057408&x=1280&y=819&a=true","foto2":"https://nlwkn.hannit-share.de/index.php/core/preview?fileId=11057411&x=1280&y=819&a=true","foto3":"https://nlwkn.hannit-share.de/index.php/core/preview?fileId=11057393&x=1280&y=819&a=true","foto4":null,"y_coord":"52.283664","x_coord":"7.274557","y_coord_D":52.283664000000002,"x_coord_D":7.2745569999999997}},{"type":"Feature","id":559,"geometry":{"type":"Point","coordinates":[810082.35579999909,6851094.8712000027]},"properties":{"OBJECTID":559,"ID_con":1706,"bw_id":"VEC_SON_142140","name":"Kolk rechtsseitig in Außenkurve","km":"142+140","KTR":null,"FSK":"034213001001430015__","upflicht":"NLWKN","bauart":"Auskolkung","baujahr":null,"GEW":"VEC","rwert":382468,"hwert":5793691,"link1":null,"link2":null,"bemerk":null,"beschreib":"Kolk rechtsseitig in Außenkurve","beschreib_lang":null,"stat_von":142140,"akz":null,"denkmal":"Nein","bez_urpl":"Kolk rechtsseitig in Außenkurve","Nr_WR":null,"tmp":1706,"id_bw_son_pun":326,"foto1":"https://nlwkn.hannit-share.de/index.php/core/preview?fileId=11057417&x=1280&y=819&a=true","foto2":"https://nlwkn.hannit-share.de/index.php/core/preview?fileId=11057420&x=1280&y=819&a=true","foto3":null,"foto4":null,"y_coord":"52.281004","x_coord":"7.277094","y_coord_D":52.281004000000003,"x_coord_D":7.277094}},{"type":"Feature","id":560,"geometry":{"type":"Point","coordinates":[810214.03889999911,6850978.5785000026]},"properties":{"OBJECTID":560,"ID_con":1707,"bw_id":"VEC_SON_142250","name":"Kolk rechtsseitig in Außenkurve","km":"142+250","KTR":null,"FSK":"034213001001430015__","upflicht":"NLWKN","bauart":"Auskolkung","baujahr":null,"GEW":"VEC","rwert":382547,"hwert":5793618,"link1":null,"link2":null,"bemerk":null,"beschreib":"Kolk rechtsseitig in Außenkurve","beschreib_lang":null,"stat_von":142250,"akz":null,"denkmal":"Nein","bez_urpl":"Kolk rechtsseitig in Außenkurve","Nr_WR":null,"tmp":1707,"id_bw_son_pun":327,"foto1":"https://nlwkn.hannit-share.de/index.php/core/preview?fileId=11057423&x=1280&y=819&a=true","foto2":"https://nlwkn.hannit-share.de/index.php/core/preview?fileId=11057426&x=1280&y=819&a=true","foto3":"https://nlwkn.hannit-share.de/index.php/core/preview?fileId=11057414&x=1280&y=819&a=true","foto4":null,"y_coord":"52.280365","x_coord":"7.278277","y_coord_D":52.280365000000003,"x_coord_D":7.2782770000000001}},{"type":"Feature","id":561,"geometry":{"type":"Point","coordinates":[810282.06780000031,6850793.6917999983]},"properties":{"OBJECTID":561,"ID_con":1708,"bw_id":"VEC_SON_142370","name":"Kolk rechtsseitig in Außenkurve (Fläche bereits betroffen)","km":"142+370","KTR":null,"FSK":"034213001001410004__","upflicht":"NLWKN","bauart":"Auskolkung","baujahr":null,"GEW":"VEC","rwert":382586,"hwert":5793504,"link1":null,"link2":null,"bemerk":null,"beschreib":"Kolk rechtsseitig in Außenkurve (Fläche bereits betroffen)","beschreib_lang":null,"stat_von":142370,"akz":null,"denkmal":"Nein","bez_urpl":"Kolk rechtsseitig in Außenkurve","Nr_WR":null,"tmp":1708,"id_bw_son_pun":138,"foto1":"https://nlwkn.hannit-share.de/index.php/core/preview?fileId=11057432&x=1280&y=819&a=true","foto2":"https://nlwkn.hannit-share.de/index.php/core/preview?fileId=11057435&x=1280&y=819&a=true","foto3":"https://nlwkn.hannit-share.de/index.php/core/preview?fileId=11057429&x=1280&y=819&a=true","foto4":null,"y_coord":"52.279348","x_coord":"7.278888","y_coord_D":52.279347999999999,"x_coord_D":7.2788880000000002}},{"type":"Feature","id":562,"geometry":{"type":"Point","coordinates":[810497.99190000072,6850427.4667000026]},"properties":{"OBJECTID":562,"ID_con":1709,"bw_id":"VEC_SON_142630","name":"Entnahmestelle (für Güllefass??)","km":"142+630","KTR":null,"FSK":"034213001000630007__","upflicht":"??","bauart":"Entnahmestelle","baujahr":null,"GEW":"VEC","rwert":382713,"hwert":5793277,"link1":null,"link2":null,"bemerk":"Entnahme prüfen und ggf. den Landwirt (Herrn Eiler","beschreib":"Entnahmestelle (für Güllefass??)","beschreib_lang":null,"stat_von":142630,"akz":null,"denkmal":"Nein","bez_urpl":null,"Nr_WR":null,"tmp":1709,"id_bw_son_pun":328,"foto1":"https://nlwkn.hannit-share.de/index.php/core/preview?fileId=11057441&x=1280&y=819&a=true","foto2":"https://nlwkn.hannit-share.de/index.php/core/preview?fileId=11057444&x=1280&y=819&a=true","foto3":null,"foto4":null,"y_coord":"52.277336","x_coord":"7.280827","y_coord_D":52.277335999999998,"x_coord_D":7.2808270000000004}},{"type":"Feature","id":563,"geometry":{"type":"Point","coordinates":[810678.22470000014,6849775.7681000009]},"properties":{"OBJECTID":563,"ID_con":1710,"bw_id":"VEC_SON_143135","name":"Steganlage links als Kragelement mit Geländer (Privat)","km":"143+135","KTR":null,"FSK":"034213001001600006__","upflicht":"??(Herr Pünt)","bauart":"Steg","baujahr":null,"GEW":"VEC","rwert":382814,"hwert":5792876,"link1":null,"link2":null,"bemerk":"Genehmigung??","beschreib":"Steganlage links als Kragelement mit Geländer (Privat)","beschreib_lang":null,"stat_von":143135,"akz":null,"denkmal":"Nein","bez_urpl":"Steganlage links als Kragelement","Nr_WR":null,"tmp":1710,"id_bw_son_pun":329,"foto1":"https://nlwkn.hannit-share.de/index.php/core/preview?fileId=11057447&x=1280&y=819&a=true","foto2":null,"foto3":null,"foto4":null,"y_coord":"52.273754","x_coord":"7.282446","y_coord_D":52.273753999999997,"x_coord_D":7.2824460000000002}},{"type":"Feature","id":564,"geometry":{"type":"Point","coordinates":[810701.05559999868,6849776.3109000027]},"properties":{"OBJECTID":564,"ID_con":1711,"bw_id":"VEC_SON_143145","name":"Sohlabsturz Ohne","km":"143+145","KTR":null,"FSK":"034213001001600006__","upflicht":"NLWKN","bauart":"Sohlgleite","baujahr":null,"GEW":"VEC","rwert":382828,"hwert":5792876,"link1":null,"link2":null,"bemerk":null,"beschreib":"Sohlabsturz Ohne","beschreib_lang":"Sohlabsturz Ohne","stat_von":143145,"akz":null,"denkmal":"Nein","bez_urpl":"Sohlabsturz Ohne","Nr_WR":null,"tmp":1711,"id_bw_son_pun":139,"foto1":"https://nlwkn.hannit-share.de/index.php/core/preview?fileId=11057450&x=1280&y=819&a=true","foto2":"https://nlwkn.hannit-share.de/index.php/core/preview?fileId=11057453&x=1280&y=819&a=true","foto3":"https://nlwkn.hannit-share.de/index.php/core/preview?fileId=11057438&x=1280&y=819&a=true","foto4":null,"y_coord":"52.273757","x_coord":"7.282651","y_coord_D":52.273757000000003,"x_coord_D":7.2826510000000004}},{"type":"Feature","id":565,"geometry":{"type":"Point","coordinates":[810783.40610000119,6849743.9162999988]},"properties":{"OBJECTID":565,"ID_con":1712,"bw_id":"VEC_SON_143200","name":"Pegel Ohne","km":"143+200","KTR":null,"FSK":"034213003001570008__","upflicht":"NLWKN, GB 3","bauart":"Pegel","baujahr":null,"GEW":"VEC","rwert":382878,"hwert":5792855,"link1":null,"link2":null,"bemerk":null,"beschreib":"Pegel Ohne  (Siehe auch Pegelonline NLWKN: https://www.pegelonline.nlwkn.niedersachsen.de/Karte )","beschreib_lang":null,"stat_von":143200,"akz":"62121-02-11","denkmal":"Nein","bez_urpl":"Pegel Ohne","Nr_WR":null,"tmp":1712,"id_bw_son_pun":140,"foto1":"https://nlwkn.hannit-share.de/index.php/core/preview?fileId=11057459&x=1280&y=819&a=true","foto2":"https://nlwkn.hannit-share.de/index.php/core/preview?fileId=11057462&x=1280&y=819&a=true","foto3":"https://nlwkn.hannit-share.de/index.php/core/preview?fileId=11057456&x=1280&y=819&a=true","foto4":null,"y_coord":"52.273578","x_coord":"7.283391","y_coord_D":52.273578000000001,"x_coord_D":7.2833909999999999}},{"type":"Feature","id":566,"geometry":{"type":"Point","coordinates":[810778.66849999875,6849737.2604999989]},"properties":{"OBJECTID":566,"ID_con":1713,"bw_id":"VEC_SON_143201","name":"Pegellatte (Schräg mit Böschungstreppe)","km":"143+201","KTR":null,"FSK":"034213003001000056__","upflicht":"NLWKN","bauart":"Pegellatte (Schräg mit Böschungstreppe)","baujahr":null,"GEW":"VEC","rwert":382875,"hwert":5792851,"link1":null,"link2":null,"bemerk":null,"beschreib":"Pegellatte (Schräg mit Böschungstreppe) zum Pegel Ohne","beschreib_lang":null,"stat_von":143201,"akz":null,"denkmal":"Nein","bez_urpl":"Pegellatte (Schräg mit Böschungstreppe)","Nr_WR":null,"tmp":1713,"id_bw_son_pun":331,"foto1":"https://nlwkn.hannit-share.de/index.php/core/preview?fileId=11057468&x=1280&y=819&a=true","foto2":null,"foto3":null,"foto4":null,"y_coord":"52.273542","x_coord":"7.283349","y_coord_D":52.273541999999999,"x_coord_D":7.2833490000000003}},{"type":"Feature","id":567,"geometry":{"type":"Point","coordinates":[810801.26729999855,6849747.6124000028]},"properties":{"OBJECTID":567,"ID_con":1714,"bw_id":"VEC_SON_143210","name":"Sitzgelegenheit beim Pegelhaus Ohne","km":"143+210","KTR":null,"FSK":"034213003001570008__","upflicht":"Gemeinde Ohne","bauart":"Schutzhütte","baujahr":null,"GEW":"VEC","rwert":382889,"hwert":5792857,"link1":"https://nlwkn.hannit-share.de/index.php/core/preview?fileId=11068411&x=1280&y=819&a=true","link2":"https://nlwkn.hannit-share.de/index.php/core/preview?fileId=11057486&x=1280&y=819&a=true","bemerk":"!!Bilder aktualisieren!!","beschreib":"Sitzgelegenheit beim Pegelhaus am Pegel Ohne","beschreib_lang":"Der Heimatverein Ohne hat in 2015 auf dem Flurstück 157/8 der Flur 3, Gemarkung Ohne, eine Sitzgruppe aufgestellt und den Platz mit einer wassergebundenen Decke ausgebaut.\nDieser Platz wird von der Straße „An der Nore“ (Dorf) her erschlossen und ist etwa höhengleich mit der vorgenannten Straße angelegt. Eingefasst ist der Platz zum angrenzenden und etwas tiefer liegenden Gelände mit großen Natursteinen.\nDer Platz wurde in 2022 mit einem allseitig offenen achteckigen Pavillon überdacht.\nHierbei handelt es sich um eine Holzkonstruktion aus Konstruktionsvollholz, 2x offenporig lasiert. Der Pavillon hat einen Durchmesser von rund 6,40 m. Die Pfosten (140 x 140 mm) werden in Blockfundamenten fest verankert. Er ist rundherum offen und erhält einen Mittelpfosten (160 x 160 mm). Die Dacheindeckung erfolgt mit 22 x 121 mm Hobeldielen mit Fase, Folie, Lattung und Konterlattung sowie Tondachpfannen.\nVerantwortlich für die Unterhaltung, Sicherung und Instandhaltung ist die Antragstellerin Gemeinde Ohne.","stat_von":143210,"akz":"62011-02-08","denkmal":"Nein","bez_urpl":null,"Nr_WR":null,"tmp":1714,"id_bw_son_pun":330,"foto1":"https://nlwkn.hannit-share.de/index.php/core/preview?fileId=11057471&x=1280&y=819&a=true","foto2":"https://nlwkn.hannit-share.de/index.php/core/preview?fileId=11057474&x=1280&y=819&a=true","foto3":"https://nlwkn.hannit-share.de/index.php/core/preview?fileId=11057465&x=1280&y=819&a=true","foto4":"https://nlwkn.hannit-share.de/index.php/core/preview?fileId=11057480&x=1280&y=819&a=true","y_coord":"52.273599","x_coord":"7.283552","y_coord_D":52.273598999999997,"x_coord_D":7.2835520000000002}},{"type":"Feature","id":568,"geometry":{"type":"Point","coordinates":[810808.3702000007,6849723.244099997]},"properties":{"OBJECTID":568,"ID_con":2469,"bw_id":"VEC_SON_143220","name":"Bootsanleger Ohne","km":"143+220","KTR":null,"FSK":"034213003001000056__","upflicht":"Gemeinde Ohne","bauart":"Steg","baujahr":"2022","GEW":"VEC","rwert":382893,"hwert":5792842,"link1":null,"link2":null,"bemerk":null,"beschreib":"Die Gemeinde Ohne hat einen Förderantrag im Rahmen der Dorferneuerung gestellt und bewilligt bekommen, der unter anderem eine Steganlage am Ufer der Vechte in Ohne beinhaltet.","beschreib_lang":"Die Gemeinde Ohne hat einen Förderantrag im Rahmen der Dorferneuerung gestellt und bewilligt bekommen, der unter anderem eine Steganlage am Ufer der Vechte in Ohne beinhaltet.\nEs wurde ein Steg mit einem Landgang an das Vechteufer gesetzt werden, über den das Aussteigen und Einholen der Boote erleichtert und sicher wird.\nEs soll eine robuste und relativ leicht herausnehmbare Steganlage werden. Die Schwimmstege sollen über flexible Streben mit dem Ufer verbunden werden, so dass sich der Steg jederzeit dem schwankenden Wasserspiegel anpassen kann. Die Steganlage soll über einen Laufsteg (Landgang) zu erreichen sein.\nDie Steganlagen werden demontierbar ausgelegt sein, so dass diese im Falle von Hochwasser bzw. vor Saisonbeginn / nach Saisonende abgebaut werden können. Der Steg wird in den Wintermonaten durch die Gemeinde Ohne extern gelagert.\nFolgende technische Parameter sind für den Steg vorgesehen:\n· Belastung: etwa 100 kg/m²\n· Freibord: etwa 20 cm\n· Tragrahmen: Aluminium-Profil\n· Schwimmer: Hartschaum mit Aluminium-Magnesium-Legierung (AlMg3) ummantelt\n· Bootsanleger aus Aluminium: Länge: 4,00 m, Breite: 2,00 m; Belag: Lärchenholz\n· Landzugang aus Aluminium: Länge: 6,00 m, Breite: 1,00 m; mit einseitigem Geländer aus Aluminium","stat_von":143220,"akz":null,"denkmal":"Nein","bez_urpl":"Steganlage Ohne rechs","Nr_WR":null,"tmp":2469,"id_bw_son_pun":616,"foto1":"https://nlwkn.hannit-share.de/index.php/core/preview?fileId=11057489&x=1280&y=819&a=true","foto2":"https://nlwkn.hannit-share.de/index.php/core/preview?fileId=11057492&x=1280&y=819&a=true","foto3":null,"foto4":null,"y_coord":"52.273465","x_coord":"7.283616","y_coord_D":52.273465000000002,"x_coord_D":7.2836160000000003}},{"type":"Feature","id":569,"geometry":{"type":"Point","coordinates":[811552.37779999897,6849101.3148000017]},"properties":{"OBJECTID":569,"ID_con":1715,"bw_id":"VEC_SON_143825","name":"Kolk rechtsseitig in Außenkurve","km":"143+825","KTR":null,"FSK":"034213003002350005__","upflicht":"NLWKN","bauart":"Auskolkung","baujahr":null,"GEW":"VEC","rwert":383340,"hwert":5792451,"link1":null,"link2":null,"bemerk":null,"beschreib":"Kolk rechtsseitig in Außenkurve","beschreib_lang":null,"stat_von":143825,"akz":null,"denkmal":"Nein","bez_urpl":"Kolk rechtsseitig in Außenkurve","Nr_WR":null,"tmp":1715,"id_bw_son_pun":141,"foto1":"https://nlwkn.hannit-share.de/index.php/core/preview?fileId=11057513&x=1280&y=819&a=true","foto2":null,"foto3":null,"foto4":null,"y_coord":"52.270046","x_coord":"7.290299","y_coord_D":52.270046000000001,"x_coord_D":7.2902990000000001}},{"type":"Feature","id":570,"geometry":{"type":"Point","coordinates":[811738.34769999981,6848408.9472000003]},"properties":{"OBJECTID":570,"ID_con":1716,"bw_id":"VEC_SON_144275","name":"Kolk linksseitig","km":"144+275","KTR":null,"FSK":"034213003000910012__","upflicht":"NLWKN","bauart":"Auskolkung","baujahr":null,"GEW":"VEC","rwert":383444,"hwert":5792025,"link1":null,"link2":null,"bemerk":null,"beschreib":"Kolk linksseitig","beschreib_lang":null,"stat_von":144275,"akz":null,"denkmal":"Nein","bez_urpl":"Kolk linksseitig","Nr_WR":null,"tmp":1716,"id_bw_son_pun":332,"foto1":"https://nlwkn.hannit-share.de/index.php/core/preview?fileId=11057516&x=1280&y=819&a=true","foto2":null,"foto3":null,"foto4":null,"y_coord":"52.26624","x_coord":"7.29197","y_coord_D":52.266240000000003,"x_coord_D":7.2919700000000001}}]}