{
"type": "FeatureCollection",
"name": "exp_bw_bru_andere",
"crs": { "type": "name", "properties": { "name": "urn:ogc:def:crs:EPSG::3857" } },
"features": [
{ "type": "Feature", "properties": { "ID_con": 15, "bw_id": "ELK_BRU_8", "name": "Stahlbetonbrücke Entlastungswehr", "GEW": "ELK", "stat_von": "8", "bauart": "1-Feld-Stahlbetonbrücke", "baujahr": "1988", "upflicht": "Gemeinde Emlichheim", "KTR": null, "FSK": "033129007000250014__", "km": "0+008", "bemerk": null, "beschreib": "1-Feld-Stahlbetonbrücke über das Entlastungswehr am Piccardie-Coevorden-Kanal an der Abzweigung Entlastungskanal. Die Brücke steht zusammen mit dem Wehr unter Denkmalschutz.", "beschreib_lang": "1-Feld-Stahlbetonbrücke über das Entlastungswehr am Piccardie-Coevorden-Kanal an der Abzweigung Entlastungskanal. Die Brücke steht zusammen mit dem Wehr unter Denkmalschutz (ID: 36065291).", "foto1": "https://nlwkn.hannit-share.de/index.php/core/preview?fileId=11067361&x=1280&y=819&a=true", "foto2": "https://nlwkn.hannit-share.de/index.php/core/preview?fileId=11067364&x=1280&y=819&a=true", "foto3": "https://nlwkn.hannit-share.de/index.php/core/preview?fileId=11067367&x=1280&y=819&a=true", "foto4": "https://nlwkn.hannit-share.de/index.php/core/preview?fileId=11067370&x=1280&y=819&a=true", "link1": null, "link2": null, "rwert": "357038", "hwert": 5832098, "denkmal": "Ja", "bez_urpl": "Brücke Entlastungswehr", "Beweglich": "Nein", "BW_NR": "ELK-B2144", "Str_KL": "Gemeindestraße", "Str_Name": "Am Kanal", "F_Breite": "3.5", "D_Breite": null, "L_hoehe": null, "bw_bru_bruklasse": "30 to n. DIN 1072", "Field33": null, "Field34": null, "Field35": null, "Field36": null, "Field37": null }, "geometry": { "type": "Point", "coordinates": [ 766781.439900201628916, 6913021.687255023047328 ] } },
{ "type": "Feature", "properties": { "ID_con": 122, "bw_id": "SHK_BRU_15", "name": "Rahmendurchlass Franziskusstraße", "GEW": "SHK", "stat_von": "15", "bauart": "Kastendurchlass", "baujahr": "1967", "upflicht": "Landkreis Emsland", "KTR": null, "FSK": "033118041000010585__", "km": "0+015", "bemerk": null, "beschreib": "Am Einlauf in den Süd-Nord-Kanal befindet sich der Durchlass im Zuge der Kreisstraße K 202. Die Konstruktionstruktionsunterkante des Durchlasses liegt unter dem Wasserspiegel.", "beschreib_lang": "Am Einlauf in den Süd-Nord-Kanal befindet sich der Durchlass im Zuge der Kreisstraße K 202. Die Konstruktionstruktionsunterkante des Durchlasses liegt unter dem Wasserspiegel.", "foto1": "https://nlwkn.hannit-share.de/index.php/core/preview?fileId=11060678&x=1280&y=819&a=true", "foto2": "https://nlwkn.hannit-share.de/index.php/core/preview?fileId=11060681&x=1280&y=819&a=true", "foto3": "https://nlwkn.hannit-share.de/index.php/core/preview?fileId=11060684&x=1280&y=819&a=true", "foto4": null, "link1": null, "link2": null, "rwert": "371653", "hwert": 5842418, "denkmal": "Nein", "bez_urpl": "Rahmendurchlass Franziskusstraße", "Beweglich": "Nein", "BW_NR": "SHK-B2091", "Str_KL": "Kreisstraße", "Str_Name": "K 202", "F_Breite": "6", "D_Breite": 0.0, "L_hoehe": 0.0, "bw_bru_bruklasse": null, "Field33": null, "Field34": null, "Field35": null, "Field36": null, "Field37": null }, "geometry": { "type": "Point", "coordinates": [ 790352.499486318440177, 6930713.041234067641199 ] } },
{ "type": "Feature", "properties": { "ID_con": 182, "bw_id": "VBA_BRU_35", "name": "Fußgängerbrücke Ochsenstraße / Mühlendamm (Nordhorn)", "GEW": "VBA", "stat_von": "35", "bauart": "Stahlbeton-Bogenbrücke", "baujahr": null, "upflicht": "Stadt Nordhorn", "KTR": null, "FSK": "033151016001520018__", "km": "0+035", "bemerk": null, "beschreib": "Die Fußgängerbrücke verbindet due Ochsenstraße mit dem  Mühlendamm in Nordhorn", "beschreib_lang": null, "foto1": "https://nlwkn.hannit-share.de/index.php/core/preview?fileId=11058056&x=1280&y=819&a=true", "foto2": "https://nlwkn.hannit-share.de/index.php/core/preview?fileId=11058059&x=1280&y=819&a=true", "foto3": null, "foto4": null, "link1": null, "link2": null, "rwert": "368705", "hwert": 5811344, "denkmal": "Nein", "bez_urpl": "Fußgängerbrücke Ochsenstraße / Mühlendamm (Nordhorn)", "Beweglich": "Nein", "BW_NR": null, "Str_KL": "Fuß-/Radweg", "Str_Name": "Fuß- und Radweg", "F_Breite": null, "D_Breite": null, "L_hoehe": null, "bw_bru_bruklasse": "Fuß-/Radweg", "Field33": null, "Field34": null, "Field35": null, "Field36": null, "Field37": null }, "geometry": { "type": "Point", "coordinates": [ 786867.696299910079688, 6879439.548063208349049 ] } },
{ "type": "Feature", "properties": { "ID_con": 183, "bw_id": "VBA_BRU_90", "name": "Brücke Burgstraße (Nordhorn)", "GEW": "VBA", "stat_von": "90", "bauart": "Stahlbetonbrücke", "baujahr": null, "upflicht": "Stadt Nordhorn", "KTR": null, "FSK": "033151016001520018__", "km": "0+090", "bemerk": null, "beschreib": "Die Brücke verbindet das Stadtzentrum mit dem Stadtpark in Norhorn", "beschreib_lang": null, "foto1": "https://nlwkn.hannit-share.de/index.php/core/preview?fileId=11058062&x=1280&y=819&a=true", "foto2": "https://nlwkn.hannit-share.de/index.php/core/preview?fileId=11058065&x=1280&y=819&a=true", "foto3": "https://nlwkn.hannit-share.de/index.php/core/preview?fileId=11058068&x=1280&y=819&a=true", "foto4": "https://nlwkn.hannit-share.de/index.php/core/preview?fileId=11058071&x=1280&y=819&a=true", "link1": null, "link2": null, "rwert": "368727", "hwert": 5811294, "denkmal": "Nein", "bez_urpl": "Brücke Burgstraße (Nordhorn)", "Beweglich": "Nein", "BW_NR": null, "Str_KL": "Gemeindestraße", "Str_Name": "Burgstraße", "F_Breite": null, "D_Breite": null, "L_hoehe": null, "bw_bru_bruklasse": null, "Field33": null, "Field34": null, "Field35": null, "Field36": null, "Field37": null }, "geometry": { "type": "Point", "coordinates": [ 786905.888124496210366, 6879358.479174143634737 ] } },
{ "type": "Feature", "properties": { "ID_con": 87, "bw_id": "PCK_BRU_110", "name": "Brücke Westende, Georgsdorf", "GEW": "PCK", "stat_von": "110", "bauart": "Stahlbrücke", "baujahr": "1885 / 1983", "upflicht": "Gemeinde Georgsdorf", "KTR": null, "FSK": "033121010000520023__", "km": "0+110", "bemerk": "„Wiekings-Brücke“", "beschreib": "Dreifeld-Stahlbrücke für den Fuß- und Radwegverkehr. Die Stützpfeiler sind auf den Pfeilern einer abgebauten Drehbrücke aufgestellt.", "beschreib_lang": "Dreifeld-Stahlbrücke für den Fuß- und Radwegverkehr. Die Stützpfeiler sind auf den Pfeilern einer abgebauten Drehbrücke aufgestellt. Die Brücke ist als Baudenkmal eingestuft.", "foto1": "https://nlwkn.hannit-share.de/index.php/core/preview?fileId=11060792&x=1280&y=819&a=true", "foto2": "https://nlwkn.hannit-share.de/index.php/core/preview?fileId=11060795&x=1280&y=819&a=true", "foto3": "https://nlwkn.hannit-share.de/index.php/core/preview?fileId=11060798&x=1280&y=819&a=true", "foto4": "https://nlwkn.hannit-share.de/index.php/core/preview?fileId=11060801&x=1280&y=819&a=true", "link1": null, "link2": null, "rwert": "369085", "hwert": 5826092, "denkmal": "Ja", "bez_urpl": "Fuß-/Radwegbrücke Georgsdorf (\"Wiekings-Brücke\")", "Beweglich": "Nein", "BW_NR": "PCK-B2107", "Str_KL": "Fuß-/Radweg", "Str_Name": "Westende / Jan Jacobs Straße", "F_Breite": "2.34999990463257", "D_Breite": 7.0, "L_hoehe": 2.2000000476837198, "bw_bru_bruklasse": null, "Field33": null, "Field34": null, "Field35": null, "Field36": null, "Field37": null }, "geometry": { "type": "Point", "coordinates": [ 786843.753809207468294, 6903689.250507310032845 ] } },
{ "type": "Feature", "properties": { "ID_con": 3, "bw_id": "DIN_BRU_180", "name": "Brücke L 44, Nordwestring (Zelow-Brücke)", "GEW": "DIN", "stat_von": "180", "bauart": "3-Feld-Stahlbetonbrücke", "baujahr": "2002", "upflicht": "NLSTBV", "KTR": null, "FSK": "033147001000010048__", "km": "0+180", "bemerk": null, "beschreib": "Brücke (3-Feld-Stahlbetonbrücke) im Zuge der Landesstraße L 44 (Nordwestring)", "beschreib_lang": null, "foto1": "https://nlwkn.hannit-share.de/index.php/core/preview?fileId=11067496&x=1280&y=819&a=true", "foto2": "https://nlwkn.hannit-share.de/index.php/core/preview?fileId=11067499&x=1280&y=819&a=true", "foto3": "https://nlwkn.hannit-share.de/index.php/core/preview?fileId=11067502&x=1280&y=819&a=true", "foto4": "https://nlwkn.hannit-share.de/index.php/core/preview?fileId=11067505&x=1280&y=819&a=true", "link1": "https://nlwkn.hannit-share.de/index.php/core/preview?fileId=11067508&x=1280&y=819&a=true", "link2": null, "rwert": "361780", "hwert": 5819268, "denkmal": "Nein", "bez_urpl": "rücke L 44, Nordwestring", "Beweglich": "Nein", "BW_NR": null, "Str_KL": "Landesstraße", "Str_Name": "Nordwestring", "F_Breite": null, "D_Breite": null, "L_hoehe": null, "bw_bru_bruklasse": "60/30", "Field33": null, "Field34": null, "Field35": null, "Field36": null, "Field37": null }, "geometry": { "type": "Point", "coordinates": [ 775169.262150974478573, 6892137.723769909702241 ] } },
{ "type": "Feature", "properties": { "ID_con": 184, "bw_id": "VBK_BRU_250", "name": "Stahlbetonbrücke Heseper Weg", "GEW": "VBK", "stat_von": "250", "bauart": "Stahlbetonbrücke", "baujahr": "1966", "upflicht": "Stadt Nordhorn", "KTR": null, "FSK": "033151067002390005__", "km": "0+250", "bemerk": null, "beschreib": "zweispurige Stahlbetonbrücke mit beidseitgem Fuß- und Radweg im Zuge des Heseper Weges", "beschreib_lang": "Dreifeld-Stahlbetonbrücke im Zuge des Heseper Weges mit beidseitigem Fuß- und Radweg sowie einer Unterführung für Fußgänger und Radfahrer.", "foto1": "https://nlwkn.hannit-share.de/index.php/core/preview?fileId=11057951&x=1280&y=819&a=true", "foto2": "https://nlwkn.hannit-share.de/index.php/core/preview?fileId=11057954&x=1280&y=819&a=true", "foto3": "https://nlwkn.hannit-share.de/index.php/core/preview?fileId=11057957&x=1280&y=819&a=true", "foto4": null, "link1": null, "link2": null, "rwert": "369455", "hwert": 5811512, "denkmal": "Nein", "bez_urpl": "Stahlbetonbrücke Heseper Weg", "Beweglich": "Nein", "BW_NR": "VBK-B2018", "Str_KL": "Gemeindestraße", "Str_Name": "Heseper Weg", "F_Breite": "6", "D_Breite": 12.0, "L_hoehe": 4.5, "bw_bru_bruklasse": "30", "Field33": null, "Field34": null, "Field35": null, "Field36": null, "Field37": null }, "geometry": { "type": "Point", "coordinates": [ 788087.831183169502765, 6879747.989680554717779 ] } },
{ "type": "Feature", "properties": { "ID_con": 166, "bw_id": "SNK_BRU_380", "name": "Brücke Nordumgehung Nordhorn (B 403)", "GEW": "SNK", "stat_von": "380", "bauart": "Stahlbetronbrücke", "baujahr": "2018/19", "upflicht": "NLSTBV", "KTR": null, "FSK": "033151034000510009__", "km": "0+380", "bemerk": null, "beschreib": "Der Süd-Nord-Kanal kreuzt die Trasse der Nordumgehung Nordhorn (B 213) und wird durch das Bauwerk N3 unterführt. Bei dem Brückenbauwerk handelt es sich um eine dreifeldrige Stahlbetonbrücke.", "beschreib_lang": "Der Süd-Nord-Kanal kreuzt die Trasse der Nordumgehung Nordhorn (B 213) und wird durch das Bauwerk N3 unterführt. Bei dem Brückenbauwerk handelt es sich um eine dreifeldrige Stahlbetonbrücke.", "foto1": "https://nlwkn.hannit-share.de/index.php/core/preview?fileId=11058713&x=1280&y=819&a=true", "foto2": "https://nlwkn.hannit-share.de/index.php/core/preview?fileId=11058716&x=1280&y=819&a=true", "foto3": "https://nlwkn.hannit-share.de/index.php/core/preview?fileId=11058719&x=1280&y=819&a=true", "foto4": null, "link1": null, "link2": null, "rwert": "368941", "hwert": 5813936, "denkmal": "Nein", "bez_urpl": "Brücke Nordumgehung (B403)", "Beweglich": "Nein", "BW_NR": "SNK-B2091", "Str_KL": "Bundesautobahn", "Str_Name": "Nordumgehung", "F_Breite": null, "D_Breite": 11.6000003814697, "L_hoehe": null, "bw_bru_bruklasse": "60/30", "Field33": null, "Field34": null, "Field35": null, "Field36": null, "Field37": null }, "geometry": { "type": "Point", "coordinates": [ 787140.661010608077049, 6883703.664046103134751 ] } },
{ "type": "Feature", "properties": { "ID_con": 85, "bw_id": "NAK_BRU_450", "name": "Stahlbetonbrücke Südtangente, B 213", "GEW": "NAK", "stat_von": "450", "bauart": "Stahlbetonbrücke", "baujahr": "1993", "upflicht": "NLSTBV", "KTR": null, "FSK": "033151010000710105__", "km": "0+450", "bemerk": null, "beschreib": "Dreifeld-Stahlbetonbrücke im Zuge der Bundesstraße B 213 „Südtangente“. Die Brücke wird östlich von einer Fuß- und Radwegunterführung sowie beidseitig von Betriebswegunterführungen für Unterhaltungsfahr-zeuge unterquert.", "beschreib_lang": "Dreifeld-Stahlbetonbrücke im Zuge der Bundesstraße B 213 „Südtangente“. Die Brücke wird östlich von einer Fuß- und Radwegunterführung sowie beidseitig von Betriebswegunterführungen für Unterhaltungsfahr-zeuge unterquert.", "foto1": "https://nlwkn.hannit-share.de/index.php/core/preview?fileId=11061830&x=1280&y=819&a=true", "foto2": "https://nlwkn.hannit-share.de/index.php/core/preview?fileId=11061833&x=1280&y=819&a=true", "foto3": "https://nlwkn.hannit-share.de/index.php/core/preview?fileId=11061836&x=1280&y=819&a=true", "foto4": "https://nlwkn.hannit-share.de/index.php/core/preview?fileId=11061839&x=1280&y=819&a=true", "link1": null, "link2": null, "rwert": "367712", "hwert": 5807659, "denkmal": "Nein", "bez_urpl": "Brücke Südtangente, B 213", "Beweglich": "Nein", "BW_NR": "NAK-B2023", "Str_KL": "Europastraße", "Str_Name": "B 213", "F_Breite": "8.5", "D_Breite": null, "L_hoehe": 6.5, "bw_bru_bruklasse": "60/30", "Field33": null, "Field34": null, "Field35": null, "Field36": null, "Field37": null }, "geometry": { "type": "Point", "coordinates": [ 785404.852703266660683, 6873352.257190332747996 ] } },
{ "type": "Feature", "properties": { "ID_con": 66, "bw_id": "HRK_BRU_475", "name": "Klappbrücke (Kirchstraße)", "GEW": "HRK", "stat_von": "475", "bauart": "Klappbrücke", "baujahr": null, "upflicht": "Stadt Haren", "KTR": null, "FSK": "03310301600135______", "km": "0+475", "bemerk": null, "beschreib": "Die auf Stahlspundbohlen gegründete Klappbrücke hat eine Fahrbahnklappe aus Stahl, die durch einen Hydraulikzylinder bewegt wird. Das Hydraulikaggregat befindet sich in dem zur Brücke gehörenden Bediengebäude.", "beschreib_lang": "Die auf Stahlspundbohlen gegründete Klappbrücke hat eine Fahrbahnklappe aus Stahl, die durch einen Hydraulikzylinder bewegt wird. Das Hydraulikaggregat befindet sich in dem zur Brücke gehörenden Bediengebäude.", "foto1": "https://nlwkn.hannit-share.de/index.php/core/preview?fileId=11062351&x=1280&y=819&a=true", "foto2": "https://nlwkn.hannit-share.de/index.php/core/preview?fileId=11062354&x=1280&y=819&a=true", "foto3": "https://nlwkn.hannit-share.de/index.php/core/preview?fileId=11062357&x=1280&y=819&a=true", "foto4": "https://nlwkn.hannit-share.de/index.php/core/preview?fileId=11062360&x=1280&y=819&a=true", "link1": null, "link2": null, "rwert": "381370", "hwert": 5850123, "denkmal": "Nein", "bez_urpl": "Kirchstraßenbrücke", "Beweglich": "Ja", "BW_NR": "HRK-B2096", "Str_KL": "Gemeindestraße", "Str_Name": "Kirchstraße", "F_Breite": null, "D_Breite": null, "L_hoehe": null, "bw_bru_bruklasse": null, "Field33": null, "Field34": null, "Field35": null, "Field36": null, "Field37": null }, "geometry": { "type": "Point", "coordinates": [ 806047.813087386428379, 6943854.278573502786458 ] } },
{ "type": "Feature", "properties": { "ID_con": 75, "bw_id": "KOR_BRU_480", "name": "Brücke Stadtring", "GEW": "KOR", "stat_von": "480", "bauart": "Stahlbetonbrücke", "baujahr": null, "upflicht": "Stadt Nordhorn", "KTR": null, "FSK": "033151006000010096__", "km": "0+480", "bemerk": null, "beschreib": "Brücke Stadtring auch als Verbindung zum Rawe-Ringcenter und zum Gymnasium", "beschreib_lang": null, "foto1": "https://nlwkn.hannit-share.de/index.php/core/preview?fileId=11062166&x=1280&y=819&a=true", "foto2": "https://nlwkn.hannit-share.de/index.php/core/preview?fileId=11062169&x=1280&y=819&a=true", "foto3": "https://nlwkn.hannit-share.de/index.php/core/preview?fileId=11062172&x=1280&y=819&a=true", "foto4": "https://nlwkn.hannit-share.de/index.php/core/preview?fileId=11062175&x=1280&y=819&a=true", "link1": null, "link2": null, "rwert": "368224", "hwert": 5811269, "denkmal": "Nein", "bez_urpl": "Brücke Stadtring", "Beweglich": "Nein", "BW_NR": null, "Str_KL": "Gemeindestraße", "Str_Name": "Stadtring", "F_Breite": null, "D_Breite": null, "L_hoehe": null, "bw_bru_bruklasse": null, "Field33": null, "Field34": null, "Field35": null, "Field36": null, "Field37": null }, "geometry": { "type": "Point", "coordinates": [ 786083.796054625767283, 6879295.364588079042733 ] } },
{ "type": "Feature", "properties": { "ID_con": 6, "bw_id": "DIN_BRU_485", "name": "Brücke Hilterner Weg", "GEW": "DIN", "stat_von": "485", "bauart": "3-Feld-Stahlbetonbrücke auf Pfählen", "baujahr": null, "upflicht": "Stadt Neuenhaus", "KTR": null, "FSK": "033147001000010021__", "km": "0+485", "bemerk": null, "beschreib": "Brücke Hilterner Weg (3-Feld-Stahlbetonbrücke auf Pfählen)", "beschreib_lang": null, "foto1": "https://nlwkn.hannit-share.de/index.php/core/preview?fileId=11067532&x=1280&y=819&a=true", "foto2": "https://nlwkn.hannit-share.de/index.php/core/preview?fileId=11067535&x=1280&y=819&a=true", "foto3": "https://nlwkn.hannit-share.de/index.php/core/preview?fileId=11067538&x=1280&y=819&a=true", "foto4": "https://nlwkn.hannit-share.de/index.php/core/preview?fileId=11067541&x=1280&y=819&a=true", "link1": null, "link2": null, "rwert": "361646", "hwert": 5819005, "denkmal": "Nein", "bez_urpl": "Brücke Hilterner Weg", "Beweglich": "Nein", "BW_NR": null, "Str_KL": "Gemeindestraße", "Str_Name": "Hilterner Weg", "F_Breite": null, "D_Breite": null, "L_hoehe": null, "bw_bru_bruklasse": null, "Field33": null, "Field34": null, "Field35": null, "Field36": null, "Field37": null }, "geometry": { "type": "Point", "coordinates": [ 774961.801585145876743, 6891699.372639781795442 ] } },
{ "type": "Feature", "properties": { "ID_con": 185, "bw_id": "VBK_BRU_510", "name": "Stahlbetonbrücke Seeuferstraße", "GEW": "VBK", "stat_von": "510", "bauart": "Stahlbetonbrükce", "baujahr": "1985", "upflicht": "Stadt Nordhorn", "KTR": null, "FSK": "033151013000270074__", "km": "0+510", "bemerk": null, "beschreib": "zweispurige Stahlbetonbrücke mit beidseitgem Fuß- und Radweg im Zuge der Seefuferstraße", "beschreib_lang": "Stahlbetonbrücke mit beidseitigem Fuß- und Radweg im Zuge einer Verbindungsstraße (Seeuferstraße) für den Anschluss des Stadtkerns an die Osttangente. Die Brücke wird östlich von einer Fuß- und Radwegunterführung unterquert.", "foto1": "https://nlwkn.hannit-share.de/index.php/core/preview?fileId=11057960&x=1280&y=819&a=true", "foto2": "https://nlwkn.hannit-share.de/index.php/core/preview?fileId=11057963&x=1280&y=819&a=true", "foto3": "https://nlwkn.hannit-share.de/index.php/core/preview?fileId=11057966&x=1280&y=819&a=true", "foto4": null, "link1": null, "link2": null, "rwert": "369369", "hwert": 5811267, "denkmal": "Nein", "bez_urpl": "Stahlbetonbrücke Seeuferstraße", "Beweglich": "Nein", "BW_NR": "VBK-B2019", "Str_KL": "Gemeindestraße", "Str_Name": "Seeuferstraße", "F_Breite": "7", "D_Breite": 6.0, "L_hoehe": 1.95000004768372, "bw_bru_bruklasse": "60/30", "Field33": null, "Field34": null, "Field35": null, "Field36": null, "Field37": null }, "geometry": { "type": "Point", "coordinates": [ 787957.743392206146382, 6879342.263471432961524 ] } },
{ "type": "Feature", "properties": { "ID_con": 76, "bw_id": "KOR_BRU_650", "name": "Brücke van-Delden-Straße", "GEW": "KOR", "stat_von": "650", "bauart": "Stahlbetonbrücke", "baujahr": null, "upflicht": "Stadt Nordhorn", "KTR": null, "FSK": "033151006001710013__", "km": "0+650", "bemerk": null, "beschreib": "Fuß- und Radwegbrücke van-Delden-Straße", "beschreib_lang": null, "foto1": "https://nlwkn.hannit-share.de/index.php/core/preview?fileId=11062178&x=1280&y=819&a=true", "foto2": "https://nlwkn.hannit-share.de/index.php/core/preview?fileId=11062181&x=1280&y=819&a=true", "foto3": null, "foto4": null, "link1": null, "link2": null, "rwert": "368388", "hwert": 5811226, "denkmal": "Nein", "bez_urpl": "Brücke van-Delden-Straße", "Beweglich": "Nein", "BW_NR": null, "Str_KL": "Fuß-/Radweg", "Str_Name": "van-Delden-Straße", "F_Breite": null, "D_Breite": null, "L_hoehe": null, "bw_bru_bruklasse": null, "Field33": null, "Field34": null, "Field35": null, "Field36": null, "Field37": null }, "geometry": { "type": "Point", "coordinates": [ 786354.075514960917644, 6879232.031179281882942 ] } },
{ "type": "Feature", "properties": { "ID_con": 41, "bw_id": "GFD_BRU_690", "name": "Fuß- und Radwegbrücke unterhalb Mündung Haardever", "GEW": "GFD", "stat_von": "690", "bauart": "Einfeld-Stahlbrücke", "baujahr": null, "upflicht": "Gemeinde Lehe", "KTR": null, "FSK": "031847029000060003__", "km": "0+690", "bemerk": null, "beschreib": "Fuß- und Radwegbrücke unterhalb Mündung Haardever (Einfeld-Stahlbrücke, Gemeinde Lehe)", "beschreib_lang": "Fuß- und Radwegbrücke unterhalb Mündung Haardever (Einfeld-Stahlbrücke, Gemeinde Lehe)", "foto1": "https://nlwkn.hannit-share.de/index.php/core/preview?fileId=11066149&x=1280&y=819&a=true", "foto2": "https://nlwkn.hannit-share.de/index.php/core/preview?fileId=11066152&x=1280&y=819&a=true", "foto3": "https://nlwkn.hannit-share.de/index.php/core/preview?fileId=11066155&x=1280&y=819&a=true", "foto4": "https://nlwkn.hannit-share.de/index.php/core/preview?fileId=11066158&x=1280&y=819&a=true", "link1": null, "link2": null, "rwert": "390218", "hwert": 5872313, "denkmal": "Nein", "bez_urpl": "Fußgängerbrücke (D01, mit geringer Beeinträchtigung)", "Beweglich": "Nein", "BW_NR": null, "Str_KL": "Fuß-/Radweg", "Str_Name": "Wirtschaftsweg", "F_Breite": null, "D_Breite": null, "L_hoehe": null, "bw_bru_bruklasse": "Fuß-/Radweg", "Field33": null, "Field34": null, "Field35": null, "Field36": null, "Field37": null }, "geometry": { "type": "Point", "coordinates": [ 819813.179163315449841, 6980988.115578275173903 ] } },
{ "type": "Feature", "properties": { "ID_con": 2601, "bw_id": "HRK_BRU_780", "name": "Fuß-/Radwegbrücke (Drehbrücke)", "GEW": "HRK", "stat_von": "780", "bauart": "Drehbrücke", "baujahr": "2025", "upflicht": "Stadt Haren", "KTR": null, "FSK": null, "km": "0+780", "bemerk": "Akte, Bilder, Vertrag, … nachtragen", "beschreib": "Fuß-/Radwegbrücke zum Sportzentrum", "beschreib_lang": "2025 wurde diese Brücke als Ersatz für in der Nähe neu gebaut. Der Charakter der Konstruktion wurde angelehnt an den Bautyp einer historischen Drehbrücke (u.a. Drehbrücke Schleuse 1). Die Brücke verbindet das innerstädtische Zentrum mit dem Schul- und Sportzentrum südlich des Kanals (Deichstraße / Am Sportzentrum)", "foto1": "https://nlwkn.hannit-share.de/index.php/core/preview?fileId=11481330&x=1280&y=819&a=true", "foto2": "https://nlwkn.hannit-share.de/index.php/core/preview?fileId=11481331&x=1280&y=819&a=true", "foto3": "https://nlwkn.hannit-share.de/index.php/core/preview?fileId=11481333&x=1280&y=819&a=true", "foto4": "https://nlwkn.hannit-share.de/index.php/core/preview?fileId=11481332&x=1280&y=819&a=true", "link1": null, "link2": null, "rwert": "381100", "hwert": 5850244, "denkmal": "Nein", "bez_urpl": null, "Beweglich": "Nein", "BW_NR": "HRK-B2097", "Str_KL": "Fuß-/Radweg", "Str_Name": "Deichstraße / Am Sportzentrum", "F_Breite": "0", "D_Breite": 8.1999998092651403, "L_hoehe": 2.3099999427795401, "bw_bru_bruklasse": "Fuß-/Radwegbrücke", "Field33": null, "Field34": null, "Field35": null, "Field36": null, "Field37": null }, "geometry": { "type": "Point", "coordinates": [ 805597.44803748303093, 6944043.474370094947517 ] } },
{ "type": "Feature", "properties": { "ID_con": 42, "bw_id": "GFD_BRU_885", "name": "Brücke B 401", "GEW": "GFD", "stat_von": "885", "bauart": "1-Feld-Stahlbetonbrücke", "baujahr": "1981", "upflicht": "NLSTBV", "KTR": null, "FSK": "031847029000060002__", "km": "0+885", "bemerk": null, "beschreib": "Bundesstraßenbrücke B 401 (1-Feld-Stahlbetonbrücke)", "beschreib_lang": "Bundesstraßenbrücke B 401 (1-Feld-Stahlbetonbrücke)", "foto1": "https://nlwkn.hannit-share.de/index.php/core/preview?fileId=11066161&x=1280&y=819&a=true", "foto2": "https://nlwkn.hannit-share.de/index.php/core/preview?fileId=11066164&x=1280&y=819&a=true", "foto3": "https://nlwkn.hannit-share.de/index.php/core/preview?fileId=11066167&x=1280&y=819&a=true", "foto4": "https://nlwkn.hannit-share.de/index.php/core/preview?fileId=11066092&x=1280&y=819&a=true", "link1": null, "link2": null, "rwert": "390173", "hwert": 5872503, "denkmal": "Nein", "bez_urpl": "Bundesstraßenbrücke B401 (D02, keine Beeinträchtigung)", "Beweglich": "Nein", "BW_NR": null, "Str_KL": "Bundesstraße", "Str_Name": "B 401", "F_Breite": "7.5", "D_Breite": null, "L_hoehe": null, "bw_bru_bruklasse": "60/30", "Field33": null, "Field34": null, "Field35": null, "Field36": null, "Field37": null }, "geometry": { "type": "Point", "coordinates": [ 819731.400267836172134, 6981302.140900992788374 ] } },
{ "type": "Feature", "properties": { "ID_con": 36, "bw_id": "GFD_BRU_1055", "name": "Stahlbetonbrücke Höttkepaol (Breewiesenweg)", "GEW": "GFD", "stat_von": "1055", "bauart": "1-Feld-Stahlbetonbrücke", "baujahr": "1964/1965", "upflicht": "Gemeinde Lehe", "KTR": null, "FSK": "03184702800004______", "km": "1+055", "bemerk": null, "beschreib": "Stahlbetonbrücke Höttkepaol (Gemeindestraße Lehe)", "beschreib_lang": "Stahlbetonbrücke Höttkepaol  (Gemeindestraße Lehe)", "foto1": "https://nlwkn.hannit-share.de/index.php/core/preview?fileId=11066083&x=1280&y=819&a=true", "foto2": "https://nlwkn.hannit-share.de/index.php/core/preview?fileId=11066086&x=1280&y=819&a=true", "foto3": "https://nlwkn.hannit-share.de/index.php/core/preview?fileId=11066089&x=1280&y=819&a=true", "foto4": null, "link1": null, "link2": null, "rwert": "390137", "hwert": 5872668, "denkmal": "Nein", "bez_urpl": "Straßenbrücke Breewiesenweg (D03, mit geringer Beeinträchtigung)", "Beweglich": "Nein", "BW_NR": null, "Str_KL": "Gemeindestraße", "Str_Name": "Höttkepaol", "F_Breite": "4", "D_Breite": null, "L_hoehe": null, "bw_bru_bruklasse": "16 t", "Field33": null, "Field34": null, "Field35": null, "Field36": null, "Field37": null }, "geometry": { "type": "Point", "coordinates": [ 819665.480644953902811, 6981574.973060197196901 ] } },
{ "type": "Feature", "properties": { "ID_con": 71, "bw_id": "KOR_BRU_1090", "name": "Brücke Kornmühlenwehr", "GEW": "KOR", "stat_von": "1090", "bauart": "Stahlbetonbrücke", "baujahr": "1988", "upflicht": "NLWKN / Stadt Nordhorn", "KTR": "MBDVE00100", "FSK": "033151016001520018__", "km": "1+090", "bemerk": "Durch die Querfugen des Bohlenbelages erfolgt permanent eine Verschmutzung des (nicht abgedichteten)_x000d_\nStahlbetonüberbaus. Diese Verschmutzung führt ggf. zu erdfeuchten Ablagerungen auf der ungeschützten_x000d_\nStahlbetonoberfläche. Durch chemische Bestandteile", "beschreib": "Bei der Brücke Kornmühlenwehr besteht die Besonderheit der Kombination von zwei Baulastträgern. Der NLWKN ist Eigentümer der Wehranlage und vom Stahlbetonüberbau der Brücke.", "beschreib_lang": "Bei der Brücke Kornmühlenwehr besteht die Besonderheit der Kombination von zwei Baulastträgern. Das NLWKN ist Eigentümer der Wehranlage und vom Stahlbetonüberbau der Brücke. Die komplette Geländerkonstruktion befindet sich in der Baulastträgerschaft der Stadt Nordhorn. In 2019 wurde die komplette Unterkonstruktion des Geländers saniert / erneuert. Infolge dieser Sanierungsarbeiten wurde festgestellt, dass sich die Bauwerksabdichtung des Stahlbetonüberbaus in einem desolaten Zustand befand und nach den erforderlichen Reinigungsarbeiten an der Oberseite des Überbaus faktisch nicht mehr vorhanden war. Eine Erneuerung der Bauwerksabdichtung des Stahlbetonkörpers war nicht Inhalt der Sanierungsarbeiten und ist nicht erfolgt. Bei den Reinigungsarbeiten wurden die bestehenden Entwässerungsöffnungen (DN 40) gereinigt und geprüft. Die neue Auflagerkonstruktion der Belagsbohlen wurde mit Abstand hergestellt, der freie Ablauf beträgt 2 cm zwischen Oberkante Stahlbetondecke und Unterkante Auflagerkonstruktion des Bohlenbelages._x000d_\n_x000d_\nHolzbrücke auf Betonträger über den Mühlengraben der Kornmühle, daneben der Hebe- und Senkmechanismus des Wehrs. Im Aufbau offenbar erneuert.", "foto1": "https://nlwkn.hannit-share.de/index.php/core/preview?fileId=11062139&x=1280&y=819&a=true", "foto2": "https://nlwkn.hannit-share.de/index.php/core/preview?fileId=11062142&x=1280&y=819&a=true", "foto3": "https://nlwkn.hannit-share.de/index.php/core/preview?fileId=11062145&x=1280&y=819&a=true", "foto4": "https://nlwkn.hannit-share.de/index.php/core/preview?fileId=11062148&x=1280&y=819&a=true", "link1": null, "link2": null, "rwert": "368747", "hwert": 5811089, "denkmal": "Ja", "bez_urpl": "Brücke Kornmühlenwehr", "Beweglich": "Nein", "BW_NR": "KOR-B1004", "Str_KL": "Gemeindestraße", "Str_Name": "Mühlendamm", "F_Breite": null, "D_Breite": null, "L_hoehe": null, "bw_bru_bruklasse": "2,8", "Field33": null, "Field34": null, "Field35": null, "Field36": null, "Field37": null }, "geometry": { "type": "Point", "coordinates": [ 786947.584239581367001, 6879023.026582414284348 ] } },
{ "type": "Feature", "properties": { "ID_con": 59, "bw_id": "HRK_BRU_1105", "name": "Klappbrücke „Holterhuis-Brücke“", "GEW": "HRK", "stat_von": "1105", "bauart": "Klappbrücke", "baujahr": "1969", "upflicht": "NLSTBV", "KTR": null, "FSK": "03310301400007______", "km": "1+105", "bemerk": null, "beschreib": "Klappbrücke im Zuge der Landesstraße L 48", "beschreib_lang": "Klappbrücke im Zuge der Landesstraße L 48", "foto1": "https://nlwkn.hannit-share.de/index.php/core/preview?fileId=11062270&x=1280&y=819&a=true", "foto2": "https://nlwkn.hannit-share.de/index.php/core/preview?fileId=11062273&x=1280&y=819&a=true", "foto3": "https://nlwkn.hannit-share.de/index.php/core/preview?fileId=11062276&x=1280&y=819&a=true", "foto4": "https://nlwkn.hannit-share.de/index.php/core/preview?fileId=11062279&x=1280&y=819&a=true", "link1": null, "link2": null, "rwert": "380878", "hwert": 5850486, "denkmal": "Nein", "bez_urpl": "Holterhuisbrücke", "Beweglich": "Ja", "BW_NR": "HRK-B2098", "Str_KL": "Landesstraße", "Str_Name": "Wesuweer Straße / Lange Straße", "F_Breite": "0", "D_Breite": 8.0, "L_hoehe": 1.3999999761581401, "bw_bru_bruklasse": null, "Field33": null, "Field34": null, "Field35": null, "Field36": null, "Field37": null }, "geometry": { "type": "Point", "coordinates": [ 805221.356353588518687, 6944434.739891962148249 ] } },
{ "type": "Feature", "properties": { "ID_con": 72, "bw_id": "KOR_BRU_1160", "name": "Brücke Bentheimer Straße / Hauptstraße", "GEW": "KOR", "stat_von": "1160", "bauart": "Stahlbetonbrücke", "baujahr": null, "upflicht": "Stadt Nordhorn", "KTR": null, "FSK": "033151016001520018__", "km": "1+160", "bemerk": null, "beschreib": "Brücke Bentheimer Straße / Hauptstraße", "beschreib_lang": null, "foto1": "https://nlwkn.hannit-share.de/index.php/core/preview?fileId=11062151&x=1280&y=819&a=true", "foto2": null, "foto3": null, "foto4": null, "link1": null, "link2": null, "rwert": "368818", "hwert": 5811101, "denkmal": "Nein", "bez_urpl": "Brücke Bentheimer Straße / Hauptstraße", "Beweglich": "Nein", "BW_NR": null, "Str_KL": "Gemeindestraße", "Str_Name": "Bentheimer Straße / Hauptstraße", "F_Breite": null, "D_Breite": null, "L_hoehe": 1.70000004768372, "bw_bru_bruklasse": null, "Field33": null, "Field34": null, "Field35": null, "Field36": null, "Field37": null }, "geometry": { "type": "Point", "coordinates": [ 787063.251213389798068, 6879045.825447978451848 ] } },
{ "type": "Feature", "properties": { "ID_con": 73, "bw_id": "KOR_BRU_1245", "name": "Fußgängerbrücke Püntedamm", "GEW": "KOR", "stat_von": "1245", "bauart": "Fußgängerbrücke", "baujahr": null, "upflicht": "Stadt Nordhorn", "KTR": null, "FSK": "03315101500111008__", "km": "1+245", "bemerk": null, "beschreib": "Fußgängerbrücke Püntedamm", "beschreib_lang": null, "foto1": "https://nlwkn.hannit-share.de/index.php/core/preview?fileId=11062154&x=1280&y=819&a=true", "foto2": "https://nlwkn.hannit-share.de/index.php/core/preview?fileId=11062157&x=1280&y=819&a=true", "foto3": null, "foto4": null, "link1": null, "link2": null, "rwert": "368902", "hwert": 5811122, "denkmal": "Nein", "bez_urpl": "Fußgängerbrücke Püntedamm", "Beweglich": "Nein", "BW_NR": null, "Str_KL": "Fuß-/Radweg", "Str_Name": "Püntendamm", "F_Breite": null, "D_Breite": null, "L_hoehe": null, "bw_bru_bruklasse": "Fuß-/Radweg", "Field33": null, "Field34": null, "Field35": null, "Field36": null, "Field37": null }, "geometry": { "type": "Point", "coordinates": [ 787199.800394632504322, 6879083.957473727874458 ] } },
{ "type": "Feature", "properties": { "ID_con": 1, "bw_id": "DIN_BRU_1285", "name": "Brücke Uelsener Straße", "GEW": "DIN", "stat_von": "1285", "bauart": "1-Feld-Stahlbetonbrücke", "baujahr": null, "upflicht": "Stadt Neuenhaus", "KTR": null, "FSK": "033147002000440016__", "km": "1+285", "bemerk": null, "beschreib": "Brücke Uelsener Straße", "beschreib_lang": null, "foto1": "https://nlwkn.hannit-share.de/index.php/core/preview?fileId=11067475&x=1280&y=819&a=true", "foto2": "https://nlwkn.hannit-share.de/index.php/core/preview?fileId=11067478&x=1280&y=819&a=true", "foto3": "https://nlwkn.hannit-share.de/index.php/core/preview?fileId=11633198&x=1280&y=819&a=true", "foto4": "https://nlwkn.hannit-share.de/index.php/core/preview?fileId=11633197&x=1280&y=819&a=true", "link1": null, "link2": null, "rwert": "361565", "hwert": 5818243, "denkmal": "Nein", "bez_urpl": "Brücke Uelsener Straße", "Beweglich": "Nein", "BW_NR": null, "Str_KL": "Gemeindestraße", "Str_Name": "Uelsener Straße", "F_Breite": null, "D_Breite": null, "L_hoehe": null, "bw_bru_bruklasse": null, "Field33": null, "Field34": null, "Field35": null, "Field36": null, "Field37": null }, "geometry": { "type": "Point", "coordinates": [ 774864.325452907942235, 6890443.700482860207558 ] } },
{ "type": "Feature", "properties": { "ID_con": 74, "bw_id": "KOR_BRU_1335", "name": "Fußgängerbrücke Am Vechteufer / Püntedamm", "GEW": "KOR", "stat_von": "1335", "bauart": "Furßgängerbrücke", "baujahr": null, "upflicht": "Stadt Nordhorn", "KTR": null, "FSK": "033151015001110006__", "km": "1+335", "bemerk": null, "beschreib": "Fußgängerbrücke Am Vechteufer / Püntedamm", "beschreib_lang": null, "foto1": "https://nlwkn.hannit-share.de/index.php/core/preview?fileId=11062160&x=1280&y=819&a=true", "foto2": "https://nlwkn.hannit-share.de/index.php/core/preview?fileId=11062163&x=1280&y=819&a=true", "foto3": null, "foto4": null, "link1": null, "link2": null, "rwert": "368989", "hwert": 5811141, "denkmal": "Nein", "bez_urpl": "Fußgängerbrücke Am Vechteufer / Püntedamm", "Beweglich": "Nein", "BW_NR": null, "Str_KL": "Fuß-/Radweg", "Str_Name": "Am Vechteufer / Püntedamm", "F_Breite": null, "D_Breite": null, "L_hoehe": null, "bw_bru_bruklasse": "Fuß-/Radweg", "Field33": null, "Field34": null, "Field35": null, "Field36": null, "Field37": null }, "geometry": { "type": "Point", "coordinates": [ 787341.347764516831376, 6879118.937410358339548 ] } },
{ "type": "Feature", "properties": { "ID_con": 139, "bw_id": "SNK_BRU_1565", "name": "Brücke Nach Schleuse I", "GEW": "SNK", "stat_von": "1565", "bauart": "Stahlbetonbrücke", "baujahr": "2016", "upflicht": "Stadt Nordhorn", "KTR": null, "FSK": "033151030004200022__", "km": "1+565", "bemerk": null, "beschreib": "Die Brücke soll einerseits eine bessere Verbindung für die Landwirtschaft schaffen und andererseits das wenige hundert Meter entfernte denkmalgeschützte Brückenbauwerk „Schleuse I“ schützen.", "beschreib_lang": "Die Brücke soll einerseits eine bessere Verbindung für die Landwirtschaft schaffen und andererseits das wenige hundert Meter entfernte denkmalgeschützte Brückenbauwerk „Schleuse I“ schützen. Sie ist die erste von zwei Brücken, di im Rahmen der Flurbereinigung gebaut wurden.", "foto1": "https://nlwkn.hannit-share.de/index.php/core/preview?fileId=11058446&x=1280&y=819&a=true", "foto2": "https://nlwkn.hannit-share.de/index.php/core/preview?fileId=11058449&x=1280&y=819&a=true", "foto3": "https://nlwkn.hannit-share.de/index.php/core/preview?fileId=11058452&x=1280&y=819&a=true", "foto4": "https://nlwkn.hannit-share.de/index.php/core/preview?fileId=11058455&x=1280&y=819&a=true", "link1": null, "link2": null, "rwert": "369854", "hwert": 5814702, "denkmal": "Nein", "bez_urpl": "Brücke nach Schleuse I", "Beweglich": "Nein", "BW_NR": "SNK-B2092", "Str_KL": "Gemeindestraße", "Str_Name": "Altendorfer Diek / Rottweg", "F_Breite": "3.5", "D_Breite": null, "L_hoehe": null, "bw_bru_bruklasse": "40 to", "Field33": null, "Field34": null, "Field35": null, "Field36": null, "Field37": null }, "geometry": { "type": "Point", "coordinates": [ 788602.391736905090511, 6885001.08840841986239 ] } },
{ "type": "Feature", "properties": { "ID_con": 2, "bw_id": "DIN_BRU_1600", "name": "Brücke Lager Straße (K3)", "GEW": "DIN", "stat_von": "1600", "bauart": "1-Feld-Stahlbetonbrücke", "baujahr": null, "upflicht": "Landkreis Grafschaft Bentheim", "KTR": null, "FSK": "033147008001360008__", "km": "1+600", "bemerk": null, "beschreib": "Brücke Lager Straße (K3)", "beschreib_lang": null, "foto1": "https://nlwkn.hannit-share.de/index.php/core/preview?fileId=11067481&x=1280&y=819&a=true", "foto2": "https://nlwkn.hannit-share.de/index.php/core/preview?fileId=11067484&x=1280&y=819&a=true", "foto3": "https://nlwkn.hannit-share.de/index.php/core/preview?fileId=11067487&x=1280&y=819&a=true", "foto4": "https://nlwkn.hannit-share.de/index.php/core/preview?fileId=11067490&x=1280&y=819&a=true", "link1": "https://nlwkn.hannit-share.de/index.php/core/preview?fileId=11067493&x=1280&y=819&a=true", "link2": null, "rwert": "361682", "hwert": 5818001, "denkmal": "Nein", "bez_urpl": "Brücke Lager Straße (K3)", "Beweglich": "Nein", "BW_NR": null, "Str_KL": "Kreisstraße", "Str_Name": "Lager Straße", "F_Breite": null, "D_Breite": null, "L_hoehe": null, "bw_bru_bruklasse": null, "Field33": null, "Field34": null, "Field35": null, "Field36": null, "Field37": null }, "geometry": { "type": "Point", "coordinates": [ 775067.246711805113591, 6890051.578251447528601 ] } },
{ "type": "Feature", "properties": { "ID_con": 44, "bw_id": "HAS_BRU_1750", "name": "Fuß- und Radwegbrücke (Riedemannstraße / Helter Damm)", "GEW": "HAS", "stat_von": "1750", "bauart": "2-Feld Stahl-Fußgängerbrücke (Pylonbrücke)", "baujahr": "2020", "upflicht": "Stadt Meppen", "KTR": null, "FSK": "033110011003920029__", "km": "1+750", "bemerk": "Siehe Beschreibung in den Antragsunterlagen,  - Für die Treppenanlage ist die privatrechtliche Vereinbarung zu ergänzen (12.04.2021 schw)!!", "beschreib": "Neubau einer Geh- und Radwegbrücke (Pylonbrücke mit 2 Feldern mit Tragkonstruktion aus Stahlträgern und Hohlquerschnitten)", "beschreib_lang": "Im Rahmen der Stadtentwicklung hat die Stadt Meppen am 01.04.2020 mit dem Neubau einer Geh- und Radwegbrücke (Pylonbrücke mit 2 Feldern mit Tragkonstruktion aus Stahlträgern und Hohlquerschnitten) über die Hase einschl. Zuwegungen als Verbindung zwischen dem Industriegebiet Riedemannstraße und dem Baugebiet „Helter Damm Nord“ begonnen. Ausgeführt wurde der Bau von der Fa. Hofschröer. Die Länge der Ausbaustrecke beträgt rd. 0,650 km._x000d_\n_x000d_\nDie Geh- und Radwegbrücke ist als Pylonbrücke mit 2 Feldern ausgeführt. Die Brücke hat eine Länge von 65 m, eine Nutzbreite von 2,5 m und kreuzt mit ca. 90° und gerader Achse die Hase. An die Brücke schließen beidseitig Erddämme an, die eine geradlinige Verlängerung der Brückenachse bilden. Zur Sicherung des Fundamentes des Pylonpfeilers wird diese an der Böschungsseite zur Hase mit verklammerten Wasserbausteinen zusätzlich abgedeckt._x000d_\n_x000d_\nDie Brücke ist auf Bohrpfählen tiefgegründet.", "foto1": "https://nlwkn.hannit-share.de/index.php/core/preview?fileId=11063566&x=1280&y=819&a=true", "foto2": "https://nlwkn.hannit-share.de/index.php/core/preview?fileId=11063569&x=1280&y=819&a=true", "foto3": "https://nlwkn.hannit-share.de/index.php/core/preview?fileId=11063572&x=1280&y=819&a=true", "foto4": "https://nlwkn.hannit-share.de/index.php/core/preview?fileId=11063575&x=1280&y=819&a=true", "link1": null, "link2": null, "rwert": "385778", "hwert": 5838846, "denkmal": "Nein", "bez_urpl": "Fuß- und Radwegbrücke Meppen Riedemannstraße", "Beweglich": "Nein", "BW_NR": null, "Str_KL": "Fuß-/Radweg", "Str_Name": "Fuß- und Radweg", "F_Breite": "2.5", "D_Breite": 0.0, "L_hoehe": 4.0, "bw_bru_bruklasse": "Fuß-/Radweg", "Field33": null, "Field34": null, "Field35": null, "Field36": null, "Field37": null }, "geometry": { "type": "Point", "coordinates": [ 813757.655089126434177, 6925398.028078930452466 ] } },
{ "type": "Feature", "properties": { "ID_con": 45, "bw_id": "HAS_BRU_1790", "name": "Eisenbahnbrücke", "GEW": "HAS", "stat_von": "1790", "bauart": "Eisenbahnbrücke", "baujahr": null, "upflicht": "DB", "KTR": null, "FSK": "033110011003920029__", "km": "1+790", "bemerk": null, "beschreib": "Eisenbahnbrücke", "beschreib_lang": null, "foto1": "https://nlwkn.hannit-share.de/index.php/core/preview?fileId=11063578&x=1280&y=819&a=true", "foto2": "https://nlwkn.hannit-share.de/index.php/core/preview?fileId=11063581&x=1280&y=819&a=true", "foto3": "https://nlwkn.hannit-share.de/index.php/core/preview?fileId=11063584&x=1280&y=819&a=true", "foto4": "https://nlwkn.hannit-share.de/index.php/core/preview?fileId=11063587&x=1280&y=819&a=true", "link1": null, "link2": null, "rwert": "385826", "hwert": 5838854, "denkmal": "Nein", "bez_urpl": "Eisenbahnbrücke", "Beweglich": "Nein", "BW_NR": null, "Str_KL": "Eisenbahn", "Str_Name": "Eisenbahn", "F_Breite": null, "D_Breite": null, "L_hoehe": null, "bw_bru_bruklasse": "---", "Field33": null, "Field34": null, "Field35": null, "Field36": null, "Field37": null }, "geometry": { "type": "Point", "coordinates": [ 813836.36231685616076, 6925413.088350403122604 ] } },
{ "type": "Feature", "properties": { "ID_con": 63, "bw_id": "HRK_BRU_1795", "name": "Drehbrücke „Reinersbrücke“", "GEW": "HRK", "stat_von": "1795", "bauart": "Drehbrücke", "baujahr": "1986", "upflicht": "Stadt Haren", "KTR": null, "FSK": "03310301400004______", "km": "1+795", "bemerk": null, "beschreib": "Drehbrücke im Zuge der Gemeindestraße  „Reinersweg“", "beschreib_lang": "Denkmalgeschützte Drehbrücke (ID: 35919452) im Zuge der Gemeindestraße „Reinersweg“", "foto1": "https://nlwkn.hannit-share.de/index.php/core/preview?fileId=11062318&x=1280&y=819&a=true", "foto2": "https://nlwkn.hannit-share.de/index.php/core/preview?fileId=11062321&x=1280&y=819&a=true", "foto3": "https://nlwkn.hannit-share.de/index.php/core/preview?fileId=11062324&x=1280&y=819&a=true", "foto4": null, "link1": null, "link2": null, "rwert": "380376", "hwert": 5850938, "denkmal": "Ja", "bez_urpl": "Drehbrücke Reiners", "Beweglich": "Ja", "BW_NR": "HRK-B2099", "Str_KL": "Gemeindestraße", "Str_Name": "Reinersweg", "F_Breite": "0", "D_Breite": 0.0, "L_hoehe": 0.0, "bw_bru_bruklasse": null, "Field33": null, "Field34": null, "Field35": null, "Field36": null, "Field37": null }, "geometry": { "type": "Point", "coordinates": [ 804374.656295496737584, 6945161.971563127823174 ] } },
{ "type": "Feature", "properties": { "ID_con": 77, "bw_id": "NAK_BRU_1800", "name": "Stahlbetonbrücke \"Nürnberger Straße / Daimlerstraße\", Fuß- und Radwegbrücke", "GEW": "NAK", "stat_von": "1800", "bauart": "Stahlbetonbrücke", "baujahr": "1977", "upflicht": "Stadt Nordhorn", "KTR": null, "FSK": "03315105100002______", "km": "1+800", "bemerk": null, "beschreib": "Einfeld-Stahlbetonbrücke für den Fuß- und Radwegverkehr im Zuge der Nürnberger Straße", "beschreib_lang": "Einfeld-Stahlbetonbrücke für den Fuß- und Radwegverkehr im Zuge der Nürnberger Straße", "foto1": "https://nlwkn.hannit-share.de/index.php/core/preview?fileId=11061737&x=1280&y=819&a=true", "foto2": "https://nlwkn.hannit-share.de/index.php/core/preview?fileId=11061740&x=1280&y=819&a=true", "foto3": "https://nlwkn.hannit-share.de/index.php/core/preview?fileId=11061743&x=1280&y=819&a=true", "foto4": "https://nlwkn.hannit-share.de/index.php/core/preview?fileId=11061746&x=1280&y=819&a=true", "link1": "https://nlwkn.hannit-share.de/index.php/core/preview?fileId=11061749&x=1280&y=819&a=true", "link2": "https://nlwkn.hannit-share.de/index.php/core/preview?fileId=11061752&x=1280&y=819&a=true", "rwert": "368299", "hwert": 5808877, "denkmal": "Nein", "bez_urpl": "Fuß- und Radwegbrücke Nürnberger / Daimlerstraße", "Beweglich": "Nein", "BW_NR": "NAK-B2024", "Str_KL": "Fuß-/Radweg", "Str_Name": "Fuß- und Radweg", "F_Breite": null, "D_Breite": 3.4500000476837198, "L_hoehe": 2.7999999523162802, "bw_bru_bruklasse": null, "Field33": null, "Field34": null, "Field35": null, "Field36": null, "Field37": null }, "geometry": { "type": "Point", "coordinates": [ 786311.435280966805294, 6875375.185361726209521 ] } },
{ "type": "Feature", "properties": { "ID_con": 11, "bw_id": "ELK_BRU_1815", "name": "Eisenbahnbrücke Emlichheim - Neuenhaus", "GEW": "ELK", "stat_von": "1815", "bauart": "Eisenbahnbrücke (Stahlbrücke)", "baujahr": "2011", "upflicht": "Bentheimer Eisenbahn AG", "KTR": null, "FSK": "03312900900474______", "km": "1+815", "bemerk": null, "beschreib": "Eisenbahnbrücke Emlichheim - Neuenhaus", "beschreib_lang": null, "foto1": "https://nlwkn.hannit-share.de/index.php/core/preview?fileId=11067328&x=1280&y=819&a=true", "foto2": null, "foto3": null, "foto4": null, "link1": null, "link2": null, "rwert": "356071", "hwert": 5830689, "denkmal": "Nein", "bez_urpl": "Eisenbahnstrecke Emlichheim - Neuenhaus", "Beweglich": "Nein", "BW_NR": null, "Str_KL": "Eisenbahn", "Str_Name": "Eisenbahnbrücke", "F_Breite": null, "D_Breite": null, "L_hoehe": null, "bw_bru_bruklasse": "LM71 (DIN-FB 101)", "Field33": null, "Field34": null, "Field35": null, "Field36": null, "Field37": null }, "geometry": { "type": "Point", "coordinates": [ 765260.720769818639383, 6910654.149559221230447 ] } },
{ "type": "Feature", "properties": { "ID_con": 12, "bw_id": "ELK_BRU_1885", "name": "Brücke Ringer Straße L 44", "GEW": "ELK", "stat_von": "1885", "bauart": "Stahlbetonbrücke", "baujahr": "1950", "upflicht": "NLSTBV", "KTR": null, "FSK": "03312901100302______", "km": "1+885", "bemerk": null, "beschreib": "Brücke Ringer Straße L 44", "beschreib_lang": null, "foto1": "https://nlwkn.hannit-share.de/index.php/core/preview?fileId=11067331&x=1280&y=819&a=true", "foto2": null, "foto3": null, "foto4": null, "link1": null, "link2": null, "rwert": "356028", "hwert": 5830636, "denkmal": "Nein", "bez_urpl": "Ringer Straße, L 44", "Beweglich": "Nein", "BW_NR": null, "Str_KL": "Landesstraße", "Str_Name": "Ringer Straße", "F_Breite": "6.5", "D_Breite": null, "L_hoehe": null, "bw_bru_bruklasse": "45 to", "Field33": null, "Field34": null, "Field35": null, "Field36": null, "Field37": null }, "geometry": { "type": "Point", "coordinates": [ 765192.651135742664337, 6910564.780202721245587 ] } },
{ "type": "Feature", "properties": { "ID_con": 13, "bw_id": "ELK_BRU_1890", "name": "Fuß- u. Radwegbrücke L 44", "GEW": "ELK", "stat_von": "1890", "bauart": "Stahlbetonbrücke (Fuß- und Radwegbrücke)", "baujahr": null, "upflicht": "NLSTBV", "KTR": null, "FSK": "03312901100302______", "km": "1+890", "bemerk": null, "beschreib": "Fuß- u. Radwegbrücke  neben der Brücke L 44", "beschreib_lang": "Fuß- u. Radwegbrücke  neben der Brücke L 44", "foto1": "https://nlwkn.hannit-share.de/index.php/core/preview?fileId=11067334&x=1280&y=819&a=true", "foto2": null, "foto3": null, "foto4": null, "link1": null, "link2": null, "rwert": "356022", "hwert": 5830630, "denkmal": "Nein", "bez_urpl": "Fuß- u. Radwegbrücke L 44", "Beweglich": "Nein", "BW_NR": null, "Str_KL": "Unterhaltungsweg", "Str_Name": "Fuß- u. Radwegbrücke", "F_Breite": "2.5", "D_Breite": null, "L_hoehe": 0.0, "bw_bru_bruklasse": null, "Field33": null, "Field34": null, "Field35": null, "Field36": null, "Field37": null }, "geometry": { "type": "Point", "coordinates": [ 765183.085555402911268, 6910554.607953705824912 ] } },
{ "type": "Feature", "properties": { "ID_con": 103, "bw_id": "PCK_BRU_1980", "name": "Drehbrücke Vügten", "GEW": "PCK", "stat_von": "1980", "bauart": "Landstraßenbrücke, 3-Feld-Stahldrehbrücke", "baujahr": "1885", "upflicht": "Gemeinde Osterwald", "KTR": null, "FSK": "03312301100033______", "km": "1+980", "bemerk": "Brücke wurde 2015 nach Sanierung durch NLWKN für 90.000 € an Gemeinde Osterwald basierend auf Querungskonzept abgegeben", "beschreib": "Die Drehbrücke verbindet die K 19 mit dem Straßennetz an der südlichen Seite des Kanals und liegt im Zuge der Gemeindestraße „Zum Sternbusch“. Sie ist heute nur noch für den Fuß- und Radwegverkehr zugelassen.", "beschreib_lang": "Die denkmalgeschützte Brücke ist als 3-feldrige Brücke ausgebildet. Sie besteht aus einem festen Brückenteil (Vorlandbrücke) sowie einer ungleicharmigen Drehbrücke (Typ: Landstraßendrehbrücke), wobei der lange Arm als Hauptöffnung den Kanal überspannt. Der Drehpunkt (Königstuhl) der Brücke lagert auf einem Mittelpfeiler (Rundpfeiler). Die Hauptkonstruktion der Brücke besteht aus einer Stahlkonstruktion mit Holzbohlen als Brückenbelag. Die Widerlager und Pfeiler bestehen aus Klinkermauerwerk, das mit Formblöcken aus Sandstein eingefasst ist. _x000d_\nDie Funktionstüchtigkeit der Drehvorrichtung ist weiterhin vorhanden, der Antrieb erfolgt manuell.", "foto1": "https://nlwkn.hannit-share.de/index.php/core/preview?fileId=11060933&x=1280&y=819&a=true", "foto2": "https://nlwkn.hannit-share.de/index.php/core/preview?fileId=11060936&x=1280&y=819&a=true", "foto3": "https://nlwkn.hannit-share.de/index.php/core/preview?fileId=11060939&x=1280&y=819&a=true", "foto4": "https://nlwkn.hannit-share.de/index.php/core/preview?fileId=11060942&x=1280&y=819&a=true", "link1": "https://nlwkn.hannit-share.de/index.php/core/preview?fileId=11060945&x=1280&y=819&a=true", "link2": null, "rwert": "367245", "hwert": 5825852, "denkmal": "Ja", "bez_urpl": "Drehbrücke Vügten", "Beweglich": "Ja", "BW_NR": "PCK-B1108", "Str_KL": "Fuß-/Radweg", "Str_Name": "Am Kanal / Am Piccardie-Kanal", "F_Breite": "3.29999995231628", "D_Breite": 7.0, "L_hoehe": 1.6000000238418599, "bw_bru_bruklasse": null, "Field33": null, "Field34": null, "Field35": null, "Field36": null, "Field37": null }, "geometry": { "type": "Point", "coordinates": [ 783834.106667188229039, 6903212.66457733977586 ] } },
{ "type": "Feature", "properties": { "ID_con": 37, "bw_id": "GFD_BRU_2050", "name": "K 110, Neuleher Straße", "GEW": "GFD", "stat_von": "2050", "bauart": "1-Feld-Stahlbetonbrücke", "baujahr": "1965/66", "upflicht": "Landkreis Emsland", "KTR": null, "FSK": "03184702800006______", "km": "2+050", "bemerk": null, "beschreib": "K 110, Neuleher Straße (PLattenbalkenbrücke, Stahlbeton, Landkreis Emsland)", "beschreib_lang": "K 110, Neuleher Straße (PLattenbalkenbrücke, Stahlbeton, Landkreis Emsland)", "foto1": "https://nlwkn.hannit-share.de/index.php/core/preview?fileId=11066095&x=1280&y=819&a=true", "foto2": "https://nlwkn.hannit-share.de/index.php/core/preview?fileId=11066098&x=1280&y=819&a=true", "foto3": "https://nlwkn.hannit-share.de/index.php/core/preview?fileId=11066101&x=1280&y=819&a=true", "foto4": null, "link1": null, "link2": null, "rwert": "389910", "hwert": 5873638, "denkmal": "Nein", "bez_urpl": "Straßenbrücke K110 (D04, keine Beeinträchtigung)", "Beweglich": "Nein", "BW_NR": null, "Str_KL": "Kreisstraße", "Str_Name": "Neuleher Straße", "F_Breite": "6", "D_Breite": null, "L_hoehe": null, "bw_bru_bruklasse": null, "Field33": null, "Field34": null, "Field35": null, "Field36": null, "Field37": null }, "geometry": { "type": "Point", "coordinates": [ 819252.385393393225968, 6983178.486304863356054 ] } },
{ "type": "Feature", "properties": { "ID_con": 123, "bw_id": "SHK_BRU_2085", "name": "Stahlbetonbrücke Hebelermeer", "GEW": "SHK", "stat_von": "2085", "bauart": "1-Feld-Stahlbetonbrücke", "baujahr": null, "upflicht": "Gemeinde Twist", "KTR": null, "FSK": "03311805000046______", "km": "2+085", "bemerk": null, "beschreib": "Stahlbetonbrücke Hebelermeer", "beschreib_lang": null, "foto1": "https://nlwkn.hannit-share.de/index.php/core/preview?fileId=11060687&x=1280&y=819&a=true", "foto2": "https://nlwkn.hannit-share.de/index.php/core/preview?fileId=11060690&x=1280&y=819&a=true", "foto3": "https://nlwkn.hannit-share.de/index.php/core/preview?fileId=11060693&x=1280&y=819&a=true", "foto4": null, "link1": null, "link2": null, "rwert": "369698", "hwert": 5842812, "denkmal": "Nein", "bez_urpl": "Brücke Hebelermeer", "Beweglich": "Nein", "BW_NR": "SHK-B2094", "Str_KL": "Gemeindestraße", "Str_Name": "Heinrich-Krüssel-Straße", "F_Breite": null, "D_Breite": null, "L_hoehe": null, "bw_bru_bruklasse": null, "Field33": null, "Field34": null, "Field35": null, "Field36": null, "Field37": null }, "geometry": { "type": "Point", "coordinates": [ 787115.134143467992544, 6931277.744634309783578 ] } },
{ "type": "Feature", "properties": { "ID_con": 105, "bw_id": "PCK_BRU_2110", "name": "Brücke Kaveldiek", "GEW": "PCK", "stat_von": "2110", "bauart": "Stahlbetonbrücke", "baujahr": "2009", "upflicht": "Gemeinde Osterwald", "KTR": null, "FSK": "033121016000120039__", "km": "2+110", "bemerk": null, "beschreib": "Bauwerksbuch bei GB 2??", "beschreib_lang": "Einfeld-Stahlbetonbrücke im Zuge der Gemeindestraßen „Zum Sternbusch\" / „Kaveldiek“. _x000d_\nDie Gestaltung des Knotenpunktes in Georgsdorf entstand im Arbeitskreis \"Querungsmöglichkeiten des Piccardie-Coevorden-Kanals\", in dem neben dem NLWKN der Landkreis Grafschaft Bentheim, die Gemeinden Georgsdorf und Osterwald sowie die Fürst zu Bentheimsche Domänenkammer vertreten waren. Gemeinsam mit den Anliegern erarbeitete das Gremium Lösungen für die Verkehrsprobleme auf der parallel zum Kanal verlaufenden Kreisstraße sowie den Wirtschaftswegen \"Kaveldiek\" und \"Am Sternbusch\". _x000d_\n_x000d_\nDie neue Brücke wurde als Stahlbetonbauwerk errichtet, das auf Spundwänden tief gegründet ist. Der Überbau besteht aus einer Einfeld-Ortbetonplatte und ist mit Betongelenken auf Holmen gelagert. Mit einer Traglast von bis zu 60 Tonnen entspricht sie modernen verkehrlichen Anforderungen. Für die aufwändigen Anschlüsse zur Kreisstraße und den Wegen Kaveldiek und Am Sternenbusch mit Abbiegespuren und Buswendeschleife war wegen der Untergrundverhältnisse ein erheblicher Bodenaustausch erforderlich. Die notwendigen Flächen für den Anschluss der neuen Brücke an die Gemeindestraße stellte die Fürst zu Bentheimische Domänenkammer bereit._x000d_\n_x000d_\nDie Gesamtbaukosten der Maßnahme einschließlich Brückenbau, Kreisstraßen- und Wirtschaftswegeanschluss betrugen rund 755.000 Euro. Die Aufwendungen für den Brückenneubau lagen bei rund 240.000 Euro, die zu 75 Prozent aus Landesmitteln stammen. Die restlichen 25 Prozent teilen sich die Gemeinden Osterwald und Georgsdorf._x000d_\n_x000d_\nDie Kosten für den Anschluss der Brücke an die Kreisstraße K 19 übernahm der Landkreis, die Finanzierung des Anschlusses zwischen der Gemeindestraße \"Zum Sternbusch\" und der neuen Brücke erfolgte über die Gemeinde Osterwald, die dazu Fördermittel der EU abrufen konnte._x000d_\n_x000d_\nNach Abschluss der Bauarbeiten geht das Eigentum der Brücke komplett auf die Gemeinde Osterwald über.", "foto1": "https://nlwkn.hannit-share.de/index.php/core/preview?fileId=11060954&x=1280&y=819&a=true", "foto2": "https://nlwkn.hannit-share.de/index.php/core/preview?fileId=11060957&x=1280&y=819&a=true", "foto3": "https://nlwkn.hannit-share.de/index.php/core/preview?fileId=11060960&x=1280&y=819&a=true", "foto4": null, "link1": null, "link2": null, "rwert": "367125", "hwert": 5825902, "denkmal": "Nein", "bez_urpl": "Brücke Kaveldiek", "Beweglich": "Nein", "BW_NR": "PCK-B2109", "Str_KL": "Gemeindestraße", "Str_Name": "Zum Sternbusch / Kaveldiek", "F_Breite": "4.09999990463257", "D_Breite": 9.0, "L_hoehe": 1.62000000476837, "bw_bru_bruklasse": "LM 1 (DIN-FB 101)", "Field33": null, "Field34": null, "Field35": null, "Field36": null, "Field37": null }, "geometry": { "type": "Point", "coordinates": [ 783634.909291733754799, 6903289.574126023799181 ] } },
{ "type": "Feature", "properties": { "ID_con": 78, "bw_id": "NAK_BRU_2290", "name": "Stahlbetonbrücke \"Kanalweg\"", "GEW": "NAK", "stat_von": "2290", "bauart": "Stahlbetonbrücke", "baujahr": "1993", "upflicht": "Stadt Nordhorn", "KTR": null, "FSK": "03315105100002______", "km": "2+290", "bemerk": null, "beschreib": "Einfeld-Stahlbetonbrücke im Zuge des Kanalwegs. Die Brücke wird östlich von einer Fuß- und Radwegunterführung unterquert.", "beschreib_lang": "Einfeld-Stahlbetonbrücke im Zuge des Kanalwegs. Die Brücke wird östlich von einer Fuß- und Radwegunterführung unterquert.", "foto1": "https://nlwkn.hannit-share.de/index.php/core/preview?fileId=11061755&x=1280&y=819&a=true", "foto2": "https://nlwkn.hannit-share.de/index.php/core/preview?fileId=11061758&x=1280&y=819&a=true", "foto3": "https://nlwkn.hannit-share.de/index.php/core/preview?fileId=11061761&x=1280&y=819&a=true", "foto4": "https://nlwkn.hannit-share.de/index.php/core/preview?fileId=11061764&x=1280&y=819&a=true", "link1": "https://nlwkn.hannit-share.de/index.php/core/preview?fileId=11061767&x=1280&y=819&a=true", "link2": "https://nlwkn.hannit-share.de/index.php/core/preview?fileId=11061770&x=1280&y=819&a=true", "rwert": "368510", "hwert": 5809317, "denkmal": "Nein", "bez_urpl": "Brücke Kanalweg", "Beweglich": "Nein", "BW_NR": "NAK-B2025", "Str_KL": "Gemeindestraße", "Str_Name": "Kanalweg", "F_Breite": "6.5", "D_Breite": 10.0, "L_hoehe": 2.9500000476837198, "bw_bru_bruklasse": "60/30", "Field33": null, "Field34": null, "Field35": null, "Field36": null, "Field37": null }, "geometry": { "type": "Point", "coordinates": [ 786637.324767607729882, 6876106.018563221208751 ] } },
{ "type": "Feature", "properties": { "ID_con": 64, "bw_id": "HRK_BRU_2645", "name": "Klappbrücke „Knepper-Brücke“", "GEW": "HRK", "stat_von": "2645", "bauart": "Klappbrücke", "baujahr": "2004", "upflicht": "Stadt Haren", "KTR": null, "FSK": "03310302100003______", "km": "2+645", "bemerk": null, "beschreib": "Denkmalgeschützte Klappbrücke im Zuge der Gemeindestraße „Zeppelinstraße“.", "beschreib_lang": "Denkmalgeschützte Klappbrücke (ID: 35919425) im Zuge der Gemeindestraße  „Zeppelinstraße“.", "foto1": "https://nlwkn.hannit-share.de/index.php/core/preview?fileId=11062327&x=1280&y=819&a=true", "foto2": "https://nlwkn.hannit-share.de/index.php/core/preview?fileId=11062330&x=1280&y=819&a=true", "foto3": "https://nlwkn.hannit-share.de/index.php/core/preview?fileId=11062333&x=1280&y=819&a=true", "foto4": "https://nlwkn.hannit-share.de/index.php/core/preview?fileId=11062336&x=1280&y=819&a=true", "link1": null, "link2": null, "rwert": "379610", "hwert": 5851310, "denkmal": "Ja", "bez_urpl": "Knepperbrücke", "Beweglich": "Ja", "BW_NR": "HRK-B2100", "Str_KL": "Gemeindestraße", "Str_Name": "Zeppelinstraße", "F_Breite": "9", "D_Breite": 0.0, "L_hoehe": 0.0, "bw_bru_bruklasse": null, "Field33": null, "Field34": null, "Field35": null, "Field36": null, "Field37": null }, "geometry": { "type": "Point", "coordinates": [ 803095.405004059313796, 6945745.995938846841455 ] } },
{ "type": "Feature", "properties": { "ID_con": 79, "bw_id": "NAK_BRU_2730", "name": "Stahlbetonbrücke \"Friedrich-Ebert-Straße\"", "GEW": "NAK", "stat_von": "2730", "bauart": "Stahlbetonbrücke", "baujahr": "1950", "upflicht": "Stadt Nordhorn", "KTR": null, "FSK": "033151052000680001__", "km": "2+730", "bemerk": null, "beschreib": "Dreifeld-Stahlbetonbrücke im Zuge der Friedrich-Ebert-Straße. Die Brücke wird östlich von einer Fuß- und Radwegunterführung unterquert.", "beschreib_lang": "Dreifeld-Stahlbetonbrücke im Zuge der Friedrich-Ebert-Straße. Die Brücke wird östlich von einer Fuß- und Radwegunterführung unterquert.", "foto1": "https://nlwkn.hannit-share.de/index.php/core/preview?fileId=11061773&x=1280&y=819&a=true", "foto2": "https://nlwkn.hannit-share.de/index.php/core/preview?fileId=11061776&x=1280&y=819&a=true", "foto3": "https://nlwkn.hannit-share.de/index.php/core/preview?fileId=11061779&x=1280&y=819&a=true", "foto4": "https://nlwkn.hannit-share.de/index.php/core/preview?fileId=11061782&x=1280&y=819&a=true", "link1": null, "link2": null, "rwert": "368803", "hwert": 5809645, "denkmal": "Nein", "bez_urpl": "Brücke Friedrich-Ebert-Straße", "Beweglich": "Nein", "BW_NR": "NAK-B2026", "Str_KL": "Gemeindestraße", "Str_Name": "Friedrich-Ebert-Straße", "F_Breite": "9", "D_Breite": 10.0, "L_hoehe": 4.5, "bw_bru_bruklasse": "40", "Field33": null, "Field34": null, "Field35": null, "Field36": null, "Field37": null }, "geometry": { "type": "Point", "coordinates": [ 787102.320975571288727, 6876656.80158120021224 ] } },
{ "type": "Feature", "properties": { "ID_con": 30, "bw_id": "NAK_BRU_2740", "name": "Stahlbeton-Eisenbahnbrücke", "GEW": "NAK", "stat_von": "2740", "bauart": "Stahlbetonbrücke", "baujahr": "1986", "upflicht": "Bentheimer Eisenbahn", "KTR": null, "FSK": "033151057001940007__", "km": "2+740", "bemerk": null, "beschreib": "Dreifeld-Stahlbetonbrücke der Bentheimer Eisenbahn AG. Die Brücke wird östlich von einer Fuß- und Radwegunterführung unterquert", "beschreib_lang": "Dreifeld-Stahlbetonbrücke der Bentheimer Eisenbahn AG. Die Brücke wird östlich von einer Fuß- und Radwegunterführung unterquert", "foto1": "https://nlwkn.hannit-share.de/index.php/core/preview?fileId=11061785&x=1280&y=819&a=true", "foto2": "https://nlwkn.hannit-share.de/index.php/core/preview?fileId=11061788&x=1280&y=819&a=true", "foto3": "https://nlwkn.hannit-share.de/index.php/core/preview?fileId=11061791&x=1280&y=819&a=true", "foto4": "https://nlwkn.hannit-share.de/index.php/core/preview?fileId=11061794&x=1280&y=819&a=true", "link1": null, "link2": null, "rwert": "368810", "hwert": 5809656, "denkmal": "Nein", "bez_urpl": "Eisenbahnbrücke", "Beweglich": "Nein", "BW_NR": "NAK-B2027", "Str_KL": "Eisenbahn", "Str_Name": "Eisenbahn", "F_Breite": "0", "D_Breite": 6.0, "L_hoehe": 4.25, "bw_bru_bruklasse": null, "Field33": null, "Field34": null, "Field35": null, "Field36": null, "Field37": null }, "geometry": { "type": "Point", "coordinates": [ 787113.292696931166574, 6876675.149420608766377 ] } },
{ "type": "Feature", "properties": { "ID_con": 4, "bw_id": "DIN_BRU_2760", "name": "Brücke B 403,  Südring", "GEW": "DIN", "stat_von": "2760", "bauart": "3-Feld-Stahlbetonbrücke (Plattenbalkenbrücke, Trägerrostbrücke)", "baujahr": "2002", "upflicht": "NLSTBV", "KTR": null, "FSK": "033147046000760005__", "km": "2+760", "bemerk": null, "beschreib": "Brücke B 403,  \"Südring\"", "beschreib_lang": null, "foto1": "https://nlwkn.hannit-share.de/index.php/core/preview?fileId=11067511&x=1280&y=819&a=true", "foto2": "https://nlwkn.hannit-share.de/index.php/core/preview?fileId=11067514&x=1280&y=819&a=true", "foto3": "https://nlwkn.hannit-share.de/index.php/core/preview?fileId=11067517&x=1280&y=819&a=true", "foto4": "https://nlwkn.hannit-share.de/index.php/core/preview?fileId=11067520&x=1280&y=819&a=true", "link1": null, "link2": null, "rwert": "362070", "hwert": 5816993, "denkmal": "Nein", "bez_urpl": "Brücke Südring (B 403)", "Beweglich": "Nein", "BW_NR": null, "Str_KL": "Bundesstraße", "Str_Name": "Südring", "F_Breite": null, "D_Breite": null, "L_hoehe": null, "bw_bru_bruklasse": null, "Field33": null, "Field34": null, "Field35": null, "Field36": null, "Field37": null }, "geometry": { "type": "Point", "coordinates": [ 775749.51002037327271, 6888413.832782384939492 ] } },
{ "type": "Feature", "properties": { "ID_con": 38, "bw_id": "GFD_BRU_2850", "name": "Brücke Montaniastraße", "GEW": "GFD", "stat_von": "2850", "bauart": "3-Feld-Stahlbetonbrücke", "baujahr": "1964/1965", "upflicht": "Gemeinde Lehe", "KTR": null, "FSK": "03184700400011______", "km": "2+850", "bemerk": null, "beschreib": "Brücke Montaniastraße", "beschreib_lang": null, "foto1": "https://nlwkn.hannit-share.de/index.php/core/preview?fileId=11066104&x=1280&y=819&a=true", "foto2": "https://nlwkn.hannit-share.de/index.php/core/preview?fileId=11066107&x=1280&y=819&a=true", "foto3": "https://nlwkn.hannit-share.de/index.php/core/preview?fileId=11066110&x=1280&y=819&a=true", "foto4": "https://nlwkn.hannit-share.de/index.php/core/preview?fileId=11066113&x=1280&y=819&a=true", "link1": "https://nlwkn.hannit-share.de/index.php/core/preview?fileId=11066116&x=1280&y=819&a=true", "link2": null, "rwert": "389407", "hwert": 5874240, "denkmal": "Nein", "bez_urpl": "Brücke Montaniastraße (D05, keine Beeinträchtigung)", "Beweglich": "Nein", "BW_NR": null, "Str_KL": "Gemeindestraße", "Str_Name": "Montaniastraße", "F_Breite": null, "D_Breite": null, "L_hoehe": null, "bw_bru_bruklasse": null, "Field33": null, "Field34": null, "Field35": null, "Field36": null, "Field37": null }, "geometry": { "type": "Point", "coordinates": [ 818395.419102245243266, 6984159.993070558644831 ] } },
{ "type": "Feature", "properties": { "ID_con": 80, "bw_id": "NAK_BRU_3005", "name": "Stahlbetonbrücke NINO", "GEW": "NAK", "stat_von": "3005", "bauart": "3-Feld-Stahlbetonbrücke", "baujahr": "2020", "upflicht": "Stadt Nordhorn", "KTR": null, "FSK": "033151057001940007__", "km": "3+005", "bemerk": null, "beschreib": "Die ehemalige Werkbrücke der Fa. NINO AG (Textilwerke) wurde 2020 abgerissen und ca. 50 m unterhalb 2020 als Stahlbetonbrücke neu gebaut.", "beschreib_lang": "Die ehemalige Werkbrücke der Fa. NINO AG (Textilwerke) wurde 2020 abgerissen und ca. 50 m unterhalb 2020 als Stahlbetonbrücke neu errichtet. Die Fuß- und Radwegbrücke erschließt u.a. das in 2020 neu erschlossene Baugebiet auf der linken Kanalseite (Turmstraße)_x000d_\n_x000d_\nDer Neubau der NINO-Brücke hat einschließlich der Radwegeanbindung bis über die Zeppelinstraße etwa 1,2 Millionen Euro gekostet. Darin sind rund 400.000 Euro Baukosten für eine neue Hauptwasserleitung enthalten, die von den NVB bezahlt wird. Die übrigen Baukosten werden mit 250.000 Euro vom Land Niedersachsen, mit 93.000 Euro vom Bund und mit 12.000 Euro vom Landkreis gefördert._x000d_\n_x000d_\nSeit rund 20 Jahren war die Stadt um eine Einigung mit dem privaten Eigentümer der Flächen des ehemaligen NINO-Kohlehafens bemüht, dem auch die vorherige NINO-Werksbrücke gehörte. Die schlummerte durch Stacheldraht gesichert unpassierbar vor sich hin. Nach jahrzehntelangen ergebnislosen Gesprächen war 2015 ein gesetzliches Umlegungsverfahren eingeleitet worden. Nach etlichen juristischen Auseinandersetzungen gelang es 2020 schließlich einer privaten Investorengruppe, die Flächen und die Brücke zu erwerben. Damit war endlich der Weg frei für den Neubau, der etwa ein Jahr dauerte.", "foto1": "https://nlwkn.hannit-share.de/index.php/core/preview?fileId=11061797&x=1280&y=819&a=true", "foto2": "https://nlwkn.hannit-share.de/index.php/core/preview?fileId=11061800&x=1280&y=819&a=true", "foto3": "https://nlwkn.hannit-share.de/index.php/core/preview?fileId=11061803&x=1280&y=819&a=true", "foto4": "https://nlwkn.hannit-share.de/index.php/core/preview?fileId=11061806&x=1280&y=819&a=true", "link1": null, "link2": null, "rwert": "368979", "hwert": 5809856, "denkmal": "Nein", "bez_urpl": "Ninobrücke", "Beweglich": "Nein", "BW_NR": "NAK-B2028", "Str_KL": "Fuß-/Radweg", "Str_Name": "Fuß- und Radweg", "F_Breite": "3.5", "D_Breite": null, "L_hoehe": null, "bw_bru_bruklasse": "Fuß- u. Radwegbrücle", "Field33": null, "Field34": null, "Field35": null, "Field36": null, "Field37": null }, "geometry": { "type": "Point", "coordinates": [ 787381.056883898796514, 6877010.576379301026464 ] } },
{ "type": "Feature", "properties": { "ID_con": 109, "bw_id": "PCK_BRU_3055", "name": "Stahlbetonbrücke ter Horst", "GEW": "PCK", "stat_von": "3055", "bauart": "Stahlbetonbrücke", "baujahr": "2015", "upflicht": "Gemeinde Osterwald", "KTR": null, "FSK": "033123011000120023__", "km": "3+055", "bemerk": "Hinweis an Denkmalschutz?? Alte Brücke nicht mehr vorhanden!!", "beschreib": "Einfeldstahlbetonbrücke im Zuge der Gemeindestraße \"Ahornstraße\"", "beschreib_lang": "Einfeldstahlbetonbrücke im Zuge der Gemeindestraße \"Ahornstraße\"_x000d_\n_x000d_\nVertreter des AK „Querungsmöglichkeiten über den Piccardie-Coevorden-Kanal“, der u.a. aus dem NLWKN (Niedersächsischer Landesbetrieb für Wasserwirtschaft, Küsten- und Naturschutz) der Gemeinde Osterwald und dem Landkreis Grafschaft Bentheim besteht, dankten der Firma Becker aus Meppen für die gute und zügige Bauausführung. In achtmonatiger Bauzeit entstand unter der Federführung des NLWKN eine einspurige Stahlbetonbrücke ohne Lastbeschränkung, die den Anforderungen des modernen Verkehrs entspricht. „Die vorherige, historische Feldwegdrehbrücke aus dem Jahr 1885 hatte eine zulässige Höchstbelastung von drei Tonnen und hätte diesbezüglich nicht angepasst werden können“, begründete Martin Gaebel vom NLWKN in Meppen den Neubau._x000d_\n_x000d_\nDie im März begonnenen Bauarbeiten konnten im Wesentlichen im Laufe des Sommers abgeschlossen werden, so dass die Brücke am 14. August für den Verkehr freigegeben werden konnte. Die erhöhten Sicherheitsanforderungen für den Kreisstraßenanschluss erforderten jedoch eine verstärkte Ausführung der geplanten Schutzeinrichtungen, so dass bis zum Abschluss dieser Arbeiten eine Geschwindigkeitsbegrenzung auf der Kreisstraße galt. „Diese Einschränkungen werden mit dem offiziellen Freigabetermin aufgehoben“, freute sich Osterwalds Bürgermeister Johann Diekjakobs, dessen Gemeinde als Nachfolgerin des NLWKN nunmehr Eigentümerin des neuen Überweges ist._x000d_\n_x000d_\nDie Brücke erschließt den Ahornweg mit der Kreisstraße 19 sowie landwirtschaftlich genutzte Flächen der Gemeinde Osterwald im Landkreis Grafschaft Bentheim. Die Kosten des Neubaus belaufen sich auf 390.000 Euro, von denen der NLWKN 266.000 und die Gemeinde 114.000 Euro schultern. 10.000 Euro für den Kreisstraßenanschluss steuerte der Landkreis bei._x000d_\n_x000d_\nDer Neubau „ter Horst“ ist Teil eines umfassenden Querungskonzeptes, das auch die Brücken „Kaveldiek“ und „Vügten“ umfasst. Während „ter Horst“ und „Kaveldiek“ (2009) inzwischen durch Neubauten ersetzt wurden, wird die Anlage „Vügten“ derzeit noch grundlegend und denkmalgerecht saniert, so dass sie in Kürze wieder für den Fuß- und Radverkehr genutzt werden kann. „Wir entsprechen so auch den Belangen des Denkmalschutzes, der die linksemsischen Kanäle und ihre Bauwerke als Ensemble schützt“, erklärte Birgit Heddinga als zuständiges Mitglied der Direktionsleitung des NLWKN aus Norden.", "foto1": "https://nlwkn.hannit-share.de/index.php/core/preview?fileId=11060996&x=1280&y=819&a=true", "foto2": "https://nlwkn.hannit-share.de/index.php/core/preview?fileId=11060999&x=1280&y=819&a=true", "foto3": "https://nlwkn.hannit-share.de/index.php/core/preview?fileId=11061002&x=1280&y=819&a=true", "foto4": null, "link1": null, "link2": null, "rwert": "366259", "hwert": 5826279, "denkmal": "Nein", "bez_urpl": "Stahlbetonbrücke ter Horst", "Beweglich": "Nein", "BW_NR": "PCK-B2110", "Str_KL": "Gemeindestraße", "Str_Name": "Ahornstraße", "F_Breite": null, "D_Breite": null, "L_hoehe": null, "bw_bru_bruklasse": null, "Field33": null, "Field34": null, "Field35": null, "Field36": null, "Field37": null }, "geometry": { "type": "Point", "coordinates": [ 782196.531258053146303, 6903871.081428843550384 ] } },
{ "type": "Feature", "properties": { "ID_con": 39, "bw_id": "GFD_BRU_3275", "name": "Eisenbahnbrücke", "GEW": "GFD", "stat_von": "3275", "bauart": "1-Feld-Stahlbetonbrücke (Eisenbahnbrücke)", "baujahr": null, "upflicht": "DB", "KTR": null, "FSK": "03184700200022______", "km": "3+275", "bemerk": null, "beschreib": "Eisenbahnbrücke", "beschreib_lang": null, "foto1": "https://nlwkn.hannit-share.de/index.php/core/preview?fileId=11066119&x=1280&y=819&a=true", "foto2": "https://nlwkn.hannit-share.de/index.php/core/preview?fileId=11066122&x=1280&y=819&a=true", "foto3": "https://nlwkn.hannit-share.de/index.php/core/preview?fileId=11066125&x=1280&y=819&a=true", "foto4": "https://nlwkn.hannit-share.de/index.php/core/preview?fileId=11066128&x=1280&y=819&a=true", "link1": "https://nlwkn.hannit-share.de/index.php/core/preview?fileId=11066131&x=1280&y=819&a=true", "link2": null, "rwert": "389089", "hwert": 5874479, "denkmal": "Nein", "bez_urpl": "Eisenbahnbrücke", "Beweglich": "Nein", "BW_NR": null, "Str_KL": "Eisenbahn", "Str_Name": "Eisenbahn", "F_Breite": null, "D_Breite": null, "L_hoehe": null, "bw_bru_bruklasse": "---", "Field33": null, "Field34": null, "Field35": null, "Field36": null, "Field37": null }, "geometry": { "type": "Point", "coordinates": [ 817858.943202348425984, 6984545.136950696818531 ] } },
{ "type": "Feature", "properties": { "ID_con": 82, "bw_id": "NAK_BRU_3355", "name": "Stahlbetonbrücke \"Bentheimer Straße\"", "GEW": "NAK", "stat_von": "3355", "bauart": "Stahlbetonbrücke", "baujahr": "1955", "upflicht": "Stadt Nordhorn", "KTR": null, "FSK": "033151057003440045__", "km": "3+355", "bemerk": null, "beschreib": "Dreifeld-Stahlbetonbrücke im Zuge der Bentheimer Straße. Die Brücke wird östlich von einer Fuß- und Radwegunterführung unterquert.", "beschreib_lang": "Dreifeld-Stahlbetonbrücke im Zuge der Bentheimer Straße. Die Brücke wird östlich von einer Fuß- und Radwegunterführung unterquert.", "foto1": "https://nlwkn.hannit-share.de/index.php/core/preview?fileId=11061821&x=1280&y=819&a=true", "foto2": null, "foto3": null, "foto4": null, "link1": null, "link2": null, "rwert": "369190", "hwert": 5810134, "denkmal": "Nein", "bez_urpl": "Brücke Bentheimer Straße", "Beweglich": "Nein", "BW_NR": "NAK-B2029", "Str_KL": "Gemeindestraße", "Str_Name": "Bentheimer Straße", "F_Breite": "9.30000019073486", "D_Breite": 5.0, "L_hoehe": 4.4000000953674299, "bw_bru_bruklasse": "60", "Field33": null, "Field34": null, "Field35": null, "Field36": null, "Field37": null }, "geometry": { "type": "Point", "coordinates": [ 787714.164639924420044, 6877475.784640136174858 ] } },
{ "type": "Feature", "properties": { "ID_con": 31, "bw_id": "EVK_BRU_3450", "name": "Brücke K 36 (Hammweg / Elbergen)", "GEW": "EVK", "stat_von": "3450", "bauart": "1-Feld-Stahlbetonbrücke", "baujahr": "1965", "upflicht": "Landkreis Grafschaft Bentheim", "KTR": null, "FSK": "033157058000180017__", "km": "3+450", "bemerk": null, "beschreib": "Einfeld-Stahlbetonbrücke im Zuge der Kreisstraße K 36", "beschreib_lang": "Einfeld-Stahlbetonbrücke im Zuge der Kreisstraße K 36", "foto1": "https://nlwkn.hannit-share.de/index.php/core/preview?fileId=11066734&x=1280&y=819&a=true", "foto2": "https://nlwkn.hannit-share.de/index.php/core/preview?fileId=11066737&x=1280&y=819&a=true", "foto3": "https://nlwkn.hannit-share.de/index.php/core/preview?fileId=11066740&x=1280&y=819&a=true", "foto4": "https://nlwkn.hannit-share.de/index.php/core/preview?fileId=11066743&x=1280&y=819&a=true", "link1": null, "link2": null, "rwert": "381991", "hwert": 5814158, "denkmal": "Nein", "bez_urpl": "Brücke K 36 (Hammweg / Elbergen)", "Beweglich": "Nein", "BW_NR": "EVK-B2003", "Str_KL": "Kreisstraße", "Str_Name": "Hammweg", "F_Breite": "8.64999961853027", "D_Breite": null, "L_hoehe": 5.5, "bw_bru_bruklasse": "60", "Field33": null, "Field34": null, "Field35": null, "Field36": null, "Field37": null }, "geometry": { "type": "Point", "coordinates": [ 808502.538445529877208, 6884611.828319282270968 ] } },
{ "type": "Feature", "properties": { "ID_con": 83, "bw_id": "NAK_BRU_3730", "name": "Stahlbetonbrücke \"Frensdorfer Ring\"", "GEW": "NAK", "stat_von": "3730", "bauart": "Stahlbetonbrücke", "baujahr": "1986", "upflicht": "Stadt Nordhorn", "KTR": null, "FSK": "033151008000520001__", "km": "3+730", "bemerk": null, "beschreib": "Einfeld-Stahlbetonbrücke im Zuge der Verbindungs-straße „Frensdorfer Ring“ für den Anschluss des Stadtkerns an die Osttangente. Die Brücke wird östlich von einer Fuß- und Radwegunterführung unterquert", "beschreib_lang": "Einfeld-Stahlbetonbrücke im Zuge der Verbindungs-straße „Frensdorfer Ring“ für den Anschluss des Stadtkerns an die Osttangente. Die Brücke wird östlich von einer Fuß- und Radwegunterführung unterquert", "foto1": "https://nlwkn.hannit-share.de/index.php/core/preview?fileId=11061824&x=1280&y=819&a=true", "foto2": null, "foto3": null, "foto4": null, "link1": null, "link2": null, "rwert": "369291", "hwert": 5810485, "denkmal": "Nein", "bez_urpl": "Brücke Frensdorfer Ring", "Beweglich": "Nein", "BW_NR": "NAK-B2030", "Str_KL": "Gemeindestraße", "Str_Name": "Frensdorfer Ring", "F_Breite": "8.5", "D_Breite": 2.5, "L_hoehe": 1.45000004768372, "bw_bru_bruklasse": "60/30", "Field33": null, "Field34": null, "Field35": null, "Field36": null, "Field37": null }, "geometry": { "type": "Point", "coordinates": [ 787864.141167517285794, 6878055.956935281865299 ] } },
{ "type": "Feature", "properties": { "ID_con": 110, "bw_id": "PCK_BRU_3735", "name": "Brücke Bahnhostraße K 28", "GEW": "PCK", "stat_von": "3735", "bauart": "Stahlbetonbrücke", "baujahr": "1968", "upflicht": "Landkreis Grafschaft Bentheim", "KTR": null, "FSK": "033123011000120023__", "km": "3+735", "bemerk": null, "beschreib": "Dreifeld-Stahlbetonbrücke im Zuge der Kreisstraße K 28", "beschreib_lang": "Dreifeld-Stahlbetonbrücke im Zuge der Kreisstraße K 28", "foto1": "https://nlwkn.hannit-share.de/index.php/core/preview?fileId=11061005&x=1280&y=819&a=true", "foto2": "https://nlwkn.hannit-share.de/index.php/core/preview?fileId=11061008&x=1280&y=819&a=true", "foto3": "https://nlwkn.hannit-share.de/index.php/core/preview?fileId=11061011&x=1280&y=819&a=true", "foto4": null, "link1": null, "link2": null, "rwert": "365674", "hwert": 5826606, "denkmal": "Nein", "bez_urpl": "Stahlbetonbrücke Bahnhofstraße", "Beweglich": "Nein", "BW_NR": "PCK-B2111", "Str_KL": "Kreisstraße", "Str_Name": "Bahnhofstraße (K28)", "F_Breite": "6", "D_Breite": 7.0, "L_hoehe": 1.6000000238418599, "bw_bru_bruklasse": "30", "Field33": null, "Field34": null, "Field35": null, "Field36": null, "Field37": null }, "geometry": { "type": "Point", "coordinates": [ 781221.49971694429405, 6904382.807115592062473 ] } },
{ "type": "Feature", "properties": { "ID_con": 170, "bw_id": "SNK_BRU_4045", "name": "Brücke Nach Schleuse II", "GEW": "SNK", "stat_von": "4045", "bauart": "Stahlbetonbrücke", "baujahr": "2018", "upflicht": "Stadt Nordhorn", "KTR": null, "FSK": "033151030004200031__", "km": "4+045", "bemerk": null, "beschreib": "Die Brücke ist im Rahmen der Flurbereinigungsverfahren Nordhorn-Nord und Nordhorn-Ost entstanden. Ebenso wie die näher an Nordhorn liegende neue Brücke bei Schleuse I entlastet die Brücke die Brücke der Schleuse II.", "beschreib_lang": "Die Brücke ist im Rahmen der Flurbereinigungsverfahren Nordhorn-Nord und Nordhorn-Ost entstanden. Ebenso wie die näher an Nordhorn liegende neue Brücke bei Schleuse I entlastet Sie das benachbarte historische Schleusenbauwerk. Zusammen mit mehreren sanierten und teilweise ganz neuen Wegeverbindungen entlang des Süd-Nord-Kanals dienen die neuen Brücken insbesondere der örtlichen Landwirtschaft._x000d_\n_x000d_\nEin Großteil der Finanzierung der Flurbereinigungsmaßnahmen erfolgt durch das Land Niedersachsen. In den Gebieten Nordhorn-Nord und -Ost wurden insgesamt rund 7,7 Millionen Euro investiert. Die Stadt Nordhorn steuerte gut 20 Prozent der notwendigen Finanzmittel bei.", "foto1": "https://nlwkn.hannit-share.de/index.php/core/preview?fileId=11058752&x=1280&y=819&a=true", "foto2": "https://nlwkn.hannit-share.de/index.php/core/preview?fileId=11058755&x=1280&y=819&a=true", "foto3": "https://nlwkn.hannit-share.de/index.php/core/preview?fileId=11058758&x=1280&y=819&a=true", "foto4": "https://nlwkn.hannit-share.de/index.php/core/preview?fileId=11058761&x=1280&y=819&a=true", "link1": null, "link2": null, "rwert": "370948", "hwert": 5816926, "denkmal": "Nein", "bez_urpl": "Brücke nach Schleuse II", "Beweglich": "Nein", "BW_NR": "SNK-B2093", "Str_KL": "Gemeindestraße", "Str_Name": "Mitteldiek, Nach Schleuse II / Maschweg", "F_Breite": null, "D_Breite": null, "L_hoehe": null, "bw_bru_bruklasse": "40 to", "Field33": null, "Field34": null, "Field35": null, "Field36": null, "Field37": null }, "geometry": { "type": "Point", "coordinates": [ 790298.214608426904306, 6888700.825069169513881 ] } },
{ "type": "Feature", "properties": { "ID_con": 40, "bw_id": "GFD_BRU_4275", "name": "Brücke B 70", "GEW": "GFD", "stat_von": "4275", "bauart": "3-Feld-Stahlbetonbrücke", "baujahr": null, "upflicht": "NLSTBV", "KTR": null, "FSK": "03184700100011______", "km": "4+275", "bemerk": null, "beschreib": "Brücke B 70", "beschreib_lang": null, "foto1": "https://nlwkn.hannit-share.de/index.php/core/preview?fileId=11066134&x=1280&y=819&a=true", "foto2": "https://nlwkn.hannit-share.de/index.php/core/preview?fileId=11066137&x=1280&y=819&a=true", "foto3": "https://nlwkn.hannit-share.de/index.php/core/preview?fileId=11066140&x=1280&y=819&a=true", "foto4": "https://nlwkn.hannit-share.de/index.php/core/preview?fileId=11066143&x=1280&y=819&a=true", "link1": "https://nlwkn.hannit-share.de/index.php/core/preview?fileId=11066146&x=1280&y=819&a=true", "link2": null, "rwert": "388345", "hwert": 5875083, "denkmal": "Nein", "bez_urpl": "Brücke B 70", "Beweglich": "Nein", "BW_NR": null, "Str_KL": "Bundesstraße", "Str_Name": "B 70", "F_Breite": null, "D_Breite": null, "L_hoehe": null, "bw_bru_bruklasse": "60/30", "Field33": null, "Field34": null, "Field35": null, "Field36": null, "Field37": null }, "geometry": { "type": "Point", "coordinates": [ 816601.86547420930583, 6985520.691725362092257 ] } },
{ "type": "Feature", "properties": { "ID_con": 84, "bw_id": "NAK_BRU_4290", "name": "Stahlbrücke \"Vechteaue\", (Fuß- und Radwegbrücke)", "GEW": "NAK", "stat_von": "4290", "bauart": "Stahlbrücke", "baujahr": "1993", "upflicht": "Stadt Nordhorn", "KTR": null, "FSK": "033151013000380011__", "km": "4+290", "bemerk": null, "beschreib": "Einfeld-Stahlbrücke für den Fuß- und Radwegverkehr", "beschreib_lang": "Einfeld-Stahlbrücke für den Fuß- und Radwegverkehr", "foto1": "https://nlwkn.hannit-share.de/index.php/core/preview?fileId=11061827&x=1280&y=819&a=true", "foto2": null, "foto3": null, "foto4": null, "link1": null, "link2": null, "rwert": "369213", "hwert": 5811025, "denkmal": "Nein", "bez_urpl": "Fuß- und Radwegbrücke Vechteaue", "Beweglich": "Nein", "BW_NR": "NAK-B2031", "Str_KL": "Fuß-/Radweg", "Str_Name": "Fuß- und Radweg (Vechteaue)", "F_Breite": "2.20000004768372", "D_Breite": null, "L_hoehe": 1.95000004768372, "bw_bru_bruklasse": null, "Field33": null, "Field34": null, "Field35": null, "Field36": null, "Field37": null }, "geometry": { "type": "Point", "coordinates": [ 787712.983564805821516, 6878938.420577983371913 ] } },
{ "type": "Feature", "properties": { "ID_con": 5, "bw_id": "DIN_BRU_4440", "name": "Kalverlager Brücke (Eschweg)", "GEW": "DIN", "stat_von": "4440", "bauart": "1-Feld-Stahlbetonbrücke", "baujahr": null, "upflicht": "Stadt Neuenhaus", "KTR": null, "FSK": "033143002000160002__", "km": "4+440", "bemerk": null, "beschreib": "keine Beeinträchtigung gemäß URPL (/)", "beschreib_lang": null, "foto1": "https://nlwkn.hannit-share.de/index.php/core/preview?fileId=11067523&x=1280&y=819&a=true", "foto2": "https://nlwkn.hannit-share.de/index.php/core/preview?fileId=11067526&x=1280&y=819&a=true", "foto3": "https://nlwkn.hannit-share.de/index.php/core/preview?fileId=11067529&x=1280&y=819&a=true", "foto4": "https://nlwkn.hannit-share.de/index.php/core/preview?fileId=11633211&x=1280&y=819&a=true", "link1": null, "link2": null, "rwert": "362424", "hwert": 5815627, "denkmal": "Nein", "bez_urpl": "Kalverlager Brücke (Eschweg)", "Beweglich": "Nein", "BW_NR": null, "Str_KL": "Gemeindeweg", "Str_Name": "Eschweg", "F_Breite": "0", "D_Breite": 0.0, "L_hoehe": 0.0, "bw_bru_bruklasse": null, "Field33": null, "Field34": null, "Field35": null, "Field36": null, "Field37": null }, "geometry": { "type": "Point", "coordinates": [ 776392.248280555359088, 6886186.948844969272614 ] } },
{ "type": "Feature", "properties": { "ID_con": 67, "bw_id": "HRK_BRU_5010", "name": "Stahlbetonbrücke BAB A 31", "GEW": "HRK", "stat_von": "5010", "bauart": "Stahlbetonbrücke", "baujahr": null, "upflicht": "NLSTBV", "KTR": null, "FSK": "03310302800051______", "km": "5+010", "bemerk": null, "beschreib": "Bei der Stahlbetonbrücke handelt es sich um eine vierspurige Autobahnbrücke im Zuge der A 31", "beschreib_lang": "Bei der Stahlbetonbrücke handelt es sich um eine vierspurige Autobahnbrücke im Zuge der A 31.", "foto1": "https://nlwkn.hannit-share.de/index.php/core/preview?fileId=11568625&x=1280&y=819&a=true", "foto2": "https://nlwkn.hannit-share.de/index.php/core/preview?fileId=11568627&x=1280&y=819&a=true", "foto3": "https://nlwkn.hannit-share.de/index.php/core/preview?fileId=11568627&x=1280&y=819&a=true", "foto4": "https://nlwkn.hannit-share.de/index.php/core/preview?fileId=11568626&x=1280&y=819&a=true", "link1": null, "link2": null, "rwert": "378101", "hwert": 5853090, "denkmal": "Nein", "bez_urpl": "Autobahnbrücke A31", "Beweglich": "Nein", "BW_NR": "HRK-B2101", "Str_KL": "Bundesautobahn", "Str_Name": "A 31", "F_Breite": "0", "D_Breite": 0.0, "L_hoehe": 0.0, "bw_bru_bruklasse": "60/30", "Field33": null, "Field34": null, "Field35": null, "Field36": null, "Field37": null }, "geometry": { "type": "Point", "coordinates": [ 800531.297417759313248, 6948628.795935555361211 ] } },
{ "type": "Feature", "properties": { "ID_con": 32, "bw_id": "EVK_BRU_5120", "name": "Brücke A 31", "GEW": "EVK", "stat_von": "5120", "bauart": "Stahlbetonbrücke", "baujahr": "2001", "upflicht": "NLSTBV", "KTR": null, "FSK": "033157058000180017__", "km": "5+120", "bemerk": null, "beschreib": "Bei der Stahlbetonbrücke handelt es sich um eine vierspurige Autobahnbrücke im Zuge der A 31", "beschreib_lang": "Bei der Stahlbetonbrücke handelt es sich um eine vierspurige Autobahnbrücke im Zuge der A 31", "foto1": "https://nlwkn.hannit-share.de/index.php/core/preview?fileId=11066746&x=1280&y=819&a=true", "foto2": "https://nlwkn.hannit-share.de/index.php/core/preview?fileId=11066749&x=1280&y=819&a=true", "foto3": "https://nlwkn.hannit-share.de/index.php/core/preview?fileId=11066752&x=1280&y=819&a=true", "foto4": "https://nlwkn.hannit-share.de/index.php/core/preview?fileId=11066755&x=1280&y=819&a=true", "link1": null, "link2": null, "rwert": "380457", "hwert": 5813498, "denkmal": "Nein", "bez_urpl": "Brücke A 31", "Beweglich": "Nein", "BW_NR": "EVK-B2004", "Str_KL": "Bundesautobahn", "Str_Name": "BAB 31", "F_Breite": null, "D_Breite": null, "L_hoehe": 8.25, "bw_bru_bruklasse": "60/30", "Field33": null, "Field34": null, "Field35": null, "Field36": null, "Field37": null }, "geometry": { "type": "Point", "coordinates": [ 806016.491035318351351, 6883467.298272320069373 ] } },
{ "type": "Feature", "properties": { "ID_con": 7, "bw_id": "DIN_BRU_5705", "name": "Brücke K 23, Grenzstraße", "GEW": "DIN", "stat_von": "5705", "bauart": "1-Feld-Stahlbetonbrücke", "baujahr": null, "upflicht": "Landkreis Grafschaft Bentheim", "KTR": null, "FSK": "033143002000140018__", "km": "5+705", "bemerk": null, "beschreib": "Brücke K 23, Grenzstraße", "beschreib_lang": null, "foto1": "https://nlwkn.hannit-share.de/index.php/core/preview?fileId=11067544&x=1280&y=819&a=true", "foto2": "https://nlwkn.hannit-share.de/index.php/core/preview?fileId=11067547&x=1280&y=819&a=true", "foto3": "https://nlwkn.hannit-share.de/index.php/core/preview?fileId=11067550&x=1280&y=819&a=true", "foto4": "https://nlwkn.hannit-share.de/index.php/core/preview?fileId=11067553&x=1280&y=819&a=true", "link1": null, "link2": null, "rwert": "361913", "hwert": 5814683, "denkmal": "Nein", "bez_urpl": "Brücke Grenzstraße (K23)", "Beweglich": "Nein", "BW_NR": null, "Str_KL": "Kreisstraße", "Str_Name": "Grenzstraße", "F_Breite": null, "D_Breite": null, "L_hoehe": null, "bw_bru_bruklasse": null, "Field33": null, "Field34": null, "Field35": null, "Field36": null, "Field37": null }, "geometry": { "type": "Point", "coordinates": [ 775598.822709651547484, 6884613.525896028615534 ] } },
{ "type": "Feature", "properties": { "ID_con": 113, "bw_id": "PCK_BRU_6230", "name": "Holzbrücke Aulen Diek", "GEW": "PCK", "stat_von": "6230", "bauart": "Holzbrücke (Fuß- und Radweg)", "baujahr": "2000??", "upflicht": "Gemeinde Hoogstede", "KTR": null, "FSK": "033125007001300111__", "km": "6+230", "bemerk": null, "beschreib": "Dreifeld-Holzbrücke für den Fuß- und Radwegverkehr. Die Stützpfeiler sind auf den Pfeilern einer abgebauten Drehbrücke aufgestellt.", "beschreib_lang": "Dreifeld-Holzbrücke für den Fuß- und Radwegverkehr. Die Stützpfeiler sind auf den Pfeilern einer abgebauten Drehbrücke aufgestellt.", "foto1": "https://nlwkn.hannit-share.de/index.php/core/preview?fileId=11061050&x=1280&y=819&a=true", "foto2": "https://nlwkn.hannit-share.de/index.php/core/preview?fileId=11061053&x=1280&y=819&a=true", "foto3": "https://nlwkn.hannit-share.de/index.php/core/preview?fileId=11061056&x=1280&y=819&a=true", "foto4": "https://nlwkn.hannit-share.de/index.php/core/preview?fileId=11061059&x=1280&y=819&a=true", "link1": null, "link2": null, "rwert": "364104", "hwert": 5828544, "denkmal": "Nein", "bez_urpl": "Holzbrücke Aulen Diek", "Beweglich": "Nein", "BW_NR": "PCK-B2114", "Str_KL": "Unterhaltungsweg", "Str_Name": "Aulen Diek / Kanalstraße", "F_Breite": null, "D_Breite": 6.5, "L_hoehe": 1.25, "bw_bru_bruklasse": null, "Field33": null, "Field34": null, "Field35": null, "Field36": null, "Field37": null }, "geometry": { "type": "Point", "coordinates": [ 778555.704743544803932, 6907501.287353976629674 ] } },
{ "type": "Feature", "properties": { "ID_con": 8, "bw_id": "DIN_BRU_6840", "name": "Brücke, Wehrweg", "GEW": "DIN", "stat_von": "6840", "bauart": "2-Feld-Stahlbetonbrücke", "baujahr": "2020", "upflicht": "Stadt Neuenhaus", "KTR": null, "FSK": "033143003001420005__", "km": "6+840", "bemerk": "Brücke Sohlgleite War", "beschreib": "Brücke Wehrweg an der Sohlgleite War", "beschreib_lang": null, "foto1": "https://nlwkn.hannit-share.de/index.php/core/preview?fileId=11067556&x=1280&y=819&a=true", "foto2": "https://nlwkn.hannit-share.de/index.php/core/preview?fileId=11067559&x=1280&y=819&a=true", "foto3": "https://nlwkn.hannit-share.de/index.php/core/preview?fileId=11067562&x=1280&y=819&a=true", "foto4": "https://nlwkn.hannit-share.de/index.php/core/preview?fileId=11067565&x=1280&y=819&a=true", "link1": null, "link2": null, "rwert": "361492", "hwert": 5813651, "denkmal": "Nein", "bez_urpl": "Brücke Wehrweg", "Beweglich": "Nein", "BW_NR": null, "Str_KL": "Gemeindestraße", "Str_Name": "Wehrweg", "F_Breite": null, "D_Breite": null, "L_hoehe": null, "bw_bru_bruklasse": null, "Field33": null, "Field34": null, "Field35": null, "Field36": null, "Field37": null }, "geometry": { "type": "Point", "coordinates": [ 774957.117528354167007, 6882900.071841866709292 ] } },
{ "type": "Feature", "properties": { "ID_con": 114, "bw_id": "PCK_BRU_6875", "name": "Holzbrücke Bathorner Diek", "GEW": "PCK", "stat_von": "6875", "bauart": "Holzbrücke", "baujahr": null, "upflicht": "Gemeinde Hoogstede", "KTR": null, "FSK": "033125007001300111__", "km": "6+875", "bemerk": null, "beschreib": "Dreifeld-Holzbrücke für den Fuß- und Radwegverkehr", "beschreib_lang": "Dreifeld-Holzbrücke für den Fuß- und Radwegverkehr", "foto1": "https://nlwkn.hannit-share.de/index.php/core/preview?fileId=11061062&x=1280&y=819&a=true", "foto2": "https://nlwkn.hannit-share.de/index.php/core/preview?fileId=11061065&x=1280&y=819&a=true", "foto3": null, "foto4": null, "link1": null, "link2": null, "rwert": "363697", "hwert": 5829046, "denkmal": "Nein", "bez_urpl": "Fuß- und Radwegbrücke Bathorner Diek", "Beweglich": "Nein", "BW_NR": "PCK-B2115", "Str_KL": "Fuß-/Radweg", "Str_Name": "Bathorner Diek", "F_Breite": null, "D_Breite": 7.0, "L_hoehe": 1.5, "bw_bru_bruklasse": null, "Field33": null, "Field34": null, "Field35": null, "Field36": null, "Field37": null }, "geometry": { "type": "Point", "coordinates": [ 777864.315699502942152, 6908309.098047694191337 ] } },
{ "type": "Feature", "properties": { "ID_con": 115, "bw_id": "PCK_BRU_6885", "name": "Brücke Kreisstraße K 15", "GEW": "PCK", "stat_von": "6885", "bauart": "Stahlbetonbrücke", "baujahr": "1968", "upflicht": "Landkreis Grafschaft Bentheim", "KTR": null, "FSK": "033125007001300111__", "km": "6+885", "bemerk": null, "beschreib": "Dreifeld-Stahlbetonbrücke im Zuge der Kreisstraße     K 15", "beschreib_lang": "Dreifeld-Stahlbetonbrücke im Zuge der Kreisstraße     K 15", "foto1": "https://nlwkn.hannit-share.de/index.php/core/preview?fileId=11061068&x=1280&y=819&a=true", "foto2": "https://nlwkn.hannit-share.de/index.php/core/preview?fileId=11061071&x=1280&y=819&a=true", "foto3": "https://nlwkn.hannit-share.de/index.php/core/preview?fileId=11061074&x=1280&y=819&a=true", "foto4": null, "link1": null, "link2": null, "rwert": "363691", "hwert": 5829052, "denkmal": "Nein", "bez_urpl": "Brücke K 15 Bathorner Diek", "Beweglich": "Nein", "BW_NR": "PCK-B2116", "Str_KL": "Kreisstraße", "Str_Name": "Bathorner Diek", "F_Breite": "7.5", "D_Breite": 6.0, "L_hoehe": 1.5, "bw_bru_bruklasse": "60", "Field33": null, "Field34": null, "Field35": null, "Field36": null, "Field37": null }, "geometry": { "type": "Point", "coordinates": [ 777854.186392106115818, 6908318.701088041998446 ] } },
{ "type": "Feature", "properties": { "ID_con": 179, "bw_id": "SNK_BRU_7395", "name": "Brücke Neuenhauser Straße L 45", "GEW": "SNK", "stat_von": "7395", "bauart": "Stahlbetonbrücke", "baujahr": "1976", "upflicht": "NLSTBV", "KTR": null, "FSK": "033154012000370030__", "km": "7+395", "bemerk": null, "beschreib": "Einfeld-Stahlbetonbrücke über dem ehemaligen Unterhaupt der Schleuse III im Zuge der Landesstraße L 45", "beschreib_lang": "Einfeld-Stahlbetonbrücke über dem ehemaligen Unterhaupt der Schleuse III im Zuge der Landesstraße L 45", "foto1": "https://nlwkn.hannit-share.de/index.php/core/preview?fileId=11058863&x=1280&y=819&a=true", "foto2": "https://nlwkn.hannit-share.de/index.php/core/preview?fileId=11058866&x=1280&y=819&a=true", "foto3": "https://nlwkn.hannit-share.de/index.php/core/preview?fileId=11058869&x=1280&y=819&a=true", "foto4": "https://nlwkn.hannit-share.de/index.php/core/preview?fileId=11058872&x=1280&y=819&a=true", "link1": "https://nlwkn.hannit-share.de/index.php/core/preview?fileId=11058875&x=1280&y=819&a=true", "link2": "https://nlwkn.hannit-share.de/index.php/core/preview?fileId=11058878&x=1280&y=819&a=true", "rwert": "370653", "hwert": 5820154, "denkmal": "Nein", "bez_urpl": "Brücke Neuenhauser Straße (L45)", "Beweglich": "Nein", "BW_NR": "SNK-B2040", "Str_KL": "Landesstraße", "Str_Name": "Neuenhauser Straße", "F_Breite": "6.5", "D_Breite": 10.0, "L_hoehe": 2.0999999046325701, "bw_bru_bruklasse": "60/30", "Field33": null, "Field34": null, "Field35": null, "Field36": null, "Field37": null }, "geometry": { "type": "Point", "coordinates": [ 789675.202756990795024, 6893992.038706062361598 ] } },
{ "type": "Feature", "properties": { "ID_con": 35, "bw_id": "EVK_BRU_7530", "name": "Brücke Klausheide", "GEW": "EVK", "stat_von": "7530", "bauart": "1-Feld-Stahlbetonbrücke", "baujahr": "2003", "upflicht": "NLWKN / Bundeswehr", "KTR": "MBDVE21800", "FSK": "03315704200063______", "km": "7+530", "bemerk": "Vertrag Bundeswehr verknüpfen???", "beschreib": "Die Einfeld-Stahlbetonbrücke dient als Zufahrt für den südlich des Kanals gelegenen Bombenabwurfplatz Nordhorn-Range. Die Brücke wird aber aufgrund eines Nutzungsvertrags von der zuständigen Wehrbereichsverwaltung der Bundeswehr unterhalten.", "beschreib_lang": "Die Einfeld-Stahlbetonbrücke dient als Zufahrt für den südlich des Kanals gelegenen Bombenabwurfplatz Nordhorn-Range. Die Brücke wird aber aufgrund eines Nutzungsvertrags von der zuständigen Wehrbereichsverwaltung der Bundeswehr unterhalten", "foto1": "https://nlwkn.hannit-share.de/index.php/core/preview?fileId=11066770&x=1280&y=819&a=true", "foto2": "https://nlwkn.hannit-share.de/index.php/core/preview?fileId=11066773&x=1280&y=819&a=true", "foto3": "https://nlwkn.hannit-share.de/index.php/core/preview?fileId=11066776&x=1280&y=819&a=true", "foto4": "https://nlwkn.hannit-share.de/index.php/core/preview?fileId=11066779&x=1280&y=819&a=true", "link1": null, "link2": null, "rwert": "378239", "hwert": 5812548, "denkmal": "Nein", "bez_urpl": "Klausheider Brücke", "Beweglich": "Nein", "BW_NR": "EVK-B1005", "Str_KL": "Gemeindestraße", "Str_Name": "Lohner Flugplatzstraße", "F_Breite": "3.5", "D_Breite": null, "L_hoehe": 4.6999998092651403, "bw_bru_bruklasse": "30/30", "Field33": null, "Field34": null, "Field35": null, "Field36": null, "Field37": null }, "geometry": { "type": "Point", "coordinates": [ 802423.022017847164534, 6881818.412605042569339 ] } },
{ "type": "Feature", "properties": { "ID_con": 58, "bw_id": "HAS_BRU_7940", "name": "K 224 (Bokeloh, Römerstraße)", "GEW": "HAS", "stat_von": "7940", "bauart": "4-Feld-Stahlbetonbrücke", "baujahr": "2015-2017", "upflicht": "Landkreis Emsland", "KTR": null, "FSK": "033219004000010001__", "km": "7+940", "bemerk": "!!VErtrag!!", "beschreib": "Die K 224 verbindet die Ortschaften Bokeloh und Helte im Landkreis Emsland. Im Zuge dieser Kreisstraße wird in Bokeloh der Wasserlauf Hase mit einer Brücke überquert.", "beschreib_lang": "<div>Die K224 verbindet die Ortschaften Bokeloh und Helte im Landkreis Emsland. Im Zuge dieser Kreisstraße wird in Bokeloh der Wasserlauf Hase mit einer Brücke überquert. Bei dieser Brücke sind erhebliche Defizite hinsichtlich der Tragfähigkeit festgestellt worden. Aus diesem Grund wurden wir am 08.07.2015 vom Landkreis Emsland mit dem Ersatzneubau der Hasebrücke beauftragt.</div>_x000d_\n_x000d_\n<div>Die bestehende Brücke besaß einen dreifeldrigen Überbau. Die beiden Pfeiler waren im Fluss mittels Pfählen tiefgegründet. Weil die neue Brücke in der Trasse der alten errichtet werden sollte, hätten bei einem neuen dreifeldrigen Überbau die neuen Pfeiler neben den vorhandenen gegründet werden müssen. Daher wurde ein vierfeldriges, semiintegrales System mit einem zusätzlichen Pfeiler in der Flussmitte gewählt.</div>_x000d_\n_x000d_\n<div>Der Abbruch des vorhandenen Bauwerks, sowie der Bau der neuen Brücke mussten unter Aufrechterhaltung des öffentlichen Verkehrs erfolgen. Hierzu wurde parallel zu der neu herzustellenden Brücke eine einspurige Behelfsumfahrung mit Radweg hergestellt.</div>_x000d_\n_x000d_\n<div>Im Rahmen der Vorbereitungen für die Behelfsumfahrung sind wiederholt Hindernisse im Baugrund aufgetreten. Nach umfangreichen Erkundungsmaßnahmen mit Probebohrungen war eine Verschiebung der Behelfsbrückenachse von 1,5m erforderlich. Auch bei den Verbauarbeiten im Bereich des Mittelpfeilers sind Hindernisse im Baugrund vorgefunden worden. Hier wurde u.a. eine Mooreiche mit einem Stammdurchmesser von 0,8 m und einer Länge von rund 6,0 m geborgen. Im Zuge der Herstellung der Bohrpfähle sind erneut Hindernisse im Baugrund in Form von eintreibenden Boden aufgetreten. Aufgrund dessen musste das Bohrverfahren mit einer Stützflüssigkeit (Bentonit) zur Steigerung der Auflast umgestellt bzw. ausgeführt werden. Durch die erheblichen Probleme im Baugrund war eine signifikante Verzögerung zu verzeichnen. Damit verschoben sich enorm Wetterabhängige Arbeiten, wie die Herstellung der Kappen und die Abdichtungsarbeiten des Überbaus, in den Winter</div>", "foto1": "https://nlwkn.hannit-share.de/index.php/core/preview?fileId=11063743&x=1280&y=819&a=true", "foto2": "https://nlwkn.hannit-share.de/index.php/core/preview?fileId=11063746&x=1280&y=819&a=true", "foto3": "https://nlwkn.hannit-share.de/index.php/core/preview?fileId=11063749&x=1280&y=819&a=true", "foto4": "https://nlwkn.hannit-share.de/index.php/core/preview?fileId=11063752&x=1280&y=819&a=true", "link1": null, "link2": null, "rwert": "388319", "hwert": 5839655, "denkmal": "Nein", "bez_urpl": "Brücke Bokeloh (K224)", "Beweglich": "Nein", "BW_NR": null, "Str_KL": "Kreisstraße", "Str_Name": "Römerstraße", "F_Breite": null, "D_Breite": null, "L_hoehe": null, "bw_bru_bruklasse": null, "Field33": null, "Field34": null, "Field35": null, "Field36": null, "Field37": null }, "geometry": { "type": "Point", "coordinates": [ 817910.073342210263945, 6926830.529475267976522 ] } },
{ "type": "Feature", "properties": { "ID_con": 2613, "bw_id": "PCK_BRU_8660", "name": "Rad- und Fußwegbrücke (Kanalquerung Hinrich-Wilhelm-Kopfstraße)", "GEW": "PCK", "stat_von": "8660", "bauart": "einfeldrige Stahlbrücke", "baujahr": "2025", "upflicht": "Gemeinde Ringe", "KTR": null, "FSK": "033127004000790009__", "km": "8+660", "bemerk": null, "beschreib": "Die Brücke ist als einfeldriges Stahlbauwerk gebaut, hat eine Stützweite von 20,30 m und dient der Querung des Kanals vom 2025 ausgebauten Radweg in Richtung Hinrich-Wilhelm-Kopfstraße auf der Nordseite des Kanals.", "beschreib_lang": "Die Brücke ist als einfeldriges Stahlbauwerk gebaut, hat eine Stützweite von 20,30 m und dient der Querung des Kanals vom 2025 ausgebauten Radweg in Richtung Hinrich-Wilhelm-Kopfstraße auf der Nordseite des Kanals. Die Brücke wurde als Stahlkonstruktion eingehoben. Der Überbau der Brücke besteht aus einem Stahlträgerrost mit einem Stahlblech als Belag.", "foto1": "https://nlwkn.hannit-share.de/index.php/core/preview?fileId=11546995&x=1280&y=819&a=true", "foto2": "https://nlwkn.hannit-share.de/index.php/core/preview?fileId=11546996&x=1280&y=819&a=true", "foto3": "https://nlwkn.hannit-share.de/index.php/core/preview?fileId=11546997&x=1280&y=819&a=true", "foto4": "https://nlwkn.hannit-share.de/index.php/core/preview?fileId=11546998&x=1280&y=819&a=true", "link1": null, "link2": null, "rwert": "362382", "hwert": 5830237, "denkmal": "Nein", "bez_urpl": "Rad- und Fußwegbrücke (Kanalquerung Hinrich-Wilhelm-Kopfstraße)", "Beweglich": "Nein", "BW_NR": null, "Str_KL": "Fuß-/Radweg", "Str_Name": "Querung von der Südseite zur Hinrich-Wilhelm-Kopfstraße auf der Nordseite", "F_Breite": "2.5", "D_Breite": 19.600000381469702, "L_hoehe": 1.5, "bw_bru_bruklasse": "Fuß- und Radwegbrück", "Field33": null, "Field34": null, "Field35": null, "Field36": null, "Field37": null }, "geometry": { "type": "Point", "coordinates": [ 775649.474121272563934, 6910209.511884015984833 ] } },
{ "type": "Feature", "properties": { "ID_con": 9, "bw_id": "DIN_BRU_8850", "name": "Wirtschaftsbrücke (zum  Dalenhoek)", "GEW": "DIN", "stat_von": "8850", "bauart": "1-Feld-Stahlbrücke", "baujahr": null, "upflicht": "Gemeinde Halle", "KTR": null, "FSK": "033143006002120006__", "km": "8+850", "bemerk": null, "beschreib": "Wirtschaftsbrücke (zum  Dalenhoek)", "beschreib_lang": null, "foto1": "https://nlwkn.hannit-share.de/index.php/core/preview?fileId=11067568&x=1280&y=819&a=true", "foto2": "https://nlwkn.hannit-share.de/index.php/core/preview?fileId=11067571&x=1280&y=819&a=true", "foto3": "https://nlwkn.hannit-share.de/index.php/core/preview?fileId=11067574&x=1280&y=819&a=true", "foto4": "https://nlwkn.hannit-share.de/index.php/core/preview?fileId=11067577&x=1280&y=819&a=true", "link1": null, "link2": null, "rwert": "360597", "hwert": 5811988, "denkmal": "Nein", "bez_urpl": "Brücke Dalenhoek", "Beweglich": "Nein", "BW_NR": null, "Str_KL": "Gemeindestraße", "Str_Name": "zum  Dalenhoek", "F_Breite": null, "D_Breite": 0.0, "L_hoehe": 0.0, "bw_bru_bruklasse": null, "Field33": null, "Field34": null, "Field35": null, "Field36": null, "Field37": null }, "geometry": { "type": "Point", "coordinates": [ 773569.148389933514409, 6880129.537679370492697 ] } },
{ "type": "Feature", "properties": { "ID_con": 2409, "bw_id": "SNK_BRU_9185", "name": "Brücke Bermegraben (Auslauf Düker Soermannsbach)", "GEW": "SNK", "stat_von": "9185", "bauart": "Kastendurchlass", "baujahr": null, "upflicht": "Gemeinde Osterwald", "KTR": null, "FSK": "033123002002410078__", "km": "9+185", "bemerk": null, "beschreib": "Brücke Bermegraben über dem Auslauf Düker Soermannsbach", "beschreib_lang": "Brücke Bermegraben über dem Auslauf Düker Soermannsbach", "foto1": "https://nlwkn.hannit-share.de/index.php/core/preview?fileId=11058902&x=1280&y=819&a=true", "foto2": "https://nlwkn.hannit-share.de/index.php/core/preview?fileId=11058905&x=1280&y=819&a=true", "foto3": "https://nlwkn.hannit-share.de/index.php/core/preview?fileId=11058908&x=1280&y=819&a=true", "foto4": "https://nlwkn.hannit-share.de/index.php/core/preview?fileId=11058911&x=1280&y=819&a=true", "link1": null, "link2": null, "rwert": "370241", "hwert": 5821861, "denkmal": "Nein", "bez_urpl": "Brücke Bermegraben (Auslauf Düker Soermannsbach)", "Beweglich": "Nein", "BW_NR": null, "Str_KL": "Unterhaltungsweg", "Str_Name": "Brücke zur Nordhorner Straße (K17)", "F_Breite": null, "D_Breite": null, "L_hoehe": null, "bw_bru_bruklasse": null, "Field33": null, "Field34": null, "Field35": null, "Field36": null, "Field37": null }, "geometry": { "type": "Point", "coordinates": [ 788925.520973286824301, 6896780.314158382825553 ] } },
{ "type": "Feature", "properties": { "ID_con": 70, "bw_id": "HRK_BRU_9210", "name": "Klappbrücke (Erika-Schul-Brücke)", "GEW": "HRK", "stat_von": "9210", "bauart": "Klappbrücke", "baujahr": "1986", "upflicht": "Stadt Haren", "KTR": null, "FSK": "031736002004070001__", "km": "9+210", "bemerk": null, "beschreib": "Klappbrücke im Zuge der Gemeindestraße „Oberlangener Straße“. Es handelt sich hier um eine elektrisch angetriebene einspurige asymmetrische Drehbrücke.", "beschreib_lang": "Denkmalgeschützte Klappbrücke (ID: 35919398) im Zuge der Gemeindestraße „Oberlangener Straße“_x000d_\nBei der Brücke handelt es sich ebenfalls um eine Klappbrücke mit einem hoch liegenden Waagebalken. Auch hier wird die Brücke durch einen Hydraulikzylinder  elektrohydraulisch angetrieben.", "foto1": "https://nlwkn.hannit-share.de/index.php/core/preview?fileId=11062387&x=1280&y=819&a=true", "foto2": "https://nlwkn.hannit-share.de/index.php/core/preview?fileId=11062390&x=1280&y=819&a=true", "foto3": "https://nlwkn.hannit-share.de/index.php/core/preview?fileId=11062393&x=1280&y=819&a=true", "foto4": "https://nlwkn.hannit-share.de/index.php/core/preview?fileId=11062396&x=1280&y=819&a=true", "link1": null, "link2": null, "rwert": "375138", "hwert": 5855421, "denkmal": "Ja", "bez_urpl": "Erika-Schul-Brücke", "Beweglich": "Ja", "BW_NR": "HRK-B2103", "Str_KL": "Gemeindestraße", "Str_Name": "Oberlanger Straße", "F_Breite": "0", "D_Breite": 0.0, "L_hoehe": 0.0, "bw_bru_bruklasse": null, "Field33": null, "Field34": null, "Field35": null, "Field36": null, "Field37": null }, "geometry": { "type": "Point", "coordinates": [ 795540.761538241524249, 6952362.26996970269829 ] } },
{ "type": "Feature", "properties": { "ID_con": 2612, "bw_id": "PCK_BRU_9740", "name": "Stahlbrücke Industriestraße", "GEW": "PCK", "stat_von": "9740", "bauart": "einfeldrige Stahlbrücke", "baujahr": "2025", "upflicht": "Gemeinde Ringe", "KTR": null, "FSK": "033127004000170016__", "km": "9+740", "bemerk": null, "beschreib": "Fuß- und Radwegbrücke zur Kanalquerung im Zuge des Radwegeausbaus an der K 19 (Industriestraße, Unterhaltungsweg)", "beschreib_lang": "Diese Fuß- und Radwegbrücke verbindet den südlichen Radweg mit der Industriestraße. An diesem Bauwerk wird die Rampe des Radweges aufgrund der Geländeanhebung in einer Breite von 3,00 m vorgesehen, um die Befahrbarkeit für den Unterhaltungsdienst des NLWKN zu gewährleisten.", "foto1": "https://nlwkn.hannit-share.de/index.php/core/preview?fileId=11546999&x=1280&y=819&a=true", "foto2": "https://nlwkn.hannit-share.de/index.php/core/preview?fileId=11547000&x=1280&y=819&a=true", "foto3": "https://nlwkn.hannit-share.de/index.php/core/preview?fileId=11547001&x=1280&y=819&a=true", "foto4": "https://nlwkn.hannit-share.de/index.php/core/preview?fileId=11547004&x=1280&y=819&a=true", "link1": null, "link2": null, "rwert": "361497", "hwert": 5830838, "denkmal": "Nein", "bez_urpl": "uß- und Radwegbrücke im Zuge des Radwegeausbaus  (Industriestraße, Unterhaltungsweg)", "Beweglich": "Nein", "BW_NR": null, "Str_KL": "Fuß-/Radweg", "Str_Name": "Industriestraße / Unterhaltungsweg", "F_Breite": "2.5", "D_Breite": 18.399999618530298, "L_hoehe": 1.5, "bw_bru_bruklasse": "Fuß- und Radwegbrück", "Field33": null, "Field34": null, "Field35": null, "Field36": null, "Field37": null }, "geometry": { "type": "Point", "coordinates": [ 774167.640054698800668, 6911158.084357195533812 ] } },
{ "type": "Feature", "properties": { "ID_con": 88, "bw_id": "PCK_BRU_11450", "name": "Brücke Brookstraße", "GEW": "PCK", "stat_von": "11450", "bauart": "Stahlbetonbrücke", "baujahr": "1986", "upflicht": "Gemeinde Ringe", "KTR": null, "FSK": "033128004000180022__", "km": "11+450", "bemerk": null, "beschreib": "Dreifeld-Stahlbetonbrücke im Zuge der Gemeindestraße „Brookstraße“", "beschreib_lang": "Dreifeld-Stahlbetonbrücke im Zuge der Gemeindestraße „Brookstraße“", "foto1": "https://nlwkn.hannit-share.de/index.php/core/preview?fileId=11546107&x=1280&y=819&a=true", "foto2": "https://nlwkn.hannit-share.de/index.php/core/preview?fileId=11546108&x=1280&y=819&a=true", "foto3": "https://nlwkn.hannit-share.de/index.php/core/preview?fileId=11546109&x=1280&y=819&a=true", "foto4": "https://nlwkn.hannit-share.de/index.php/core/preview?fileId=11546110&x=1280&y=819&a=true", "link1": null, "link2": null, "rwert": "359883", "hwert": 5831234, "denkmal": "Nein", "bez_urpl": "Brücke Brookstraße", "Beweglich": "Nein", "BW_NR": "PCK-B2126", "Str_KL": "Gemeindestraße", "Str_Name": "Brookstraße", "F_Breite": "3.5", "D_Breite": 7.5, "L_hoehe": 1.29999995231628, "bw_bru_bruklasse": "30", "Field33": null, "Field34": null, "Field35": null, "Field36": null, "Field37": null }, "geometry": { "type": "Point", "coordinates": [ 771497.314262710395269, 6911734.436038977466524 ] } },
{ "type": "Feature", "properties": { "ID_con": 2611, "bw_id": "PCK_BRU_11920", "name": "Stahlbrücke zur Kanalquerung (Ellsweg / Feldkampweg)", "GEW": "PCK", "stat_von": "11920", "bauart": "einfeldrige Stahlbrücke", "baujahr": "2025", "upflicht": "Gemeinde Ringe", "KTR": null, "FSK": "033128010000320018__", "km": "11+920", "bemerk": "Geh- und Radwegbrücke über den Piccardie-CoevordenKanal (ehemals 1.BA)", "beschreib": "Fuß- und Radwegbrücke im Zuge des Radwegeausbaus an der K 19 zur Kanalquerung in Höhe Ellsweg / Feldkampweg", "beschreib_lang": "Fuß- und Radwegbrücke im Zuge des Radwegeausbaus K 19 in Höhe Ellsweg / Feldkampweg  Der Radweg wird als Unterhaltungsweg für den Niedersächsischen Landesbetrieb für Wasserwirtschaft, Küsten- und Naturschutz (NLWKN) genutzt.", "foto1": "https://nlwkn.hannit-share.de/index.php/core/preview?fileId=11547003&x=1280&y=819&a=true", "foto2": "https://nlwkn.hannit-share.de/index.php/core/preview?fileId=11547002&x=1280&y=819&a=true", "foto3": "https://nlwkn.hannit-share.de/index.php/core/preview?fileId=11547005&x=1280&y=819&a=true", "foto4": "https://nlwkn.hannit-share.de/index.php/core/preview?fileId=11547006&x=1280&y=819&a=true", "link1": null, "link2": null, "rwert": "359449", "hwert": 5831447, "denkmal": "Nein", "bez_urpl": "Geh- und Radwegbrücke über den Piccardie-CoevordenKanal (ehemals 1.BA)", "Beweglich": "Nein", "BW_NR": null, "Str_KL": "Fuß-/Radweg", "Str_Name": "Kanalquerung K 19, Querung PCK", "F_Breite": "2.73000001907349", "D_Breite": 17.0, "L_hoehe": 1.5, "bw_bru_bruklasse": "Fuß- und Radwegbrück", "Field33": null, "Field34": null, "Field35": null, "Field36": null, "Field37": null }, "geometry": { "type": "Point", "coordinates": [ 770774.167667848058045, 6912064.717445804737508 ] } },
{ "type": "Feature", "properties": { "ID_con": 43, "bw_id": "HAS_BRU_11975", "name": "Dörgener Brücke", "GEW": "HAS", "stat_von": "11975", "bauart": "Stahl-Fachwerkbrücke", "baujahr": "2020", "upflicht": "Stadt Meppen / Stadt Haselünne", "KTR": null, "FSK": "033219001000010024__", "km": "11+975", "bemerk": null, "beschreib": "Fuß-/Radwegbrücke (Dörgener Brücke). Die Brücke wurde in 2020 vollständig saniert.", "beschreib_lang": "<div>Landschaftlich in einer reizvollen Umgebung zwischen den Ortseilen Dörgen und Bokeloh gelegen, stellt die Dörgener Brücke schon seit Jahrzehnten eine wichtige Verbindung für Radfahrer und Fußwanderer zwischen Meppen und Haselünne dar. &nbsp;Die Fuß-/Radwegbrücke wurde in 2020 vollständig saniert.</div>", "foto1": "https://nlwkn.hannit-share.de/index.php/core/preview?fileId=11063557&x=1280&y=819&a=true", "foto2": "https://nlwkn.hannit-share.de/index.php/core/preview?fileId=11063560&x=1280&y=819&a=true", "foto3": "https://nlwkn.hannit-share.de/index.php/core/preview?fileId=11063563&x=1280&y=819&a=true", "foto4": null, "link1": null, "link2": null, "rwert": "390014", "hwert": 5839140, "denkmal": "Nein", "bez_urpl": "Dörgener Brücke", "Beweglich": "Nein", "BW_NR": null, "Str_KL": "Fuß-/Radweg", "Str_Name": "Fuß- und Radweg", "F_Breite": null, "D_Breite": null, "L_hoehe": null, "bw_bru_bruklasse": "Fuß-/Radwegbrücke", "Field33": null, "Field34": null, "Field35": null, "Field36": null, "Field37": null }, "geometry": { "type": "Point", "coordinates": [ 820720.069848921964876, 6926044.231689219363034 ] } },
{ "type": "Feature", "properties": { "ID_con": 61, "bw_id": "HRK_BRU_12065", "name": "Drehbrücke Billerei", "GEW": "HRK", "stat_von": "12065", "bauart": "Drehbrücke", "baujahr": "1986", "upflicht": "Stadt Haren", "KTR": null, "FSK": "031726022000020001__", "km": "12+065", "bemerk": null, "beschreib": "Drehbrücke im Zuge der Gemeindestraße „Billerei“", "beschreib_lang": "Denkmal geschützte Drehbrücke (ID: 35921369) im Zuge der Gemeindestraße „Billerei“_x000d_\n _x000d_\nEs handelt sich hier um eine elektrisch angetriebene einspurige asymmetrische Drehbrücke", "foto1": "https://nlwkn.hannit-share.de/index.php/core/preview?fileId=11062294&x=1280&y=819&a=true", "foto2": "https://nlwkn.hannit-share.de/index.php/core/preview?fileId=11062297&x=1280&y=819&a=true", "foto3": "https://nlwkn.hannit-share.de/index.php/core/preview?fileId=11062300&x=1280&y=819&a=true", "foto4": "https://nlwkn.hannit-share.de/index.php/core/preview?fileId=11062303&x=1280&y=819&a=true", "link1": null, "link2": null, "rwert": "372493", "hwert": 5856477, "denkmal": "Ja", "bez_urpl": "Billereibrücke", "Beweglich": "Ja", "BW_NR": "HRK-B2105", "Str_KL": "Gemeindestraße", "Str_Name": "Billerei", "F_Breite": "0", "D_Breite": 0.0, "L_hoehe": 0.0, "bw_bru_bruklasse": null, "Field33": null, "Field34": null, "Field35": null, "Field36": null, "Field37": null }, "geometry": { "type": "Point", "coordinates": [ 791126.528504835674539, 6953996.605944727547467 ] } },
{ "type": "Feature", "properties": { "ID_con": 133, "bw_id": "SNK_BRU_12360", "name": "Stahlbetonbrücke Kreisstraße K 13", "GEW": "SNK", "stat_von": "12360", "bauart": "Stahlbetonbrücke", "baujahr": "1977", "upflicht": "Landkreis Grafschaft Bentheim", "KTR": null, "FSK": "033121014001050102__", "km": "12+360", "bemerk": null, "beschreib": "Einfeld-Stahlbetonbrücke im Zuge der Kreisstraße K 13. Die Brücke wurde in 2014 umfassend saniert.", "beschreib_lang": "Einfeld-Stahlbetonbrücke im Zuge der Kreisstraße K 13. Die Brücke wurde in 2014 umfassend saniert.", "foto1": "https://nlwkn.hannit-share.de/index.php/core/preview?fileId=11058386&x=1280&y=819&a=true", "foto2": "https://nlwkn.hannit-share.de/index.php/core/preview?fileId=11058389&x=1280&y=819&a=true", "foto3": "https://nlwkn.hannit-share.de/index.php/core/preview?fileId=11058392&x=1280&y=819&a=true", "foto4": "https://nlwkn.hannit-share.de/index.php/core/preview?fileId=11058395&x=1280&y=819&a=true", "link1": null, "link2": null, "rwert": "370018", "hwert": 5825006, "denkmal": "Nein", "bez_urpl": "Brücke Füchtenfelder Straße (K13)", "Beweglich": "Nein", "BW_NR": "SNK-B2049", "Str_KL": "Kreisstraße", "Str_Name": "Füchtenfelder Straße", "F_Breite": "6.5", "D_Breite": 8.0, "L_hoehe": 1.70000004768372, "bw_bru_bruklasse": "60", "Field33": null, "Field34": null, "Field35": null, "Field36": null, "Field37": null }, "geometry": { "type": "Point", "coordinates": [ 788422.686660864623263, 6901943.275169220753014 ] } },
{ "type": "Feature", "properties": { "ID_con": 89, "bw_id": "PCK_BRU_12850", "name": "Brücke Höftestraße", "GEW": "PCK", "stat_von": "12850", "bauart": "Stahlbetonbrücke", "baujahr": "1978", "upflicht": "Gemeinde Ringe", "KTR": null, "FSK": "033128009000420021__", "km": "12+850", "bemerk": null, "beschreib": "Dreifeld-Stahlbetonbrücke im Zuge der Gemeindestraße „Höftestraße“", "beschreib_lang": "Dreifeld-Stahlbetonbrücke im Zuge der Gemeindestraße „Höftestraße“", "foto1": "https://nlwkn.hannit-share.de/index.php/core/preview?fileId=11546111&x=1280&y=819&a=true", "foto2": "https://nlwkn.hannit-share.de/index.php/core/preview?fileId=11546112&x=1280&y=819&a=true", "foto3": "https://nlwkn.hannit-share.de/index.php/core/preview?fileId=11546114&x=1280&y=819&a=true", "foto4": "https://nlwkn.hannit-share.de/index.php/core/preview?fileId=11546113&x=1280&y=819&a=true", "link1": null, "link2": null, "rwert": "358555", "hwert": 5831598, "denkmal": "Nein", "bez_urpl": "Brücke Höftestraße", "Beweglich": "Nein", "BW_NR": "PCK-B2127", "Str_KL": "Gemeindestraße", "Str_Name": "Höftestraße", "F_Breite": "5", "D_Breite": 5.4000000953674299, "L_hoehe": 1.20000004768372, "bw_bru_bruklasse": "30", "Field33": null, "Field34": null, "Field35": null, "Field36": null, "Field37": null }, "geometry": { "type": "Point", "coordinates": [ 769298.074706659186631, 6912270.890822738409042 ] } },
{ "type": "Feature", "properties": { "ID_con": 134, "bw_id": "SNK_BRU_12920", "name": "Holzbrücke Georgsdorf I", "GEW": "SNK", "stat_von": "12920", "bauart": "Holzbrücke", "baujahr": "1985", "upflicht": "Gemeinde Georgsdorf", "KTR": null, "FSK": "033121014001140100__", "km": "12+920", "bemerk": null, "beschreib": "Dreifeld-Holzbrücke für Fußgänger und Radfahrer", "beschreib_lang": "Dreifeld-Holzbrücke für Fußgänger und Radfahrer", "foto1": "https://nlwkn.hannit-share.de/index.php/core/preview?fileId=11058398&x=1280&y=819&a=true", "foto2": "https://nlwkn.hannit-share.de/index.php/core/preview?fileId=11058401&x=1280&y=819&a=true", "foto3": "https://nlwkn.hannit-share.de/index.php/core/preview?fileId=11058404&x=1280&y=819&a=true", "foto4": "https://nlwkn.hannit-share.de/index.php/core/preview?fileId=11058407&x=1280&y=819&a=true", "link1": null, "link2": null, "rwert": "370017", "hwert": 5825564, "denkmal": "Nein", "bez_urpl": "Holzbrücke Georgsdorf I", "Beweglich": "Nein", "BW_NR": "SNK-B2051", "Str_KL": "Fuß-/Radweg", "Str_Name": "Am Kanal / Eichenweg", "F_Breite": "2", "D_Breite": 8.25, "L_hoehe": 2.0, "bw_bru_bruklasse": "Fuß-/Radwegbrücke", "Field33": null, "Field34": null, "Field35": null, "Field36": null, "Field37": null }, "geometry": { "type": "Point", "coordinates": [ 788396.698861256241798, 6902861.338115421123803 ] } },
{ "type": "Feature", "properties": { "ID_con": 62, "bw_id": "HRK_BRU_13430", "name": "Schleusendrehbrücke Schleuse IV (Grenzschleuse)", "GEW": "HRK", "stat_von": "13430", "bauart": "Einfeld-Drehbrücke mit orthotroper Fahrbahnplatte", "baujahr": "1986", "upflicht": "Stadt Haren", "KTR": null, "FSK": "031726023000460001__", "km": "13+430", "bemerk": null, "beschreib": "Über dem Oberhaupt der Schleuse IV befindet sich diese Drehbrücke und liegt im Zuge einer Gemeindestraße „Barenfleer“", "beschreib_lang": "Über dem Oberhaupt der Schleuse IV befindet sich diese denkmalgeschütze Drehbrücke (ID: 35921126) und liegt im Zuge einer Gemeindestraße „Barenfleer“_x000d_\n   _x000d_\nDie Schleusenbrücke ist als Einfeld-Drehbrücke ausgebildet, deren Hauptöffnung das Unterhaupt der Schleuse überbrückt. Die Hauptkonstruktion der Brücke besteht aus einer Stahlkonstruktion mit einer orthotropen Fahrbahnplatte. Der Antrieb aller beweglichen Teile erfolgt elektromechanisch.", "foto1": "https://nlwkn.hannit-share.de/index.php/core/preview?fileId=11062306&x=1280&y=819&a=true", "foto2": "https://nlwkn.hannit-share.de/index.php/core/preview?fileId=11062309&x=1280&y=819&a=true", "foto3": "https://nlwkn.hannit-share.de/index.php/core/preview?fileId=11062312&x=1280&y=819&a=true", "foto4": "https://nlwkn.hannit-share.de/index.php/core/preview?fileId=11062315&x=1280&y=819&a=true", "link1": null, "link2": null, "rwert": "371282", "hwert": 5857102, "denkmal": "Ja", "bez_urpl": "Drehbrücke Grenzschleuse", "Beweglich": "Ja", "BW_NR": "HRK-B2106", "Str_KL": "Gemeindestraße", "Str_Name": "Barenfleer", "F_Breite": "0", "D_Breite": 0.0, "L_hoehe": 0.0, "bw_bru_bruklasse": null, "Field33": null, "Field34": null, "Field35": null, "Field36": null, "Field37": null }, "geometry": { "type": "Point", "coordinates": [ 789098.685915764188394, 6954978.526018233969808 ] } },
{ "type": "Feature", "properties": { "ID_con": 136, "bw_id": "SNK_BRU_14210", "name": "Holzbrücke Georgsdorf II", "GEW": "SNK", "stat_von": "14210", "bauart": "Holzbrücke", "baujahr": "1983", "upflicht": "Gemeinde Georgsdorf", "KTR": null, "FSK": "033121009000530029__", "km": "14+210", "bemerk": null, "beschreib": "Dreifeld-Holzbrücke für den Fuß- und Radwegverkehr. Die Stützpfeiler sind auf den Pfeilern einer abgebauten Drehbrücke aufgestellt.", "beschreib_lang": "Dreifeld-Holzbrücke für den Fuß- und Radwegverkehr. Die Stützpfeiler sind auf den Pfeilern einer abgebauten Drehbrücke aufgestellt.", "foto1": "https://nlwkn.hannit-share.de/index.php/core/preview?fileId=11058428&x=1280&y=819&a=true", "foto2": "https://nlwkn.hannit-share.de/index.php/core/preview?fileId=11058431&x=1280&y=819&a=true", "foto3": "https://nlwkn.hannit-share.de/index.php/core/preview?fileId=11058434&x=1280&y=819&a=true", "foto4": "https://nlwkn.hannit-share.de/index.php/core/preview?fileId=11058437&x=1280&y=819&a=true", "link1": null, "link2": null, "rwert": "369339", "hwert": 5826120, "denkmal": "Nein", "bez_urpl": "Holzbrücke Georgsdorf II", "Beweglich": "Nein", "BW_NR": "SNK-B2053", "Str_KL": "Fuß-/Radweg", "Str_Name": "Ostende / Schulstraße", "F_Breite": "2.5", "D_Breite": 7.4000000953674299, "L_hoehe": 2.0999999046325701, "bw_bru_bruklasse": "Fuß-/Radwegbrücke", "Field33": null, "Field34": null, "Field35": null, "Field36": null, "Field37": null }, "geometry": { "type": "Point", "coordinates": [ 787259.470431659603491, 6903746.511158513836563 ] } },
{ "type": "Feature", "properties": { "ID_con": 137, "bw_id": "SNK_BRU_14330", "name": "Brücke Kreisstraße K 4", "GEW": "SNK", "stat_von": "14330", "bauart": "Stahlbetonbrücke", "baujahr": "1969", "upflicht": "Landkreis Grafschaft Bentheim", "KTR": null, "FSK": "033121010000670008__", "km": "14+330", "bemerk": null, "beschreib": "Einfeld-Stahlbetonbrücke im Zuge der Kreisstraße K 4", "beschreib_lang": "Einfeld-Stahlbetonbrücke im Zuge der Kreisstraße K 4", "foto1": "https://nlwkn.hannit-share.de/index.php/core/preview?fileId=11058440&x=1280&y=819&a=true", "foto2": null, "foto3": null, "foto4": null, "link1": null, "link2": null, "rwert": "369223", "hwert": 5826141, "denkmal": "Nein", "bez_urpl": "Brücke Adorfer Straße (K4)", "Beweglich": "Nein", "BW_NR": "SNK-B2054", "Str_KL": "Kreisstraße", "Str_Name": "Adorfer Straße", "F_Breite": "10.75", "D_Breite": 10.0, "L_hoehe": 1.75, "bw_bru_bruklasse": "60", "Field33": null, "Field34": null, "Field35": null, "Field36": null, "Field37": null }, "geometry": { "type": "Point", "coordinates": [ 787068.130966745899059, 6903775.964278480969369 ] } },
{ "type": "Feature", "properties": { "ID_con": 138, "bw_id": "SNK_BRU_14390", "name": "Brücke Kreisstraße K 19 (Georgsdorf)", "GEW": "SNK", "stat_von": "14390", "bauart": "Stahlbetonbrücke", "baujahr": "1969", "upflicht": "Landkreis Grafschaft Bentheim", "KTR": null, "FSK": "033121010000520002__", "km": "14+390", "bemerk": null, "beschreib": "Einfeld-Stahlbetonbrücke im Zuge der Kreisstraße K 19", "beschreib_lang": "Einfeld-Stahlbetonbrücke im Zuge der Kreisstraße K 19", "foto1": "https://nlwkn.hannit-share.de/index.php/core/preview?fileId=11058443&x=1280&y=819&a=true", "foto2": null, "foto3": null, "foto4": null, "link1": null, "link2": null, "rwert": "369189", "hwert": 5826170, "denkmal": "Nein", "bez_urpl": "Brücke West- /Ostende (K19)", "Beweglich": "Nein", "BW_NR": "SNK-B2055", "Str_KL": "Kreisstraße", "Str_Name": "Westende / Ostende", "F_Breite": "10.5500001907349", "D_Breite": 8.0, "L_hoehe": 1.6499999761581401, "bw_bru_bruklasse": "60", "Field33": null, "Field34": null, "Field35": null, "Field36": null, "Field37": null }, "geometry": { "type": "Point", "coordinates": [ 787011.044893872574903, 6903822.190264265984297 ] } },
{ "type": "Feature", "properties": { "ID_con": 18, "bw_id": "EVK_BRU_15150", "name": "Brücke Immenweg", "GEW": "EVK", "stat_von": "15150", "bauart": "Stahlbetonbrücke", "baujahr": "2008", "upflicht": "Stadt Nordhorn", "KTR": null, "FSK": "03315107000114______", "km": "15+150", "bemerk": null, "beschreib": "Dreifeld-Stahlbetonbrücke in Verlängerung des Frensdorfer Ringes für die Anbindung des Stadtteils „Stadtflur“", "beschreib_lang": "Dreifeld-Stahlbetonbrücke in Verlängerung des Frensdorfer Ringes für die Anbindung des Stadtteils „Stadtflur“", "foto1": "https://nlwkn.hannit-share.de/index.php/core/preview?fileId=11066653&x=1280&y=819&a=true", "foto2": "https://nlwkn.hannit-share.de/index.php/core/preview?fileId=11066656&x=1280&y=819&a=true", "foto3": "https://nlwkn.hannit-share.de/index.php/core/preview?fileId=11066659&x=1280&y=819&a=true", "foto4": "https://nlwkn.hannit-share.de/index.php/core/preview?fileId=11066662&x=1280&y=819&a=true", "link1": null, "link2": null, "rwert": "370933", "hwert": 5811027, "denkmal": "Nein", "bez_urpl": "Brücke Immenweg", "Beweglich": "Nein", "BW_NR": "EVK-B2007", "Str_KL": "Gemeindestraße", "Str_Name": "Immenweg", "F_Breite": "6.5", "D_Breite": 10.0, "L_hoehe": 3.5, "bw_bru_bruklasse": "60/30", "Field33": null, "Field34": null, "Field35": null, "Field36": null, "Field37": null }, "geometry": { "type": "Point", "coordinates": [ 790527.690210089785978, 6879016.340298972092569 ] } },
{ "type": "Feature", "properties": { "ID_con": 92, "bw_id": "PCK_BRU_15585", "name": "Brücke Neuerostraße", "GEW": "PCK", "stat_von": "15585", "bauart": "Stahlbetonbrücke", "baujahr": "2000", "upflicht": "Gemeinde Emlichheim", "KTR": null, "FSK": "033129007000250014__", "km": "15+585", "bemerk": null, "beschreib": "Einfeld-Stahlbetonbrücke im Zuge der Gemeinde-straße „Neuerostraße“", "beschreib_lang": "Einfeld-Stahlbetonbrücke im Zuge der Gemeinde-straße „Neuerostraße“", "foto1": "https://nlwkn.hannit-share.de/index.php/core/preview?fileId=11060831&x=1280&y=819&a=true", "foto2": "https://nlwkn.hannit-share.de/index.php/core/preview?fileId=11060834&x=1280&y=819&a=true", "foto3": null, "foto4": null, "link1": null, "link2": null, "rwert": "355937", "hwert": 5832315, "denkmal": "Nein", "bez_urpl": "Brücke Neuerostraße", "Beweglich": "Nein", "BW_NR": "PCK-B2130", "Str_KL": "Gemeindestraße", "Str_Name": "Neuerostraße", "F_Breite": "6.5", "D_Breite": 16.0, "L_hoehe": 1.5, "bw_bru_bruklasse": "60/30", "Field33": null, "Field34": null, "Field35": null, "Field36": null, "Field37": null }, "geometry": { "type": "Point", "coordinates": [ 764961.723642897675745, 6913325.80643402878195 ] } },
{ "type": "Feature", "properties": { "ID_con": 94, "bw_id": "PCK_BRU_16070", "name": "Werksbrücke (Stahlbrücke)", "GEW": "PCK", "stat_von": "16070", "bauart": "Stahlbrücke", "baujahr": "2013", "upflicht": "Emsland-Service GmbH", "KTR": null, "FSK": "033129008000640001__", "km": "16+070", "bemerk": null, "beschreib": "Die Zweifeld-Brücke verbindet das durch den Kanal zerschnittene Werksgelände der Emsland-Stärke. Die Brücke ist auf der nördlichen Seite mit einer Unterführung für den Fahrzeugverkehr versehen. Die Brücke ist nur für den Werksverkehr zugelassen.", "beschreib_lang": "Die Zweifeld-Brücke verbindet das durch den Kanal zerschnittene Werksgelände der Emsland-Stärke. Die Brücke ist auf der nördlichen Seite mit einer Unterführung für den Fahrzeugverkehr versehen. Die Brücke ist nur für den Werksverkehr zugelassen.", "foto1": "https://nlwkn.hannit-share.de/index.php/core/preview?fileId=11060843&x=1280&y=819&a=true", "foto2": "https://nlwkn.hannit-share.de/index.php/core/preview?fileId=11060846&x=1280&y=819&a=true", "foto3": null, "foto4": null, "link1": null, "link2": null, "rwert": "355470", "hwert": 5832194, "denkmal": "Nein", "bez_urpl": "Werksbrücke", "Beweglich": "Nein", "BW_NR": "PCK-B2151", "Str_KL": "Werksstraße", "Str_Name": "Werksbrücke", "F_Breite": "3.59999990463257", "D_Breite": 16.0, "L_hoehe": 2.0, "bw_bru_bruklasse": "14", "Field33": null, "Field34": null, "Field35": null, "Field36": null, "Field37": null }, "geometry": { "type": "Point", "coordinates": [ 764200.205210319370963, 6913103.724590628407896 ] } },
{ "type": "Feature", "properties": { "ID_con": 19, "bw_id": "EVK_BRU_16280", "name": "Holzbrücke Wasserstraße / Oorder Weg", "GEW": "EVK", "stat_von": "16280", "bauart": "Holzbrücke", "baujahr": "1986", "upflicht": "Stadt Nordhorn", "KTR": null, "FSK": "033151068002640002__", "km": "16+280", "bemerk": null, "beschreib": "Die Dreifeld-Holzbrücke für den Fuß- und Radwegverkehr verbindet den Oorder Weg mit der nördlich vom Kanal gelegenen Wasserstraße", "beschreib_lang": "<div>Die Dreifeld-Holzbrücke für den Fuß- und Radwegverkehr verbindet den Oorder Weg mit der nördlich vom Kanal gelegenen Wasserstraße</div>", "foto1": "https://nlwkn.hannit-share.de/index.php/core/preview?fileId=11066665&x=1280&y=819&a=true", "foto2": "https://nlwkn.hannit-share.de/index.php/core/preview?fileId=11066668&x=1280&y=819&a=true", "foto3": "https://nlwkn.hannit-share.de/index.php/core/preview?fileId=11066671&x=1280&y=819&a=true", "foto4": "https://nlwkn.hannit-share.de/index.php/core/preview?fileId=11066674&x=1280&y=819&a=true", "link1": null, "link2": null, "rwert": "370106", "hwert": 5811687, "denkmal": "Nein", "bez_urpl": "Holzbrücke Wasserstraße / Oorder WEg", "Beweglich": "Nein", "BW_NR": "EVK-B2008", "Str_KL": "Fuß-/Radweg", "Str_Name": "Wasserstraße / Oorder Weg", "F_Breite": "2.5", "D_Breite": 9.5, "L_hoehe": 3.5, "bw_bru_bruklasse": null, "Field33": null, "Field34": null, "Field35": null, "Field36": null, "Field37": null }, "geometry": { "type": "Point", "coordinates": [ 789145.723114923923276, 6880063.449897271580994 ] } },
{ "type": "Feature", "properties": { "ID_con": 95, "bw_id": "PCK_BRU_16305", "name": "Förderband", "GEW": "PCK", "stat_von": "16305", "bauart": "Förderband", "baujahr": null, "upflicht": "Emsland Stärke GmbH", "KTR": null, "FSK": "033129008000640001__", "km": "16+305", "bemerk": null, "beschreib": "Im Bereich des Werksgeländes der Stärkefabrik Emlichheim überquert ein Förderband den Piccardie-Coevorden-Kanal.", "beschreib_lang": "Im Bereich des Werksgeländes der Stärkefabrik Emlichheim überquert ein Förderband den Piccardie-Coevorden-Kanal.", "foto1": "https://nlwkn.hannit-share.de/index.php/core/preview?fileId=11060849&x=1280&y=819&a=true", "foto2": "https://nlwkn.hannit-share.de/index.php/core/preview?fileId=11060852&x=1280&y=819&a=true", "foto3": null, "foto4": null, "link1": null, "link2": null, "rwert": "355230", "hwert": 5832184, "denkmal": "Nein", "bez_urpl": "Förderband", "Beweglich": "Nein", "BW_NR": "PCK-B2132", "Str_KL": "Rohrleitung", "Str_Name": "Förderband", "F_Breite": "0", "D_Breite": 0.0, "L_hoehe": 0.0, "bw_bru_bruklasse": "-", "Field33": null, "Field34": null, "Field35": null, "Field36": null, "Field37": null }, "geometry": { "type": "Point", "coordinates": [ 763806.318998059723526, 6913075.529534596949816 ] } },
{ "type": "Feature", "properties": { "ID_con": 96, "bw_id": "PCK_BRU_16400", "name": "Stahlbetonbrücke (Werksbrücke)", "GEW": "PCK", "stat_von": "16400", "bauart": "Stahlbetonbrücke", "baujahr": "1998", "upflicht": "Emsland Stärke GmbH", "KTR": null, "FSK": "033129008000640001__", "km": "16+400", "bemerk": null, "beschreib": "Die Einfeld-Stahlbetonbrücke verbindet die beiden durch den Kanal zerschnittenen Bereiche des Werksgeländes der Stärkefabrik. Die Brücke ist auf der nördlichen Seite mit einer Unterführung für den Fahrzeugverkehr versehen.", "beschreib_lang": "Die Einfeld-Stahlbetonbrücke verbindet die beiden durch den Kanal zerschnittenen Bereiche des Werksgeländes der Stärkefabrik. Die Brücke ist auf der nördlichen Seite mit einer Unterführung für den Fahrzeugverkehr versehen.", "foto1": "https://nlwkn.hannit-share.de/index.php/core/preview?fileId=11060855&x=1280&y=819&a=true", "foto2": "https://nlwkn.hannit-share.de/index.php/core/preview?fileId=11060858&x=1280&y=819&a=true", "foto3": "https://nlwkn.hannit-share.de/index.php/core/preview?fileId=11060861&x=1280&y=819&a=true", "foto4": null, "link1": null, "link2": null, "rwert": "355138", "hwert": 5832184, "denkmal": "Nein", "bez_urpl": "Werksbrücke", "Beweglich": "Nein", "BW_NR": "PCK-B2133", "Str_KL": "Gemeindestraße", "Str_Name": "Werksbrücke", "F_Breite": "6.5", "D_Breite": 14.0, "L_hoehe": 1.0, "bw_bru_bruklasse": "30/30", "Field33": null, "Field34": null, "Field35": null, "Field36": null, "Field37": null }, "geometry": { "type": "Point", "coordinates": [ 763655.143069161917083, 6913071.030964622274041 ] } },
{ "type": "Feature", "properties": { "ID_con": 20, "bw_id": "EVK_BRU_16635", "name": "Brücke Osttangente B 213/B 403", "GEW": "EVK", "stat_von": "16635", "bauart": "Stahlbetonbrücke", "baujahr": "1984", "upflicht": "NLSTBV", "KTR": null, "FSK": "033151068002640002__", "km": "16+635", "bemerk": null, "beschreib": "Einfeld-Stahlbetonbrücke im Zuge der Bundesstraße  B 213/403 „Osttangente“. Die Brücke wird beidseitig von einer Fuß- und Radwegunterführung unterquert.", "beschreib_lang": "Einfeld-Stahlbetonbrücke im Zuge der BundesstraßeB 213/403 „Osttangente“. Die Brücke wird beidseitig von einer Fuß- und Radwegunterführung unterquert.", "foto1": "https://nlwkn.hannit-share.de/index.php/core/preview?fileId=11066677&x=1280&y=819&a=true", "foto2": "https://nlwkn.hannit-share.de/index.php/core/preview?fileId=11066680&x=1280&y=819&a=true", "foto3": "https://nlwkn.hannit-share.de/index.php/core/preview?fileId=11066683&x=1280&y=819&a=true", "foto4": "https://nlwkn.hannit-share.de/index.php/core/preview?fileId=11066686&x=1280&y=819&a=true", "link1": null, "link2": null, "rwert": "369756", "hwert": 5811735, "denkmal": "Nein", "bez_urpl": "Stahlbetonbrücke \"Osttangente\" (B213/B403,(mit beidseitger Fuß- und Radwegbrücke)", "Beweglich": "Nein", "BW_NR": "EVK-B2009", "Str_KL": "Bundesstraße", "Str_Name": "Wietmarscher Straße / Ostangente (B213/B403 )", "F_Breite": "18.75", "D_Breite": 10.5, "L_hoehe": 1.95000004768372, "bw_bru_bruklasse": "60/30", "Field33": null, "Field34": null, "Field35": null, "Field36": null, "Field37": null }, "geometry": { "type": "Point", "coordinates": [ 788570.786083982558921, 6880126.999681210145354 ] } },
{ "type": "Feature", "properties": { "ID_con": 97, "bw_id": "PCK_BRU_16645", "name": "Rahmendurchlass Landesstraße L 44 (Oelstrasse)", "GEW": "PCK", "stat_von": "16645", "bauart": "Kastendurchlass", "baujahr": "1975", "upflicht": "NLSTBV", "KTR": null, "FSK": "033129019000140012__", "km": "16+645", "bemerk": null, "beschreib": "Rahmendurchlass im Zuge der Landesstraße L 44 „Oelstraße“", "beschreib_lang": "Rahmendurchlass im Zuge der Landesstraße L 44 „Oelstraße“", "foto1": "https://nlwkn.hannit-share.de/index.php/core/preview?fileId=11060864&x=1280&y=819&a=true", "foto2": null, "foto3": null, "foto4": null, "link1": null, "link2": null, "rwert": "354893", "hwert": 5832192, "denkmal": "Nein", "bez_urpl": "Brücke Oelstraße (Rahmendurchlass)", "Beweglich": "Nein", "BW_NR": "PCK-B2134", "Str_KL": "Landesstraße", "Str_Name": "Oelstraße", "F_Breite": "7.5", "D_Breite": 2.0, "L_hoehe": 1.29999995231628, "bw_bru_bruklasse": "60", "Field33": null, "Field34": null, "Field35": null, "Field36": null, "Field37": null }, "geometry": { "type": "Point", "coordinates": [ 763252.165070408023894, 6913072.215511099435389 ] } },
{ "type": "Feature", "properties": { "ID_con": 21, "bw_id": "EVK_BRU_17025", "name": "Rahmendurchlass Lingener Straße / Altendorfer Ring", "GEW": "EVK", "stat_von": "17025", "bauart": "Kastendurchlass", "baujahr": "1972-74", "upflicht": "NLSTBV", "KTR": null, "FSK": "033151020004300017__", "km": "17+025", "bemerk": null, "beschreib": "Rahmendurchlass „Drosselstrecke“ im Zuge der Lingener Straße", "beschreib_lang": "Rahmendurchlass „Drosselstrecke“ im Zuge der Lingener Straße", "foto1": null, "foto2": null, "foto3": null, "foto4": null, "link1": null, "link2": null, "rwert": "369369", "hwert": 5811782, "denkmal": "Nein", "bez_urpl": "Brücke Lingener Straße", "Beweglich": "Nein", "BW_NR": "EVK-B2010", "Str_KL": "Gemeindestraße", "Str_Name": "Lingener Straße", "F_Breite": "0", "D_Breite": 3.0, "L_hoehe": 1.1000000238418599, "bw_bru_bruklasse": "60/30", "Field33": null, "Field34": null, "Field35": null, "Field36": null, "Field37": null }, "geometry": { "type": "Point", "coordinates": [ 787935.324649648624472, 6880187.253081861883402 ] } },
{ "type": "Feature", "properties": { "ID_con": 140, "bw_id": "SNK_BRU_17160", "name": "Brücke Torfwerk Brill", "GEW": "SNK", "stat_von": "17160", "bauart": "3-Felde-Stahlbetonbrücke", "baujahr": "1984", "upflicht": "Gemeinde Georgsdorf", "KTR": null, "FSK": "033121003000010062__", "km": "17+160", "bemerk": null, "beschreib": "Dreifeld-Stahlbetonbrücke im Zuge des Heideweges. Die Brücke ist die Hauptverbindung zum Torfwerk auf der westlichen Seite des Kanals.", "beschreib_lang": "Dreifeld-Stahlbetonbrücke im Zuge des Heideweges. Die Brücke ist die Hauptverbindung zum Torfwerk auf der westlichen Seite des Kanals.", "foto1": "https://nlwkn.hannit-share.de/index.php/core/preview?fileId=11058458&x=1280&y=819&a=true", "foto2": "https://nlwkn.hannit-share.de/index.php/core/preview?fileId=11058461&x=1280&y=819&a=true", "foto3": "https://nlwkn.hannit-share.de/index.php/core/preview?fileId=11058464&x=1280&y=819&a=true", "foto4": null, "link1": null, "link2": null, "rwert": "369239", "hwert": 5828931, "denkmal": "Nein", "bez_urpl": "Brücke Torfwerk Brill", "Beweglich": "Nein", "BW_NR": "SNK-B2057", "Str_KL": "Gemeindestraße", "Str_Name": "Torfwerkstraße / Adorfer Straße", "F_Breite": "5.30000019073486", "D_Breite": 5.0, "L_hoehe": 1.95000004768372, "bw_bru_bruklasse": "60", "Field33": null, "Field34": null, "Field35": null, "Field36": null, "Field37": null }, "geometry": { "type": "Point", "coordinates": [ 786971.789415125967935, 6908369.251567109487951 ] } },
{ "type": "Feature", "properties": { "ID_con": 23, "bw_id": "EVK_BRU_17410", "name": "Brücke Deegfelder Weg", "GEW": "EVK", "stat_von": "17410", "bauart": "Rahmendurchlass", "baujahr": "1972-74", "upflicht": "Stadt Nordhorn", "KTR": null, "FSK": "033151020004300013__", "km": "17+410", "bemerk": null, "beschreib": "Brücke Deegfelder Weg", "beschreib_lang": null, "foto1": "https://nlwkn.hannit-share.de/index.php/core/preview?fileId=11066689&x=1280&y=819&a=true", "foto2": "https://nlwkn.hannit-share.de/index.php/core/preview?fileId=11066692&x=1280&y=819&a=true", "foto3": "https://nlwkn.hannit-share.de/index.php/core/preview?fileId=11066695&x=1280&y=819&a=true", "foto4": "https://nlwkn.hannit-share.de/index.php/core/preview?fileId=11066698&x=1280&y=819&a=true", "link1": null, "link2": null, "rwert": "368989", "hwert": 5811824, "denkmal": "Nein", "bez_urpl": "Brücke Deegfelder Weg", "Beweglich": "Nein", "BW_NR": "EVK-B2011", "Str_KL": "Gemeindestraße", "Str_Name": "Deegfelder Weg", "F_Breite": null, "D_Breite": 3.0, "L_hoehe": 1.1000000238418599, "bw_bru_bruklasse": "60", "Field33": null, "Field34": null, "Field35": null, "Field36": null, "Field37": null }, "geometry": { "type": "Point", "coordinates": [ 787311.530077927978709, 6880239.558632270433009 ] } },
{ "type": "Feature", "properties": { "ID_con": 25, "bw_id": "EVK_BRU_17670", "name": "Brücke Am Ems-Vechte-Kanal / Altendorfer Ring", "GEW": "EVK", "stat_von": "17670", "bauart": "Stahlbrücke", "baujahr": null, "upflicht": "Stadt Nordhorn", "KTR": null, "FSK": "033151020004510001__", "km": "17+670", "bemerk": null, "beschreib": "Brücke Am Ems-Vechte-Kanal / Altendorfer Ring", "beschreib_lang": null, "foto1": "https://nlwkn.hannit-share.de/index.php/core/preview?fileId=11066701&x=1280&y=819&a=true", "foto2": "https://nlwkn.hannit-share.de/index.php/core/preview?fileId=11568708&x=1280&y=819&a=true", "foto3": "https://nlwkn.hannit-share.de/index.php/core/preview?fileId=11568706&x=1280&y=819&a=true", "foto4": "https://nlwkn.hannit-share.de/index.php/core/preview?fileId=11568709&x=1280&y=819&a=true", "link1": null, "link2": null, "rwert": "368717", "hwert": 5811854, "denkmal": "Nein", "bez_urpl": "Fuß-/Radwegbrücke Nordfriedhof", "Beweglich": "Nein", "BW_NR": "EVK-B2012", "Str_KL": "Fuß-/Radweg", "Str_Name": "Nordfriedhof / Altendorfer Ring", "F_Breite": null, "D_Breite": null, "L_hoehe": null, "bw_bru_bruklasse": null, "Field33": null, "Field34": null, "Field35": null, "Field36": null, "Field37": null }, "geometry": { "type": "Point", "coordinates": [ 786865.022750940988772, 6880276.865104985423386 ] } },
{ "type": "Feature", "properties": { "ID_con": 100, "bw_id": "PCK_BRU_18060", "name": "Brücke Westerfeld", "GEW": "PCK", "stat_von": "18060", "bauart": "Stahlbetonbrücke", "baujahr": "2016", "upflicht": "Germeinde Emlichheim", "KTR": null, "FSK": "033129019000140015__", "km": "18+060", "bemerk": null, "beschreib": "Die Brücke verbindet den westlichen Teil der Gemeinde Emlichheim mit den Siedlungen nördlich des Kanals und ist von großer Bedeutung für die landwirtschaftlichen Flächen beiderseits des Kanals.", "beschreib_lang": "Die Brücke verbindet den westlichen Teil der Gemeinde Emlichheim mit den Siedlungen nördlich des Kanals und ist von großer Bedeutung für die landwirtschaftlichen Flächen beiderseits des Kanals.Aufgrund einer außerordentlichen Brückenprüfung der 1885 errichteten und in den 1960er-Jahren und zuletzt 2010 sanierten Anlage hatte Schäden und unzureichende Unterbauten an der ehemaligen Drehbrücke ergeben. Im September 2015 musste eine Gewichtsbeschränkung auf zwei Tonnen Achslast eingeführt werden. Als Ersatz entstand unter der Regie des NLWKN zwischen März und August 2016 eine neue einspurige Stahlbetonbrücke ohne Lastbeschränkung. Der Neubau entspricht den Anforderungen des modernen landwirtschaftlichen Verkehrs und ist auch als innerörtliche Verbindung gedacht. Die Unterhaltungspflicht der Brücke geht vom NLWKN über an die Gemeinde Emlichheim._x000d_\n_x000d_\nDer 412.000 Euro teure Neubau in Emlichheim bildet den Abschluss eines umfassenden Querungskonzeptes für den Piccardie-Coevorden-Kanal, das seit 2004 in Zusammenarbeit zwischen anliegenden Gemeinden, dem Landkreis, landwirtschaftlichen Gremien, der fürstlichen Verwaltung zu Bentheim und Steinfurt, dem Denkmalschutz, sowie dem NLWKN erarbeitet und verwirklichte wurde. Im Zuge dieses Konzeptes waren bereits die Übergänge Kaveldiek, Ter Horst und Vügten grundlegend saniert und in kommunale Verantwortung übergeben worden. Insgesamt wurden in diese Vorhaben rund 1,8 Millionen Euro investiert.", "foto1": "https://nlwkn.hannit-share.de/index.php/core/preview?fileId=11060891&x=1280&y=819&a=true", "foto2": "https://nlwkn.hannit-share.de/index.php/core/preview?fileId=11060894&x=1280&y=819&a=true", "foto3": "https://nlwkn.hannit-share.de/index.php/core/preview?fileId=11060897&x=1280&y=819&a=true", "foto4": "https://nlwkn.hannit-share.de/index.php/core/preview?fileId=11060900&x=1280&y=819&a=true", "link1": "https://nlwkn.hannit-share.de/index.php/core/preview?fileId=11060903&x=1280&y=819&a=true", "link2": "https://nlwkn.hannit-share.de/index.php/core/preview?fileId=11060906&x=1280&y=819&a=true", "rwert": "353542", "hwert": 5832463, "denkmal": "Nein", "bez_urpl": "Brücke Westerfeld", "Beweglich": "Nein", "BW_NR": "PCK-B1137", "Str_KL": "Gemeindestraße", "Str_Name": "Westerfeld", "F_Breite": "3.5", "D_Breite": 3.5, "L_hoehe": 1.6499999761581401, "bw_bru_bruklasse": "???", "Field33": null, "Field34": null, "Field35": null, "Field36": null, "Field37": null }, "geometry": { "type": "Point", "coordinates": [ 761018.840742728090845, 6913452.134285771287978 ] } },
{ "type": "Feature", "properties": { "ID_con": 26, "bw_id": "EVK_BRU_18100", "name": "Brücke Möllerskamp", "GEW": "EVK", "stat_von": "18100", "bauart": "Stahlbetonbrücke", "baujahr": "1980", "upflicht": "Stadt Nordhorn", "KTR": null, "FSK": "033151020004510001__", "km": "18+100", "bemerk": null, "beschreib": "Einfeld-Stahlbetonbrücke im Zuge der Straße „Möllerskamp“", "beschreib_lang": "Einfeld-Stahlbetonbrücke im Zuge der Straße „Möllerskamp“", "foto1": "https://nlwkn.hannit-share.de/index.php/core/preview?fileId=11568745&x=1280&y=819&a=true", "foto2": "https://nlwkn.hannit-share.de/index.php/core/preview?fileId=11568744&x=1280&y=819&a=true", "foto3": "https://nlwkn.hannit-share.de/index.php/core/preview?fileId=11568743&x=1280&y=819&a=true", "foto4": "https://nlwkn.hannit-share.de/index.php/core/preview?fileId=11568746&x=1280&y=819&a=true", "link1": null, "link2": null, "rwert": "368698", "hwert": 5812260, "denkmal": "Nein", "bez_urpl": "Brücke Möllerskamp", "Beweglich": "Nein", "BW_NR": "EVK-B2013", "Str_KL": "Gemeindestraße", "Str_Name": "Möllerskamp", "F_Breite": "6.5", "D_Breite": null, "L_hoehe": 1.29999995231628, "bw_bru_bruklasse": null, "Field33": null, "Field34": null, "Field35": null, "Field36": null, "Field37": null }, "geometry": { "type": "Point", "coordinates": [ 786816.155083679012023, 6880942.244193536229432 ] } },
{ "type": "Feature", "properties": { "ID_con": 142, "bw_id": "SNK_BRU_19280", "name": "Brücke Adorf", "GEW": "SNK", "stat_von": "19280", "bauart": "Stahlbrücke", "baujahr": "2002", "upflicht": "Gemeinde Twist", "KTR": null, "FSK": "033120004000170051__", "km": "19+280", "bemerk": null, "beschreib": "Dreifeld-Stahlbrücke für den Fuß- und Radwegverkehr", "beschreib_lang": "Dreifeld-Stahlbrücke für den Fuß- und Radwegverkehr", "foto1": "https://nlwkn.hannit-share.de/index.php/core/preview?fileId=11058485&x=1280&y=819&a=true", "foto2": "https://nlwkn.hannit-share.de/index.php/core/preview?fileId=11058488&x=1280&y=819&a=true", "foto3": "https://nlwkn.hannit-share.de/index.php/core/preview?fileId=11058491&x=1280&y=819&a=true", "foto4": null, "link1": null, "link2": null, "rwert": "370524", "hwert": 5830495, "denkmal": "Nein", "bez_urpl": "Fuß- und Radwegbrücke „Adorf“", "Beweglich": "Nein", "BW_NR": "SNK-B2060", "Str_KL": "Fuß-/Radweg", "Str_Name": "Fuß- und Radweg", "F_Breite": "2.5", "D_Breite": 7.5, "L_hoehe": 3.2000000476837198, "bw_bru_bruklasse": "Fuß-/Radweg", "Field33": null, "Field34": null, "Field35": null, "Field36": null, "Field37": null }, "geometry": { "type": "Point", "coordinates": [ 789014.247415048768744, 6911001.29141665995121 ] } },
{ "type": "Feature", "properties": { "ID_con": 143, "bw_id": "SNK_BRU_19310", "name": "Drehbrücke Adorf", "GEW": "SNK", "stat_von": "19310", "bauart": "Drehbrücke", "baujahr": null, "upflicht": "Gemeinde Twist", "KTR": null, "FSK": "033120004000170051__", "km": "19+310", "bemerk": null, "beschreib": "Bei der „Adorfer-Brücke“ handelt es sich um eine Einfeld-Drehbrücke. Die Hauptkonstruktion der ehemals drehbaren Brücke besteht aus einer Stahlkonstruktion mit Holzbohlen als Brückenbelag.", "beschreib_lang": "Bei der „Adorfer-Brücke“ handelt es sich um eine Einfeld-Drehbrücke. Die Hauptkonstruktion der ehemals drehbaren Brücke besteht aus einer Stahlkonstruktion mit Holzbohlen als Brückenbelag.", "foto1": "https://nlwkn.hannit-share.de/index.php/core/preview?fileId=11058494&x=1280&y=819&a=true", "foto2": "https://nlwkn.hannit-share.de/index.php/core/preview?fileId=11058497&x=1280&y=819&a=true", "foto3": "https://nlwkn.hannit-share.de/index.php/core/preview?fileId=11058500&x=1280&y=819&a=true", "foto4": "https://nlwkn.hannit-share.de/index.php/core/preview?fileId=11058503&x=1280&y=819&a=true", "link1": null, "link2": null, "rwert": "370537", "hwert": 5830512, "denkmal": "Nein", "bez_urpl": "Drehbrücke Adorf", "Beweglich": "Nein", "BW_NR": "SNK-B2061", "Str_KL": "Gemeindestraße", "Str_Name": "Adorf", "F_Breite": "3.04999995231628", "D_Breite": 7.5, "L_hoehe": 2.75, "bw_bru_bruklasse": "12", "Field33": null, "Field34": null, "Field35": null, "Field36": null, "Field37": null }, "geometry": { "type": "Point", "coordinates": [ 789034.865906701539643, 6911029.860242372378707 ] } },
{ "type": "Feature", "properties": { "ID_con": 144, "bw_id": "SNK_BRU_19620", "name": "Rahmendurchlass Alt-Hesepertwist", "GEW": "SNK", "stat_von": "19620", "bauart": "Kastendurchlass", "baujahr": null, "upflicht": "Landkreis Emsland", "KTR": null, "FSK": "033118005001010019__", "km": "19+620", "bemerk": null, "beschreib": "Rahmendurchlass im Zuge der Kreisstraße K 268", "beschreib_lang": "Rahmendurchlass im Zuge der Kreisstraße K 268", "foto1": "https://nlwkn.hannit-share.de/index.php/core/preview?fileId=11058506&x=1280&y=819&a=true", "foto2": "https://nlwkn.hannit-share.de/index.php/core/preview?fileId=11058509&x=1280&y=819&a=true", "foto3": "https://nlwkn.hannit-share.de/index.php/core/preview?fileId=11058512&x=1280&y=819&a=true", "foto4": null, "link1": null, "link2": null, "rwert": "370723", "hwert": 5830762, "denkmal": "Nein", "bez_urpl": "Brücke Alt-Hesepertwist (Rahmendurchlass)", "Beweglich": "Nein", "BW_NR": "SNK-B2062", "Str_KL": "Kreisstraße", "Str_Name": "Alt-Hesepertwist", "F_Breite": null, "D_Breite": 4.0, "L_hoehe": 1.5, "bw_bru_bruklasse": null, "Field33": null, "Field34": null, "Field35": null, "Field36": null, "Field37": null }, "geometry": { "type": "Point", "coordinates": [ 789329.590291940839961, 6911449.769978074356914 ] } },
{ "type": "Feature", "properties": { "ID_con": 102, "bw_id": "PCK_BRU_19645", "name": "Durchlass Volzeler Feldweg", "GEW": "PCK", "stat_von": "19645", "bauart": "Hamco-Durchlass (Maulprofil)", "baujahr": "1985", "upflicht": "Gemeinde Emlichheim", "KTR": null, "FSK": "033130102000460002__", "km": "19+645", "bemerk": null, "beschreib": "Armco-Durchlass im Zuge der Gemeindestraße „Volzeler Feldweg“", "beschreib_lang": "Armco-Durchlass im Zuge der Gemeindestraße „Volzeler Feldweg“", "foto1": "https://nlwkn.hannit-share.de/index.php/core/preview?fileId=11060927&x=1280&y=819&a=true", "foto2": "https://nlwkn.hannit-share.de/index.php/core/preview?fileId=11060930&x=1280&y=819&a=true", "foto3": null, "foto4": null, "link1": null, "link2": null, "rwert": "352157", "hwert": 5833229, "denkmal": "Nein", "bez_urpl": "Brücke Volzeler Feldweg", "Beweglich": "Nein", "BW_NR": "PCK-B2139", "Str_KL": "Gemeindestraße", "Str_Name": "Volzeler Feldweg", "F_Breite": "3.70000004768372", "D_Breite": 2.7000000476837198, "L_hoehe": 1.29999995231628, "bw_bru_bruklasse": "60", "Field33": null, "Field34": null, "Field35": null, "Field36": null, "Field37": null }, "geometry": { "type": "Point", "coordinates": [ 758704.785170998307876, 6914645.252184052951634 ] } },
{ "type": "Feature", "properties": { "ID_con": 28, "bw_id": "EVK_BRU_19730", "name": "Brücke Hohenkörbener Weg, K 17", "GEW": "EVK", "stat_von": "19730", "bauart": "Stahlbetonbrücke", "baujahr": "1956", "upflicht": "Landkreis Grafschaft Bentheim", "KTR": null, "FSK": "033151025000760004__", "km": "19+730", "bemerk": null, "beschreib": "Einfeld-Stahlbetonbrücke im Zuge der Kreisstraße", "beschreib_lang": "Einfeld-Stahlbetonbrücke im Zuge der Kreisstraße_x000d_\nK 17", "foto1": "https://nlwkn.hannit-share.de/index.php/core/preview?fileId=11066716&x=1280&y=819&a=true", "foto2": "https://nlwkn.hannit-share.de/index.php/core/preview?fileId=11066719&x=1280&y=819&a=true", "foto3": "https://nlwkn.hannit-share.de/index.php/core/preview?fileId=11568779&x=1280&y=819&a=true", "foto4": "https://nlwkn.hannit-share.de/index.php/core/preview?fileId=11568780&x=1280&y=819&a=true", "link1": null, "link2": null, "rwert": "368531", "hwert": 5813844, "denkmal": "Nein", "bez_urpl": "Stahlbetonbrücke \"Hohenkörbener Weg\"\", K 17)", "Beweglich": "Nein", "BW_NR": "EVK-B2015", "Str_KL": "Kreisstraße", "Str_Name": "Hohenkörbener Weg / Pestalozzistraße", "F_Breite": "6.05000019073486", "D_Breite": 6.0, "L_hoehe": 1.25, "bw_bru_bruklasse": "30", "Field33": null, "Field34": null, "Field35": null, "Field36": null, "Field37": null }, "geometry": { "type": "Point", "coordinates": [ 786473.344062669784762, 6883534.642000796273351 ] } },
{ "type": "Feature", "properties": { "ID_con": 29, "bw_id": "EVK_BRU_20760", "name": "Brücke Veldhauser Straße (K 12)", "GEW": "EVK", "stat_von": "20760", "bauart": "1-Feld-Stahlbetonbrücke", "baujahr": "1952", "upflicht": "Landkreis Grafschaft Bentheim", "KTR": null, "FSK": "033151029000700009__", "km": "20+760", "bemerk": null, "beschreib": "Einfeld-Stahlbetonbrücke im Zuge der Kreisstraße", "beschreib_lang": "Einfeld-Stahlbetonbrücke im Zuge der Kreisstraße_x000d_\nK 12", "foto1": "https://nlwkn.hannit-share.de/index.php/core/preview?fileId=11066722&x=1280&y=819&a=true", "foto2": "https://nlwkn.hannit-share.de/index.php/core/preview?fileId=11066725&x=1280&y=819&a=true", "foto3": "https://nlwkn.hannit-share.de/index.php/core/preview?fileId=11066728&x=1280&y=819&a=true", "foto4": "https://nlwkn.hannit-share.de/index.php/core/preview?fileId=11066731&x=1280&y=819&a=true", "link1": null, "link2": null, "rwert": "367644", "hwert": 5814024, "denkmal": "Nein", "bez_urpl": "Stahlbetonbrücke \"Veldhauser Straße\" (K 12)", "Beweglich": "Nein", "BW_NR": "EVK-B2016", "Str_KL": "Kreisstraße", "Str_Name": "Veldhauser Straße", "F_Breite": "6.90000009536743", "D_Breite": 5.8499999046325701, "L_hoehe": 1.29999995231628, "bw_bru_bruklasse": "30", "Field33": null, "Field34": null, "Field35": null, "Field36": null, "Field37": null }, "geometry": { "type": "Point", "coordinates": [ 785013.021673969109543, 6883790.97905942145735 ] } },
{ "type": "Feature", "properties": { "ID_con": 104, "bw_id": "PCK_BRU_20855", "name": "Brücke  Ramakers Diek", "GEW": "PCK", "stat_von": "20855", "bauart": "Kastendurchlass", "baujahr": "1985", "upflicht": "Gemeinde Laar", "KTR": null, "FSK": "033131106000410004__", "km": "20+855", "bemerk": null, "beschreib": "Armco-Durchlass im Zuge der Gemeindestraße „Ramakers Diek“", "beschreib_lang": "Armco-Durchlass im Zuge der Gemeindestraße „Ramakers Diek“", "foto1": "https://nlwkn.hannit-share.de/index.php/core/preview?fileId=11060948&x=1280&y=819&a=true", "foto2": "https://nlwkn.hannit-share.de/index.php/core/preview?fileId=11060951&x=1280&y=819&a=true", "foto3": null, "foto4": null, "link1": null, "link2": null, "rwert": "351061", "hwert": 5833732, "denkmal": "Nein", "bez_urpl": "Brücke Ramakers Diek", "Beweglich": "Nein", "BW_NR": "PCK-B2140", "Str_KL": "Gemeindestraße", "Str_Name": "Ramakers Diek", "F_Breite": "3.20000004768372", "D_Breite": 2.7000000476837198, "L_hoehe": 1.29999995231628, "bw_bru_bruklasse": "60", "Field33": null, "Field34": null, "Field35": null, "Field36": null, "Field37": null }, "geometry": { "type": "Point", "coordinates": [ 756878.288945560809225, 6915419.06605214253068 ] } },
{ "type": "Feature", "properties": { "ID_con": 145, "bw_id": "SNK_BRU_20965", "name": "Brücke zur K 202", "GEW": "SNK", "stat_von": "20965", "bauart": "Hamco-Durchlass", "baujahr": null, "upflicht": "Gemeinde Twist", "KTR": null, "FSK": "033118005001010031__", "km": "20+965", "bemerk": null, "beschreib": "Durchlass für die Überfahrt von Torfabbaumaschinen und dem Anliegerverkehr zur K 202", "beschreib_lang": "Durchlass für die Überfahrt von Torfabbaumaschinen und dem Anliegerverkehr zur K 202", "foto1": "https://nlwkn.hannit-share.de/index.php/core/preview?fileId=11058515&x=1280&y=819&a=true", "foto2": "https://nlwkn.hannit-share.de/index.php/core/preview?fileId=11058518&x=1280&y=819&a=true", "foto3": "https://nlwkn.hannit-share.de/index.php/core/preview?fileId=11058521&x=1280&y=819&a=true", "foto4": null, "link1": null, "link2": null, "rwert": "371243", "hwert": 5831946, "denkmal": "Nein", "bez_urpl": "Brücke zur K202 (Hamco Durchlass)", "Beweglich": "Nein", "BW_NR": "SNK-B2063", "Str_KL": "Gemeindestraße", "Str_Name": "Am Kanal", "F_Breite": null, "D_Breite": null, "L_hoehe": null, "bw_bru_bruklasse": null, "Field33": null, "Field34": null, "Field35": null, "Field36": null, "Field37": null }, "geometry": { "type": "Point", "coordinates": [ 790132.676441317657009, 6913422.947421018965542 ] } },
{ "type": "Feature", "properties": { "ID_con": 107, "bw_id": "PCK_BRU_22380", "name": "Brücke Aatalstraße", "GEW": "PCK", "stat_von": "22380", "bauart": "Stahlbetonbrücke", "baujahr": "1980", "upflicht": "Gemeinde Laar", "KTR": null, "FSK": "03313110400031______", "km": "22+380", "bemerk": null, "beschreib": "Fünffeld-Stahlbetonbrücke im Zuge der Gemeindestraße „Aatalstraße“", "beschreib_lang": "Fünffeld-Stahlbetonbrücke im Zuge der Gemeindestraße „Aatalstraße“", "foto1": "https://nlwkn.hannit-share.de/index.php/core/preview?fileId=11060981&x=1280&y=819&a=true", "foto2": null, "foto3": null, "foto4": null, "link1": null, "link2": null, "rwert": "350074", "hwert": 5834885, "denkmal": "Nein", "bez_urpl": "Brück Aatalstraße", "Beweglich": "Nein", "BW_NR": "PCK-B2142", "Str_KL": "Gemeindestraße", "Str_Name": "Aatalstraße", "F_Breite": "5", "D_Breite": 6.0, "L_hoehe": 2.2999999523162802, "bw_bru_bruklasse": "60", "Field33": null, "Field34": null, "Field35": null, "Field36": null, "Field37": null }, "geometry": { "type": "Point", "coordinates": [ 755197.756673095980659, 6917269.230294866487384 ] } },
{ "type": "Feature", "properties": { "ID_con": 108, "bw_id": "PCK_BRU_22825", "name": "Drehbrücke Am Zollamt", "GEW": "PCK", "stat_von": "22825", "bauart": "Drehbrücke", "baujahr": null, "upflicht": "Gemeinde Laar", "KTR": null, "FSK": "033131104000290002__", "km": "22+825", "bemerk": null, "beschreib": "Bei der Brücke handelt es sich um eine Einfeld-Drehbrücke (Typ: Landstraßenbrücke). Die Hauptkonstruktion der Brücke besteht aus einer Stahlkonstruktion mit Holzbohlen als Brückenbelag. Die Brücke wurde 1980 an die Gemeinde Laar abgeben", "beschreib_lang": "Bei der Brücke handelt es sich um eine Einfeld-Drehbrücke (Typ: Landstraßenbrücke). Die Hauptkonstruktion der Brücke besteht aus einer Stahlkonstruktion mit Holzbohlen als Brückenbelag. Die Brücke wurde 1980 an die Gemeinde Laar abgeben", "foto1": "https://nlwkn.hannit-share.de/index.php/core/preview?fileId=11060984&x=1280&y=819&a=true", "foto2": "https://nlwkn.hannit-share.de/index.php/core/preview?fileId=11060987&x=1280&y=819&a=true", "foto3": "https://nlwkn.hannit-share.de/index.php/core/preview?fileId=11060990&x=1280&y=819&a=true", "foto4": "https://nlwkn.hannit-share.de/index.php/core/preview?fileId=11060993&x=1280&y=819&a=true", "link1": null, "link2": null, "rwert": "349779", "hwert": 5835224, "denkmal": "Ja", "bez_urpl": "Drehbrücke Zollamt", "Beweglich": "Ja", "BW_NR": "PCK-B2143", "Str_KL": "Gemeindestraße", "Str_Name": "Zur Grenzaa / Wöstener Schulweg", "F_Breite": "3", "D_Breite": 7.0, "L_hoehe": 1.6499999761581401, "bw_bru_bruklasse": "3", "Field33": null, "Field34": null, "Field35": null, "Field36": null, "Field37": null }, "geometry": { "type": "Point", "coordinates": [ 754695.60404730879236, 6917812.974079214967787 ] } },
{ "type": "Feature", "properties": { "ID_con": 148, "bw_id": "SNK_BRU_22970", "name": "Brücke Kreisverkehr Twist", "GEW": "SNK", "stat_von": "22970", "bauart": "Stahlbetonbrücke", "baujahr": "2009", "upflicht": "Gemeinde Twist", "KTR": null, "FSK": "033118010000040019__", "km": "22+970", "bemerk": null, "beschreib": "Stahlbetonbrücke Kreisverkehr Twist", "beschreib_lang": "Stahlbetonbrücke Kreisverkehr Twist", "foto1": "https://nlwkn.hannit-share.de/index.php/core/preview?fileId=11058560&x=1280&y=819&a=true", "foto2": "https://nlwkn.hannit-share.de/index.php/core/preview?fileId=11058563&x=1280&y=819&a=true", "foto3": "https://nlwkn.hannit-share.de/index.php/core/preview?fileId=11058566&x=1280&y=819&a=true", "foto4": null, "link1": null, "link2": null, "rwert": "371309", "hwert": 5833950, "denkmal": "Nein", "bez_urpl": "Brücke An der Wieke , Goethestraße Twist", "Beweglich": "Nein", "BW_NR": "SNK-B2066", "Str_KL": "Gemeindestraße", "Str_Name": "An der Wieke, Goethestraße", "F_Breite": null, "D_Breite": null, "L_hoehe": null, "bw_bru_bruklasse": null, "Field33": null, "Field34": null, "Field35": null, "Field36": null, "Field37": null }, "geometry": { "type": "Point", "coordinates": [ 790154.22654666530434, 6916728.304178196936846 ] } },
{ "type": "Feature", "properties": { "ID_con": 149, "bw_id": "SNK_BRU_23605", "name": "Rahmendurchlass Schwarzer Weg", "GEW": "SNK", "stat_von": "23605", "bauart": "Rahmdurchlass", "baujahr": "1977", "upflicht": "Gemeinde Twist", "KTR": null, "FSK": "033118024001250009__", "km": "23+605", "bemerk": null, "beschreib": "Rahmendurchlass im Zuge der Gemeindestraße „Schwarzer Weg", "beschreib_lang": "Rahmendurchlass im Zuge der Gemeindestraße „Schwarzer Weg", "foto1": "https://nlwkn.hannit-share.de/index.php/core/preview?fileId=11058569&x=1280&y=819&a=true", "foto2": null, "foto3": null, "foto4": null, "link1": null, "link2": null, "rwert": "371338", "hwert": 5834583, "denkmal": "Nein", "bez_urpl": "Brücke Schwarzer Weg", "Beweglich": "Nein", "BW_NR": "SNK-B2067", "Str_KL": "Gemeindestraße", "Str_Name": "Schwarzer Weg", "F_Breite": "7.94999980926514", "D_Breite": 4.0, "L_hoehe": 1.29999995231628, "bw_bru_bruklasse": "60", "Field33": null, "Field34": null, "Field35": null, "Field36": null, "Field37": null }, "geometry": { "type": "Point", "coordinates": [ 790174.439315554569475, 6917772.997270155698061 ] } },
{ "type": "Feature", "properties": { "ID_con": 150, "bw_id": "SNK_BRU_23920", "name": "Brücke Rühlertwist L 47", "GEW": "SNK", "stat_von": "23920", "bauart": "Stahlbetonbrücke (Plattenbrücke)", "baujahr": "1977", "upflicht": "NLSTBV", "KTR": null, "FSK": "033118023001010015__", "km": "23+920", "bemerk": null, "beschreib": "Einfeld-Stahlbetonbrücke im Zuge der Landesstraße L 47 (Bauwerksnummer 3308504, Teilbauwerksnummer: )", "beschreib_lang": "Einfeld-Stahlbetonbrücke im Zuge der Landesstraße L 47 (Bauwerksnummer 3308504, Teilbauwerksnummer: )", "foto1": "https://nlwkn.hannit-share.de/index.php/core/preview?fileId=11058572&x=1280&y=819&a=true", "foto2": null, "foto3": null, "foto4": null, "link1": null, "link2": null, "rwert": "371305", "hwert": 5834898, "denkmal": "Nein", "bez_urpl": "Brücke Alt-Rühlertwist (L47)", "Beweglich": "Nein", "BW_NR": "SNK-B2068", "Str_KL": "Landesstraße", "Str_Name": "Alt-Rühlertwist", "F_Breite": "12", "D_Breite": 4.0, "L_hoehe": 3.1500000953674299, "bw_bru_bruklasse": "60/30", "Field33": null, "Field34": null, "Field35": null, "Field36": null, "Field37": null }, "geometry": { "type": "Point", "coordinates": [ 790106.497134577832185, 6918290.854350231587887 ] } },
{ "type": "Feature", "properties": { "ID_con": 46, "bw_id": "HAS_BRU_25005", "name": "K 223 (Hamm - Bückelte)", "GEW": "HAS", "stat_von": "25005", "bauart": "Stahlbetonbrücke", "baujahr": "1990", "upflicht": "Landkreis Emsland", "KTR": null, "FSK": "033225004000380001__", "km": "25+005", "bemerk": null, "beschreib": "Brücke K 223 (Hamm - Bückelte)", "beschreib_lang": null, "foto1": "https://nlwkn.hannit-share.de/index.php/core/preview?fileId=11063590&x=1280&y=819&a=true", "foto2": "https://nlwkn.hannit-share.de/index.php/core/preview?fileId=11063593&x=1280&y=819&a=true", "foto3": "https://nlwkn.hannit-share.de/index.php/core/preview?fileId=11063596&x=1280&y=819&a=true", "foto4": null, "link1": null, "link2": null, "rwert": "394293", "hwert": 5835430, "denkmal": "Nein", "bez_urpl": "Brücke Bückelte (K223)", "Beweglich": "Nein", "BW_NR": null, "Str_KL": "Kreisstraße", "Str_Name": "Tönjesstraße / Glupenstraße", "F_Breite": null, "D_Breite": null, "L_hoehe": null, "bw_bru_bruklasse": null, "Field33": null, "Field34": null, "Field35": null, "Field36": null, "Field37": null }, "geometry": { "type": "Point", "coordinates": [ 827897.520981511566788, 6920079.633083452470601 ] } },
{ "type": "Feature", "properties": { "ID_con": 151, "bw_id": "SNK_BRU_25195", "name": "Stahlbrücke Emsmoor", "GEW": "SNK", "stat_von": "25195", "bauart": "Stahlbrücke", "baujahr": "1968", "upflicht": "Gemeinde Twist", "KTR": "MBDEN10400", "FSK": "033118032000100039__", "km": "25+195", "bemerk": "Bauwerk abgegeben: U-Pflicht = Gemeinde Twist", "beschreib": "Bei dem Bauwerk handelt es sich um eine Dreifeld-Stahlbrücke. Die Brücke wird hauptsächlich von Abtorfungsunternehmen und Landwirten benutzt. Außerdem dient sie als Zuwegung für den landeseigenen Kompostierplatz östlich des Ka", "beschreib_lang": "Bei dem Bauwerk handelt es sich um eine Dreifeld-Stahlbrücke. Die Brücke wird hauptsächlich von Abtorfungsunternehmen und Landwirten benutzt. Außerdem dient sie als Zuwegung für den landeseigenen Kompostierplatz östlich des Kanals._x000d_\n_x000d_\nIn 2005 erfolgte durch eine Baumaßnahme eine Lasterhöhung auf 30 to und im Anschluss hieran die Übergabe  der Untrhaltungspflicht der Brücke an die Gemeinde Twist. Nach Abschluss des Flurbereinigungsverfahrens Rühlertwist-Ost im Jahre 2015 wurde die Brücke an die Gemeinde Twist übertragen._x000d_\n_x000d_\nIn 2023 wurde die Brücke umfangreich saniert. Der Umfang der Sanierungsarbeiten umfasste u. a. die Herstellung eines neuen Brückenbelags, eine Böschungssicherung, Asphaltierungsarbeiten in den Anschlussbreichen und unvorhergesehene Sanierungsarbeiten an den Holzpfeilern der Brückenfundamente. Die Kosten der Sanierungsmaßnahme betragen rd. 150.000,- € und werden im Rahmen der Unterhaltspflicht von der Gemeinde getragen.", "foto1": "https://nlwkn.hannit-share.de/index.php/core/preview?fileId=11058575&x=1280&y=819&a=true", "foto2": "https://nlwkn.hannit-share.de/index.php/core/preview?fileId=11058578&x=1280&y=819&a=true", "foto3": "https://nlwkn.hannit-share.de/index.php/core/preview?fileId=11058581&x=1280&y=819&a=true", "foto4": "https://nlwkn.hannit-share.de/index.php/core/preview?fileId=11058584&x=1280&y=819&a=true", "link1": "https://nlwkn.hannit-share.de/index.php/core/preview?fileId=11058587&x=1280&y=819&a=true", "link2": null, "rwert": "371114", "hwert": 5836155, "denkmal": "Ja", "bez_urpl": "Holzbrücke Emsmoor", "Beweglich": "Nein", "BW_NR": "SNK-B1069", "Str_KL": "Gemeindestraße", "Str_Name": "Nordstraße", "F_Breite": "3.5", "D_Breite": 5.5, "L_hoehe": 1.20000004768372, "bw_bru_bruklasse": "30", "Field33": null, "Field34": null, "Field35": null, "Field36": null, "Field37": null }, "geometry": { "type": "Point", "coordinates": [ 789737.714697936433367, 6920355.087339359335601 ] } },
{ "type": "Feature", "properties": { "ID_con": 152, "bw_id": "SNK_BRU_26405", "name": "Stahlbrücke GDF SUEZ", "GEW": "SNK", "stat_von": "26405", "bauart": "Stahlträgerbrücke mit Holzbohlenbelag", "baujahr": "1967", "upflicht": "GDF Suez", "KTR": null, "FSK": "033118036000010371__", "km": "26+405", "bemerk": "steht die Brücke unter Denkmalschutz (Objektkennziffer: 45405400033) ??", "beschreib": "Bei diesem Bauwerk handelt es sich um eine Dreifeldbrücke aus Stahlträgern mit Holzbohlenbelag. Die Überquerung dient als Zufahrt für die östlich des Kanals gelegenen Abtorfungsflächen die Landwirtschaft und Erdölfirmen.", "beschreib_lang": "Bei diesem Bauwerk handelt es sich um eine Dreifeldbrücke aus Stahlträgern mit Holzbohlenbelag. Die Überquerung dient als Zufahrt für die östlich des Kanals gelegenen Abtorfungsflächen für die Landwirtschaft und für die Erdölfirmen.", "foto1": "https://nlwkn.hannit-share.de/index.php/core/preview?fileId=11058590&x=1280&y=819&a=true", "foto2": "https://nlwkn.hannit-share.de/index.php/core/preview?fileId=11058593&x=1280&y=819&a=true", "foto3": "https://nlwkn.hannit-share.de/index.php/core/preview?fileId=11058596&x=1280&y=819&a=true", "foto4": "https://nlwkn.hannit-share.de/index.php/core/preview?fileId=11571297&x=1280&y=819&a=true", "link1": null, "link2": null, "rwert": "371187", "hwert": 5837363, "denkmal": "Nein", "bez_urpl": "Holzbrücke zur Südstraße", "Beweglich": "Nein", "BW_NR": "SNK-B2070", "Str_KL": "Gemeindestraße", "Str_Name": "zur Südstraße (K 202)", "F_Breite": "7", "D_Breite": 6.5999999046325701, "L_hoehe": 1.29999995231628, "bw_bru_bruklasse": "30", "Field33": null, "Field34": null, "Field35": null, "Field36": null, "Field37": null }, "geometry": { "type": "Point", "coordinates": [ 789805.243399040424265, 6922350.534686646424234 ] } },
{ "type": "Feature", "properties": { "ID_con": 153, "bw_id": "SNK_BRU_27265", "name": "Stahlbrücke Klasmann-Brücke", "GEW": "SNK", "stat_von": "27265", "bauart": "Holzbrücke", "baujahr": "1966", "upflicht": "Torfwerk Klasmann", "KTR": null, "FSK": "033118036000010371__", "km": "27+265", "bemerk": null, "beschreib": "Die Überquerung dient als Zufahrt für die östlich des Kanals gelegenen Abtorfungsflächen und der Landwirtschaft. Es handelt sich um eine Dreifeldkonstruktion aus Holz und Stahl. In der Brückenmitte verlaufen Schienen.", "beschreib_lang": "Die Überquerung dient als Zufahrt für die östlich des Kanals gelegenen Abtorfungsflächen und der Landwirtschaft. Es handelt sich um eine Dreifeldkonstruktion aus Holz und Stahl. In der Brückenmitte verlaufen Schienen. Die Brücke steht als Teil einer Gruppe baulicher Anlagen (gem. § 3 Abs. 3 S.1 NDSchG) unter Denkmalschutz (Objekt-ID:  35946241)", "foto1": "https://nlwkn.hannit-share.de/index.php/core/preview?fileId=11523809&x=1280&y=819&a=true", "foto2": "https://nlwkn.hannit-share.de/index.php/core/preview?fileId=11523810&x=1280&y=819&a=true", "foto3": "https://nlwkn.hannit-share.de/index.php/core/preview?fileId=11523810&x=1280&y=819&a=true", "foto4": "https://nlwkn.hannit-share.de/index.php/core/preview?fileId=11571301&x=1280&y=819&a=true", "link1": null, "link2": null, "rwert": "371269", "hwert": 5838217, "denkmal": "Nein", "bez_urpl": "Holzbrücke Klasmann", "Beweglich": "Nein", "BW_NR": "SNK-B2071", "Str_KL": "Gemeindestraße", "Str_Name": "zur Südstraße (K 202)", "F_Breite": "7", "D_Breite": 6.0, "L_hoehe": 1.70000004768372, "bw_bru_bruklasse": "30", "Field33": null, "Field34": null, "Field35": null, "Field36": null, "Field37": null }, "geometry": { "type": "Point", "coordinates": [ 789903.013634225586429, 6923762.846687378361821 ] } },
{ "type": "Feature", "properties": { "ID_con": 155, "bw_id": "SNK_BRU_28925", "name": "Stahlbetonbrücke Griendtsveen", "GEW": "SNK", "stat_von": "28925", "bauart": "Stahlbetonbrücke", "baujahr": "1987", "upflicht": "Gemeinde Twist", "KTR": null, "FSK": "033118038000010121__", "km": "28+925", "bemerk": null, "beschreib": "Einfeld-Stahlbetonbrücke im Zuge einer Gemeindestraße Griendtsveenweg", "beschreib_lang": "Einfeld-Stahlbetonbrücke im Zuge einer Gemeindestraße Griendtsveenweg", "foto1": "https://nlwkn.hannit-share.de/index.php/core/preview?fileId=11058614&x=1280&y=819&a=true", "foto2": null, "foto3": null, "foto4": null, "link1": null, "link2": null, "rwert": "371427", "hwert": 5839869, "denkmal": "Nein", "bez_urpl": "Brücke Griendtsveen", "Beweglich": "Nein", "BW_NR": "SNK-B2073", "Str_KL": "Gemeindestraße", "Str_Name": "Griendtsveenweg", "F_Breite": "5.5", "D_Breite": 7.25, "L_hoehe": 0.89999997615814198, "bw_bru_bruklasse": "30", "Field33": null, "Field34": null, "Field35": null, "Field36": null, "Field37": null }, "geometry": { "type": "Point", "coordinates": [ 790091.204246572335251, 6926495.532144661061466 ] } },
{ "type": "Feature", "properties": { "ID_con": 156, "bw_id": "SNK_BRU_29885", "name": "Drehbrücke Südstraße/Pappelallee", "GEW": "SNK", "stat_von": "29885", "bauart": "Drehbrücke", "baujahr": null, "upflicht": "Gemeinde Twist", "KTR": null, "FSK": "033118041000010832__", "km": "29+885", "bemerk": null, "beschreib": "Bei der Brücke handelt es sich um eine Einfeld-Drehbrücke. Die Hauptkonstruktion der Brücke besteht aus einer Stahlkonstruktion mit Holzbohlen als Brückenbelag. Die Brücke dient nur noch als Querung für Fußgänger und Radfahrer", "beschreib_lang": "Bei der Brücke handelt es sich um eine Einfeld-Drehbrücke. Die Hauptkonstruktion der Brücke besteht aus einer Stahlkonstruktion mit Holzbohlen als Brückenbelag. Die Brücke dient nur noch als Querung für Fußgänger und Radfahrer. Die Brücke steht unter Denkmalschutz (Einzelbaudenkmal und Teil einer Gruppe baulicher Anlagen).", "foto1": "https://nlwkn.hannit-share.de/index.php/core/preview?fileId=11058617&x=1280&y=819&a=true", "foto2": null, "foto3": null, "foto4": null, "link1": null, "link2": null, "rwert": "371520", "hwert": 5840826, "denkmal": "Ja", "bez_urpl": "Drehbrücke Südstraße / Pappelallee", "Beweglich": "Nein", "BW_NR": "SNK-B2074", "Str_KL": "Fuß-/Radweg", "Str_Name": "Südstraße / Pappelallee", "F_Breite": "2", "D_Breite": 6.0, "L_hoehe": 1.29999995231628, "bw_bru_bruklasse": "3", "Field33": null, "Field34": null, "Field35": null, "Field36": null, "Field37": null }, "geometry": { "type": "Point", "coordinates": [ 790202.696692830068059, 6928079.056980419903994 ] } },
{ "type": "Feature", "properties": { "ID_con": 157, "bw_id": "SNK_BRU_30715", "name": "Kirchbrücke, K 201", "GEW": "SNK", "stat_von": "30715", "bauart": "Stahlbetonbrücke", "baujahr": "2007", "upflicht": "Landkreis Emsland", "KTR": null, "FSK": "033118041000010583__", "km": "30+715", "bemerk": null, "beschreib": "Einfeld-Stahlbetonbrücke im Zuge der Kreisstraße (K 201)", "beschreib_lang": null, "foto1": "https://nlwkn.hannit-share.de/index.php/core/preview?fileId=11058620&x=1280&y=819&a=true", "foto2": "https://nlwkn.hannit-share.de/index.php/core/preview?fileId=11058623&x=1280&y=819&a=true", "foto3": null, "foto4": null, "link1": null, "link2": null, "rwert": "371600", "hwert": 5841652, "denkmal": "Nein", "bez_urpl": "Kirchbrücke", "Beweglich": "Nein", "BW_NR": "SNK-B2075", "Str_KL": "Kreisstraße", "Str_Name": "Provinzialstraße", "F_Breite": "7", "D_Breite": null, "L_hoehe": 1.45000004768372, "bw_bru_bruklasse": null, "Field33": null, "Field34": null, "Field35": null, "Field36": null, "Field37": null }, "geometry": { "type": "Point", "coordinates": [ 790298.51492797746323, 6929446.056560851633549 ] } },
{ "type": "Feature", "properties": { "ID_con": 159, "bw_id": "SNK_BRU_32145", "name": "Brücke B 402 (NL-DE)", "GEW": "SNK", "stat_von": "32145", "bauart": "2-Feld-Stahlbetonbrücke", "baujahr": "1969 (2021)", "upflicht": "NLSTBV", "KTR": null, "FSK": "033118045000010030__", "km": "32+145", "bemerk": null, "beschreib": "Zweifeld-Stahlbetonbrücke im Zuge der Bundesstraße B 402 (Fahrtrichtung NL-DE)", "beschreib_lang": "Zweifeld-Stahlbetonbrücke im Zuge der Bundesstraße B 402 (Fahrtrichtung NL-DE)", "foto1": "https://nlwkn.hannit-share.de/index.php/core/preview?fileId=11058644&x=1280&y=819&a=true", "foto2": null, "foto3": null, "foto4": null, "link1": null, "link2": null, "rwert": "371716", "hwert": 5843075, "denkmal": "Nein", "bez_urpl": "Brücke B402 (Richtung DE)", "Beweglich": "Nein", "BW_NR": "SNK-B2077", "Str_KL": "Europastraße", "Str_Name": "B 402", "F_Breite": "11.5", "D_Breite": 25.5, "L_hoehe": 7.1999998092651403, "bw_bru_bruklasse": "60/30", "Field33": null, "Field34": null, "Field35": null, "Field36": null, "Field37": null }, "geometry": { "type": "Point", "coordinates": [ 790427.70972234767396, 6931800.65980845503509 ] } },
{ "type": "Feature", "properties": { "ID_con": 47, "bw_id": "HAS_BRU_32155", "name": "K 270 (Lingener Straße, Hammer Straße)", "GEW": "HAS", "stat_von": "32155", "bauart": "Stahlbetonbrücke", "baujahr": "2008", "upflicht": "Landkreis Emsland", "KTR": null, "FSK": "033213020001560017__", "km": "32+155", "bemerk": null, "beschreib": "Brücke K 270 (Lingener Straße, Hammer Straße)", "beschreib_lang": null, "foto1": "https://nlwkn.hannit-share.de/index.php/core/preview?fileId=11063599&x=1280&y=819&a=true", "foto2": "https://nlwkn.hannit-share.de/index.php/core/preview?fileId=11063602&x=1280&y=819&a=true", "foto3": "https://nlwkn.hannit-share.de/index.php/core/preview?fileId=11063605&x=1280&y=819&a=true", "foto4": "https://nlwkn.hannit-share.de/index.php/core/preview?fileId=11063608&x=1280&y=819&a=true", "link1": null, "link2": null, "rwert": "396654", "hwert": 5835630, "denkmal": "Nein", "bez_urpl": "Brücke Lingener Straße (K270) Haselünne", "Beweglich": "Nein", "BW_NR": null, "Str_KL": "Kreisstraße", "Str_Name": "K 270", "F_Breite": null, "D_Breite": null, "L_hoehe": null, "bw_bru_bruklasse": null, "Field33": null, "Field34": null, "Field35": null, "Field36": null, "Field37": null }, "geometry": { "type": "Point", "coordinates": [ 831774.873547172290273, 6920493.02492517977953 ] } },
{ "type": "Feature", "properties": { "ID_con": 160, "bw_id": "SNK_BRU_32165", "name": "Brücke B 402 (DE-NL)", "GEW": "SNK", "stat_von": "32165", "bauart": "2-Feld-Stahlbetonbrücke??", "baujahr": "1969", "upflicht": "NLSTBV", "KTR": null, "FSK": "033118045000010030__", "km": "32+165", "bemerk": null, "beschreib": "Zweifeld-Stahlbetonbrücke im Zuge der Bundesstraße B 402 (Fahrtrichtung DE-NL)", "beschreib_lang": "Zweifeld-Stahlbetonbrücke im Zuge der Bundesstraße B 402 (Fahrtrichtung DE-NL)", "foto1": null, "foto2": null, "foto3": null, "foto4": null, "link1": null, "link2": null, "rwert": "371717", "hwert": 5843095, "denkmal": "Nein", "bez_urpl": "Brücke B402 (Richtung NL)", "Beweglich": "Nein", "BW_NR": "SNK_B2078", "Str_KL": "Europastraße", "Str_Name": "B 402", "F_Breite": "0", "D_Breite": 25.5, "L_hoehe": 7.1999998092651403, "bw_bru_bruklasse": "60/30", "Field33": null, "Field34": null, "Field35": null, "Field36": null, "Field37": null }, "geometry": { "type": "Point", "coordinates": [ 790428.487607729621232, 6931833.730736990459263 ] } },
{ "type": "Feature", "properties": { "ID_con": 161, "bw_id": "SNK_BRU_32260", "name": "Brücke Kastanienallee / Fehndorfer Straße", "GEW": "SNK", "stat_von": "32260", "bauart": "1-Feld Stahlbetonbrücke", "baujahr": null, "upflicht": "Gemeinde Twist", "KTR": null, "FSK": "033118045000010030__", "km": "32+260", "bemerk": null, "beschreib": "Die Einfeld-Stahlbetonbrücke verbindet die auf der östlichen Kanalseite verlaufende Kastanienallee mit der K 202.", "beschreib_lang": "Die Einfeld-Stahlbetonbrücke verbindet die auf der östlichen Kanalseite verlaufende Kastanienallee mit der K 202.", "foto1": "https://nlwkn.hannit-share.de/index.php/core/preview?fileId=11058656&x=1280&y=819&a=true", "foto2": "https://nlwkn.hannit-share.de/index.php/core/preview?fileId=11058659&x=1280&y=819&a=true", "foto3": null, "foto4": null, "link1": null, "link2": null, "rwert": "371720", "hwert": 5843191, "denkmal": "Nein", "bez_urpl": "Brücke Kastanienallee / Fehndorfer Straße", "Beweglich": "Nein", "BW_NR": "SNK-B2079", "Str_KL": "Gemeindestraße", "Str_Name": "Kastanienallee / Fehndorfer Straße", "F_Breite": "5", "D_Breite": null, "L_hoehe": 1.25, "bw_bru_bruklasse": null, "Field33": null, "Field34": null, "Field35": null, "Field36": null, "Field37": null }, "geometry": { "type": "Point", "coordinates": [ 790429.256322378176264, 6931992.394638300873339 ] } },
{ "type": "Feature", "properties": { "ID_con": 48, "bw_id": "HAS_BRU_33290", "name": "Fuß- und Radwegbrücke (Piusweg)", "GEW": "HAS", "stat_von": "33290", "bauart": "3-Feld-Stahlbetonbrücke (Fußgängerbrücke)", "baujahr": "2023", "upflicht": "Stadt Haselünne", "KTR": null, "FSK": "033213020001560017__", "km": "33+290", "bemerk": "Ersetzen durch Neubau??", "beschreib": "Fuß- und Radwegbrücke Piusbrücke Haselünne", "beschreib_lang": null, "foto1": "https://nlwkn.hannit-share.de/index.php/core/preview?fileId=11063611&x=1280&y=819&a=true", "foto2": "https://nlwkn.hannit-share.de/index.php/core/preview?fileId=11063614&x=1280&y=819&a=true", "foto3": "https://nlwkn.hannit-share.de/index.php/core/preview?fileId=11063617&x=1280&y=819&a=true", "foto4": "https://nlwkn.hannit-share.de/index.php/core/preview?fileId=11063620&x=1280&y=819&a=true", "link1": null, "link2": null, "rwert": "397317", "hwert": 5836550, "denkmal": "Nein", "bez_urpl": "Fuß- und Radwegbrücke Piusweg", "Beweglich": "Nein", "BW_NR": null, "Str_KL": "Fuß-/Radweg", "Str_Name": "Piusweg (Sportplatz)", "F_Breite": null, "D_Breite": null, "L_hoehe": null, "bw_bru_bruklasse": "Fuß-/Radweg", "Field33": null, "Field34": null, "Field35": null, "Field36": null, "Field37": null }, "geometry": { "type": "Point", "coordinates": [ 832833.803288054070435, 6922033.721315817907453 ] } },
{ "type": "Feature", "properties": { "ID_con": 49, "bw_id": "HAS_BRU_33740", "name": "B 213 /  E 233", "GEW": "HAS", "stat_von": "33740", "bauart": "2-Feld-Stahlbetonbrücke", "baujahr": "2018", "upflicht": "NLSTBV", "KTR": null, "FSK": "033213018000080028__", "km": "33+740", "bemerk": "Neubau in 2019", "beschreib": "Brücke B 213 /  E 233 (NLSTBV Nr.: 3310526 0)", "beschreib_lang": null, "foto1": "https://nlwkn.hannit-share.de/index.php/core/preview?fileId=11063623&x=1280&y=819&a=true", "foto2": "https://nlwkn.hannit-share.de/index.php/core/preview?fileId=11063626&x=1280&y=819&a=true", "foto3": "https://nlwkn.hannit-share.de/index.php/core/preview?fileId=11063629&x=1280&y=819&a=true", "foto4": "https://nlwkn.hannit-share.de/index.php/core/preview?fileId=11063632&x=1280&y=819&a=true", "link1": null, "link2": null, "rwert": "397702", "hwert": 5836761, "denkmal": "Nein", "bez_urpl": "Brücke B213 Haselünne", "Beweglich": "Nein", "BW_NR": null, "Str_KL": "Europastraße", "Str_Name": "Lingener Straße (B213 / E233)", "F_Breite": null, "D_Breite": null, "L_hoehe": null, "bw_bru_bruklasse": "60/30", "Field33": null, "Field34": null, "Field35": null, "Field36": null, "Field37": null }, "geometry": { "type": "Point", "coordinates": [ 833460.075364819727838, 6922395.179105020128191 ] } },
{ "type": "Feature", "properties": { "ID_con": 50, "bw_id": "HAS_BRU_34130", "name": "Fuß- und Radwegbrücke (Lasterbach, Binsenweg)", "GEW": "HAS", "stat_von": "34130", "bauart": "3-Feld-Stahlbetonbrücke (Fußgängerbrücke)", "baujahr": null, "upflicht": "Stadt Haselünne", "KTR": null, "FSK": "033213018000080028__", "km": "34+130", "bemerk": null, "beschreib": "Fuß- und Radwegbrücke (Lasterbach, Binsenweg)", "beschreib_lang": null, "foto1": "https://nlwkn.hannit-share.de/index.php/core/preview?fileId=11063635&x=1280&y=819&a=true", "foto2": "https://nlwkn.hannit-share.de/index.php/core/preview?fileId=11063638&x=1280&y=819&a=true", "foto3": "https://nlwkn.hannit-share.de/index.php/core/preview?fileId=11063641&x=1280&y=819&a=true", "foto4": "https://nlwkn.hannit-share.de/index.php/core/preview?fileId=11063644&x=1280&y=819&a=true", "link1": null, "link2": null, "rwert": "398072", "hwert": 5836817, "denkmal": "Nein", "bez_urpl": "Fuß- und Radwegbrücke Lasterbach (Binsenweg)", "Beweglich": "Nein", "BW_NR": null, "Str_KL": "Fuß-/Radweg", "Str_Name": "Lasterbach, Binsenweg", "F_Breite": null, "D_Breite": null, "L_hoehe": null, "bw_bru_bruklasse": "Fuß-/Radweg", "Field33": null, "Field34": null, "Field35": null, "Field36": null, "Field37": null }, "geometry": { "type": "Point", "coordinates": [ 834067.055668366840109, 6922500.363817135803401 ] } },
{ "type": "Feature", "properties": { "ID_con": 162, "bw_id": "SNK_BRU_34825", "name": "Stahlbetonbrücke Hebelermeer", "GEW": "SNK", "stat_von": "34825", "bauart": "Stahlbetonbrücke", "baujahr": "1981", "upflicht": "Landkreis Emsland", "KTR": null, "FSK": "033102029000260028__", "km": "34+825", "bemerk": null, "beschreib": "Einfeld-Stahlbetonbrücke im Zuge einer Kreisstraße   K 228", "beschreib_lang": "Einfeld-Stahlbetonbrücke im Zuge einer Kreisstraße   K 228", "foto1": "https://nlwkn.hannit-share.de/index.php/core/preview?fileId=11058662&x=1280&y=819&a=true", "foto2": "https://nlwkn.hannit-share.de/index.php/core/preview?fileId=11058665&x=1280&y=819&a=true", "foto3": null, "foto4": null, "link1": null, "link2": null, "rwert": "371966", "hwert": 5845743, "denkmal": "Nein", "bez_urpl": "Brücke Hebelermeer", "Beweglich": "Nein", "BW_NR": "SNK-B2081", "Str_KL": "Kreisstraße", "Str_Name": "Hebelermeer", "F_Breite": "7.5", "D_Breite": 11.0, "L_hoehe": 1.95000004768372, "bw_bru_bruklasse": "60", "Field33": null, "Field34": null, "Field35": null, "Field36": null, "Field37": null }, "geometry": { "type": "Point", "coordinates": [ 790723.697850503143854, 6936218.599734899587929 ] } },
{ "type": "Feature", "properties": { "ID_con": 163, "bw_id": "SNK_BRU_37195", "name": "Stahlbetonbrücke Neulandstraße", "GEW": "SNK", "stat_von": "37195", "bauart": "Stahlbetonbrücke", "baujahr": "1970", "upflicht": "Stadt Haren", "KTR": null, "FSK": "031737042000370054__", "km": "37+195", "bemerk": null, "beschreib": "Dreifeld-Stahlbetonbrücke im Zuge der Gemeinde-straße „Neulandstraße“", "beschreib_lang": "Dreifeld-Stahlbetonbrücke im Zuge der Gemeinde-straße „Neulandstraße“", "foto1": "https://nlwkn.hannit-share.de/index.php/core/preview?fileId=11058668&x=1280&y=819&a=true", "foto2": "https://nlwkn.hannit-share.de/index.php/core/preview?fileId=11058671&x=1280&y=819&a=true", "foto3": "https://nlwkn.hannit-share.de/index.php/core/preview?fileId=11058674&x=1280&y=819&a=true", "foto4": null, "link1": null, "link2": null, "rwert": "372230", "hwert": 5848096, "denkmal": "Nein", "bez_urpl": "Brücke Neulandstraße", "Beweglich": "Nein", "BW_NR": "SNK-B2082", "Str_KL": "Gemeindestraße", "Str_Name": "Neulandstraße", "F_Breite": "6", "D_Breite": 8.0, "L_hoehe": 1.6499999761581401, "bw_bru_bruklasse": "24", "Field33": null, "Field34": null, "Field35": null, "Field36": null, "Field37": null }, "geometry": { "type": "Point", "coordinates": [ 791056.738558849552646, 6940118.828717927448452 ] } },
{ "type": "Feature", "properties": { "ID_con": 51, "bw_id": "HAS_BRU_37990", "name": "K 208 (Andruper Straße)", "GEW": "HAS", "stat_von": "37990", "bauart": "3-Feld-Stahlbetonbrücke", "baujahr": "2002", "upflicht": "Landkreis Emsland", "KTR": null, "FSK": "033210007000980003__", "km": "37+990", "bemerk": null, "beschreib": "Brücke K 208 (Andruper Straße)", "beschreib_lang": null, "foto1": "https://nlwkn.hannit-share.de/index.php/core/preview?fileId=11063647&x=1280&y=819&a=true", "foto2": "https://nlwkn.hannit-share.de/index.php/core/preview?fileId=11063650&x=1280&y=819&a=true", "foto3": "https://nlwkn.hannit-share.de/index.php/core/preview?fileId=11063653&x=1280&y=819&a=true", "foto4": "https://nlwkn.hannit-share.de/index.php/core/preview?fileId=11063656&x=1280&y=819&a=true", "link1": "https://nlwkn.hannit-share.de/index.php/core/preview?fileId=11063659&x=1280&y=819&a=true", "link2": "https://nlwkn.hannit-share.de/index.php/core/preview?fileId=11063662&x=1280&y=819&a=true", "rwert": "399671", "hwert": 5836070, "denkmal": "Nein", "bez_urpl": "Brücke Andrup (K208)", "Beweglich": "Nein", "BW_NR": null, "Str_KL": "Kreisstraße", "Str_Name": "Andruper Straße", "F_Breite": null, "D_Breite": null, "L_hoehe": null, "bw_bru_bruklasse": null, "Field33": null, "Field34": null, "Field35": null, "Field36": null, "Field37": null }, "geometry": { "type": "Point", "coordinates": [ 836723.905140675022267, 6921322.805958938784897 ] } },
{ "type": "Feature", "properties": { "ID_con": 168, "bw_id": "SNK_BRU_38500", "name": "Stahlbetonbrücke Fehndorfer Schulbrücke", "GEW": "SNK", "stat_von": "38500", "bauart": "Stahlbetonbrücke", "baujahr": "1967", "upflicht": "Landkreis Emsland", "KTR": null, "FSK": "031737037001040083__", "km": "38+500", "bemerk": null, "beschreib": "Dreifeld-Stahlbetonbrücke im Zuge der Kreisstraße K 242 „Harener Straße“", "beschreib_lang": "Dreifeld-Stahlbetonbrücke im Zuge der Kreisstraße K 242 „Harener Straße“", "foto1": "https://nlwkn.hannit-share.de/index.php/core/preview?fileId=11058722&x=1280&y=819&a=true", "foto2": "https://nlwkn.hannit-share.de/index.php/core/preview?fileId=11058725&x=1280&y=819&a=true", "foto3": "https://nlwkn.hannit-share.de/index.php/core/preview?fileId=11058728&x=1280&y=819&a=true", "foto4": "https://nlwkn.hannit-share.de/index.php/core/preview?fileId=11058731&x=1280&y=819&a=true", "link1": null, "link2": null, "rwert": "372357", "hwert": 5849392, "denkmal": "Nein", "bez_urpl": "Fehndorfer Schulbrücke", "Beweglich": "Nein", "BW_NR": "SNK-B2083", "Str_KL": "Kreisstraße", "Str_Name": "Brückenstraße / K 202", "F_Breite": "6", "D_Breite": 6.0, "L_hoehe": 1.75, "bw_bru_bruklasse": "30", "Field33": null, "Field34": null, "Field35": null, "Field36": null, "Field37": null }, "geometry": { "type": "Point", "coordinates": [ 791209.936571100261062, 6942267.022083103656769 ] } },
{ "type": "Feature", "properties": { "ID_con": 169, "bw_id": "SNK_BRU_39605", "name": "Stahlbtonbrücke Fehndorfer Schleusenbrücke", "GEW": "SNK", "stat_von": "39605", "bauart": "Stahlbetonbrücke", "baujahr": "1985", "upflicht": "Stadt Haren", "KTR": null, "FSK": "031737003000530002__", "km": "39+605", "bemerk": null, "beschreib": "Einfeld-Stahlbetonbrücke über dem Unterhaupt der ehemaligen Schleuse VI. Die Brücke steht als Baudenkmal (Einzeln) unter Denkmalschutz", "beschreib_lang": "Einfeld-Stahlbetonbrücke über dem Unterhaupt der ehemaligen Schleuse VI. Die Brücke steht als Baudenkmal (Einzeln) unter Denkmalschutz", "foto1": "https://nlwkn.hannit-share.de/index.php/core/preview?fileId=11058734&x=1280&y=819&a=true", "foto2": "https://nlwkn.hannit-share.de/index.php/core/preview?fileId=11058737&x=1280&y=819&a=true", "foto3": "https://nlwkn.hannit-share.de/index.php/core/preview?fileId=11058740&x=1280&y=819&a=true", "foto4": "https://nlwkn.hannit-share.de/index.php/core/preview?fileId=11058743&x=1280&y=819&a=true", "link1": "https://nlwkn.hannit-share.de/index.php/core/preview?fileId=11058746&x=1280&y=819&a=true", "link2": "https://nlwkn.hannit-share.de/index.php/core/preview?fileId=11058749&x=1280&y=819&a=true", "rwert": "372465", "hwert": 5850496, "denkmal": "Ja", "bez_urpl": "Fehndorfer Schleusenbrücke", "Beweglich": "Nein", "BW_NR": "SNK-B2084", "Str_KL": "Gemeindestraße", "Str_Name": "Brückenstraße / K 202", "F_Breite": "3.5", "D_Breite": 6.0, "L_hoehe": 3.75, "bw_bru_bruklasse": "30", "Field33": null, "Field34": null, "Field35": null, "Field36": null, "Field37": null }, "geometry": { "type": "Point", "coordinates": [ 791340.190918627427891, 6944097.40656465664506 ] } },
{ "type": "Feature", "properties": { "ID_con": 171, "bw_id": "SNK_BRU_41340", "name": "Stahlbetonbrücke Kreisstraße K 226 („Weinansbrücke“)", "GEW": "SNK", "stat_von": "41340", "bauart": "Stahlbetonbrücke", "baujahr": "1970", "upflicht": "Landkreis Emsland", "KTR": null, "FSK": "03173700200074______", "km": "41+340", "bemerk": null, "beschreib": "Dreifeld-Stahlbetonbrücke im Zuge der Kreisstraße     K 226", "beschreib_lang": "Dreifeld-Stahlbetonbrücke im Zuge der Kreisstraße     K 226", "foto1": "https://nlwkn.hannit-share.de/index.php/core/preview?fileId=11058764&x=1280&y=819&a=true", "foto2": "https://nlwkn.hannit-share.de/index.php/core/preview?fileId=11058767&x=1280&y=819&a=true", "foto3": null, "foto4": null, "link1": null, "link2": null, "rwert": "372378", "hwert": 5852150, "denkmal": "Nein", "bez_urpl": "Brücke Kreisstraße K 226 („Weinansbrücke“)", "Beweglich": "Nein", "BW_NR": "SNK-B2085", "Str_KL": "Kreisstraße", "Str_Name": "Lindloher Straße", "F_Breite": "6", "D_Breite": 8.0, "L_hoehe": 3.2000000476837198, "bw_bru_bruklasse": "30", "Field33": null, "Field34": null, "Field35": null, "Field36": null, "Field37": null }, "geometry": { "type": "Point", "coordinates": [ 791124.812765601323918, 6946829.61478016525507 ] } },
{ "type": "Feature", "properties": { "ID_con": 172, "bw_id": "SNK_BRU_42105", "name": "Drehbrücke Wiesenstraße", "GEW": "SNK", "stat_von": "42105", "bauart": "Drehbrücke", "baujahr": null, "upflicht": "Stadt Haren", "KTR": null, "FSK": "03172901000003______", "km": "42+105", "bemerk": "Brücke stillgelegt?", "beschreib": "Bei der Brücke handelt es sich um eine Einfeld-Drehbrücke. Die Hauptkonstruktion der Brücke besteht aus einer Stahlkonstruktion mit Holzbohlen als Brückenbelag. Die Brücke dient nur noch als Querung für Fußgänger und Radfahrer.", "beschreib_lang": "Bei der Brücke handelt es sich um eine Einfeld-Drehbrücke. Die Hauptkonstruktion der Brücke besteht aus einer Stahlkonstruktion mit Holzbohlen als Brückenbelag. Die Brücke dient nur noch als Querung für Fußgänger und Radfahrer._x000d_\nDie Brücke steht als Baudenkmal (Einzeln) unter Denkmalschutz", "foto1": "https://nlwkn.hannit-share.de/index.php/core/preview?fileId=11058770&x=1280&y=819&a=true", "foto2": "https://nlwkn.hannit-share.de/index.php/core/preview?fileId=11058773&x=1280&y=819&a=true", "foto3": "https://nlwkn.hannit-share.de/index.php/core/preview?fileId=11058776&x=1280&y=819&a=true", "foto4": "https://nlwkn.hannit-share.de/index.php/core/preview?fileId=11058779&x=1280&y=819&a=true", "link1": "https://nlwkn.hannit-share.de/index.php/core/preview?fileId=11058782&x=1280&y=819&a=true", "link2": null, "rwert": "372773", "hwert": 5852803, "denkmal": "Nein", "bez_urpl": "Drehbrücke Wiesenstraße", "Beweglich": "Nein", "BW_NR": "SNK-B2086", "Str_KL": "Fuß-/Radweg", "Str_Name": "Wiesenstraße / Süd-Nord-Kanalstraße", "F_Breite": "2.5", "D_Breite": 6.8000001907348597, "L_hoehe": 2.5, "bw_bru_bruklasse": "3", "Field33": null, "Field34": null, "Field35": null, "Field36": null, "Field37": null }, "geometry": { "type": "Point", "coordinates": [ 791748.422221121378243, 6947927.22814928367734 ] } },
{ "type": "Feature", "properties": { "ID_con": 173, "bw_id": "SNK_BRU_43135", "name": "Brücke Kreisstraße K 220", "GEW": "SNK", "stat_von": "43135", "bauart": "Stahlbetonbrücke", "baujahr": "1968", "upflicht": "Landkreis Emsland", "KTR": null, "FSK": "03172602100189______", "km": "43+135", "bemerk": null, "beschreib": "Dreifeld-Stahlbetonbrücke im Zuge der Kreisstraße _x000d_\nK 220", "beschreib_lang": "Dreifeld-Stahlbetonbrücke im Zuge der Kreisstraße _x000d_\nK 220", "foto1": "https://nlwkn.hannit-share.de/index.php/core/preview?fileId=11058785&x=1280&y=819&a=true", "foto2": "https://nlwkn.hannit-share.de/index.php/core/preview?fileId=11058788&x=1280&y=819&a=true", "foto3": "https://nlwkn.hannit-share.de/index.php/core/preview?fileId=11058791&x=1280&y=819&a=true", "foto4": "https://nlwkn.hannit-share.de/index.php/core/preview?fileId=11058794&x=1280&y=819&a=true", "link1": null, "link2": null, "rwert": "373305", "hwert": 5853687, "denkmal": "Nein", "bez_urpl": "Brücke Altenberger Straße (K220)", "Beweglich": "Nein", "BW_NR": "SNK-B2087", "Str_KL": "Kreisstraße", "Str_Name": "Altenberger Straße", "F_Breite": "6", "D_Breite": 10.0, "L_hoehe": 2.5, "bw_bru_bruklasse": "30", "Field33": null, "Field34": null, "Field35": null, "Field36": null, "Field37": null }, "geometry": { "type": "Point", "coordinates": [ 792588.393849479383789, 6949413.170689321123064 ] } },
{ "type": "Feature", "properties": { "ID_con": 175, "bw_id": "SNK_BRU_45095", "name": "Brücke Röchlingstraße", "GEW": "SNK", "stat_von": "45095", "bauart": "Stahlbetonbrücke", "baujahr": "1971", "upflicht": "Stadt Haren", "KTR": null, "FSK": "03172602100172______", "km": "45+095", "bemerk": null, "beschreib": "Dreifeld-Stahlbetonbrücke im Zuge der Gemeinde-straße „Röchlingstraße“", "beschreib_lang": "Dreifeld-Stahlbetonbrücke im Zuge der Gemeinde-straße „Röchlingstraße“", "foto1": "https://nlwkn.hannit-share.de/index.php/core/preview?fileId=11058809&x=1280&y=819&a=true", "foto2": "https://nlwkn.hannit-share.de/index.php/core/preview?fileId=11058812&x=1280&y=819&a=true", "foto3": "https://nlwkn.hannit-share.de/index.php/core/preview?fileId=11058815&x=1280&y=819&a=true", "foto4": "https://nlwkn.hannit-share.de/index.php/core/preview?fileId=11058818&x=1280&y=819&a=true", "link1": null, "link2": null, "rwert": "373438", "hwert": 5855528, "denkmal": "Nein", "bez_urpl": "Brücke Röchlingstraße", "Beweglich": "Nein", "BW_NR": "SNK-B2089", "Str_KL": "Gemeindestraße", "Str_Name": "Röchlingstraße (Peterdose Ost)", "F_Breite": "6", "D_Breite": 11.0, "L_hoehe": 1.6000000238418599, "bw_bru_bruklasse": "30", "Field33": null, "Field34": null, "Field35": null, "Field36": null, "Field37": null }, "geometry": { "type": "Point", "coordinates": [ 792728.525427813990973, 6952466.342551871202886 ] } },
{ "type": "Feature", "properties": { "ID_con": 176, "bw_id": "SNK_BRU_45560", "name": "Brücke Bundesstraße B 408", "GEW": "SNK", "stat_von": "45560", "bauart": "Stahlbetonbrücke", "baujahr": "1973", "upflicht": "NLSTBV", "KTR": null, "FSK": "03172602100142______", "km": "45+560", "bemerk": null, "beschreib": "Einfeld-Stahlbetonbrücke im Zuge der Bundesstraße  B 408", "beschreib_lang": "Einfeld-Stahlbetonbrücke im Zuge der Bundesstraße  B 408", "foto1": "https://nlwkn.hannit-share.de/index.php/core/preview?fileId=11058821&x=1280&y=819&a=true", "foto2": "https://nlwkn.hannit-share.de/index.php/core/preview?fileId=11058824&x=1280&y=819&a=true", "foto3": "https://nlwkn.hannit-share.de/index.php/core/preview?fileId=11058827&x=1280&y=819&a=true", "foto4": "https://nlwkn.hannit-share.de/index.php/core/preview?fileId=11058830&x=1280&y=819&a=true", "link1": null, "link2": null, "rwert": "373412", "hwert": 5855980, "denkmal": "Nein", "bez_urpl": "Brücke B 408", "Beweglich": "Nein", "BW_NR": "SNK-B2090", "Str_KL": "Bundesstraße", "Str_Name": "B 408", "F_Breite": "10.5", "D_Breite": 12.0, "L_hoehe": 1.29999995231628, "bw_bru_bruklasse": "60/30", "Field33": null, "Field34": null, "Field35": null, "Field36": null, "Field37": null }, "geometry": { "type": "Point", "coordinates": [ 792666.064609224325977, 6953213.591176180168986 ] } },
{ "type": "Feature", "properties": { "ID_con": 238, "bw_id": "VEC_QUE_85590", "name": "Rohrleitungsbrücke Unterhalb Mündung Entlastungskanal", "GEW": "VEC", "stat_von": "85590", "bauart": "Rohrleitungsbrücke", "baujahr": null, "upflicht": "Erdgas Münster", "KTR": null, "FSK": "03312901100297______", "km": "85+590", "bemerk": "Vertrag??", "beschreib": "Rohrleitungsbrücke unterhalb Mündung Entlastungskanal", "beschreib_lang": "Rohrleitungsbrücke unterhalb Mündung Entlastungskanal", "foto1": "https://nlwkn.hannit-share.de/index.php/core/preview?fileId=11054448&x=1280&y=819&a=true", "foto2": "https://nlwkn.hannit-share.de/index.php/core/preview?fileId=11054451&x=1280&y=819&a=true", "foto3": "https://nlwkn.hannit-share.de/index.php/core/preview?fileId=11054454&x=1280&y=819&a=true", "foto4": "https://nlwkn.hannit-share.de/index.php/core/preview?fileId=11054457&x=1280&y=819&a=true", "link1": null, "link2": null, "rwert": "355927", "hwert": 5830426, "denkmal": "Nein", "bez_urpl": "Rohrleitungsbrücke", "Beweglich": "Nein", "BW_NR": null, "Str_KL": "Rohrleitung", "Str_Name": "Rohrleitungsbrücke", "F_Breite": null, "D_Breite": null, "L_hoehe": null, "bw_bru_bruklasse": "---", "Field33": null, "Field34": null, "Field35": null, "Field36": null, "Field37": null }, "geometry": { "type": "Point", "coordinates": [ 765036.918402678566054, 6910214.052181400358677 ] } },
{ "type": "Feature", "properties": { "ID_con": 239, "bw_id": "VEC_BRU_87765", "name": "Brücke Pappelweg Ringe (Blaue Brücke)", "GEW": "VEC", "stat_von": "87765", "bauart": "3-Feld-Stahlbrücke (Fußgängerbrücke)", "baujahr": null, "upflicht": "Gemeinde Ringe", "KTR": null, "FSK": "033126021000350001__", "km": "87+765", "bemerk": "!!Vertag!! !!Akz!!", "beschreib": "Brücke Pappelweg Ringe (ehemalige \"Leinpfadbrücke\")", "beschreib_lang": null, "foto1": "https://nlwkn.hannit-share.de/index.php/core/preview?fileId=11054460&x=1280&y=819&a=true", "foto2": "https://nlwkn.hannit-share.de/index.php/core/preview?fileId=11054463&x=1280&y=819&a=true", "foto3": "https://nlwkn.hannit-share.de/index.php/core/preview?fileId=11054466&x=1280&y=819&a=true", "foto4": "https://nlwkn.hannit-share.de/index.php/core/preview?fileId=11054469&x=1280&y=819&a=true", "link1": null, "link2": null, "rwert": "357501", "hwert": 5829442, "denkmal": "Nein", "bez_urpl": "Fußgängerbrücke  Pappelweg Ringe", "Beweglich": "Nein", "BW_NR": null, "Str_KL": "Fuß-/Radweg", "Str_Name": "Pappelweg", "F_Breite": null, "D_Breite": null, "L_hoehe": null, "bw_bru_bruklasse": null, "Field33": null, "Field34": null, "Field35": null, "Field36": null, "Field37": null }, "geometry": { "type": "Point", "coordinates": [ 767669.647732626996003, 6908669.876757484860718 ] } },
{ "type": "Feature", "properties": { "ID_con": 241, "bw_id": "VEC_BRU_92515", "name": "Brücke Bahnhofstraße (Hoogstede)", "GEW": "VEC", "stat_von": "92515", "bauart": "2-Feld-Stahlbetonbrücke", "baujahr": "1955", "upflicht": "Gemeinde Hoogstede", "KTR": null, "FSK": "03312602500044______", "km": "92+515", "bemerk": null, "beschreib": "Brücke Bahnhofstraße (Hoogstede)", "beschreib_lang": null, "foto1": "https://nlwkn.hannit-share.de/index.php/core/preview?fileId=11054483&x=1280&y=819&a=true", "foto2": null, "foto3": null, "foto4": null, "link1": null, "link2": null, "rwert": "360718", "hwert": 5826725, "denkmal": "Nein", "bez_urpl": "Tinholter Brücke", "Beweglich": "Nein", "BW_NR": null, "Str_KL": "Gemeindestraße", "Str_Name": "Bahnhofstraße", "F_Breite": null, "D_Breite": null, "L_hoehe": null, "bw_bru_bruklasse": null, "Field33": null, "Field34": null, "Field35": null, "Field36": null, "Field37": null }, "geometry": { "type": "Point", "coordinates": [ 773080.432438363670371, 6904350.345094188116491 ] } },
{ "type": "Feature", "properties": { "ID_con": 242, "bw_id": "VEC_BRU_96890", "name": "Brücke Haftenkamper Straße (Esche)", "GEW": "VEC", "stat_von": "96890", "bauart": "3-Feld-Stahlbetonbrücke", "baujahr": "1964/65??", "upflicht": "Gemeinde Esche", "KTR": null, "FSK": "03314600100313______", "km": "96+890", "bemerk": null, "beschreib": "Brücke Haftenkamper Straße (Esche)", "beschreib_lang": null, "foto1": "https://nlwkn.hannit-share.de/index.php/core/preview?fileId=11054486&x=1280&y=819&a=true", "foto2": "https://nlwkn.hannit-share.de/index.php/core/preview?fileId=11054489&x=1280&y=819&a=true", "foto3": "https://nlwkn.hannit-share.de/index.php/core/preview?fileId=11054492&x=1280&y=819&a=true", "foto4": "https://nlwkn.hannit-share.de/index.php/core/preview?fileId=11054495&x=1280&y=819&a=true", "link1": "https://nlwkn.hannit-share.de/index.php/core/preview?fileId=11054498&x=1280&y=819&a=true", "link2": null, "rwert": "361313", "hwert": 5823214, "denkmal": "Nein", "bez_urpl": "Harmsen Brücke", "Beweglich": "Nein", "BW_NR": null, "Str_KL": "Gemeindestraße", "Str_Name": "Haftenkamper Straße", "F_Breite": null, "D_Breite": null, "L_hoehe": null, "bw_bru_bruklasse": null, "Field33": null, "Field34": null, "Field35": null, "Field36": null, "Field37": null }, "geometry": { "type": "Point", "coordinates": [ 774220.543079336523078, 6898602.456001568585634 ] } },
{ "type": "Feature", "properties": { "ID_con": 187, "bw_id": "VEC_BRU_102030", "name": "Eisenbahnbrücke Neuenhaus", "GEW": "VEC", "stat_von": "102030", "bauart": "Eisenbahnbrücke", "baujahr": null, "upflicht": "DB", "KTR": null, "FSK": "033147019004710128__", "km": "102+030", "bemerk": null, "beschreib": "Eisenbahnbrücke Neuenhaus", "beschreib_lang": null, "foto1": "https://nlwkn.hannit-share.de/index.php/core/preview?fileId=11053841&x=1280&y=819&a=true", "foto2": "https://nlwkn.hannit-share.de/index.php/core/preview?fileId=11053844&x=1280&y=819&a=true", "foto3": "https://nlwkn.hannit-share.de/index.php/core/preview?fileId=11053847&x=1280&y=819&a=true", "foto4": "https://nlwkn.hannit-share.de/index.php/core/preview?fileId=11053850&x=1280&y=819&a=true", "link1": "https://nlwkn.hannit-share.de/index.php/core/preview?fileId=11053853&x=1280&y=819&a=true", "link2": null, "rwert": "362064", "hwert": 5819382, "denkmal": "Nein", "bez_urpl": "Eisenbahnbrücke Neuenhaus", "Beweglich": "Nein", "BW_NR": null, "Str_KL": "Eisenbahn", "Str_Name": "Eisenbahnbrücke", "F_Breite": null, "D_Breite": null, "L_hoehe": null, "bw_bru_bruklasse": "---", "Field33": null, "Field34": null, "Field35": null, "Field36": null, "Field37": null }, "geometry": { "type": "Point", "coordinates": [ 775629.494334597839043, 6892338.198203166946769 ] } },
{ "type": "Feature", "properties": { "ID_con": 188, "bw_id": "VEC_BRU_102945", "name": "Brücke Veldhauser Straße, L 44", "GEW": "VEC", "stat_von": "102945", "bauart": "1-Feld-Stahlbetonbrücke", "baujahr": null, "upflicht": "NLSTBV", "KTR": null, "FSK": "033147027000020004__", "km": "102+945", "bemerk": null, "beschreib": "Brücke Veldhauser Straße, L 44", "beschreib_lang": null, "foto1": "https://nlwkn.hannit-share.de/index.php/core/preview?fileId=11053856&x=1280&y=819&a=true", "foto2": "https://nlwkn.hannit-share.de/index.php/core/preview?fileId=11053859&x=1280&y=819&a=true", "foto3": "https://nlwkn.hannit-share.de/index.php/core/preview?fileId=11053862&x=1280&y=819&a=true", "foto4": "https://nlwkn.hannit-share.de/index.php/core/preview?fileId=11053865&x=1280&y=819&a=true", "link1": "https://nlwkn.hannit-share.de/index.php/core/preview?fileId=11053868&x=1280&y=819&a=true", "link2": "https://nlwkn.hannit-share.de/index.php/core/preview?fileId=11053871&x=1280&y=819&a=true", "rwert": "362865", "hwert": 5819654, "denkmal": "Nein", "bez_urpl": "Brücke Veldhauser Straße (L44)", "Beweglich": "Nein", "BW_NR": null, "Str_KL": "Landesstraße", "Str_Name": "Veldhauser Straße (L44)", "F_Breite": null, "D_Breite": null, "L_hoehe": null, "bw_bru_bruklasse": null, "Field33": null, "Field34": null, "Field35": null, "Field36": null, "Field37": null }, "geometry": { "type": "Point", "coordinates": [ 776929.941783747519366, 6892822.116916505619884 ] } },
{ "type": "Feature", "properties": { "ID_con": 190, "bw_id": "VEC_BRU_106365", "name": "Brücke Wehr Grasdorf (Lugthookstraße/ Pappelstraße)", "GEW": "VEC", "stat_von": "106365", "bauart": "2-Feld-Stahlbetonbrücke", "baujahr": "1967", "upflicht": "Samtgemeinde Neuenhaus", "KTR": null, "FSK": "033147011000230006__", "km": "106+365", "bemerk": null, "beschreib": "Brücke Wehr Grasdorf", "beschreib_lang": null, "foto1": "https://nlwkn.hannit-share.de/index.php/core/preview?fileId=11053886&x=1280&y=819&a=true", "foto2": "https://nlwkn.hannit-share.de/index.php/core/preview?fileId=11053889&x=1280&y=819&a=true", "foto3": "https://nlwkn.hannit-share.de/index.php/core/preview?fileId=11053892&x=1280&y=819&a=true", "foto4": "https://nlwkn.hannit-share.de/index.php/core/preview?fileId=11053895&x=1280&y=819&a=true", "link1": null, "link2": null, "rwert": "364738", "hwert": 5816960, "denkmal": "Nein", "bez_urpl": "Brücke Wehr Grasdorf", "Beweglich": "Nein", "BW_NR": null, "Str_KL": "Gemeindestraße", "Str_Name": "Pappelstraße / Lugthookstraße", "F_Breite": "5.19999980926514", "D_Breite": null, "L_hoehe": null, "bw_bru_bruklasse": "16 t", "Field33": null, "Field34": null, "Field35": null, "Field36": null, "Field37": null }, "geometry": { "type": "Point", "coordinates": [ 780122.086860795971006, 6888481.720444547012448 ] } },
{ "type": "Feature", "properties": { "ID_con": 191, "bw_id": "VEC_BRU_108975", "name": "Brücke De-Wilde-Straße", "GEW": "VEC", "stat_von": "108975", "bauart": "Stahlbetonbrücke", "baujahr": null, "upflicht": "Stadt Nordhorn", "KTR": null, "FSK": "033151024000650007__", "km": "108+975", "bemerk": null, "beschreib": "Brücke De-Wilde-Straße", "beschreib_lang": null, "foto1": "https://nlwkn.hannit-share.de/index.php/core/preview?fileId=11053898&x=1280&y=819&a=true", "foto2": "https://nlwkn.hannit-share.de/index.php/core/preview?fileId=11053901&x=1280&y=819&a=true", "foto3": "https://nlwkn.hannit-share.de/index.php/core/preview?fileId=11053904&x=1280&y=819&a=true", "foto4": "https://nlwkn.hannit-share.de/index.php/core/preview?fileId=11053907&x=1280&y=819&a=true", "link1": null, "link2": null, "rwert": "365700", "hwert": 5814834, "denkmal": "Nein", "bez_urpl": "Brücke De-Wilde-Straße", "Beweglich": "Nein", "BW_NR": null, "Str_KL": "Gemeindestraße", "Str_Name": "De-Wilde-Straße", "F_Breite": null, "D_Breite": null, "L_hoehe": null, "bw_bru_bruklasse": null, "Field33": null, "Field34": null, "Field35": null, "Field36": null, "Field37": null }, "geometry": { "type": "Point", "coordinates": [ 781793.560509940027259, 6885034.004426729865372 ] } },
{ "type": "Feature", "properties": { "ID_con": 192, "bw_id": "VEC_BRU_110880", "name": "Brücke Nordumgehung Nordhorn (B 403)", "GEW": "VEC", "stat_von": "110880", "bauart": "3-Feld-Stahlbetonbrücke", "baujahr": "Mai 2018", "upflicht": "NLSTBV", "KTR": null, "FSK": "033151029001220031__", "km": "110+880", "bemerk": "Grundstücksübertragung erfolgt (Änderung), FSK aktualisieren!!! !!Vertrag hinzufügen", "beschreib": "Brücke Nordumgehung Nordhorn (B 403)", "beschreib_lang": null, "foto1": "https://nlwkn.hannit-share.de/index.php/core/preview?fileId=11053910&x=1280&y=819&a=true", "foto2": "https://nlwkn.hannit-share.de/index.php/core/preview?fileId=11053913&x=1280&y=819&a=true", "foto3": "https://nlwkn.hannit-share.de/index.php/core/preview?fileId=11053916&x=1280&y=819&a=true", "foto4": "https://nlwkn.hannit-share.de/index.php/core/preview?fileId=11053919&x=1280&y=819&a=true", "link1": null, "link2": null, "rwert": "366944", "hwert": 5814094, "denkmal": "Nein", "bez_urpl": "Brücke Nordumgehung Nordhorn (B 403)", "Beweglich": "Nein", "BW_NR": null, "Str_KL": "Bundesstraße", "Str_Name": "Nordumgehung (B403)", "F_Breite": "12", "D_Breite": null, "L_hoehe": null, "bw_bru_bruklasse": "60/30", "Field33": null, "Field34": null, "Field35": null, "Field36": null, "Field37": null }, "geometry": { "type": "Point", "coordinates": [ 783863.705198504496366, 6883874.81350062135607 ] } },
{ "type": "Feature", "properties": { "ID_con": 193, "bw_id": "VEC_BRU_111020", "name": "Brücke Neuenhauser Straße (B403)", "GEW": "VEC", "stat_von": "111020", "bauart": "1-Feld-Stahlbetonbrücke", "baujahr": null, "upflicht": "NLSTBV", "KTR": null, "FSK": "033151029001220075__", "km": "111+020", "bemerk": null, "beschreib": "Quaink Brücke", "beschreib_lang": null, "foto1": "https://nlwkn.hannit-share.de/index.php/core/preview?fileId=11053922&x=1280&y=819&a=true", "foto2": "https://nlwkn.hannit-share.de/index.php/core/preview?fileId=11053925&x=1280&y=819&a=true", "foto3": null, "foto4": null, "link1": null, "link2": null, "rwert": "367093", "hwert": 5813590, "denkmal": "Nein", "bez_urpl": "Quaink Brücke", "Beweglich": "Nein", "BW_NR": null, "Str_KL": "Bundesstraße", "Str_Name": "Brücke Neuenhauser Straße (B403)", "F_Breite": null, "D_Breite": null, "L_hoehe": null, "bw_bru_bruklasse": "60/30", "Field33": null, "Field34": null, "Field35": null, "Field36": null, "Field37": null }, "geometry": { "type": "Point", "coordinates": [ 784130.035048200748861, 6883054.139322240836918 ] } },
{ "type": "Feature", "properties": { "ID_con": 194, "bw_id": "VEC_BRU_113305", "name": "Brücke Euregiostraße (K 26)", "GEW": "VEC", "stat_von": "113305", "bauart": "3-Feld-Stahlbetonbrücke", "baujahr": null, "upflicht": "Landkreis Grafschaft Bentheim", "KTR": null, "FSK": "033151005000670004__", "km": "113+305", "bemerk": null, "beschreib": "Brücke Euregiostraße (K 26)", "beschreib_lang": null, "foto1": "https://nlwkn.hannit-share.de/index.php/core/preview?fileId=11053928&x=1280&y=819&a=true", "foto2": "https://nlwkn.hannit-share.de/index.php/core/preview?fileId=11053931&x=1280&y=819&a=true", "foto3": "https://nlwkn.hannit-share.de/index.php/core/preview?fileId=11053934&x=1280&y=819&a=true", "foto4": null, "link1": null, "link2": null, "rwert": "367545", "hwert": 5812174, "denkmal": "Nein", "bez_urpl": "Brücke Euregiostraße (K26)", "Beweglich": "Nein", "BW_NR": null, "Str_KL": "Kreisstraße", "Str_Name": "Euregiostraße", "F_Breite": null, "D_Breite": null, "L_hoehe": null, "bw_bru_bruklasse": null, "Field33": null, "Field34": null, "Field35": null, "Field36": null, "Field37": null }, "geometry": { "type": "Point", "coordinates": [ 784932.637583746109158, 6880750.306263318285346 ] } },
{ "type": "Feature", "properties": { "ID_con": 195, "bw_id": "VEC_BRU_113770", "name": "Brücke Moltkestraße", "GEW": "VEC", "stat_von": "113770", "bauart": "Stahlbrücke", "baujahr": null, "upflicht": "Stadt Nordhorn", "KTR": null, "FSK": "033151005000760025__", "km": "113+770", "bemerk": null, "beschreib": "Brücke Moltkestraße", "beschreib_lang": null, "foto1": "https://nlwkn.hannit-share.de/index.php/core/preview?fileId=11053937&x=1280&y=819&a=true", "foto2": "https://nlwkn.hannit-share.de/index.php/core/preview?fileId=11053940&x=1280&y=819&a=true", "foto3": null, "foto4": null, "link1": null, "link2": null, "rwert": "367766", "hwert": 5811797, "denkmal": "Nein", "bez_urpl": "Brücke Moltkestraße", "Beweglich": "Nein", "BW_NR": null, "Str_KL": "Fuß-/Radweg", "Str_Name": "Moltkestraße", "F_Breite": null, "D_Breite": null, "L_hoehe": null, "bw_bru_bruklasse": null, "Field33": null, "Field34": null, "Field35": null, "Field36": null, "Field37": null }, "geometry": { "type": "Point", "coordinates": [ 785310.994225526228547, 6880141.471514673903584 ] } },
{ "type": "Feature", "properties": { "ID_con": 196, "bw_id": "VEC_BRU_114440", "name": "Brücke Stadtring", "GEW": "VEC", "stat_von": "114440", "bauart": "1-Feld-Stahlbetonbrücke", "baujahr": null, "upflicht": "Stadt Nordhorn", "KTR": null, "FSK": "033151016000810045__", "km": "114+440", "bemerk": null, "beschreib": "Brücke Stadtring", "beschreib_lang": null, "foto1": "https://nlwkn.hannit-share.de/index.php/core/preview?fileId=11053943&x=1280&y=819&a=true", "foto2": "https://nlwkn.hannit-share.de/index.php/core/preview?fileId=11053946&x=1280&y=819&a=true", "foto3": "https://nlwkn.hannit-share.de/index.php/core/preview?fileId=11053949&x=1280&y=819&a=true", "foto4": "https://nlwkn.hannit-share.de/index.php/core/preview?fileId=11053952&x=1280&y=819&a=true", "link1": null, "link2": null, "rwert": "368370", "hwert": 5811550, "denkmal": "Nein", "bez_urpl": "Brücke Stadtring", "Beweglich": "Nein", "BW_NR": null, "Str_KL": "Gemeindestraße", "Str_Name": "Stadtring", "F_Breite": null, "D_Breite": null, "L_hoehe": null, "bw_bru_bruklasse": null, "Field33": null, "Field34": null, "Field35": null, "Field36": null, "Field37": null }, "geometry": { "type": "Point", "coordinates": [ 786310.407052834401838, 6879762.822814214974642 ] } },
{ "type": "Feature", "properties": { "ID_con": 197, "bw_id": "VEC_BRU_114815", "name": "Brücke am Ölmühlenwehr", "GEW": "VEC", "stat_von": "114815", "bauart": "2-Feld-Stahlbetonbrücke", "baujahr": null, "upflicht": "Stadt Nordhorn", "KTR": null, "FSK": "033151016000930010__", "km": "114+815", "bemerk": null, "beschreib": "Brücke am Ölmühlenwehr", "beschreib_lang": null, "foto1": "https://nlwkn.hannit-share.de/index.php/core/preview?fileId=11053955&x=1280&y=819&a=true", "foto2": "https://nlwkn.hannit-share.de/index.php/core/preview?fileId=11053958&x=1280&y=819&a=true", "foto3": "https://nlwkn.hannit-share.de/index.php/core/preview?fileId=11053961&x=1280&y=819&a=true", "foto4": "https://nlwkn.hannit-share.de/index.php/core/preview?fileId=11053964&x=1280&y=819&a=true", "link1": null, "link2": null, "rwert": "368662", "hwert": 5811361, "denkmal": "Nein", "bez_urpl": "Brücke am Ölmühlenwehr", "Beweglich": "Nein", "BW_NR": null, "Str_KL": "Fuß-/Radweg", "Str_Name": "Mühlendamm", "F_Breite": null, "D_Breite": null, "L_hoehe": null, "bw_bru_bruklasse": null, "Field33": null, "Field34": null, "Field35": null, "Field36": null, "Field37": null }, "geometry": { "type": "Point", "coordinates": [ 786796.57932825142052, 6879465.553485780023038 ] } },
{ "type": "Feature", "properties": { "ID_con": 2475, "bw_id": "VEC_BRU_114950", "name": "Brücke am Ringcenter", "GEW": "VEC", "stat_von": "114950", "bauart": "Stahlbetonbrücke", "baujahr": null, "upflicht": "Stadt Nordhorn", "KTR": null, "FSK": null, "km": "114+950", "bemerk": null, "beschreib": "Brücke am Ringcenter über Stadthafen (auch als Zufahrt zum Ölmühlenwehr)", "beschreib_lang": "Im April 2023 wurde die Brücke voll gesperrt worden. Grund war ein Schaden an der Brücke beim Ringcenter. Eine Umleitung wurde über die parallel verlaufende Ochsenstraße ausgeschildert._x000d_\n_x000d_\nMitarbeiter der Stadt Nordhorn hatten am südlichen Ende der Brücke einen Schaden festgestellt, der offenbar auf eine Unterspülung hindeutet. Aus Sicherheitsgründen wurde der Bereich umgehend abgesperrt.", "foto1": "https://nlwkn.hannit-share.de/index.php/core/preview?fileId=11053967&x=1280&y=819&a=true", "foto2": "https://nlwkn.hannit-share.de/index.php/core/preview?fileId=11053970&x=1280&y=819&a=true", "foto3": "https://nlwkn.hannit-share.de/index.php/core/preview?fileId=11053973&x=1280&y=819&a=true", "foto4": null, "link1": null, "link2": null, "rwert": "368689", "hwert": 5811481, "denkmal": "Nein", "bez_urpl": "Brücke am Ringcenter über Stadthafen", "Beweglich": "Nein", "BW_NR": null, "Str_KL": "Fuß-/Radweg", "Str_Name": "Am Schweinemarkt / Mühlendamm", "F_Breite": null, "D_Breite": null, "L_hoehe": null, "bw_bru_bruklasse": null, "Field33": null, "Field34": null, "Field35": null, "Field36": null, "Field37": null }, "geometry": { "type": "Point", "coordinates": [ 786835.51654489361681, 6879663.62270521838218 ] } },
{ "type": "Feature", "properties": { "ID_con": 198, "bw_id": "VEC_BRU_114975", "name": "Fußgängerbrücke Am Schweinemarkt / Ochsenstraße", "GEW": "VEC", "stat_von": "114975", "bauart": "1-Feld-Holzbrücke (Fußgängerbrücke)", "baujahr": null, "upflicht": "Stadt Nordhorn", "KTR": null, "FSK": "033151017002750004__", "km": "114+975", "bemerk": null, "beschreib": "Fußgängerbrücke Am Schweinemarkt", "beschreib_lang": null, "foto1": "https://nlwkn.hannit-share.de/index.php/core/preview?fileId=11053976&x=1280&y=819&a=true", "foto2": null, "foto3": null, "foto4": null, "link1": null, "link2": null, "rwert": "368721", "hwert": 5811493, "denkmal": "Nein", "bez_urpl": "Fußgängerbrücke Am Schweinemarkt", "Beweglich": "Nein", "BW_NR": null, "Str_KL": "Fuß-/Radweg", "Str_Name": "Mühlendamm / Ochsenstraße", "F_Breite": null, "D_Breite": null, "L_hoehe": null, "bw_bru_bruklasse": "Fuß-/Radweg", "Field33": null, "Field34": null, "Field35": null, "Field36": null, "Field37": null }, "geometry": { "type": "Point", "coordinates": [ 786887.363673963816836, 6879684.715004563331604 ] } },
{ "type": "Feature", "properties": { "ID_con": 199, "bw_id": "VEC_BRU_115095", "name": "Lingener Torbrücke", "GEW": "VEC", "stat_von": "115095", "bauart": "1-Feld-Stahlbetonbrücke", "baujahr": null, "upflicht": "Stadt Nordhorn", "KTR": null, "FSK": "033151015000460005__", "km": "115+095", "bemerk": null, "beschreib": "Lingener Torbrücke", "beschreib_lang": null, "foto1": "https://nlwkn.hannit-share.de/index.php/core/preview?fileId=11053979&x=1280&y=819&a=true", "foto2": "https://nlwkn.hannit-share.de/index.php/core/preview?fileId=11053982&x=1280&y=819&a=true", "foto3": null, "foto4": null, "link1": null, "link2": null, "rwert": "368832", "hwert": 5811460, "denkmal": "Nein", "bez_urpl": "Lingener Torbrücke", "Beweglich": "Nein", "BW_NR": null, "Str_KL": "Gemeindestraße", "Str_Name": "Hauptstraße", "F_Breite": null, "D_Breite": null, "L_hoehe": null, "bw_bru_bruklasse": null, "Field33": null, "Field34": null, "Field35": null, "Field36": null, "Field37": null }, "geometry": { "type": "Point", "coordinates": [ 787070.472359669394791, 6879635.436919676139951 ] } },
{ "type": "Feature", "properties": { "ID_con": 200, "bw_id": "VEC_BRU_115240", "name": "Brücke Busbahnhof", "GEW": "VEC", "stat_von": "115240", "bauart": "1-Feld-Stahlbetonbrücke", "baujahr": null, "upflicht": "Stadt Nordhorn", "KTR": null, "FSK": "033151013000160008__", "km": "115+240", "bemerk": null, "beschreib": "Brücke Busbahnhof", "beschreib_lang": null, "foto1": "https://nlwkn.hannit-share.de/index.php/core/preview?fileId=11053985&x=1280&y=819&a=true", "foto2": "https://nlwkn.hannit-share.de/index.php/core/preview?fileId=11053988&x=1280&y=819&a=true", "foto3": null, "foto4": null, "link1": null, "link2": null, "rwert": "368951", "hwert": 5811381, "denkmal": "Nein", "bez_urpl": "Brücke Busbahnhof", "Beweglich": "Nein", "BW_NR": null, "Str_KL": "Fuß-/Radweg", "Str_Name": "Marienburgbrücke / Alte Synagogenstraße", "F_Breite": null, "D_Breite": null, "L_hoehe": null, "bw_bru_bruklasse": null, "Field33": null, "Field34": null, "Field35": null, "Field36": null, "Field37": null }, "geometry": { "type": "Point", "coordinates": [ 787268.680507072596811, 6879511.032632669433951 ] } },
{ "type": "Feature", "properties": { "ID_con": 201, "bw_id": "VEC_BRU_115415", "name": "Reichenbachbrücke", "GEW": "VEC", "stat_von": "115415", "bauart": "1-Feld-Stahlbetonbrücke", "baujahr": null, "upflicht": "Stadt Nordhorn", "KTR": null, "FSK": "033151013000160008__", "km": "115+415", "bemerk": null, "beschreib": "Reichenbachbrücke", "beschreib_lang": null, "foto1": "https://nlwkn.hannit-share.de/index.php/core/preview?fileId=11053991&x=1280&y=819&a=true", "foto2": "https://nlwkn.hannit-share.de/index.php/core/preview?fileId=11053994&x=1280&y=819&a=true", "foto3": null, "foto4": null, "link1": null, "link2": null, "rwert": "369033", "hwert": 5811229, "denkmal": "Nein", "bez_urpl": "Reichenbachbrücke", "Beweglich": "Nein", "BW_NR": null, "Str_KL": "Gemeindestraße", "Str_Name": "Finnhaberstraße", "F_Breite": null, "D_Breite": null, "L_hoehe": null, "bw_bru_bruklasse": null, "Field33": null, "Field34": null, "Field35": null, "Field36": null, "Field37": null }, "geometry": { "type": "Point", "coordinates": [ 787409.514794563991018, 6879265.238443085923791 ] } },
{ "type": "Feature", "properties": { "ID_con": 202, "bw_id": "VEC_BRU_115580", "name": "Fußgängerbrücke Vechteaue / Neumarkt", "GEW": "VEC", "stat_von": "115580", "bauart": "1-Feld-Stahlbrücke (Fußgängerbrücke)", "baujahr": null, "upflicht": "Stadt Nordhorn", "KTR": null, "FSK": "033151013000280011__", "km": "115+580", "bemerk": null, "beschreib": "Fußgängerbrücke Vechteaue / Neumarkt", "beschreib_lang": null, "foto1": "https://nlwkn.hannit-share.de/index.php/core/preview?fileId=11053997&x=1280&y=819&a=true", "foto2": "https://nlwkn.hannit-share.de/index.php/core/preview?fileId=11054000&x=1280&y=819&a=true", "foto3": null, "foto4": null, "link1": null, "link2": null, "rwert": "369125", "hwert": 5811100, "denkmal": "Nein", "bez_urpl": "Fußgängerbrücke Vechteaue / Neumarkt", "Beweglich": "Nein", "BW_NR": null, "Str_KL": "Fuß-/Radweg", "Str_Name": "Vechteaue / Neumarkt", "F_Breite": null, "D_Breite": null, "L_hoehe": null, "bw_bru_bruklasse": "Fuß-/Radweg", "Field33": null, "Field34": null, "Field35": null, "Field36": null, "Field37": null }, "geometry": { "type": "Point", "coordinates": [ 787565.702584345708601, 6879057.620178466662765 ] } },
{ "type": "Feature", "properties": { "ID_con": 203, "bw_id": "VEC_BRU_115705", "name": "Fußgängerbrücke Vechtesee (Blaue Brücke)", "GEW": "VEC", "stat_von": "115705", "bauart": "3-Feld-Stahlbrücke (Fußgängerbrücke)", "baujahr": null, "upflicht": "Stadt Nordhorn", "KTR": null, "FSK": "033151013000380009__", "km": "115+705", "bemerk": null, "beschreib": "Fußgängerbrücke Vechtesee (Blaue Brücke)", "beschreib_lang": null, "foto1": "https://nlwkn.hannit-share.de/index.php/core/preview?fileId=11054003&x=1280&y=819&a=true", "foto2": "https://nlwkn.hannit-share.de/index.php/core/preview?fileId=11054006&x=1280&y=819&a=true", "foto3": null, "foto4": null, "link1": null, "link2": null, "rwert": "369245", "hwert": 5811060, "denkmal": "Nein", "bez_urpl": "Fußgängerbrücke Vechtesee (Blaue Brücke)", "Beweglich": "Nein", "BW_NR": null, "Str_KL": "Fuß-/Radweg", "Str_Name": "Vechtesee", "F_Breite": null, "D_Breite": null, "L_hoehe": 2.9000000953674299, "bw_bru_bruklasse": "Fuß-/Radweg", "Field33": null, "Field34": null, "Field35": null, "Field36": null, "Field37": null }, "geometry": { "type": "Point", "coordinates": [ 787763.826522785820998, 6878997.238985700532794 ] } },
{ "type": "Feature", "properties": { "ID_con": 204, "bw_id": "VEC_BRU_116465", "name": "Fußgängerbrücke Vechtesee (Reiterbrücke)", "GEW": "VEC", "stat_von": "116465", "bauart": "1-Feld-Stahlbrücke (Fußgängerbrücke)", "baujahr": "2000", "upflicht": "Stadt Nordhorn", "KTR": null, "FSK": "033151008000890005__", "km": "116+465", "bemerk": null, "beschreib": "Ab September 2022 wurde die Reiterbrücke am Nordhorner Vechtesee vollständig saniert. Diese ist im Normalfall stark frequentiert, denn sie schließt für Spaziergänger und Jogger quasi die Runde um den Vechtesee.", "beschreib_lang": "<div>Ab September 2022 wurde die Reiterbrücke am Nordhorner Vechtesee vollständig saniert. Diese ist im Normalfall stark frequentiert, denn sie schließt für Spaziergänger und Jogger quasi die Runde um den Vechtesee. Außerdem ist die Brücke ein viel befahrener Weg für Nordhorner Schüler aus den Stadtteilen Oorde und Stadtflur</div>", "foto1": "https://nlwkn.hannit-share.de/index.php/core/preview?fileId=11054009&x=1280&y=819&a=true", "foto2": "https://nlwkn.hannit-share.de/index.php/core/preview?fileId=11054012&x=1280&y=819&a=true", "foto3": "https://nlwkn.hannit-share.de/index.php/core/preview?fileId=11054015&x=1280&y=819&a=true", "foto4": "https://nlwkn.hannit-share.de/index.php/core/preview?fileId=11054018&x=1280&y=819&a=true", "link1": "https://nlwkn.hannit-share.de/index.php/core/preview?fileId=11054021&x=1280&y=819&a=true", "link2": "https://nlwkn.hannit-share.de/index.php/core/preview?fileId=11054024&x=1280&y=819&a=true", "rwert": "369518", "hwert": 5810499, "denkmal": "Nein", "bez_urpl": "Fußgängerbrücke Vechtesee (Süd)", "Beweglich": "Nein", "BW_NR": null, "Str_KL": "Fuß-/Radweg", "Str_Name": "Vechtesee (Süd)", "F_Breite": null, "D_Breite": null, "L_hoehe": 4.5, "bw_bru_bruklasse": "Fuß-/Radweg", "Field33": null, "Field34": null, "Field35": null, "Field36": null, "Field37": null }, "geometry": { "type": "Point", "coordinates": [ 788234.975705746794119, 6878088.821086272597313 ] } },
{ "type": "Feature", "properties": { "ID_con": 205, "bw_id": "VEC_BRU_116545", "name": "Brücke Frensdorfer Ring", "GEW": "VEC", "stat_von": "116545", "bauart": "3-Feld-Stahlbetonbrücke", "baujahr": null, "upflicht": "Stadt Nordhorn", "KTR": null, "FSK": "033151008000890020__", "km": "116+545", "bemerk": null, "beschreib": "Die Brücke Frensdorfer Ring dient zur Querung der Vechte oberhalb des Vechtesees. Sie dient als Zubringer zur Osttangente (B 403 / B 213) sowie zur Wasserstraße am EVK", "beschreib_lang": "<div>Die Brücke Frensdorfer Ring dient zur Querung der Vechte oberhalb des Vechtesees. Sie dient als Zubringer zur Osttangente (B 403 / B 213) sowie zur Wasserstraße am EVK</div>", "foto1": "https://nlwkn.hannit-share.de/index.php/core/preview?fileId=11054027&x=1280&y=819&a=true", "foto2": "https://nlwkn.hannit-share.de/index.php/core/preview?fileId=11054030&x=1280&y=819&a=true", "foto3": "https://nlwkn.hannit-share.de/index.php/core/preview?fileId=11054033&x=1280&y=819&a=true", "foto4": "https://nlwkn.hannit-share.de/index.php/core/preview?fileId=11054036&x=1280&y=819&a=true", "link1": null, "link2": null, "rwert": "369547", "hwert": 5810425, "denkmal": "Nein", "bez_urpl": "Brücke Frensdorfer Ring", "Beweglich": "Nein", "BW_NR": null, "Str_KL": "Gemeindestraße", "Str_Name": "Frensdorfer Ring", "F_Breite": null, "D_Breite": null, "L_hoehe": 3.7000000476837198, "bw_bru_bruklasse": null, "Field33": null, "Field34": null, "Field35": null, "Field36": null, "Field37": null }, "geometry": { "type": "Point", "coordinates": [ 788285.644142099423334, 6877968.694187555462122 ] } },
{ "type": "Feature", "properties": { "ID_con": 206, "bw_id": "VEC_BRU_116935", "name": "B 213, B 406", "GEW": "VEC", "stat_von": "116935", "bauart": "Stahlbetonbrücke", "baujahr": "1984", "upflicht": "NLSTBV", "KTR": null, "FSK": "033151008000890020__", "km": "116+935", "bemerk": null, "beschreib": "Brücke B 213, B 406", "beschreib_lang": null, "foto1": "https://nlwkn.hannit-share.de/index.php/core/preview?fileId=11054039&x=1280&y=819&a=true", "foto2": "https://nlwkn.hannit-share.de/index.php/core/preview?fileId=11054042&x=1280&y=819&a=true", "foto3": "https://nlwkn.hannit-share.de/index.php/core/preview?fileId=11054045&x=1280&y=819&a=true", "foto4": "https://nlwkn.hannit-share.de/index.php/core/preview?fileId=11054048&x=1280&y=819&a=true", "link1": "https://nlwkn.hannit-share.de/index.php/core/preview?fileId=11054051&x=1280&y=819&a=true", "link2": null, "rwert": "369864", "hwert": 5810239, "denkmal": "Nein", "bez_urpl": "Brücke B213, B406", "Beweglich": "Nein", "BW_NR": null, "Str_KL": "Bundesstraße", "Str_Name": "B213, B406", "F_Breite": null, "D_Breite": null, "L_hoehe": null, "bw_bru_bruklasse": "60/30", "Field33": null, "Field34": null, "Field35": null, "Field36": null, "Field37": null }, "geometry": { "type": "Point", "coordinates": [ 788812.412271118955687, 6877677.375429760664701 ] } },
{ "type": "Feature", "properties": { "ID_con": 207, "bw_id": "VEC_BRU_117980", "name": "K27 Wehrweg", "GEW": "VEC", "stat_von": "117980", "bauart": "1-Feld-Stahlbetonbrücke", "baujahr": null, "upflicht": "Landkreis Grafschaft Bentheim", "KTR": null, "FSK": "033151008001140006__", "km": "117+980", "bemerk": null, "beschreib": "Brücke K27 Wehrweg", "beschreib_lang": null, "foto1": "https://nlwkn.hannit-share.de/index.php/core/preview?fileId=11054054&x=1280&y=819&a=true", "foto2": "https://nlwkn.hannit-share.de/index.php/core/preview?fileId=11054057&x=1280&y=819&a=true", "foto3": "https://nlwkn.hannit-share.de/index.php/core/preview?fileId=11054060&x=1280&y=819&a=true", "foto4": "https://nlwkn.hannit-share.de/index.php/core/preview?fileId=11054063&x=1280&y=819&a=true", "link1": "https://nlwkn.hannit-share.de/index.php/core/preview?fileId=11054066&x=1280&y=819&a=true", "link2": "https://nlwkn.hannit-share.de/index.php/core/preview?fileId=11054069&x=1280&y=819&a=true", "rwert": "370499", "hwert": 5809587, "denkmal": "Nein", "bez_urpl": "Brücke K27 Wehrweg", "Beweglich": "Nein", "BW_NR": null, "Str_KL": "Kreisstraße", "Str_Name": "Wehrweg", "F_Breite": null, "D_Breite": null, "L_hoehe": null, "bw_bru_bruklasse": null, "Field33": null, "Field34": null, "Field35": null, "Field36": null, "Field37": null }, "geometry": { "type": "Point", "coordinates": [ 789879.543777085491456, 6876635.45483884960413 ] } },
{ "type": "Feature", "properties": { "ID_con": 208, "bw_id": "VEC_BRU_120755", "name": "Brücke Tillenberger Weg", "GEW": "VEC", "stat_von": "120755", "bauart": "Stahlbetonbrücke", "baujahr": null, "upflicht": "Stadt Nordhorn", "KTR": null, "FSK": "033152004000670014__", "km": "120+755", "bemerk": null, "beschreib": "Brücke Tillenberger Weg", "beschreib_lang": null, "foto1": "https://nlwkn.hannit-share.de/index.php/core/preview?fileId=11054072&x=1280&y=819&a=true", "foto2": "https://nlwkn.hannit-share.de/index.php/core/preview?fileId=11054075&x=1280&y=819&a=true", "foto3": "https://nlwkn.hannit-share.de/index.php/core/preview?fileId=11054078&x=1280&y=819&a=true", "foto4": "https://nlwkn.hannit-share.de/index.php/core/preview?fileId=11054081&x=1280&y=819&a=true", "link1": "https://nlwkn.hannit-share.de/index.php/core/preview?fileId=11054084&x=1280&y=819&a=true", "link2": "https://nlwkn.hannit-share.de/index.php/core/preview?fileId=11054087&x=1280&y=819&a=true", "rwert": "371787", "hwert": 5807423, "denkmal": "Nein", "bez_urpl": "Brücke Tillenberger Weg", "Beweglich": "Nein", "BW_NR": null, "Str_KL": "Gemeindestraße", "Str_Name": "Tillenberger Weg", "F_Breite": null, "D_Breite": null, "L_hoehe": null, "bw_bru_bruklasse": "30 to", "Field33": null, "Field34": null, "Field35": null, "Field36": null, "Field37": null }, "geometry": { "type": "Point", "coordinates": [ 792079.096064075594768, 6873142.295241799205542 ] } },
{ "type": "Feature", "properties": { "ID_con": 209, "bw_id": "VEC_BRU_124075", "name": "K5 Engdener Straße", "GEW": "VEC", "stat_von": "124075", "bauart": "3-Feld-Stahlbetonbrücke", "baujahr": "1960", "upflicht": "Landkreis Grafschaft Bentheim", "KTR": null, "FSK": "034202015000010001__", "km": "124+075", "bemerk": null, "beschreib": "Brücke K5 Engdener Straße", "beschreib_lang": null, "foto1": "https://nlwkn.hannit-share.de/index.php/core/preview?fileId=11054090&x=1280&y=819&a=true", "foto2": "https://nlwkn.hannit-share.de/index.php/core/preview?fileId=11054093&x=1280&y=819&a=true", "foto3": "https://nlwkn.hannit-share.de/index.php/core/preview?fileId=11054096&x=1280&y=819&a=true", "foto4": null, "link1": null, "link2": null, "rwert": "374463", "hwert": 5806167, "denkmal": "Nein", "bez_urpl": "Brücke K5 Engdener Straße", "Beweglich": "Nein", "BW_NR": null, "Str_KL": "Kreisstraße", "Str_Name": "Engdener Straße", "F_Breite": null, "D_Breite": null, "L_hoehe": null, "bw_bru_bruklasse": null, "Field33": null, "Field34": null, "Field35": null, "Field36": null, "Field37": null }, "geometry": { "type": "Point", "coordinates": [ 796507.788802008028142, 6871196.515854311175644 ] } },
{ "type": "Feature", "properties": { "ID_con": 210, "bw_id": "VEC_BRU_124080", "name": "Fußgängerbrücke Engdener Straße", "GEW": "VEC", "stat_von": "124080", "bauart": "Holzbrücke (Fußgänger) auf Pfahlböcken", "baujahr": null, "upflicht": "Landkreis Grafschaft Bentheim", "KTR": null, "FSK": "034202015000010001__", "km": "124+080", "bemerk": null, "beschreib": "Fußgängerbrücke Engdener Straße", "beschreib_lang": null, "foto1": "https://nlwkn.hannit-share.de/index.php/core/preview?fileId=11054099&x=1280&y=819&a=true", "foto2": "https://nlwkn.hannit-share.de/index.php/core/preview?fileId=11054102&x=1280&y=819&a=true", "foto3": "https://nlwkn.hannit-share.de/index.php/core/preview?fileId=11054105&x=1280&y=819&a=true", "foto4": "https://nlwkn.hannit-share.de/index.php/core/preview?fileId=11054108&x=1280&y=819&a=true", "link1": "https://nlwkn.hannit-share.de/index.php/core/preview?fileId=11054111&x=1280&y=819&a=true", "link2": "https://nlwkn.hannit-share.de/index.php/core/preview?fileId=9899145&x=1280&y=819&a=true", "rwert": "374471", "hwert": 5806165, "denkmal": "Nein", "bez_urpl": "Fußgängerbrücke Engdener Straße", "Beweglich": "Nein", "BW_NR": null, "Str_KL": "Fuß-/Radweg", "Str_Name": "Engdener Straße", "F_Breite": null, "D_Breite": null, "L_hoehe": null, "bw_bru_bruklasse": "Fuß-/Radweg", "Field33": null, "Field34": null, "Field35": null, "Field36": null, "Field37": null }, "geometry": { "type": "Point", "coordinates": [ 796520.952176401391625, 6871193.572244207374752 ] } },
{ "type": "Feature", "properties": { "ID_con": 211, "bw_id": "VEC_BRU_125185", "name": "Brücke Bussmannsmaate", "GEW": "VEC", "stat_von": "125185", "bauart": "3-Feld-Stahlbrücke auf Holzpfahlböcken", "baujahr": null, "upflicht": "Gemeinde Engden / Stadt Nordhorn", "KTR": null, "FSK": "03420200300001______", "km": "125+185", "bemerk": null, "beschreib": "Die Gemeinde Engden und die Stadt Nordhorn sind Eigentümer der Brücke (Brücke Bussmannsmaate). Die Brücke war in 2023 stark sanierungsbedürftig. Daher wurde die Brücke in 2023 nur noch für den Radverkehr offen gehalten.", "beschreib_lang": "Die Gemeinde Engden und die Stadt Nordhorn sind Eigentümer der Brücke (Brücke Bussmannsmaate). Die Brücke war in 2023 stark sanierungsbedürftig. Daher wurde die Brücke in 2023 nur noch für den Radverkehr offen gehalten. Der Weg über die Brücke ist nicht gewidmet", "foto1": "https://nlwkn.hannit-share.de/index.php/core/preview?fileId=11054116&x=1280&y=819&a=true", "foto2": "https://nlwkn.hannit-share.de/index.php/core/preview?fileId=11054119&x=1280&y=819&a=true", "foto3": "https://nlwkn.hannit-share.de/index.php/core/preview?fileId=11054122&x=1280&y=819&a=true", "foto4": "https://nlwkn.hannit-share.de/index.php/core/preview?fileId=12364236&x=1280&y=819&a=true", "link1": null, "link2": null, "rwert": "375369", "hwert": 5805638, "denkmal": "Nein", "bez_urpl": "Brücke Bussmannsmaate", "Beweglich": "Nein", "BW_NR": null, "Str_KL": "Fuß-/Radweg", "Str_Name": "Bussmannmaate", "F_Breite": null, "D_Breite": null, "L_hoehe": null, "bw_bru_bruklasse": "Wirtschaftsweg", "Field33": null, "Field34": null, "Field35": null, "Field36": null, "Field37": null }, "geometry": { "type": "Point", "coordinates": [ 798011.008570134174079, 6870367.225869045592844 ] } },
{ "type": "Feature", "properties": { "ID_con": 212, "bw_id": "VEC_BRU_127265", "name": "Brücke Rohrbachstau (historisch)", "GEW": "VEC", "stat_von": "127265", "bauart": "3-Feld-Stahlbrücke auf Pfahlböcken", "baujahr": null, "upflicht": "Gemeinde Engden / Gemeinde Isterberg", "KTR": null, "FSK": "03420800600170______", "km": "127+265", "bemerk": "Wer prüft diese Brücke, die auf Eigentum NLWKN steht", "beschreib": "Brücke Rohrbachstau (historisch)", "beschreib_lang": null, "foto1": "https://nlwkn.hannit-share.de/index.php/core/preview?fileId=11054125&x=1280&y=819&a=true", "foto2": "https://nlwkn.hannit-share.de/index.php/core/preview?fileId=11054128&x=1280&y=819&a=true", "foto3": "https://nlwkn.hannit-share.de/index.php/core/preview?fileId=11054131&x=1280&y=819&a=true", "foto4": "https://nlwkn.hannit-share.de/index.php/core/preview?fileId=11054134&x=1280&y=819&a=true", "link1": "https://nlwkn.hannit-share.de/index.php/core/preview?fileId=11054137&x=1280&y=819&a=true", "link2": "https://nlwkn.hannit-share.de/index.php/core/preview?fileId=11054140&x=1280&y=819&a=true", "rwert": "376823", "hwert": 5804427, "denkmal": "Ja", "bez_urpl": "Brücke Rohrbachstau (historisch)", "Beweglich": "Nein", "BW_NR": null, "Str_KL": "Fuß-/Radweg", "Str_Name": "Rohrbachstau", "F_Breite": null, "D_Breite": null, "L_hoehe": null, "bw_bru_bruklasse": null, "Field33": null, "Field34": null, "Field35": null, "Field36": null, "Field37": null }, "geometry": { "type": "Point", "coordinates": [ 800437.629017603583634, 6868442.678431339561939 ] } },
{ "type": "Feature", "properties": { "ID_con": 213, "bw_id": "VEC_BRU_129790", "name": "Wirtschaftsbrücke Mescheweg", "GEW": "VEC", "stat_von": "129790", "bauart": "3-Feld-Stahlbrücke mit Bohlbelag und Pfahlböcken aus Holz", "baujahr": null, "upflicht": "Gemeinde Isterberg", "KTR": null, "FSK": "03420503500073______", "km": "129+790", "bemerk": null, "beschreib": "Wirtschaftsbrücke Mescheweg", "beschreib_lang": null, "foto1": "https://nlwkn.hannit-share.de/index.php/core/preview?fileId=11054143&x=1280&y=819&a=true", "foto2": "https://nlwkn.hannit-share.de/index.php/core/preview?fileId=11054146&x=1280&y=819&a=true", "foto3": "https://nlwkn.hannit-share.de/index.php/core/preview?fileId=11054149&x=1280&y=819&a=true", "foto4": "https://nlwkn.hannit-share.de/index.php/core/preview?fileId=11054152&x=1280&y=819&a=true", "link1": "https://nlwkn.hannit-share.de/index.php/core/preview?fileId=11054155&x=1280&y=819&a=true", "link2": "https://nlwkn.hannit-share.de/index.php/core/preview?fileId=11054158&x=1280&y=819&a=true", "rwert": "376456", "hwert": 5802396, "denkmal": "Nein", "bez_urpl": "Wirtschaftsbrücke Mescheweg", "Beweglich": "Nein", "BW_NR": null, "Str_KL": "Unterhaltungsweg", "Str_Name": "Mescheweg", "F_Breite": null, "D_Breite": null, "L_hoehe": null, "bw_bru_bruklasse": null, "Field33": null, "Field34": null, "Field35": null, "Field36": null, "Field37": null }, "geometry": { "type": "Point", "coordinates": [ 799921.049545672605745, 6865100.365830602124333 ] } },
{ "type": "Feature", "properties": { "ID_con": 214, "bw_id": "VEC_BRU_129995", "name": "Holzbrücke Farwick", "GEW": "VEC", "stat_von": "129995", "bauart": "Holzbrücke mit Bohlenbelag auf Stahlträger und Pfahlböcken aus Holz", "baujahr": null, "upflicht": "Gemeinde Isterberg", "KTR": null, "FSK": "034205012000240006__", "km": "129+995", "bemerk": null, "beschreib": "Holzbrücke Farwick", "beschreib_lang": null, "foto1": "https://nlwkn.hannit-share.de/index.php/core/preview?fileId=11054161&x=1280&y=819&a=true", "foto2": "https://nlwkn.hannit-share.de/index.php/core/preview?fileId=11054164&x=1280&y=819&a=true", "foto3": "https://nlwkn.hannit-share.de/index.php/core/preview?fileId=11054167&x=1280&y=819&a=true", "foto4": "https://nlwkn.hannit-share.de/index.php/core/preview?fileId=11054170&x=1280&y=819&a=true", "link1": "https://nlwkn.hannit-share.de/index.php/core/preview?fileId=11054173&x=1280&y=819&a=true", "link2": "https://nlwkn.hannit-share.de/index.php/core/preview?fileId=11054176&x=1280&y=819&a=true", "rwert": "376425", "hwert": 5802187, "denkmal": "Nein", "bez_urpl": "Holzbrücke Farwick", "Beweglich": "Nein", "BW_NR": null, "Str_KL": "Unterhaltungsweg", "Str_Name": "Farwick", "F_Breite": null, "D_Breite": null, "L_hoehe": null, "bw_bru_bruklasse": null, "Field33": null, "Field34": null, "Field35": null, "Field36": null, "Field37": null }, "geometry": { "type": "Point", "coordinates": [ 799878.968009618460201, 6864756.779851295053959 ] } },
{ "type": "Feature", "properties": { "ID_con": 2250, "bw_id": "VEC_BRU_131160", "name": "Fuß- und Radwegbrücke Vechtesee Schüttorf rechts", "GEW": "VEC", "stat_von": "131160", "bauart": "1-Feld-Stahlbrücke", "baujahr": null, "upflicht": "Stadt Schüttorf", "KTR": null, "FSK": "034210007012650005__", "km": "131+160", "bemerk": null, "beschreib": "Brücke A30", "beschreib_lang": null, "foto1": null, "foto2": null, "foto3": null, "foto4": null, "link1": null, "link2": null, "rwert": "379812", "hwert": 5797983, "denkmal": "Nein", "bez_urpl": "Fuß- und Radwegbrücke Vechtesee rechts", "Beweglich": "Nein", "BW_NR": null, "Str_KL": "Fuß-/Radweg", "Str_Name": "Brücke zur Vechteinsel", "F_Breite": null, "D_Breite": null, "L_hoehe": null, "bw_bru_bruklasse": null, "Field33": null, "Field34": null, "Field35": null, "Field36": null, "Field37": null }, "geometry": { "type": "Point", "coordinates": [ 805579.880211019073613, 6858011.235566855408251 ] } },
{ "type": "Feature", "properties": { "ID_con": 215, "bw_id": "VEC_BRU_131560", "name": "A30", "GEW": "VEC", "stat_von": "131560", "bauart": "3-Feld-Stahlbetonbrücke", "baujahr": null, "upflicht": "NLSTBV / Bund", "KTR": null, "FSK": "03422200200011______", "km": "131+560", "bemerk": null, "beschreib": "Brücke A30", "beschreib_lang": null, "foto1": "https://nlwkn.hannit-share.de/index.php/core/preview?fileId=11054179&x=1280&y=819&a=true", "foto2": "https://nlwkn.hannit-share.de/index.php/core/preview?fileId=11054182&x=1280&y=819&a=true", "foto3": "https://nlwkn.hannit-share.de/index.php/core/preview?fileId=11054185&x=1280&y=819&a=true", "foto4": "https://nlwkn.hannit-share.de/index.php/core/preview?fileId=11054188&x=1280&y=819&a=true", "link1": null, "link2": null, "rwert": "376440", "hwert": 5800775, "denkmal": "Nein", "bez_urpl": "Brücke A30", "Beweglich": "Nein", "BW_NR": null, "Str_KL": "Bundesautobahn", "Str_Name": "A 30", "F_Breite": null, "D_Breite": null, "L_hoehe": null, "bw_bru_bruklasse": "60/30", "Field33": null, "Field34": null, "Field35": null, "Field36": null, "Field37": null }, "geometry": { "type": "Point", "coordinates": [ 799961.312647512997501, 6862445.117775882594287 ] } },
{ "type": "Feature", "properties": { "ID_con": 216, "bw_id": "VEC_BRU_132055", "name": "Brücke Schulstraße", "GEW": "VEC", "stat_von": "132055", "bauart": "3-Feld-Stahlbetonbrücke", "baujahr": null, "upflicht": "Gemeinde Quendorf", "KTR": null, "FSK": "03422200200031______", "km": "132+055", "bemerk": null, "beschreib": "Brücke Schulstraße", "beschreib_lang": null, "foto1": "https://nlwkn.hannit-share.de/index.php/core/preview?fileId=11054191&x=1280&y=819&a=true", "foto2": "https://nlwkn.hannit-share.de/index.php/core/preview?fileId=11054194&x=1280&y=819&a=true", "foto3": "https://nlwkn.hannit-share.de/index.php/core/preview?fileId=11054197&x=1280&y=819&a=true", "foto4": null, "link1": null, "link2": null, "rwert": "376789", "hwert": 5800423, "denkmal": "Nein", "bez_urpl": "Brücke Schulstraße", "Beweglich": "Nein", "BW_NR": null, "Str_KL": "Gemeindestraße", "Str_Name": "Schulstraße", "F_Breite": null, "D_Breite": null, "L_hoehe": null, "bw_bru_bruklasse": null, "Field33": null, "Field34": null, "Field35": null, "Field36": null, "Field37": null }, "geometry": { "type": "Point", "coordinates": [ 800545.689504276728258, 6861883.091902658343315 ] } },
{ "type": "Feature", "properties": { "ID_con": 217, "bw_id": "VEC_BRU_133215", "name": "Brücke Am Vechtetal", "GEW": "VEC", "stat_von": "133215", "bauart": "3-Feld-Stahlbrücke auf Holzpfahlböcken mit Holzbohlenbelag", "baujahr": null, "upflicht": "Gemeinde Quendorf", "KTR": null, "FSK": "03422200200086______", "km": "133+215", "bemerk": null, "beschreib": "Brücke Am Vechtetal (auch Kongobrücke)", "beschreib_lang": null, "foto1": "https://nlwkn.hannit-share.de/index.php/core/preview?fileId=11054200&x=1280&y=819&a=true", "foto2": "https://nlwkn.hannit-share.de/index.php/core/preview?fileId=11054203&x=1280&y=819&a=true", "foto3": "https://nlwkn.hannit-share.de/index.php/core/preview?fileId=11054206&x=1280&y=819&a=true", "foto4": null, "link1": null, "link2": null, "rwert": "377817", "hwert": 5800017, "denkmal": "Nein", "bez_urpl": "Brücke Am Vechtetal", "Beweglich": "Nein", "BW_NR": null, "Str_KL": "Gemeindestraße", "Str_Name": "Am Vechtetal / Fillkuhle", "F_Breite": null, "D_Breite": null, "L_hoehe": null, "bw_bru_bruklasse": null, "Field33": null, "Field34": null, "Field35": null, "Field36": null, "Field37": null }, "geometry": { "type": "Point", "coordinates": [ 802241.004277850151993, 6861260.28456412255764 ] } },
{ "type": "Feature", "properties": { "ID_con": 218, "bw_id": "VEC_BRU_133600", "name": "Wirtschaftsbrücke", "GEW": "VEC", "stat_von": "133600", "bauart": "3-Feld-Stahlbrücke auf Pfahlböcken mit Holzbohlenbelag", "baujahr": null, "upflicht": "Gemeinde Quendorf", "KTR": null, "FSK": "03422200200079______", "km": "133+600", "bemerk": null, "beschreib": "Wirtschaftsbrücke Quendorf", "beschreib_lang": null, "foto1": "https://nlwkn.hannit-share.de/index.php/core/preview?fileId=11054209&x=1280&y=819&a=true", "foto2": "https://nlwkn.hannit-share.de/index.php/core/preview?fileId=11054212&x=1280&y=819&a=true", "foto3": "https://nlwkn.hannit-share.de/index.php/core/preview?fileId=11054215&x=1280&y=819&a=true", "foto4": "https://nlwkn.hannit-share.de/index.php/core/preview?fileId=11054218&x=1280&y=819&a=true", "link1": null, "link2": null, "rwert": "378087", "hwert": 5799813, "denkmal": "Nein", "bez_urpl": "Wirtschaftsbrücke Quendorf", "Beweglich": "Nein", "BW_NR": null, "Str_KL": "Unterhaltungsweg", "Str_Name": "Wirtschaftsbrücke", "F_Breite": null, "D_Breite": null, "L_hoehe": null, "bw_bru_bruklasse": null, "Field33": null, "Field34": null, "Field35": null, "Field36": null, "Field37": null }, "geometry": { "type": "Point", "coordinates": [ 802690.161080960184336, 6860937.258034748025239 ] } },
{ "type": "Feature", "properties": { "ID_con": 219, "bw_id": "VEC_BRU_135095", "name": "Brücke Nordring", "GEW": "VEC", "stat_von": "135095", "bauart": "1-Feld-Stahlbetonbrücke", "baujahr": null, "upflicht": "Stadt Schüttorf", "KTR": null, "FSK": "034210002002180004__", "km": "135+095", "bemerk": null, "beschreib": "Brücke Nordring", "beschreib_lang": null, "foto1": "https://nlwkn.hannit-share.de/index.php/core/preview?fileId=11054221&x=1280&y=819&a=true", "foto2": "https://nlwkn.hannit-share.de/index.php/core/preview?fileId=11676882&x=1280&y=819&a=true", "foto3": "https://nlwkn.hannit-share.de/index.php/core/preview?fileId=11676881&x=1280&y=819&a=true", "foto4": "https://nlwkn.hannit-share.de/index.php/core/preview?fileId=11678387&x=1280&y=819&a=true", "link1": null, "link2": null, "rwert": "378910", "hwert": 5798764, "denkmal": "Nein", "bez_urpl": "Brücke Nordring", "Beweglich": "Nein", "BW_NR": null, "Str_KL": "Gemeindestraße", "Str_Name": "Nordring", "F_Breite": null, "D_Breite": null, "L_hoehe": null, "bw_bru_bruklasse": null, "Field33": null, "Field34": null, "Field35": null, "Field36": null, "Field37": null }, "geometry": { "type": "Point", "coordinates": [ 804076.163434348534793, 6859253.33428290951997 ] } },
{ "type": "Feature", "properties": { "ID_con": 220, "bw_id": "VEC_BRU_135500", "name": "Brücke Salzberger Straße", "GEW": "VEC", "stat_von": "135500", "bauart": "1-Feld-Stahlbetonbrücke", "baujahr": null, "upflicht": "NLSTBV", "KTR": null, "FSK": "034210007002200076__", "km": "135+500", "bemerk": null, "beschreib": "Brücke Salzberger Straße", "beschreib_lang": null, "foto1": "https://nlwkn.hannit-share.de/index.php/core/preview?fileId=11054224&x=1280&y=819&a=true", "foto2": "https://nlwkn.hannit-share.de/index.php/core/preview?fileId=11054227&x=1280&y=819&a=true", "foto3": "https://nlwkn.hannit-share.de/index.php/core/preview?fileId=11054230&x=1280&y=819&a=true", "foto4": "https://nlwkn.hannit-share.de/index.php/core/preview?fileId=11054233&x=1280&y=819&a=true", "link1": null, "link2": null, "rwert": "379126", "hwert": 5798423, "denkmal": "Nein", "bez_urpl": "Brücke Salzberger Straße", "Beweglich": "Nein", "BW_NR": null, "Str_KL": "Landesstraße", "Str_Name": "Salzberger Straße", "F_Breite": null, "D_Breite": null, "L_hoehe": null, "bw_bru_bruklasse": null, "Field33": null, "Field34": null, "Field35": null, "Field36": null, "Field37": null }, "geometry": { "type": "Point", "coordinates": [ 804442.457931098062545, 6858703.894025723449886 ] } },
{ "type": "Feature", "properties": { "ID_con": 221, "bw_id": "VEC_BRU_136165", "name": "Fuß- und Radwegbrücke Vechtesee Schüttorf links", "GEW": "VEC", "stat_von": "136165", "bauart": "1-Feld-Stahlbrücke", "baujahr": null, "upflicht": "Stadt Schüttorf", "KTR": null, "FSK": "034210007002240006__", "km": "136+165", "bemerk": null, "beschreib": "Fuß- und Radwegbrücke Vechtesee Schüttorf links", "beschreib_lang": null, "foto1": "https://nlwkn.hannit-share.de/index.php/core/preview?fileId=11054236&x=1280&y=819&a=true", "foto2": "https://nlwkn.hannit-share.de/index.php/core/preview?fileId=11475051&x=1280&y=819&a=true", "foto3": null, "foto4": null, "link1": null, "link2": null, "rwert": "379545", "hwert": 5797934, "denkmal": "Nein", "bez_urpl": "Fuß- und Radwegbrücke Vechtesee Schüttorf links", "Beweglich": "Nein", "BW_NR": null, "Str_KL": "Fuß-/Radweg", "Str_Name": "Brücke zur Vechteinsel", "F_Breite": "0", "D_Breite": null, "L_hoehe": null, "bw_bru_bruklasse": "Fuß-/Radweg", "Field33": null, "Field34": null, "Field35": null, "Field36": null, "Field37": null }, "geometry": { "type": "Point", "coordinates": [ 805145.983788063633256, 6857920.389301116578281 ] } },
{ "type": "Feature", "properties": { "ID_con": 222, "bw_id": "VEC_BRU_136180", "name": "Eisenbahnbrücke Vechtesee Schüttorf links", "GEW": "VEC", "stat_von": "136180", "bauart": "Eisenbahnbrücke", "baujahr": null, "upflicht": "DB", "KTR": null, "FSK": "034210007002120005__", "km": "136+180", "bemerk": null, "beschreib": "Eisenbahnbrücke Vechtesee Schüttorf links", "beschreib_lang": "Eisenbahnbrücke Vechtesee Schüttorf links", "foto1": null, "foto2": null, "foto3": null, "foto4": null, "link1": null, "link2": null, "rwert": "379547", "hwert": 5797921, "denkmal": "Nein", "bez_urpl": "Eisenbahnbrücke Vechtesee Schüttorf links", "Beweglich": "Nein", "BW_NR": null, "Str_KL": "Eisenbahn", "Str_Name": "Eisenbahnbrücke Schüttorf", "F_Breite": null, "D_Breite": null, "L_hoehe": null, "bw_bru_bruklasse": "---", "Field33": null, "Field34": null, "Field35": null, "Field36": null, "Field37": null }, "geometry": { "type": "Point", "coordinates": [ 805149.766715890029445, 6857899.194915010593832 ] } },
{ "type": "Feature", "properties": { "ID_con": 2251, "bw_id": "VEC_BRU_136185", "name": "Eisenbahnbrücke Vechtesee Schüttorf rechts", "GEW": "VEC", "stat_von": "136185", "bauart": "Eisenbahnbrücke", "baujahr": null, "upflicht": "DB", "KTR": null, "FSK": "034210007002120005__", "km": "136+185", "bemerk": null, "beschreib": "Eisenbahnbrücke Vechtesee Schüttorf rechts", "beschreib_lang": "Eisenbahnbrücke Vechtesee Schüttorf rechts", "foto1": null, "foto2": null, "foto3": null, "foto4": null, "link1": null, "link2": null, "rwert": "379817", "hwert": 5797970, "denkmal": "Nein", "bez_urpl": "Eisenbahnbrücke Vechtesee Schüttorf rechts", "Beweglich": "Nein", "BW_NR": null, "Str_KL": "Fuß-/Radweg", "Str_Name": "Eisenbahn", "F_Breite": null, "D_Breite": null, "L_hoehe": null, "bw_bru_bruklasse": null, "Field33": null, "Field34": null, "Field35": null, "Field36": null, "Field37": null }, "geometry": { "type": "Point", "coordinates": [ 805588.559231501771137, 6857990.160339131951332 ] } },
{ "type": "Feature", "properties": { "ID_con": 223, "bw_id": "VEC_BRU_137330", "name": "Fußgängerbrücke Holmers Mate", "GEW": "VEC", "stat_von": "137330", "bauart": "3-Feld-Stahlbrücke", "baujahr": null, "upflicht": "Stadt Schüttorf", "KTR": null, "FSK": "03421201900153______", "km": "137+330", "bemerk": null, "beschreib": "Fußgängerbrücke Holmers Mate", "beschreib_lang": null, "foto1": "https://nlwkn.hannit-share.de/index.php/core/preview?fileId=11054239&x=1280&y=819&a=true", "foto2": "https://nlwkn.hannit-share.de/index.php/core/preview?fileId=11054242&x=1280&y=819&a=true", "foto3": "https://nlwkn.hannit-share.de/index.php/core/preview?fileId=11054245&x=1280&y=819&a=true", "foto4": null, "link1": null, "link2": null, "rwert": "379520", "hwert": 5796911, "denkmal": "Nein", "bez_urpl": "Fußgängerbrücke Holmers Mate", "Beweglich": "Nein", "BW_NR": null, "Str_KL": "Fuß-/Radweg", "Str_Name": "Holmers Mate", "F_Breite": null, "D_Breite": null, "L_hoehe": null, "bw_bru_bruklasse": null, "Field33": null, "Field34": null, "Field35": null, "Field36": null, "Field37": null }, "geometry": { "type": "Point", "coordinates": [ 805145.949030615622178, 6856245.436634639278054 ] } },
{ "type": "Feature", "properties": { "ID_con": 224, "bw_id": "VEC_BRU_138505", "name": "L 68, Schüttorfer Straße", "GEW": "VEC", "stat_von": "138505", "bauart": "1-Feld-Stahlbetonbrücke", "baujahr": null, "upflicht": "NLSTBV", "KTR": null, "FSK": "03421201800300______", "km": "138+505", "bemerk": null, "beschreib": "Brücke L 68, Schüttorfer Straße", "beschreib_lang": null, "foto1": "https://nlwkn.hannit-share.de/index.php/core/preview?fileId=11054248&x=1280&y=819&a=true", "foto2": "https://nlwkn.hannit-share.de/index.php/core/preview?fileId=11054251&x=1280&y=819&a=true", "foto3": null, "foto4": null, "link1": null, "link2": null, "rwert": "380077", "hwert": 5796106, "denkmal": "Nein", "bez_urpl": "Brücke L 68, Schüttorfer Straße", "Beweglich": "Nein", "BW_NR": null, "Str_KL": "Landesstraße", "Str_Name": "Schüttorfer Straße", "F_Breite": null, "D_Breite": null, "L_hoehe": null, "bw_bru_bruklasse": null, "Field33": null, "Field34": null, "Field35": null, "Field36": null, "Field37": null }, "geometry": { "type": "Point", "coordinates": [ 806086.919744781800546, 6854950.632844501174986 ] } },
{ "type": "Feature", "properties": { "ID_con": 225, "bw_id": "VEC_BRU_139060", "name": "A 31", "GEW": "VEC", "stat_von": "139060", "bauart": "3-Feld-Stahlbetonbrücke", "baujahr": null, "upflicht": "NLSTVB / Bund", "KTR": null, "FSK": "03421201800281______", "km": "139+060", "bemerk": null, "beschreib": "Brücke A 31", "beschreib_lang": null, "foto1": "https://nlwkn.hannit-share.de/index.php/core/preview?fileId=11054254&x=1280&y=819&a=true", "foto2": "https://nlwkn.hannit-share.de/index.php/core/preview?fileId=11054257&x=1280&y=819&a=true", "foto3": "https://nlwkn.hannit-share.de/index.php/core/preview?fileId=11054260&x=1280&y=819&a=true", "foto4": "https://nlwkn.hannit-share.de/index.php/core/preview?fileId=11054263&x=1280&y=819&a=true", "link1": "https://nlwkn.hannit-share.de/index.php/core/preview?fileId=11054266&x=1280&y=819&a=true", "link2": "https://nlwkn.hannit-share.de/index.php/core/preview?fileId=11054269&x=1280&y=819&a=true", "rwert": "380463", "hwert": 5795725, "denkmal": "Nein", "bez_urpl": "Brücke A 31", "Beweglich": "Nein", "BW_NR": null, "Str_KL": "Bundesautobahn", "Str_Name": "A 31", "F_Breite": null, "D_Breite": null, "L_hoehe": null, "bw_bru_bruklasse": "60/30", "Field33": null, "Field34": null, "Field35": null, "Field36": null, "Field37": null }, "geometry": { "type": "Point", "coordinates": [ 806731.84524320543278, 6854342.694624254480004 ] } },
{ "type": "Feature", "properties": { "ID_con": 226, "bw_id": "VEC_BRU_140945", "name": "Wirtschaftsbrücke (Hartgering)", "GEW": "VEC", "stat_von": "140945", "bauart": "3-Feld-Stahlbrücke (auf Holzpfahlböcken mit Bohlenbelag)", "baujahr": null, "upflicht": "Gemeinde Samern", "KTR": null, "FSK": "03421201100171______", "km": "140+945", "bemerk": null, "beschreib": "Wirtschaftsbrücke (Hartgering)", "beschreib_lang": null, "foto1": "https://nlwkn.hannit-share.de/index.php/core/preview?fileId=11054272&x=1280&y=819&a=true", "foto2": "https://nlwkn.hannit-share.de/index.php/core/preview?fileId=11054275&x=1280&y=819&a=true", "foto3": "https://nlwkn.hannit-share.de/index.php/core/preview?fileId=11054278&x=1280&y=819&a=true", "foto4": "https://nlwkn.hannit-share.de/index.php/core/preview?fileId=11054281&x=1280&y=819&a=true", "link1": null, "link2": null, "rwert": "381724", "hwert": 5794522, "denkmal": "Nein", "bez_urpl": "Wirtschaftsbrücke (Hartgering)", "Beweglich": "Nein", "BW_NR": null, "Str_KL": "Unterhaltungsweg", "Str_Name": "Brücke Hartgering", "F_Breite": null, "D_Breite": null, "L_hoehe": null, "bw_bru_bruklasse": null, "Field33": null, "Field34": null, "Field35": null, "Field36": null, "Field37": null }, "geometry": { "type": "Point", "coordinates": [ 808836.409628075547516, 6852424.745412023738027 ] } },
{ "type": "Feature", "properties": { "ID_con": 227, "bw_id": "VEC_BRU_143185", "name": "Fußgängerbrücke Ohne (Dorf)", "GEW": "VEC", "stat_von": "143185", "bauart": "3-Feld-Holzbalkenbrücke", "baujahr": null, "upflicht": "Gemeinde Ohne", "KTR": null, "FSK": "034213001001520011__", "km": "143+185", "bemerk": "stand hier ein denkmalgeschütztes Wehr???", "beschreib": "Im Oktober 2022 wurde für insgesamt 450.000 Euro eine neue Holzbrücke im Zuge der Straße An der Nore installiert. Die alte Brücke hat der Brückenprüfung nicht mehr standgehalten.", "beschreib_lang": "Im Oktober 2022 wurde für insgesamt 450.000 Euro eine neue Holzbrücke im Zuge der Straße An der Nore installiert. Die alte Brücke hat der Brückenprüfung nicht mehr standgehalten und musste ersetzt werden. Per Kran hat die Firma Busmann aus Schüttorf die Brücke im Oktober eingesetzt. Neben der Förderung aus der Dorferneuerung hatte die Samtgemeinde Schüttorf einen Zuschuss in Höhe von 52.000 Euro gewährt.", "foto1": "https://nlwkn.hannit-share.de/index.php/core/preview?fileId=11054284&x=1280&y=819&a=true", "foto2": "https://nlwkn.hannit-share.de/index.php/core/preview?fileId=11054287&x=1280&y=819&a=true", "foto3": "https://nlwkn.hannit-share.de/index.php/core/preview?fileId=11054290&x=1280&y=819&a=true", "foto4": "https://nlwkn.hannit-share.de/index.php/core/preview?fileId=11054293&x=1280&y=819&a=true", "link1": "https://nlwkn.hannit-share.de/index.php/core/preview?fileId=11054296&x=1280&y=819&a=true", "link2": "https://nlwkn.hannit-share.de/index.php/core/preview?fileId=11054299&x=1280&y=819&a=true", "rwert": "382855", "hwert": 5792851, "denkmal": "Ja", "bez_urpl": "Fußgängerbrücke Ohne", "Beweglich": "Nein", "BW_NR": null, "Str_KL": "Gemeindestraße", "Str_Name": "Dorf", "F_Breite": null, "D_Breite": null, "L_hoehe": null, "bw_bru_bruklasse": null, "Field33": null, "Field34": null, "Field35": null, "Field36": null, "Field37": null }, "geometry": { "type": "Point", "coordinates": [ 810746.053101615747437, 6849736.485553096048534 ] } },
{ "type": "Feature", "properties": { "ID_con": 228, "bw_id": "VEC_BRU_143255", "name": "Fußgängerbrücke Ohne (Haddorfer Straße)", "GEW": "VEC", "stat_von": "143255", "bauart": "3-Feld-Holzbalkenbrücke (Fußgängerbrücke)", "baujahr": null, "upflicht": "Gemeinde Ohne", "KTR": null, "FSK": "034213003001000056__", "km": "143+255", "bemerk": "!!Vertrag!! !!Akz!! !!Links!!", "beschreib": "Fußgängerbrücke Ohne (Haddorfer Straße)", "beschreib_lang": null, "foto1": "https://nlwkn.hannit-share.de/index.php/core/preview?fileId=11054302&x=1280&y=819&a=true", "foto2": "https://nlwkn.hannit-share.de/index.php/core/preview?fileId=11054305&x=1280&y=819&a=true", "foto3": "https://nlwkn.hannit-share.de/index.php/core/preview?fileId=11054308&x=1280&y=819&a=true", "foto4": "https://nlwkn.hannit-share.de/index.php/core/preview?fileId=11054311&x=1280&y=819&a=true", "link1": "https://nlwkn.hannit-share.de/index.php/core/preview?fileId=11054314&x=1280&y=819&a=true", "link2": "https://nlwkn.hannit-share.de/index.php/core/preview?fileId=11054317&x=1280&y=819&a=true", "rwert": "382919", "hwert": 5792816, "denkmal": "Nein", "bez_urpl": "Fußgängerbrücke Ohne (Haddorfer Straße)", "Beweglich": "Nein", "BW_NR": null, "Str_KL": "Fuß-/Radweg", "Str_Name": "Haddorfer Straße", "F_Breite": null, "D_Breite": null, "L_hoehe": null, "bw_bru_bruklasse": "Fuß-/Radweg", "Field33": null, "Field34": null, "Field35": null, "Field36": null, "Field37": null }, "geometry": { "type": "Point", "coordinates": [ 810851.774763290653937, 6849681.744830558076501 ] } },
{ "type": "Feature", "properties": { "ID_con": 229, "bw_id": "VEC_BRU_143265", "name": "K25 Ohne, Haddorfer Straße", "GEW": "VEC", "stat_von": "143265", "bauart": "3-Feld-Stahlbetonbrücke", "baujahr": null, "upflicht": "Landkreis Grafschaft Bentheim", "KTR": null, "FSK": "034213003001000056__", "km": "143+265", "bemerk": null, "beschreib": "Brücke K25 Ohne, Haddorfer Straße", "beschreib_lang": null, "foto1": "https://nlwkn.hannit-share.de/index.php/core/preview?fileId=11054320&x=1280&y=819&a=true", "foto2": "https://nlwkn.hannit-share.de/index.php/core/preview?fileId=11054323&x=1280&y=819&a=true", "foto3": "https://nlwkn.hannit-share.de/index.php/core/preview?fileId=11054326&x=1280&y=819&a=true", "foto4": null, "link1": null, "link2": null, "rwert": "382925", "hwert": 5792813, "denkmal": "Nein", "bez_urpl": "Brücke K25 Ohne, Haddorfer Straße", "Beweglich": "Nein", "BW_NR": null, "Str_KL": "Kreisstraße", "Str_Name": "Haddorfer Straße", "F_Breite": null, "D_Breite": null, "L_hoehe": null, "bw_bru_bruklasse": null, "Field33": null, "Field34": null, "Field35": null, "Field36": null, "Field37": null }, "geometry": { "type": "Point", "coordinates": [ 810861.675229003303684, 6849677.07264213450253 ] } },
{ "type": "Feature", "properties": { "ID_con": 230, "bw_id": "VEC_BRU_143325", "name": "Brücke Oeding / Erdel", "GEW": "VEC", "stat_von": "143325", "bauart": "3-Feld-Stahlbrücke auf Holzpfahlbock", "baujahr": null, "upflicht": "Gemeinde Ohne", "KTR": null, "FSK": "034213003001000056__", "km": "143+325", "bemerk": null, "beschreib": "Wirtschaftsbrücke Oeding / Erdel", "beschreib_lang": null, "foto1": "https://nlwkn.hannit-share.de/index.php/core/preview?fileId=11054329&x=1280&y=819&a=true", "foto2": "https://nlwkn.hannit-share.de/index.php/core/preview?fileId=11054332&x=1280&y=819&a=true", "foto3": "https://nlwkn.hannit-share.de/index.php/core/preview?fileId=11054335&x=1280&y=819&a=true", "foto4": "https://nlwkn.hannit-share.de/index.php/core/preview?fileId=11054338&x=1280&y=819&a=true", "link1": "https://nlwkn.hannit-share.de/index.php/core/preview?fileId=11054341&x=1280&y=819&a=true", "link2": "https://nlwkn.hannit-share.de/index.php/core/preview?fileId=11054344&x=1280&y=819&a=true", "rwert": "382977", "hwert": 5792779, "denkmal": "Nein", "bez_urpl": "Brücke Oeding / Erdel", "Beweglich": "Nein", "BW_NR": null, "Str_KL": "Unterhaltungsweg", "Str_Name": "Wirtschaftsbrücke Oeding / Erdel", "F_Breite": null, "D_Breite": null, "L_hoehe": null, "bw_bru_bruklasse": null, "Field33": null, "Field34": null, "Field35": null, "Field36": null, "Field37": null }, "geometry": { "type": "Point", "coordinates": [ 810947.787765995250084, 6849623.501032698899508 ] } },
{ "type": "Feature", "properties": { "ID_con": 231, "bw_id": "VEC_BRU_143580", "name": "Brücke Stau Oeding/Erdel", "GEW": "VEC", "stat_von": "143580", "bauart": "3-Feld-Stahlbrücke (ehem. Stauanlage)", "baujahr": null, "upflicht": "Gemeinde Ohne", "KTR": null, "FSK": "034213003001000056__", "km": "143+580", "bemerk": null, "beschreib": "3-Feld-Stahlbrücke über der ehem. Stauanlage", "beschreib_lang": null, "foto1": "https://nlwkn.hannit-share.de/index.php/core/preview?fileId=11054347&x=1280&y=819&a=true", "foto2": "https://nlwkn.hannit-share.de/index.php/core/preview?fileId=11054350&x=1280&y=819&a=true", "foto3": "https://nlwkn.hannit-share.de/index.php/core/preview?fileId=11054353&x=1280&y=819&a=true", "foto4": "https://nlwkn.hannit-share.de/index.php/core/preview?fileId=11054356&x=1280&y=819&a=true", "link1": "https://nlwkn.hannit-share.de/index.php/core/preview?fileId=11054359&x=1280&y=819&a=true", "link2": "https://nlwkn.hannit-share.de/index.php/core/preview?fileId=11054362&x=1280&y=819&a=true", "rwert": "383194", "hwert": 5792648, "denkmal": "Nein", "bez_urpl": "Brücke Stau Oeding / Erdel", "Beweglich": "Nein", "BW_NR": null, "Str_KL": "Unterhaltungsweg", "Str_Name": "Wirtschaftsbrücke Stau Oeding / Erdel", "F_Breite": null, "D_Breite": null, "L_hoehe": null, "bw_bru_bruklasse": null, "Field33": null, "Field34": null, "Field35": null, "Field36": null, "Field37": null }, "geometry": { "type": "Point", "coordinates": [ 811306.710196316125803, 6849417.730672411620617 ] } },
{ "type": "Feature", "properties": { "ID_con": 232, "bw_id": "VEC_BRU_144545", "name": "Brücke Laßnitz", "GEW": "VEC", "stat_von": "144545", "bauart": "Stahlbetonbrücke", "baujahr": "2011/12", "upflicht": "Landkreis Grafschaft Bentheim", "KTR": null, "FSK": "034213003000910012__", "km": "144+545", "bemerk": "Kunstwerk (Skulptur „Ligistbach“ von Hans Schabus) aus „Raumsichten“ als Verlängerung von „Kunstwegen“, einer 140 Kilometer langen Skulpturenroute entlang der Vechte", "beschreib": "Brücke Laßnitz als Kunstobjekt von Hans Schabus", "beschreib_lang": null, "foto1": "https://nlwkn.hannit-share.de/index.php/core/preview?fileId=11054371&x=1280&y=819&a=true", "foto2": "https://nlwkn.hannit-share.de/index.php/core/preview?fileId=11054374&x=1280&y=819&a=true", "foto3": "https://nlwkn.hannit-share.de/index.php/core/preview?fileId=11054377&x=1280&y=819&a=true", "foto4": "https://nlwkn.hannit-share.de/index.php/core/preview?fileId=11054380&x=1280&y=819&a=true", "link1": null, "link2": null, "rwert": "383418", "hwert": 5791808, "denkmal": "Nein", "bez_urpl": "Brücke Laßnitz", "Beweglich": "Nein", "BW_NR": null, "Str_KL": "Unterhaltungsweg", "Str_Name": "Wirtschaftsbrücke Laßnitz", "F_Breite": null, "D_Breite": null, "L_hoehe": null, "bw_bru_bruklasse": null, "Field33": null, "Field34": null, "Field35": null, "Field36": null, "Field37": null }, "geometry": { "type": "Point", "coordinates": [ 811704.300152502721176, 6848053.239500268362463 ] } },
{ "type": "Feature", "properties": { "ID_con": 53, "bw_id": "HAS_BRU_45585", "name": "Fußgängerbrücke Herzlake (Marktbrücke)", "GEW": "HAS", "stat_von": "45585", "bauart": "3-Feld-Holzbalkenbrücke (Fußgängerbrücke)", "baujahr": "1969 (2024)", "upflicht": "Gemeinde Herzlake", "KTR": null, "FSK": "03323101900170______", "km": "45+585", "bemerk": "neue Brücke fotografieren", "beschreib": "Fuß- und Radwegbrücke Herzlake. In 2024 wurde die Brücke neu gebaut", "beschreib_lang": "Fuß- und Radwegbrücke Herzlake. In 2024 wurde die Brücke neu gebaut", "foto1": "https://nlwkn.hannit-share.de/index.php/core/preview?fileId=11063683&x=1280&y=819&a=true", "foto2": "https://nlwkn.hannit-share.de/index.php/core/preview?fileId=11063686&x=1280&y=819&a=true", "foto3": "https://nlwkn.hannit-share.de/index.php/core/preview?fileId=11063689&x=1280&y=819&a=true", "foto4": "https://nlwkn.hannit-share.de/index.php/core/preview?fileId=11063692&x=1280&y=819&a=true", "link1": null, "link2": null, "rwert": "405475", "hwert": 5837989, "denkmal": "Nein", "bez_urpl": "Fuß- und Radwegbrücke Herzlake (Marktbrücke)", "Beweglich": "Nein", "BW_NR": null, "Str_KL": "Fuß-/Radweg", "Str_Name": "Markt / Hasestraße", "F_Breite": null, "D_Breite": null, "L_hoehe": null, "bw_bru_bruklasse": "Fuß-/Radweg", "Field33": null, "Field34": null, "Field35": null, "Field36": null, "Field37": null }, "geometry": { "type": "Point", "coordinates": [ 846213.376830411376432, 6924680.620206244289875 ] } },
{ "type": "Feature", "properties": { "ID_con": 54, "bw_id": "HAS_BRU_45750", "name": "L 55 (Brücke Herzlake)", "GEW": "HAS", "stat_von": "45750", "bauart": "3-Feld-Stahlbetonbrücke", "baujahr": null, "upflicht": "NLSTBV", "KTR": null, "FSK": "033231019000610001__", "km": "45+750", "bemerk": null, "beschreib": "Brücke Zuckerstraße (L55) Herzlake", "beschreib_lang": null, "foto1": "https://nlwkn.hannit-share.de/index.php/core/preview?fileId=11063695&x=1280&y=819&a=true", "foto2": "https://nlwkn.hannit-share.de/index.php/core/preview?fileId=11063698&x=1280&y=819&a=true", "foto3": "https://nlwkn.hannit-share.de/index.php/core/preview?fileId=11063701&x=1280&y=819&a=true", "foto4": "https://nlwkn.hannit-share.de/index.php/core/preview?fileId=11063704&x=1280&y=819&a=true", "link1": "https://nlwkn.hannit-share.de/index.php/core/preview?fileId=11063707&x=1280&y=819&a=true", "link2": null, "rwert": "405563", "hwert": 5837841, "denkmal": "Nein", "bez_urpl": "Brücke Zuckerstraße (L55) Herzlake", "Beweglich": "Nein", "BW_NR": null, "Str_KL": "Landesstraße", "Str_Name": "Zuckerstraße", "F_Breite": null, "D_Breite": null, "L_hoehe": null, "bw_bru_bruklasse": null, "Field33": null, "Field34": null, "Field35": null, "Field36": null, "Field37": null }, "geometry": { "type": "Point", "coordinates": [ 846362.972127493587323, 6924439.193672338500619 ] } },
{ "type": "Feature", "properties": { "ID_con": 55, "bw_id": "HAS_BRU_50025", "name": "L 102 (Brücke Aselage)", "GEW": "HAS", "stat_von": "50025", "bauart": "3-Feld-Stahlbetonbrücke (Plattenbrücke)", "baujahr": "1963", "upflicht": "NLSTBV", "KTR": null, "FSK": "033232004002750006__", "km": "50+025", "bemerk": null, "beschreib": "Brücke Aselage (L102)", "beschreib_lang": null, "foto1": "https://nlwkn.hannit-share.de/index.php/core/preview?fileId=11063710&x=1280&y=819&a=true", "foto2": "https://nlwkn.hannit-share.de/index.php/core/preview?fileId=11063713&x=1280&y=819&a=true", "foto3": "https://nlwkn.hannit-share.de/index.php/core/preview?fileId=11063716&x=1280&y=819&a=true", "foto4": null, "link1": null, "link2": null, "rwert": "408530", "hwert": 5838781, "denkmal": "Nein", "bez_urpl": "Brücke Aselage (L102)", "Beweglich": "Nein", "BW_NR": null, "Str_KL": "Landesstraße", "Str_Name": "Aselage, Hölze", "F_Breite": null, "D_Breite": null, "L_hoehe": null, "bw_bru_bruklasse": "60/30", "Field33": null, "Field34": null, "Field35": null, "Field36": null, "Field37": null }, "geometry": { "type": "Point", "coordinates": [ 851218.241712391376495, 6926084.122078674845397 ] } },
{ "type": "Feature", "properties": { "ID_con": 56, "bw_id": "HAS_BRU_51530", "name": "Brücke Westrum", "GEW": "HAS", "stat_von": "51530", "bauart": "3-Feld-Stahlbetonbrücke", "baujahr": null, "upflicht": "Gemeinde Herzlake", "KTR": null, "FSK": "033232002003130007__", "km": "51+530", "bemerk": null, "beschreib": "Brücke Westrum (Olinger Weg)", "beschreib_lang": null, "foto1": "https://nlwkn.hannit-share.de/index.php/core/preview?fileId=11063719&x=1280&y=819&a=true", "foto2": "https://nlwkn.hannit-share.de/index.php/core/preview?fileId=11063722&x=1280&y=819&a=true", "foto3": "https://nlwkn.hannit-share.de/index.php/core/preview?fileId=11063725&x=1280&y=819&a=true", "foto4": "https://nlwkn.hannit-share.de/index.php/core/preview?fileId=11063728&x=1280&y=819&a=true", "link1": null, "link2": null, "rwert": "409346", "hwert": 5839866, "denkmal": "Nein", "bez_urpl": "Brücke Westrum", "Beweglich": "Nein", "BW_NR": null, "Str_KL": "Gemeindestraße", "Str_Name": "Olinger Weg", "F_Breite": null, "D_Breite": null, "L_hoehe": null, "bw_bru_bruklasse": null, "Field33": null, "Field34": null, "Field35": null, "Field36": null, "Field37": null }, "geometry": { "type": "Point", "coordinates": [ 852528.564004542073235, 6927900.479903247207403 ] } },
{ "type": "Feature", "properties": { "ID_con": 57, "bw_id": "HAS_BRU_52525", "name": "Brücke Düenkamp", "GEW": "HAS", "stat_von": "52525", "bauart": "Stahlbrücke mit Bohlenbelag auf Pffahlböcken", "baujahr": null, "upflicht": "Stadt Löningen", "KTR": null, "FSK": "033234057001640013__", "km": "52+525", "bemerk": null, "beschreib": "Brücke Düenkamp (Zur Brücke)", "beschreib_lang": "Die Düenkamper Brücke ist die letzte historische Holzbrücke über den Fluss Hase. Nach über 100jähriger Nutzung und mehreren Hochwasserereignissen war die Brücke baufällig und wurde auf Anordnung des Landkreises Cloppenburg im Jahre 2000 gesperrt. Wegen der Baufälligkeit sollte die Brücke abgerissen und durch einen Neubau ersetzt werden. Die Dorfgemeinschaft Düenkamp protestierte gegen den geplanten Abriss und nahm bereitwillig die Renovierung in die _x000d_\neigene Hand.", "foto1": "https://nlwkn.hannit-share.de/index.php/core/preview?fileId=11063731&x=1280&y=819&a=true", "foto2": "https://nlwkn.hannit-share.de/index.php/core/preview?fileId=11063734&x=1280&y=819&a=true", "foto3": "https://nlwkn.hannit-share.de/index.php/core/preview?fileId=11063737&x=1280&y=819&a=true", "foto4": "https://nlwkn.hannit-share.de/index.php/core/preview?fileId=11063740&x=1280&y=819&a=true", "link1": null, "link2": null, "rwert": "410221", "hwert": 5840032, "denkmal": "Nein", "bez_urpl": "Brücke Düenkamp", "Beweglich": "Nein", "BW_NR": null, "Str_KL": "Fuß-/Radweg", "Str_Name": "Zur Brücke", "F_Breite": "0", "D_Breite": 0.0, "L_hoehe": 0.0, "bw_bru_bruklasse": null, "Field33": null, "Field34": null, "Field35": null, "Field36": null, "Field37": null }, "geometry": { "type": "Point", "coordinates": [ 853964.603725675144233, 6928201.34059476479888 ] } },
{ "type": "Feature", "properties": { "ID_con": 2596, "bw_id": "VEC_BRU_75315", "name": "Brücke K 20", "GEW": "VEC", "stat_von": "75315", "bauart": "Zwei-Feld-Stahlbetonbrücke", "baujahr": "2023", "upflicht": "Landkreis Grafschaft Bentheim", "KTR": null, "FSK": null, "km": "75+315", "bemerk": "Brücke wurde in 2023 als Ersatz für die vorher vorhandenen Fuß-/Radwegbrücke und Spannbetonstraßenbrücke neu gebaut", "beschreib": "Brücke K 20 Laar. Wurde in 2023 als Ersatz für die ehemals hier vorhandenen Fuß-/Radwegbrücke und Spannbetonbrücke gebaut. Ausgeführt wurden die Arbeiten von Fa. Becker aus Meppen", "beschreib_lang": "Brücke K 20 Laar. Wurde in 2023 als Ersatz für die ehemals hier vorhandenen Fuß-/Radwegbrücke und Spannbetonbrücke gebaut. Ausgeführt wurden die Arbeiten von Fa. Becker aus Meppen", "foto1": "https://nlwkn.hannit-share.de/index.php/core/preview?fileId=11415214&x=1280&y=819&a=true", "foto2": "https://nlwkn.hannit-share.de/index.php/core/preview?fileId=11415211&x=1280&y=819&a=true", "foto3": "https://nlwkn.hannit-share.de/index.php/core/preview?fileId=11415212&x=1280&y=819&a=true", "foto4": "https://nlwkn.hannit-share.de/index.php/core/preview?fileId=11415213&x=1280&y=819&a=true", "link1": null, "link2": null, "rwert": "346903", "hwert": 5831467, "denkmal": "Nein", "bez_urpl": "Brücke K20 Laar", "Beweglich": "Nein", "BW_NR": null, "Str_KL": "Kreisstraße", "Str_Name": "Hauptstraße / Vechtetalstraße", "F_Breite": "0", "D_Breite": 0.0, "L_hoehe": 0.0, "bw_bru_bruklasse": null, "Field33": null, "Field34": null, "Field35": null, "Field36": null, "Field37": null }, "geometry": { "type": "Point", "coordinates": [ 750161.115854056435637, 6911475.946100135333836 ] } },
{ "type": "Feature", "properties": { "ID_con": 235, "bw_id": "VEC_BRU_79925", "name": "K 21 Brücke Echteler Straße, Emlichheimer Straße", "GEW": "VEC", "stat_von": "79925", "bauart": "3-Feld-Stahlbetonbrücke", "baujahr": null, "upflicht": "Landkreis Grafschaft Bentheim", "KTR": null, "FSK": "03313210100065______", "km": "79+925", "bemerk": null, "beschreib": "K 21 Brücke Echteler Straße, Emlichheimer Straße", "beschreib_lang": null, "foto1": "https://nlwkn.hannit-share.de/index.php/core/preview?fileId=11054418&x=1280&y=819&a=true", "foto2": "https://nlwkn.hannit-share.de/index.php/core/preview?fileId=11054421&x=1280&y=819&a=true", "foto3": "https://nlwkn.hannit-share.de/index.php/core/preview?fileId=11054424&x=1280&y=819&a=true", "foto4": "https://nlwkn.hannit-share.de/index.php/core/preview?fileId=11054427&x=1280&y=819&a=true", "link1": null, "link2": null, "rwert": "350846", "hwert": 5830391, "denkmal": "Nein", "bez_urpl": "Brücke K 21  Echteler Straße", "Beweglich": "Nein", "BW_NR": null, "Str_KL": "Kreisstraße", "Str_Name": "Echteler Straße", "F_Breite": null, "D_Breite": null, "L_hoehe": null, "bw_bru_bruklasse": null, "Field33": null, "Field34": null, "Field35": null, "Field36": null, "Field37": null }, "geometry": { "type": "Point", "coordinates": [ 756692.728487896616571, 6909905.131243997253478 ] } },
{ "type": "Feature", "properties": { "ID_con": 236, "bw_id": "VEC_BRU_82525", "name": "Brücke Wildestraße Emlichheim", "GEW": "VEC", "stat_von": "82525", "bauart": "3-Feld-Stahlbetonbrücke", "baujahr": null, "upflicht": "Samtgemeinde Emlichheim", "KTR": null, "FSK": "033129017003090018__", "km": "82+525", "bemerk": null, "beschreib": "Brücke Wildestraße Emlichheim", "beschreib_lang": null, "foto1": "https://nlwkn.hannit-share.de/index.php/core/preview?fileId=11054430&x=1280&y=819&a=true", "foto2": "https://nlwkn.hannit-share.de/index.php/core/preview?fileId=11054433&x=1280&y=819&a=true", "foto3": "https://nlwkn.hannit-share.de/index.php/core/preview?fileId=11054436&x=1280&y=819&a=true", "foto4": null, "link1": null, "link2": null, "rwert": "353139", "hwert": 5830121, "denkmal": "Nein", "bez_urpl": "Brücke Wildestraße Emlichheim", "Beweglich": "Nein", "BW_NR": null, "Str_KL": "Gemeindestraße", "Str_Name": "Wildestraße", "F_Breite": null, "D_Breite": null, "L_hoehe": null, "bw_bru_bruklasse": null, "Field33": null, "Field34": null, "Field35": null, "Field36": null, "Field37": null }, "geometry": { "type": "Point", "coordinates": [ 760472.394343921216205, 6909575.027220916002989 ] } },
{ "type": "Feature", "properties": { "ID_con": 237, "bw_id": "VEC_BRU_84490", "name": "B 403 Emlicheim, Wilsumer Straße", "GEW": "VEC", "stat_von": "84490", "bauart": "3-Feld-Stahlbetonbrücke", "baujahr": null, "upflicht": "NLSTBV", "KTR": null, "FSK": "033129016001690006__", "km": "84+490", "bemerk": "Ist hier eine Grundstücksübertragung erforderlich?", "beschreib": "B 403 Emlicheim, Wilsumer Straße", "beschreib_lang": null, "foto1": "https://nlwkn.hannit-share.de/index.php/core/preview?fileId=11054439&x=1280&y=819&a=true", "foto2": "https://nlwkn.hannit-share.de/index.php/core/preview?fileId=11054442&x=1280&y=819&a=true", "foto3": "https://nlwkn.hannit-share.de/index.php/core/preview?fileId=11054445&x=1280&y=819&a=true", "foto4": null, "link1": null, "link2": null, "rwert": "354899", "hwert": 5830198, "denkmal": "Nein", "bez_urpl": "Kaller Brücke", "Beweglich": "Nein", "BW_NR": null, "Str_KL": "Bundesstraße", "Str_Name": "Wilsumer Straße", "F_Breite": null, "D_Breite": null, "L_hoehe": null, "bw_bru_bruklasse": null, "Field33": null, "Field34": null, "Field35": null, "Field36": null, "Field37": null }, "geometry": { "type": "Point", "coordinates": [ 763359.424292506068014, 6909788.472036680206656 ] } },
{ "type": "Feature", "properties": { "ID_con": 2599, "bw_id": "VEC_BRU_85020", "name": "Brücke Umgehung Obenholt", "GEW": "VEC", "stat_von": "85020", "bauart": "3-Feld Spannbetonbrücke", "baujahr": "2024/25", "upflicht": "Samtgemeinde Emlichheim", "KTR": null, "FSK": null, "km": "85+020", "bemerk": "Bilder, Akte nachpflegen", "beschreib": "Brücke im Zuge der Ortsumgehung Obenholt", "beschreib_lang": "Brücke im Zuge der Ortsumgehung Obenholt. Die rund 88 m lange Brücke wurde im Februar 2026 für rund vier Millionen Euro fertiggestellt.  Die Fahrbahn besitzt bei zwei Spuren eine Gesamtbreite von sieben Metern. Ein separater Geh- und Radweg befindet sich ausschließlich an der westlichen Seite der Brücke. Sie ist insgesamt 12,8 Meter breit.", "foto1": "https://nlwkn.hannit-share.de/index.php/core/preview?fileId=11464888&x=1280&y=819&a=true", "foto2": "https://nlwkn.hannit-share.de/index.php/core/preview?fileId=11464889&x=1280&y=819&a=true", "foto3": "https://nlwkn.hannit-share.de/index.php/core/preview?fileId=11464890&x=1280&y=819&a=true", "foto4": "https://nlwkn.hannit-share.de/index.php/core/preview?fileId=11464891&x=1280&y=819&a=true", "link1": null, "link2": null, "rwert": "355361", "hwert": 5830356, "denkmal": "Nein", "bez_urpl": "Brücke Umgehung Obenholt", "Beweglich": "Nein", "BW_NR": null, "Str_KL": "Gemeindestraße", "Str_Name": "Umgehung Obenholt", "F_Breite": "12.8000001907349", "D_Breite": 34.5, "L_hoehe": 4.5, "bw_bru_bruklasse": "ohne", "Field33": null, "Field34": null, "Field35": null, "Field36": null, "Field37": null }, "geometry": { "type": "Point", "coordinates": [ 764110.592152985162102, 6910071.22032283898443 ] } }
]
}
